horse_id,name,sex,birth_year,birth_date,color,breeder,owner,total_earnings,total_starts,total_wins,profile_scraped
アドマイヤコジーン,アドマイヤコジーン,牡,,,,,,,,,0
ディヴァインライト,ディヴァインライト,牡,,,,,,,,,0
ダービーレグノ,ダービーレグノ,牡,,,,,,,,,0
イーグルカフェ,イーグルカフェ,牡,,,,,,,,,0
トラストファイヤー,トラストファイヤー,牡,,,,,,,,,0
スティンガー,スティンガー,牝,,,,,,,,,0
ビッグゴールド,ビッグゴールド,牡,,,,,,,,,0
ゴッドオブチャンス,ゴッドオブチャンス,牡,,,,,,,,,0
タイキブライドル,タイキブライドル,牡,,,,,,,,,0
トッププロテクター,トッププロテクター,牡,,,,,,,,,0
ザカリヤ,ザカリヤ,牡,,,,,,,,,0
ニッポーアトラス,ニッポーアトラス,牡,,,,,,,,,0
ビハインドザマスク,ビハインドザマスク,牝,,,,,,,,,0
ダイヤモンドビコー,ダイヤモンドビコー,牝,,,,,,,,,0
フサイチユーキャン,フサイチユーキャン,牝,,,,,,,,,0
エアトゥーレ,エアトゥーレ,牝,,,,,,,,,0
タイキポーラ,タイキポーラ,牝,,,,,,,,,0
ジェミードレス,ジェミードレス,牝,,,,,,,,,0
タイキトゥインクル,タイキトゥインクル,牝,,,,,,,,,0
ピンクプルメリア,ピンクプルメリア,牝,,,,,,,,,0
フューチャサンデー,フューチャサンデー,牝,,,,,,,,,0
ネームヴァリュー,ネームヴァリュー,牝,,,,,,,,,0
エイシンルーデンス,エイシンルーデンス,牝,,,,,,,,,0
クルーピアスター,クルーピアスター,牝,,,,,,,,,0
チアズシュタルク,チアズシュタルク,牡,,,,,,,,,0
サンヴァレー,サンヴァレー,牡,,,,,,,,,0
セイコーアカデミー,セイコーアカデミー,牡,,,,,,,,,0
サスガ,サスガ,牡,,,,,,,,,0
リバートレジャー,リバートレジャー,牡,,,,,,,,,0
ココモキング,ココモキング,牡,,,,,,,,,0
チョウカイフライト,チョウカイフライト,牡,,,,,,,,,0
サントニービン,サントニービン,牡,,,,,,,,,0
ストロングブラッド,ストロングブラッド,牡,,,,,,,,,0
0000619603,アイアムツヨシ,牡,,,,,,0.0,0.0,0.0,1
ワイルドユース,ワイルドユース,牡,,,,,,,,,0
ライブインザムーン,ライブインザムーン,牡,,,,,,,,,0
ロイヤルマイル,ロイヤルマイル,牡,,,,,,,,,0
ナリタキセキボーイ,ナリタキセキボーイ,牡,,,,,,,,,0
ゲイリーフラッシュ,ゲイリーフラッシュ,牡,,,,,,,,,0
サイキョウサンデー,サイキョウサンデー,牡,,,,,,,,,0
0000320781,アイティースワロー,せん,,,,,,0.0,0.0,0.0,1
ナムラマイカ,ナムラマイカ,牝,,,,,,,,,0
タイキダイヤ,タイキダイヤ,牝,,,,,,,,,0
トロットスター,トロットスター,牡,,,,,,,,,0
ノボリユキオー,ノボリユキオー,牡,,,,,,,,,0
ジョンカラノテガミ,ジョンカラノテガミ,牡,,,,,,,,,0
リキアイタイカン,リキアイタイカン,牡,,,,,,,,,0
キタサンチャンネル,キタサンチャンネル,牡,,,,,,,,,0
フサイチオーレ,フサイチオーレ,牡,,,,,,,,,0
ロッキーアピール,ロッキーアピール,牡,,,,,,,,,0
スニーカー,スニーカー,牝,,,,,,,,,0
ケイワンバイキング,ケイワンバイキング,せん,,,,,,,,,0
フレンチパッション,フレンチパッション,牝,,,,,,,,,0
ラムジェットシチー,ラムジェットシチー,牡,,,,,,,,,0
タマモヒビキ,タマモヒビキ,牡,,,,,,,,,0
ウインシュナイト,ウインシュナイト,牡,,,,,,,,,0
ダイタクバートラム,ダイタクバートラム,牡,,,,,,,,,0
アンクルスーパー,アンクルスーパー,牡,,,,,,,,,0
バンブーマリアッチ,バンブーマリアッチ,牡,,,,,,,,,0
オースミブライト,オースミブライト,牡,,,,,,,,,0
ミヤギロドリゴ,ミヤギロドリゴ,牡,,,,,,,,,0
ウインマーベラス,ウインマーベラス,牡,,,,,,,,,0
アグネスストーム,アグネスストーム,牡,,,,,,,,,0
プレミアムバラード,プレミアムバラード,牡,,,,,,,,,0
トーホウドリーム,トーホウドリーム,牡,,,,,,,,,0
マイネルタンゴ,マイネルタンゴ,牡,,,,,,,,,0
コンタクト,コンタクト,牡,,,,,,,,,0
ジョービッグバン,ジョービッグバン,牡,,,,,,,,,0
クラフトマンシップ,クラフトマンシップ,牡,,,,,,,,,0
マイネルライツ,マイネルライツ,牡,,,,,,,,,0
キングザファクト,キングザファクト,牡,,,,,,,,,0
フサイチランハート,フサイチランハート,牡,,,,,,,,,0
トシザブイ,トシザブイ,牡,,,,,,,,,0
セイコーサンデー,セイコーサンデー,牡,,,,,,,,,0
アドマイヤロード,アドマイヤロード,牡,,,,,,,,,0
ケイエムチェーサー,ケイエムチェーサー,牡,,,,,,,,,0
ゴールドレジェンド,ゴールドレジェンド,せん,,,,,,,,,0
タガノビジョン,タガノビジョン,牡,,,,,,,,,0
ロードブレーブ,ロードブレーブ,牡,,,,,,,,,0
メジロロンザン,メジロロンザン,牡,,,,,,,,,0
シンボリオレゴン,シンボリオレゴン,牡,,,,,,,,,0
ロットシュナイダー,ロットシュナイダー,牡,,,,,,,,,0
ペインテドブラック,ペインテドブラック,牡,,,,,,,,,0
メジロマイヤー,メジロマイヤー,牡,,,,,,,,,0
アグネスソニック,アグネスソニック,牡,,,,,,,,,0
カゼニフカレテ,カゼニフカレテ,牡,,,,,,,,,0
オースミエルスト,オースミエルスト,牡,,,,,,,,,0
マイネルアンブル,マイネルアンブル,牡,,,,,,,,,0
フィールドラッキー,フィールドラッキー,牡,,,,,,,,,0
メジロアービン,メジロアービン,牡,,,,,,,,,0
メガスターダム,メガスターダム,牡,,,,,,,,,0
セイウンマグマラシ,セイウンマグマラシ,牡,,,,,,,,,0
テイエムマズルカ,テイエムマズルカ,牡,,,,,,,,,0
メンタルシャウト,メンタルシャウト,牡,,,,,,,,,0
シャイニンルビー,シャイニンルビー,牝,,,,,,,,,0
オースミバーディー,オースミバーディー,牝,,,,,,,,,0
ウィルビーゼア,ウィルビーゼア,牝,,,,,,,,,0
レディーシップ,レディーシップ,牝,,,,,,,,,0
サクラヴィクトリア,サクラヴィクトリア,牝,,,,,,,,,0
トーセンエール,トーセンエール,牝,,,,,,,,,0
マイネヴィータ,マイネヴィータ,牝,,,,,,,,,0
ストロベリードール,ストロベリードール,牝,,,,,,,,,0
ブライアンズイブ,ブライアンズイブ,牝,,,,,,,,,0
ラヴァリーフリッグ,ラヴァリーフリッグ,牝,,,,,,,,,0
オメガスターライト,オメガスターライト,牝,,,,,,,,,0
ブルーリッジリバー,ブルーリッジリバー,牝,,,,,,,,,0
サクセスビューティ,サクセスビューティ,牝,,,,,,,,,0
スズカアンゼラ,スズカアンゼラ,牝,,,,,,,,,0
オルキデア,オルキデア,牝,,,,,,,,,0
ロングアイラッシュ,ロングアイラッシュ,牝,,,,,,,,,0
ナリタトップロード,ナリタトップロード,牡,,,,,,,,,0
マチカネキンノホシ,マチカネキンノホシ,牡,,,,,,,,,0
テンザンセイザ,テンザンセイザ,牡,,,,,,,,,0
ミスキャスト,ミスキャスト,牡,,,,,,,,,0
トウカイオーザ,トウカイオーザ,牡,,,,,,,,,0
チェリーブラスト,チェリーブラスト,牡,,,,,,,,,0
ボーンキング,ボーンキング,牡,,,,,,,,,0
サクラナミキオー,サクラナミキオー,牡,,,,,,,,,0
グロリアスドータ,グロリアスドータ,牝,,,,,,,,,0
アグネスデジタル,アグネスデジタル,牡,,,,,,,,,0
トーシンブリザード,トーシンブリザード,牡,,,,,,,,,0
ノボトゥルー,ノボトゥルー,牡,,,,,,,,,0
トゥザヴィクトリー,トゥザヴィクトリー,牝,,,,,,,,,0
トーホウエンペラー,トーホウエンペラー,牡,,,,,,,,,0
サウスヴィグラス,サウスヴィグラス,牡,,,,,,,,,0
ゲイリーイグリット,ゲイリーイグリット,牝,,,,,,,,,0
プリエミネンス,プリエミネンス,牝,,,,,,,,,0
ウイングアロー,ウイングアロー,牡,,,,,,,,,0
ノボジャック,ノボジャック,牡,,,,,,,,,0
リージェントブラフ,リージェントブラフ,牡,,,,,,,,,0
ゴールドティアラ,ゴールドティアラ,牝,,,,,,,,,0
スノーエンデバー,スノーエンデバー,牡,,,,,,,,,0
イシヤクマッハ,イシヤクマッハ,牡,,,,,,,,,0
ワシントンカラー,ワシントンカラー,牡,,,,,,,,,0
タニノギムレット,タニノギムレット,牡,,,,,,,,,0
ホーマンウイナー,ホーマンウイナー,牡,,,,,,,,,0
ダンツジャッジ,ダンツジャッジ,牡,,,,,,,,,0
サダムブルースカイ,サダムブルースカイ,牡,,,,,,,,,0
マルブツアンセム,マルブツアンセム,牡,,,,,,,,,0
キネティクス,キネティクス,牡,,,,,,,,,0
ストレイラルホーク,ストレイラルホーク,牡,,,,,,,,,0
サンライズビート,サンライズビート,牡,,,,,,,,,0
チアズリガス,チアズリガス,牡,,,,,,,,,0
マルシゲガリバー,マルシゲガリバー,牡,,,,,,,,,0
ピンクドラゴン,ピンクドラゴン,牝,,,,,,,,,0
トウカイポイント,トウカイポイント,せん,,,,,,,,,0
ラスカルスズカ,ラスカルスズカ,牡,,,,,,,,,0
ミレニアムバイオ,ミレニアムバイオ,牡,,,,,,,,,0
エイシンプレストン,エイシンプレストン,牡,,,,,,,,,0
ジョウテンブレーヴ,ジョウテンブレーヴ,牡,,,,,,,,,0
エイシンエーケン,エイシンエーケン,牡,,,,,,,,,0
エアギャングスター,エアギャングスター,せん,,,,,,,,,0
ゴーステディ,ゴーステディ,牡,,,,,,,,,0
タケデンジュリアス,タケデンジュリアス,牡,,,,,,,,,0
トウカイパルサー,トウカイパルサー,牡,,,,,,,,,0
ダンツキャスト,ダンツキャスト,牡,,,,,,,,,0
ブラウンシャトレー,ブラウンシャトレー,牡,,,,,,,,,0
テンシノキセキ,テンシノキセキ,牝,,,,,,,,,0
トウショウリープ,トウショウリープ,牡,,,,,,,,,0
イケハヤブサ,イケハヤブサ,牡,,,,,,,,,0
ノボサンシャイン,ノボサンシャイン,牝,,,,,,,,,0
スティーマー,スティーマー,牡,,,,,,,,,0
ニホンピロサート,ニホンピロサート,牡,,,,,,,,,0
テンザンデザート,テンザンデザート,牝,,,,,,,,,0
ヘルスウォール,ヘルスウォール,牝,,,,,,,,,0
オースミコスモ,オースミコスモ,牝,,,,,,,,,0
チャペルコンサート,チャペルコンサート,牝,,,,,,,,,0
トーセンフェアー,トーセンフェアー,牝,,,,,,,,,0
ジョーフュージョン,ジョーフュージョン,牝,,,,,,,,,0
シェーンクライト,シェーンクライト,牝,,,,,,,,,0
ステキプレゼント,ステキプレゼント,牝,,,,,,,,,0
クラッシードレス,クラッシードレス,牝,,,,,,,,,0
オメガグレイス,オメガグレイス,牝,,,,,,,,,0
メイショウフクヒメ,メイショウフクヒメ,牝,,,,,,,,,0
タムロチェリー,タムロチェリー,牝,,,,,,,,,0
ミスイロンデル,ミスイロンデル,牝,,,,,,,,,0
オカノプレイヤー,オカノプレイヤー,牝,,,,,,,,,0
ヤマシロ,ヤマシロ,牝,,,,,,,,,0
バランスオブゲーム,バランスオブゲーム,牡,,,,,,,,,0
ローマンエンパイア,ローマンエンパイア,牡,,,,,,,,,0
タイガーカフェ,タイガーカフェ,牡,,,,,,,,,0
セヴンスバード,セヴンスバード,牡,,,,,,,,,0
ヤマノブリザード,ヤマノブリザード,牡,,,,,,,,,0
ヤマニンセラフィム,ヤマニンセラフィム,牡,,,,,,,,,0
モンテブライアン,モンテブライアン,牡,,,,,,,,,0
トニーディアマンテ,トニーディアマンテ,牡,,,,,,,,,0
タイムレスワールド,タイムレスワールド,牡,,,,,,,,,0
ローズキング,ローズキング,牡,,,,,,,,,0
マルターズワールド,マルターズワールド,牡,,,,,,,,,0
ツルマルボーイ,ツルマルボーイ,牡,,,,,,,,,0
キングフィデリア,キングフィデリア,牡,,,,,,,,,0
シンボリビンテージ,シンボリビンテージ,牡,,,,,,,,,0
リトルダンサー,リトルダンサー,牡,,,,,,,,,0
ブリリアントロード,ブリリアントロード,牡,,,,,,,,,0
タイノーブルレディ,タイノーブルレディ,牝,,,,,,,,,0
アトラクティーボ,アトラクティーボ,牡,,,,,,,,,0
コスモスクランブル,コスモスクランブル,牡,,,,,,,,,0
0000302921,アイランドオオジャ,牡,,,,,,0.0,0.0,0.0,1
ティコティコタック,ティコティコタック,牝,,,,,,,,,0
レディパステル,レディパステル,牝,,,,,,,,,0
カリスマサンオペラ,カリスマサンオペラ,牝,,,,,,,,,0
ショウナンバーキン,ショウナンバーキン,牝,,,,,,,,,0
ハッピーマキシマム,ハッピーマキシマム,牝,,,,,,,,,0
バイラリーナ,バイラリーナ,牝,,,,,,,,,0
メジロバーバラ,メジロバーバラ,牝,,,,,,,,,0
ヴァイタルトラック,ヴァイタルトラック,牝,,,,,,,,,0
タイムフェアレディ,タイムフェアレディ,牝,,,,,,,,,0
ハギノスプレンダー,ハギノスプレンダー,牝,,,,,,,,,0
マグマライフ,マグマライフ,牡,,,,,,,,,0
イブキマンパワー,イブキマンパワー,牡,,,,,,,,,0
レガシーロック,レガシーロック,牡,,,,,,,,,0
マキシマムプレイズ,マキシマムプレイズ,せん,,,,,,,,,0
アドマイヤタッチ,アドマイヤタッチ,牡,,,,,,,,,0
コスモクロス,コスモクロス,牡,,,,,,,,,0
ダルタニアン,ダルタニアン,せん,,,,,,,,,0
エイシンビンセンス,エイシンビンセンス,牡,,,,,,,,,0
サクセスリー,サクセスリー,牝,,,,,,,,,0
ユーセイシュタイン,ユーセイシュタイン,牡,,,,,,,,,0
コウエイジャンボ,コウエイジャンボ,せん,,,,,,,,,0
ビッグハンター,ビッグハンター,牡,,,,,,,,,0
サーガノヴェル,サーガノヴェル,牝,,,,,,,,,0
イーグルスウォード,イーグルスウォード,牡,,,,,,,,,0
カフェボストニアン,カフェボストニアン,牡,,,,,,,,,0
シャドウスケイプ,シャドウスケイプ,牡,,,,,,,,,0
スターエルドラード,スターエルドラード,牡,,,,,,,,,0
ビッグスマッシュ,ビッグスマッシュ,牡,,,,,,,,,0
キーンランドスワン,キーンランドスワン,牡,,,,,,,,,0
ゲイリーファントム,ゲイリーファントム,牡,,,,,,,,,0
シルヴァーパレット,シルヴァーパレット,牡,,,,,,,,,0
ダイワフォーチュン,ダイワフォーチュン,牡,,,,,,,,,0
スピニングマジック,スピニングマジック,牡,,,,,,,,,0
ネガティブリターン,ネガティブリターン,牡,,,,,,,,,0
エンドレスデザート,エンドレスデザート,牡,,,,,,,,,0
タガノチャーリーズ,タガノチャーリーズ,牝,,,,,,,,,0
ベネフィシャル,ベネフィシャル,牡,,,,,,,,,0
キョウワノコイビト,キョウワノコイビト,牝,,,,,,,,,0
キタサンヒボタン,キタサンヒボタン,牝,,,,,,,,,0
スパイシードール,スパイシードール,牝,,,,,,,,,0
カネトシディザイア,カネトシディザイア,牝,,,,,,,,,0
シュテルンプレスト,シュテルンプレスト,牝,,,,,,,,,0
マチカネテマリウタ,マチカネテマリウタ,牝,,,,,,,,,0
トゥインチアズ,トゥインチアズ,牝,,,,,,,,,0
エイシンスペイン,エイシンスペイン,牝,,,,,,,,,0
ホクセツクィーン,ホクセツクィーン,牝,,,,,,,,,0
タイフィール,タイフィール,牝,,,,,,,,,0
ランディスティニー,ランディスティニー,牝,,,,,,,,,0
スマイルトゥモロー,スマイルトゥモロー,牝,,,,,,,,,0
シーディザーブス,シーディザーブス,牝,,,,,,,,,0
マイネミモーゼ,マイネミモーゼ,牝,,,,,,,,,0
メジロジョーンズ,メジロジョーンズ,牝,,,,,,,,,0
ブリストルパリ,ブリストルパリ,牝,,,,,,,,,0
ブリガドーン,ブリガドーン,牝,,,,,,,,,0
カントリーバッハ,カントリーバッハ,牝,,,,,,,,,0
エメラルドアイル,エメラルドアイル,牝,,,,,,,,,0
ソウルミュージック,ソウルミュージック,牝,,,,,,,,,0
ビクトリアノニジ,ビクトリアノニジ,牝,,,,,,,,,0
ローズウッド,ローズウッド,牝,,,,,,,,,0
コンプリートアゲン,コンプリートアゲン,牝,,,,,,,,,0
メジロフリーマン,メジロフリーマン,牝,,,,,,,,,0
テレグノシス,テレグノシス,牡,,,,,,,,,0
ローエングリン,ローエングリン,牡,,,,,,,,,0
マイネルリバティー,マイネルリバティー,牡,,,,,,,,,0
ダディーズドリーム,ダディーズドリーム,牡,,,,,,,,,0
サードニックス,サードニックス,牡,,,,,,,,,0
ボールドブライアン,ボールドブライアン,牡,,,,,,,,,0
ウイングブライアン,ウイングブライアン,牡,,,,,,,,,0
メモリーブロンコ,メモリーブロンコ,牡,,,,,,,,,0
セピアメモリー,セピアメモリー,牡,,,,,,,,,0
ジャングルポケット,ジャングルポケット,牡,,,,,,,,,0
エリモブライアン,エリモブライアン,牡,,,,,,,,,0
ミツアキサイレンス,ミツアキサイレンス,牡,,,,,,,,,0
アリシバキング,アリシバキング,牡,,,,,,,,,0
アクティブバイオ,アクティブバイオ,牡,,,,,,,,,0
タップダンスシチー,タップダンスシチー,牡,,,,,,,,,0
コイントス,コイントス,牡,,,,,,,,,0
トーホウシデン,トーホウシデン,牡,,,,,,,,,0
ハッピーパス,ハッピーパス,牝,,,,,,,,,0
マンハッタンカフェ,マンハッタンカフェ,牡,,,,,,,,,0
ロードフォレスター,ロードフォレスター,牡,,,,,,,,,0
ダイタクフラッグ,ダイタクフラッグ,牡,,,,,,,,,0
ゼンノカルナック,ゼンノカルナック,牡,,,,,,,,,0
エリモシャルマン,エリモシャルマン,牡,,,,,,,,,0
バンブーユベントス,バンブーユベントス,牡,,,,,,,,,0
アグネスポイント,アグネスポイント,牡,,,,,,,,,0
アッパレアッパレ,アッパレアッパレ,牡,,,,,,,,,0
マイネルディバイン,マイネルディバイン,牡,,,,,,,,,0
メガバックス,メガバックス,牡,,,,,,,,,0
ナムラサンクス,ナムラサンクス,牡,,,,,,,,,0
ビワワールド,ビワワールド,牡,,,,,,,,,0
シルクインザライト,シルクインザライト,牡,,,,,,,,,0
マンボツイスト,マンボツイスト,牡,,,,,,,,,0
スマートボーイ,スマートボーイ,牡,,,,,,,,,0
エアピエール,エアピエール,牡,,,,,,,,,0
タガノフォーティ,タガノフォーティ,牡,,,,,,,,,0
レディバラード,レディバラード,牝,,,,,,,,,0
キクノグリッター,キクノグリッター,牡,,,,,,,,,0
トーホウダイオー,トーホウダイオー,牡,,,,,,,,,0
ホシオー,ホシオー,牡,,,,,,,,,0
ワールドクリーク,ワールドクリーク,牡,,,,,,,,,0
シンコウスプレンダ,シンコウスプレンダ,牡,,,,,,,,,0
アルアラン,アルアラン,牡,,,,,,,,,0
ホクセツキング,ホクセツキング,せん,,,,,,,,,0
マイネルコンバット,マイネルコンバット,牡,,,,,,,,,0
ショウナンカンプ,ショウナンカンプ,牡,,,,,,,,,0
トキオパーフェクト,トキオパーフェクト,牡,,,,,,,,,0
メジロダーリング,メジロダーリング,牝,,,,,,,,,0
エピグラフ,エピグラフ,牡,,,,,,,,,0
テネシーガール,テネシーガール,牝,,,,,,,,,0
シャンハイダロン,シャンハイダロン,牡,,,,,,,,,0
グラスワールド,グラスワールド,牡,,,,,,,,,0
トレジャー,トレジャー,牡,,,,,,,,,0
ミデオンビット,ミデオンビット,牡,,,,,,,,,0
エイシンルバーン,エイシンルバーン,牡,,,,,,,,,0
エイシンスペンサー,エイシンスペンサー,牡,,,,,,,,,0
ダイワルージュ,ダイワルージュ,牝,,,,,,,,,0
フジノテンビー,フジノテンビー,牡,,,,,,,,,0
シルクプリマドンナ,シルクプリマドンナ,牝,,,,,,,,,0
サンライズペガサス,サンライズペガサス,牡,,,,,,,,,0
エアシャカール,エアシャカール,牡,,,,,,,,,0
ロサード,ロサード,牡,,,,,,,,,0
トーセンダンディ,トーセンダンディ,牡,,,,,,,,,0
プレシャスソング,プレシャスソング,牡,,,,,,,,,0
タイキリオン,タイキリオン,牡,,,,,,,,,0
メジャーカフェ,メジャーカフェ,牡,,,,,,,,,0
アルスブランカ,アルスブランカ,牡,,,,,,,,,0
シベリアンメドウ,シベリアンメドウ,牡,,,,,,,,,0
トリッキーアイズ,トリッキーアイズ,牡,,,,,,,,,0
ダイワファルコン,ダイワファルコン,牡,,,,,,,,,0
エストレーノ,エストレーノ,牡,,,,,,,,,0
ワンダーハーブ,ワンダーハーブ,牡,,,,,,,,,0
アローキャリー,アローキャリー,牝,,,,,,,,,0
ツルマルグラマー,ツルマルグラマー,牝,,,,,,,,,0
サンターナズソング,サンターナズソング,牝,,,,,,,,,0
0000613150,アイノブリーズ,牝,,,,,,0.0,0.0,0.0,1
セントスティーヴン,セントスティーヴン,せん,,,,,,,,,0
ゴーカイ,ゴーカイ,牡,,,,,,,,,0
フサイチゴールド,フサイチゴールド,牡,,,,,,,,,0
ミナミノゴージャス,ミナミノゴージャス,牡,,,,,,,,,0
センコス,センコス,せん,,,,,,,,,0
ティーベンジャン,ティーベンジャン,せん,,,,,,,,,0
ドンリファール,ドンリファール,せん,,,,,,,,,0
バンカーカウント,バンカーカウント,せん,,,,,,,,,0
オールゴング,オールゴング,せん,,,,,,,,,0
0000315700,アイディンサマー,牡,,,,,,0.0,0.0,0.0,1
ワンダーフルフィル,ワンダーフルフィル,牡,,,,,,,,,0
エグジットスウィン,エグジットスウィン,せん,,,,,,,,,0
ランド,ランド,せん,,,,,,,,,0
マグナーテン,マグナーテン,せん,,,,,,,,,0
メイショウキオウ,メイショウキオウ,牡,,,,,,,,,0
ダイタクリーヴァ,ダイタクリーヴァ,牡,,,,,,,,,0
ローズバド,ローズバド,牝,,,,,,,,,0
ミッキーダンス,ミッキーダンス,牡,,,,,,,,,0
フォーレルアゲイン,フォーレルアゲイン,牡,,,,,,,,,0
ゲイリーコンドル,ゲイリーコンドル,牡,,,,,,,,,0
ノーリーズン,ノーリーズン,牡,,,,,,,,,0
アドマイヤドン,アドマイヤドン,牡,,,,,,,,,0
シゲルゴッドハンド,シゲルゴッドハンド,牡,,,,,,,,,0
ファストタテヤマ,ファストタテヤマ,牡,,,,,,,,,0
モノポライザー,モノポライザー,牡,,,,,,,,,0
ニシノハナグルマ,ニシノハナグルマ,牝,,,,,,,,,0
マイネハルモニア,マイネハルモニア,牝,,,,,,,,,0
グランバザール,グランバザール,牝,,,,,,,,,0
レアパール,レアパール,牝,,,,,,,,,0
エプソムアクトレス,エプソムアクトレス,牝,,,,,,,,,0
メイセイプリマ,メイセイプリマ,牝,,,,,,,,,0
ダブルネーム,ダブルネーム,牝,,,,,,,,,0
マチカネマワンカナ,マチカネマワンカナ,牝,,,,,,,,,0
ハギノハイグレイド,ハギノハイグレイド,牡,,,,,,,,,0
ワンモアマイライン,ワンモアマイライン,牡,,,,,,,,,0
スターリングローズ,スターリングローズ,牡,,,,,,,,,0
テンリットル,テンリットル,牡,,,,,,,,,0
カチドキリュウ,カチドキリュウ,牡,,,,,,,,,0
フジヤマデュラブ,フジヤマデュラブ,牡,,,,,,,,,0
カネトシオペラクン,カネトシオペラクン,牡,,,,,,,,,0
シンボリクリスエス,シンボリクリスエス,牡,,,,,,,,,0
アグネスプラネット,アグネスプラネット,牡,,,,,,,,,0
ニシノサブライム,ニシノサブライム,牡,,,,,,,,,0
ディーエスサンダー,ディーエスサンダー,牡,,,,,,,,,0
オモシロイ,オモシロイ,牡,,,,,,,,,0
ギャロップサンダー,ギャロップサンダー,牡,,,,,,,,,0
ステルスコンコルド,ステルスコンコルド,牡,,,,,,,,,0
ダンツシェイク,ダンツシェイク,牡,,,,,,,,,0
イングランディーレ,イングランディーレ,牡,,,,,,,,,0
ジュピターシチー,ジュピターシチー,牡,,,,,,,,,0
ブリットレーン,ブリットレーン,牡,,,,,,,,,0
トウカイアロー,トウカイアロー,牡,,,,,,,,,0
ホワイトハピネス,ホワイトハピネス,牡,,,,,,,,,0
キーボランチ,キーボランチ,牡,,,,,,,,,0
エリモマキシム,エリモマキシム,牡,,,,,,,,,0
アンフィトリオン,アンフィトリオン,牡,,,,,,,,,0
マイネルプレーリー,マイネルプレーリー,牡,,,,,,,,,0
コスモディグニティ,コスモディグニティ,牡,,,,,,,,,0
ナムラハクシャ,ナムラハクシャ,牡,,,,,,,,,0
アグネスブレイブ,アグネスブレイブ,牡,,,,,,,,,0
シルクスカイブルー,シルクスカイブルー,牡,,,,,,,,,0
カノヤバトルクロス,カノヤバトルクロス,牡,,,,,,,,,0
マヤノサリーダ,マヤノサリーダ,牡,,,,,,,,,0
スペシャルストック,スペシャルストック,牡,,,,,,,,,0
ホッコーアンバー,ホッコーアンバー,牡,,,,,,,,,0
カルストンハードオ,カルストンハードオ,牡,,,,,,,,,0
マヤノコンチェルト,マヤノコンチェルト,牡,,,,,,,,,0
カネトシガバナー,カネトシガバナー,牡,,,,,,,,,0
ギフテッドクラウン,ギフテッドクラウン,牡,,,,,,,,,0
フジノセイガイハ,フジノセイガイハ,牡,,,,,,,,,0
シンボリアカデミー,シンボリアカデミー,せん,,,,,,,,,0
ビリーヴ,ビリーヴ,牝,,,,,,,,,0
ダンツフレーム,ダンツフレーム,牡,,,,,,,,,0
ネイティヴハート,ネイティヴハート,牡,,,,,,,,,0
ゼンノエルシド,ゼンノエルシド,牡,,,,,,,,,0
タマルファイター,タマルファイター,牡,,,,,,,,,0
イナリコンコルド,イナリコンコルド,牡,,,,,,,,,0
サクセスストレイン,サクセスストレイン,牝,,,,,,,,,0
ダイワジアン,ダイワジアン,牡,,,,,,,,,0
グリーンソニック,グリーンソニック,牡,,,,,,,,,0
タフネススター,タフネススター,牝,,,,,,,,,0
タニノエタニティ,タニノエタニティ,牡,,,,,,,,,0
ユーセイプライム,ユーセイプライム,牡,,,,,,,,,0
ホットシークレット,ホットシークレット,せん,,,,,,,,,0
チカラダユウキ,チカラダユウキ,牡,,,,,,,,,0
ユウキャラット,ユウキャラット,牝,,,,,,,,,0
ビューティマリオン,ビューティマリオン,牝,,,,,,,,,0
カネツフルーヴ,カネツフルーヴ,牡,,,,,,,,,0
ブラウンライアン,ブラウンライアン,牡,,,,,,,,,0
スナークレイアース,スナークレイアース,牡,,,,,,,,,0
アグネスパートナー,アグネスパートナー,牡,,,,,,,,,0
ユノピエロ,ユノピエロ,牡,,,,,,,,,0
アサカディフィート,アサカディフィート,せん,,,,,,,,,0
アドマイヤカイザー,アドマイヤカイザー,牡,,,,,,,,,0
スエヒロコマンダー,スエヒロコマンダー,牡,,,,,,,,,0
ラムセスロード,ラムセスロード,牡,,,,,,,,,0
パープルエビス,パープルエビス,牡,,,,,,,,,0
サイレントセイバー,サイレントセイバー,牡,,,,,,,,,0
アンブラスモア,アンブラスモア,牡,,,,,,,,,0
マチカネアカツキ,マチカネアカツキ,牡,,,,,,,,,0
ゴールドアリュール,ゴールドアリュール,牡,,,,,,,,,0
ヒミツヘイキ,ヒミツヘイキ,牡,,,,,,,,,0
インタータイヨウ,インタータイヨウ,牡,,,,,,,,,0
アサクサデンエン,アサクサデンエン,牡,,,,,,,,,0
サクラハーン,サクラハーン,牡,,,,,,,,,0
クロノスシチー,クロノスシチー,牡,,,,,,,,,0
ヤマニンマター,ヤマニンマター,牡,,,,,,,,,0
クーリンガー,クーリンガー,牡,,,,,,,,,0
マチカネヒノゴトシ,マチカネヒノゴトシ,牡,,,,,,,,,0
マイネルプロスパー,マイネルプロスパー,牡,,,,,,,,,0
ナムラジーガー,ナムラジーガー,牡,,,,,,,,,0
ミッドタウン,ミッドタウン,牡,,,,,,,,,0
ジューンキングプローン,ジューンキングプローン,牡,,,,,,,,,0
レッドペッパー,レッドペッパー,せん,,,,,,,,,0
アメリカンボス,アメリカンボス,牡,,,,,,,,,0
メジロサンドラ,メジロサンドラ,牝,,,,,,,,,0
グランドシンザン,グランドシンザン,せん,,,,,,,,,0
マイネルエスケープ,マイネルエスケープ,牡,,,,,,,,,0
タマモスプリング,タマモスプリング,牡,,,,,,,,,0
サプレマシー,サプレマシー,牡,,,,,,,,,0
オンワードメテオ,オンワードメテオ,牡,,,,,,,,,0
ミレニアムスズカ,ミレニアムスズカ,牡,,,,,,,,,0
スプリングトーカイ,スプリングトーカイ,牡,,,,,,,,,0
タイキダグラス,タイキダグラス,牡,,,,,,,,,0
スパークラー,スパークラー,牡,,,,,,,,,0
ヒサコーボンバー,ヒサコーボンバー,牡,,,,,,,,,0
ガルフィンドリーム,ガルフィンドリーム,牝,,,,,,,,,0
メイショウワカシオ,メイショウワカシオ,牡,,,,,,,,,0
ショウザンスカイ,ショウザンスカイ,牡,,,,,,,,,0
エアスマップ,エアスマップ,牡,,,,,,,,,0
チアズブライトリー,チアズブライトリー,牡,,,,,,,,,0
シンコウエドワード,シンコウエドワード,牡,,,,,,,,,0
グランパドドゥ,グランパドドゥ,牝,,,,,,,,,0
ケージームテキ,ケージームテキ,牡,,,,,,,,,0
サニングデール,サニングデール,牡,,,,,,,,,0
テイエムサザンオー,テイエムサザンオー,牡,,,,,,,,,0
マヤノオードリー,マヤノオードリー,牝,,,,,,,,,0
ツルマルファイター,ツルマルファイター,牡,,,,,,,,,0
グリーリーランド,グリーリーランド,牝,,,,,,,,,0
リンガスローレル,リンガスローレル,牝,,,,,,,,,0
ジェイケイベスト,ジェイケイベスト,牡,,,,,,,,,0
トップジャンボ,トップジャンボ,牡,,,,,,,,,0
ヤマカツスズラン,ヤマカツスズラン,牝,,,,,,,,,0
ホーマンスピリット,ホーマンスピリット,牡,,,,,,,,,0
サンフォードシチー,サンフォードシチー,牡,,,,,,,,,0
レイズスズラン,レイズスズラン,牡,,,,,,,,,0
ゲイリーエクシード,ゲイリーエクシード,牡,,,,,,,,,0
ゲイリーアリエス,ゲイリーアリエス,牡,,,,,,,,,0
カッツミー,カッツミー,牡,,,,,,,,,0
レニングラード,レニングラード,牡,,,,,,,,,0
ソウゴン,ソウゴン,牡,,,,,,,,,0
ラヴァリージェニオ,ラヴァリージェニオ,牡,,,,,,,,,0
コスモレジスタ,コスモレジスタ,牡,,,,,,,,,0
ジェイケイガバナー,ジェイケイガバナー,牡,,,,,,,,,0
トーセンフレンド,トーセンフレンド,牡,,,,,,,,,0
ウイントラスト,ウイントラスト,牡,,,,,,,,,0
タイキトレジャー,タイキトレジャー,牡,,,,,,,,,0
ナムラフロンティア,ナムラフロンティア,牡,,,,,,,,,0
ユーワファルコン,ユーワファルコン,牡,,,,,,,,,0
スパンキージャック,スパンキージャック,牡,,,,,,,,,0
キーゴールド,キーゴールド,牡,,,,,,,,,0
ロードクロノス,ロードクロノス,牡,,,,,,,,,0
ユキノサンロイヤル,ユキノサンロイヤル,牡,,,,,,,,,0
ベルボクサー,ベルボクサー,牡,,,,,,,,,0
エーピーグリード,エーピーグリード,牡,,,,,,,,,0
ハッピーリクエスト,ハッピーリクエスト,牝,,,,,,,,,0
スプリングチケット,スプリングチケット,牝,,,,,,,,,0
ニシオノーブル,ニシオノーブル,牝,,,,,,,,,0
スリーローマン,スリーローマン,牝,,,,,,,,,0
ダイイチダンヒル,ダイイチダンヒル,牡,,,,,,,,,0
シーパッション,シーパッション,牡,,,,,,,,,0
パラダイスヒルズ,パラダイスヒルズ,牡,,,,,,,,,0
トウショウノア,トウショウノア,牡,,,,,,,,,0
ヴィエントシチー,ヴィエントシチー,牡,,,,,,,,,0
ビッグテースト,ビッグテースト,牡,,,,,,,,,0
エイシンカガヤキ,エイシンカガヤキ,牡,,,,,,,,,0
ナムラマームード,ナムラマームード,牡,,,,,,,,,0
ハクサンラッキー,ハクサンラッキー,牡,,,,,,,,,0
スマイリングハント,スマイリングハント,せん,,,,,,,,,0
グッドパーラライス,グッドパーラライス,牡,,,,,,,,,0
テイエムダイオー,テイエムダイオー,牡,,,,,,,,,0
ワイドセイヴィア,ワイドセイヴィア,牡,,,,,,,,,0
ヤマニンリスペクト,ヤマニンリスペクト,牡,,,,,,,,,0
トップコマンダー,トップコマンダー,牡,,,,,,,,,0
トーワトレジャー,トーワトレジャー,牝,,,,,,,,,0
メイショウラムセス,メイショウラムセス,牡,,,,,,,,,0
ギャンブルローズ,ギャンブルローズ,牝,,,,,,,,,0
オースミタイカン,オースミタイカン,牡,,,,,,,,,0
ビッグフリート,ビッグフリート,牡,,,,,,,,,0
ウインブレイズ,ウインブレイズ,牡,,,,,,,,,0
キクカグロリアス,キクカグロリアス,牝,,,,,,,,,0
アグネススペシャル,アグネススペシャル,牡,,,,,,,,,0
ツジノワンダー,ツジノワンダー,牡,,,,,,,,,0
トウショウアンドレ,トウショウアンドレ,牡,,,,,,,,,0
アタゴタイショウ,アタゴタイショウ,牡,,,,,,,,,0
トーホウアスカ,トーホウアスカ,牝,,,,,,,,,0
マイネルモルゲン,マイネルモルゲン,牡,,,,,,,,,0
フジノタカネ,フジノタカネ,牝,,,,,,,,,0
ホワイトカーニバル,ホワイトカーニバル,牝,,,,,,,,,0
ハートオンウェーブ,ハートオンウェーブ,牝,,,,,,,,,0
セイウンバクフーン,セイウンバクフーン,牡,,,,,,,,,0
サマーオブキングス,サマーオブキングス,牡,,,,,,,,,0
オカノハーモニー,オカノハーモニー,牝,,,,,,,,,0
フィールドマックス,フィールドマックス,牡,,,,,,,,,0
エースオブハート,エースオブハート,牡,,,,,,,,,0
ハローマイフレンド,ハローマイフレンド,牝,,,,,,,,,0
マイネルエフォール,マイネルエフォール,牡,,,,,,,,,0
ワールドシチー,ワールドシチー,牡,,,,,,,,,0
サチノグローリ,サチノグローリ,牡,,,,,,,,,0
アラタマインディ,アラタマインディ,牡,,,,,,,,,0
イブキガバメント,イブキガバメント,牡,,,,,,,,,0
マヤノアブソルート,マヤノアブソルート,牝,,,,,,,,,0
ミツワトップレディ,ミツワトップレディ,牝,,,,,,,,,0
アスクコマンダー,アスクコマンダー,牝,,,,,,,,,0
ジョーディシラオキ,ジョーディシラオキ,牝,,,,,,,,,0
ジュピテリアン,ジュピテリアン,せん,,,,,,,,,0
アグネスチャンプ,アグネスチャンプ,牡,,,,,,,,,0
ヒゼンホクショー,ヒゼンホクショー,牡,,,,,,,,,0
シルクエンペラー,シルクエンペラー,牡,,,,,,,,,0
カルストンライトオ,カルストンライトオ,牡,,,,,,,,,0
ブレイクタイム,ブレイクタイム,牡,,,,,,,,,0
タイキメビウス,タイキメビウス,牝,,,,,,,,,0
インターサクセス,インターサクセス,牡,,,,,,,,,0
サザンクロスビコー,サザンクロスビコー,牝,,,,,,,,,0
サンライズタイガー,サンライズタイガー,牡,,,,,,,,,0
ミスタードン,ミスタードン,牡,,,,,,,,,0
エレガントレガーロ,エレガントレガーロ,牝,,,,,,,,,0
マティーニ,マティーニ,牝,,,,,,,,,0
クラレットパンチ,クラレットパンチ,牝,,,,,,,,,0
マイネルエアメール,マイネルエアメール,牡,,,,,,,,,0
リザルトシチー,リザルトシチー,牡,,,,,,,,,0
テイエムオーシャン,テイエムオーシャン,牝,,,,,,,,,0
ヒマラヤンブルー,ヒマラヤンブルー,牡,,,,,,,,,0
ニホンピロニール,ニホンピロニール,牡,,,,,,,,,0
チョウカイリョウガ,チョウカイリョウガ,牡,,,,,,,,,0
エイシンワンシャン,エイシンワンシャン,牝,,,,,,,,,0
ダンディラッシュ,ダンディラッシュ,牡,,,,,,,,,0
アレグラール,アレグラール,牡,,,,,,,,,0
タキノスペシャル,タキノスペシャル,牡,,,,,,,,,0
フウモンジョー,フウモンジョー,牡,,,,,,,,,0
スターキングマン,スターキングマン,牡,,,,,,,,,0
マイターン,マイターン,牡,,,,,,,,,0
アッミラーレ,アッミラーレ,牡,,,,,,,,,0
ワナ,ワナ,牝,,,,,,,,,0
ヨシサイバーダイン,ヨシサイバーダイン,牡,,,,,,,,,0
マルロス,マルロス,牡,,,,,,,,,0
タイムウィルテル,タイムウィルテル,牝,,,,,,,,,0
トーセンオリオン,トーセンオリオン,牡,,,,,,,,,0
ユーワテンザン,ユーワテンザン,牡,,,,,,,,,0
ミエッパリ,ミエッパリ,牡,,,,,,,,,0
ホーマンアピール,ホーマンアピール,牡,,,,,,,,,0
マイネラベンダー,マイネラベンダー,牝,,,,,,,,,0
ショートローブス,ショートローブス,牡,,,,,,,,,0
マイネルリープスト,マイネルリープスト,牡,,,,,,,,,0
マコトスズラン,マコトスズラン,牝,,,,,,,,,0
マイネヴィーナス,マイネヴィーナス,牝,,,,,,,,,0
トーセンリリー,トーセンリリー,牝,,,,,,,,,0
トラストセレビー,トラストセレビー,牡,,,,,,,,,0
リリーキャスケード,リリーキャスケード,牝,,,,,,,,,0
メイプルロード,メイプルロード,牝,,,,,,,,,0
ブルーコンコルド,ブルーコンコルド,牡,,,,,,,,,0
ダイキチムスメ,ダイキチムスメ,牝,,,,,,,,,0
チャニングガール,チャニングガール,牝,,,,,,,,,0
エイシンツルギザン,エイシンツルギザン,牡,,,,,,,,,0
チキリテイオー,チキリテイオー,牡,,,,,,,,,0
ラブイズラッシュ,ラブイズラッシュ,牡,,,,,,,,,0
ヤマシロヘイロー,ヤマシロヘイロー,牡,,,,,,,,,0
マルシゲトニービン,マルシゲトニービン,牝,,,,,,,,,0
タイポシビリイ,タイポシビリイ,牝,,,,,,,,,0
メイショウカゼッコ,メイショウカゼッコ,牝,,,,,,,,,0
エースインザレース,エースインザレース,牡,,,,,,,,,0
ヤマニンカルフール,ヤマニンカルフール,牝,,,,,,,,,0
コスモブルーノート,コスモブルーノート,牝,,,,,,,,,0
マルブツタイクーン,マルブツタイクーン,牡,,,,,,,,,0
トゥルーサーパス,トゥルーサーパス,牡,,,,,,,,,0
タヤスメドウ,タヤスメドウ,牡,,,,,,,,,0
ブラザータイクーン,ブラザータイクーン,牡,,,,,,,,,0
パイアン,パイアン,牝,,,,,,,,,0
キーニシキ,キーニシキ,牡,,,,,,,,,0
マルカチーノ,マルカチーノ,牡,,,,,,,,,0
マンボノリズム,マンボノリズム,牡,,,,,,,,,0
ビコーグッドマン,ビコーグッドマン,牡,,,,,,,,,0
ビッグマキバオー,ビッグマキバオー,牡,,,,,,,,,0
ロードスプレッド,ロードスプレッド,牡,,,,,,,,,0
ヒカリホーオー,ヒカリホーオー,牡,,,,,,,,,0
ビッグストロング,ビッグストロング,牡,,,,,,,,,0
クリミナルライト,クリミナルライト,牡,,,,,,,,,0
アドマイヤマックス,アドマイヤマックス,牡,,,,,,,,,0
マイネルアムンゼン,マイネルアムンゼン,牡,,,,,,,,,0
カンファーベスト,カンファーベスト,牡,,,,,,,,,0
ウインデュエル,ウインデュエル,牡,,,,,,,,,0
ハネダレンジャー,ハネダレンジャー,牡,,,,,,,,,0
オペラボーイ,オペラボーイ,牡,,,,,,,,,0
リキボクサー,リキボクサー,牡,,,,,,,,,0
0000612735,アイアドベンチャー,牡,,,,,,0.0,0.0,0.0,1
アクトナチュラリー,アクトナチュラリー,牡,,,,,,,,,0
ダイワフロリダ,ダイワフロリダ,牡,,,,,,,,,0
ファインモーション,ファインモーション,牝,,,,,,,,,0
トシザダンサー,トシザダンサー,牝,,,,,,,,,0
トリプレックス,トリプレックス,牝,,,,,,,,,0
バハムート,バハムート,牝,,,,,,,,,0
メジロベネット,メジロベネット,牝,,,,,,,,,0
ビーポジティブ,ビーポジティブ,牝,,,,,,,,,0
ハッピールック,ハッピールック,牡,,,,,,,,,0
シアトルリーダー,シアトルリーダー,牡,,,,,,,,,0
ヒシミラクル,ヒシミラクル,牡,,,,,,,,,0
オペラカスタム,オペラカスタム,牡,,,,,,,,,0
シルクフェイマス,シルクフェイマス,牡,,,,,,,,,0
シンデレラボーイ,シンデレラボーイ,牡,,,,,,,,,0
マイソールサウンド,マイソールサウンド,牡,,,,,,,,,0
サクラプレジデント,サクラプレジデント,牡,,,,,,,,,0
テイエムリキサン,テイエムリキサン,牡,,,,,,,,,0
ワンダーボーイ,ワンダーボーイ,牡,,,,,,,,,0
マルブツトップ,マルブツトップ,牡,,,,,,,,,0
タマモリッチ,タマモリッチ,牡,,,,,,,,,0
ユキノスイトピー,ユキノスイトピー,牝,,,,,,,,,0
ライジンオー,ライジンオー,牡,,,,,,,,,0
パシオンクレマンス,パシオンクレマンス,牡,,,,,,,,,0
ゴールデンロドリゴ,ゴールデンロドリゴ,牡,,,,,,,,,0
ダブルハピネス,ダブルハピネス,牡,,,,,,,,,0
エイシンダンズビル,エイシンダンズビル,牡,,,,,,,,,0
トシザボス,トシザボス,牡,,,,,,,,,0
ディバインシルバー,ディバインシルバー,牡,,,,,,,,,0
トシザミカ,トシザミカ,牝,,,,,,,,,0
ナイキアフリート,ナイキアフリート,牡,,,,,,,,,0
テルテルボウズ,テルテルボウズ,牝,,,,,,,,,0
ギルデッドエージ,ギルデッドエージ,牡,,,,,,,,,0
コバノスコッチ,コバノスコッチ,せん,,,,,,,,,0
トウカイロッキー,トウカイロッキー,せん,,,,,,,,,0
ダイワウインダム,ダイワウインダム,牡,,,,,,,,,0
マルゴウィッシュ,マルゴウィッシュ,牡,,,,,,,,,0
シルクブラボー,シルクブラボー,牡,,,,,,,,,0
ブルーイレヴン,ブルーイレヴン,牡,,,,,,,,,0
エイシンチャンプ,エイシンチャンプ,牡,,,,,,,,,0
テイエムガルチオー,テイエムガルチオー,牡,,,,,,,,,0
シルクコジーン,シルクコジーン,牡,,,,,,,,,0
ロケットパンチ,ロケットパンチ,牡,,,,,,,,,0
オペラコロナリー,オペラコロナリー,牡,,,,,,,,,0
プラチナフェザー,プラチナフェザー,牡,,,,,,,,,0
メイプルベガ,メイプルベガ,牝,,,,,,,,,0
フレンドリーエース,フレンドリーエース,牝,,,,,,,,,0
シアリアスバイオ,シアリアスバイオ,牝,,,,,,,,,0
コスモプロフィール,コスモプロフィール,牝,,,,,,,,,0
エイシンコジーン,エイシンコジーン,牡,,,,,,,,,0
シルクサンライズ,シルクサンライズ,牝,,,,,,,,,0
マルタカサイレンス,マルタカサイレンス,牡,,,,,,,,,0
マイネルブライアン,マイネルブライアン,牡,,,,,,,,,0
グラスエイコウオー,グラスエイコウオー,牡,,,,,,,,,0
ジョウノブラボー,ジョウノブラボー,牡,,,,,,,,,0
ロングカイソウ,ロングカイソウ,牝,,,,,,,,,0
オンワードセイント,オンワードセイント,牝,,,,,,,,,0
ビーマイナカヤマ,ビーマイナカヤマ,牡,,,,,,,,,0
ジェネスアリダー,ジェネスアリダー,牡,,,,,,,,,0
ノムラリューオー,ノムラリューオー,牡,,,,,,,,,0
ナリタホマレ,ナリタホマレ,牡,,,,,,,,,0
ナリタダイドウ,ナリタダイドウ,牡,,,,,,,,,0
クリアーベース,クリアーベース,せん,,,,,,,,,0
スタンドオンエンド,スタンドオンエンド,牝,,,,,,,,,0
キシュウファンタジ,キシュウファンタジ,牝,,,,,,,,,0
アグネスフライト,アグネスフライト,牡,,,,,,,,,0
サンライズジェガー,サンライズジェガー,牡,,,,,,,,,0
ビッグバイキング,ビッグバイキング,牡,,,,,,,,,0
ピースオブワールド,ピースオブワールド,牝,,,,,,,,,0
シーイズトウショウ,シーイズトウショウ,牝,,,,,,,,,0
ソルティビッド,ソルティビッド,牝,,,,,,,,,0
プラントパラダイス,プラントパラダイス,牝,,,,,,,,,0
ペルル,ペルル,牝,,,,,,,,,0
アサカマグマ,アサカマグマ,牝,,,,,,,,,0
シャトルフジ,シャトルフジ,牝,,,,,,,,,0
ネイビーズドーター,ネイビーズドーター,牝,,,,,,,,,0
カラメルアート,カラメルアート,牡,,,,,,,,,0
ナチュラルリーダー,ナチュラルリーダー,牡,,,,,,,,,0
タガノラフレシア,タガノラフレシア,牝,,,,,,,,,0
キョクイチバンブー,キョクイチバンブー,牡,,,,,,,,,0
モンテオーシャン,モンテオーシャン,牡,,,,,,,,,0
メジロライデン,メジロライデン,せん,,,,,,,,,0
マルブツエルハーブ,マルブツエルハーブ,牡,,,,,,,,,0
ガンショットシチー,ガンショットシチー,せん,,,,,,,,,0
ユウフヨウホウ,ユウフヨウホウ,牡,,,,,,,,,0
ビルアンドクー,ビルアンドクー,牝,,,,,,,,,0
ブルーエンプレス,ブルーエンプレス,牝,,,,,,,,,0
タイガーモーション,タイガーモーション,牡,,,,,,,,,0
バロンカラノテガミ,バロンカラノテガミ,牡,,,,,,,,,0
ホシコマンダー,ホシコマンダー,牡,,,,,,,,,0
ナムラモンスター,ナムラモンスター,牡,,,,,,,,,0
カイシュウコンドル,カイシュウコンドル,牡,,,,,,,,,0
マイネルヒルシュ,マイネルヒルシュ,牡,,,,,,,,,0
デュランダル,デュランダル,牡,,,,,,,,,0
リーバズゴールド,リーバズゴールド,牡,,,,,,,,,0
アブリーズ,アブリーズ,せん,,,,,,,,,0
レッドサン,レッドサン,牡,,,,,,,,,0
パプウス,パプウス,せん,,,,,,,,,0
サイドワインダー,サイドワインダー,牡,,,,,,,,,0
ポンデローザ,ポンデローザ,牝,,,,,,,,,0
マイネルプレスト,マイネルプレスト,牡,,,,,,,,,0
ヒコーキグモ,ヒコーキグモ,牡,,,,,,,,,0
ファルブラヴ,ファルブラヴ,牡,,,,,,,,,0
サラファン,サラファン,せん,,,,,,,,,0
インディジェナス,インディジェナス,せん,,,,,,,,,0
ゴーラン,ゴーラン,牡,,,,,,,,,0
イリジスティブルジュエル,イリジスティブルジュエル,牝,,,,,,,,,0
ブライトスカイ,ブライトスカイ,牝,,,,,,,,,0
ストーミングホーム,ストーミングホーム,牡,,,,,,,,,0
ストップザワールド,ストップザワールド,せん,,,,,,,,,0
ニシノアラウンド,ニシノアラウンド,牡,,,,,,,,,0
ヤマカツリリー,ヤマカツリリー,牝,,,,,,,,,0
ブランピュール,ブランピュール,牝,,,,,,,,,0
オースミハルカ,オースミハルカ,牝,,,,,,,,,0
アドマイヤテレサ,アドマイヤテレサ,牝,,,,,,,,,0
テイエムトキメキ,テイエムトキメキ,牝,,,,,,,,,0
グランドサファイヤ,グランドサファイヤ,牝,,,,,,,,,0
エーティーダイオー,エーティーダイオー,牡,,,,,,,,,0
スーパージーン,スーパージーン,牡,,,,,,,,,0
マチカネタグイナキ,マチカネタグイナキ,牡,,,,,,,,,0
ワンダフルデイズ,ワンダフルデイズ,牡,,,,,,,,,0
マイジョーカー,マイジョーカー,牡,,,,,,,,,0
サイレントディール,サイレントディール,牡,,,,,,,,,0
コスモインペリアル,コスモインペリアル,牡,,,,,,,,,0
シンボリデビル,シンボリデビル,牡,,,,,,,,,0
パープルクオーツ,パープルクオーツ,せん,,,,,,,,,0
センリツ,センリツ,牡,,,,,,,,,0
エイシンブーン,エイシンブーン,牡,,,,,,,,,0
エアエミネム,エアエミネム,牡,,,,,,,,,0
ファイトコマンダー,ファイトコマンダー,牡,,,,,,,,,0
トーセンサニー,トーセンサニー,牝,,,,,,,,,0
カメリアローズ,カメリアローズ,牝,,,,,,,,,0
スターリーヘヴン,スターリーヘヴン,牝,,,,,,,,,0
タカオルビー,タカオルビー,牝,,,,,,,,,0
ブルーペール,ブルーペール,牝,,,,,,,,,0
イシノヒメボタル,イシノヒメボタル,牝,,,,,,,,,0
カフェピノコ,カフェピノコ,牝,,,,,,,,,0
レインボーブリッジ,レインボーブリッジ,牝,,,,,,,,,0
ロミオダンス,ロミオダンス,牝,,,,,,,,,0
トリアノン,トリアノン,牝,,,,,,,,,0
シルキーラグーン,シルキーラグーン,牝,,,,,,,,,0
コアレスブランカ,コアレスブランカ,牝,,,,,,,,,0
マンデームスメ,マンデームスメ,牝,,,,,,,,,0
ブルーショットガン,ブルーショットガン,牡,,,,,,,,,0
セレクトグリーン,セレクトグリーン,牡,,,,,,,,,0
キウィダンス,キウィダンス,牝,,,,,,,,,0
ダイワデュール,ダイワデュール,牡,,,,,,,,,0
ロングランニング,ロングランニング,牡,,,,,,,,,0
スプリングキング,スプリングキング,牡,,,,,,,,,0
ロードケンユー,ロードケンユー,牡,,,,,,,,,0
ユーワブレイヴ,ユーワブレイヴ,せん,,,,,,,,,0
マイネルユニバース,マイネルユニバース,牡,,,,,,,,,0
ザッツザプレンティ,ザッツザプレンティ,牡,,,,,,,,,0
ゲヴァルト,ゲヴァルト,牡,,,,,,,,,0
マイネルアンドレア,マイネルアンドレア,牡,,,,,,,,,0
クラフトワーク,クラフトワーク,牡,,,,,,,,,0
シャンパンスノー,シャンパンスノー,牡,,,,,,,,,0
マーブルチーフ,マーブルチーフ,牡,,,,,,,,,0
ラガーマイラー,ラガーマイラー,牡,,,,,,,,,0
トムミラクル,トムミラクル,牡,,,,,,,,,0
マイネルシュラーク,マイネルシュラーク,牡,,,,,,,,,0
ウォーターワイルド,ウォーターワイルド,牡,,,,,,,,,0
メイショウポパイ,メイショウポパイ,牡,,,,,,,,,0
カオリジョバンニ,カオリジョバンニ,牡,,,,,,,,,0
ショウナンマインド,ショウナンマインド,牡,,,,,,,,,0
キングオブサンデー,キングオブサンデー,牡,,,,,,,,,0
マルターズスパーブ,マルターズスパーブ,牝,,,,,,,,,0
グリーンブリッツ,グリーンブリッツ,牡,,,,,,,,,0
マイネアイル,マイネアイル,牝,,,,,,,,,0
ショコット,ショコット,牝,,,,,,,,,0
マルカサワヤカ,マルカサワヤカ,牝,,,,,,,,,0
リビングデイライツ,リビングデイライツ,牝,,,,,,,,,0
ラントゥザフリーズ,ラントゥザフリーズ,牡,,,,,,,,,0
タカラシャーディー,タカラシャーディー,牡,,,,,,,,,0
リワードシンバル,リワードシンバル,牡,,,,,,,,,0
ブラックカフェ,ブラックカフェ,牡,,,,,,,,,0
ドローアウター,ドローアウター,牡,,,,,,,,,0
サンカルテット,サンカルテット,牡,,,,,,,,,0
ビービーヘブン,ビービーヘブン,牡,,,,,,,,,0
マコトエンペラー,マコトエンペラー,牡,,,,,,,,,0
マジックボーイ,マジックボーイ,牡,,,,,,,,,0
マイネルヴェルデ,マイネルヴェルデ,牡,,,,,,,,,0
テイエムサンデー,テイエムサンデー,牡,,,,,,,,,0
テイエムサウスポー,テイエムサウスポー,牡,,,,,,,,,0
ニホンピロハーレー,ニホンピロハーレー,牡,,,,,,,,,0
マヤノトライミー,マヤノトライミー,牡,,,,,,,,,0
マイネルブラウ,マイネルブラウ,牡,,,,,,,,,0
ユウワンプラテクト,ユウワンプラテクト,牡,,,,,,,,,0
ゼンノショウグン,ゼンノショウグン,牡,,,,,,,,,0
イエローボイス,イエローボイス,牡,,,,,,,,,0
タイキダイナスティ,タイキダイナスティ,牡,,,,,,,,,0
ショウナンカイウン,ショウナンカイウン,牡,,,,,,,,,0
テンエイウイング,テンエイウイング,牝,,,,,,,,,0
ネオユニヴァース,ネオユニヴァース,牡,,,,,,,,,0
マッキーマックス,マッキーマックス,牡,,,,,,,,,0
ビッグウルフ,ビッグウルフ,牡,,,,,,,,,0
インペリアルナイト,インペリアルナイト,牡,,,,,,,,,0
ブイロッキー,ブイロッキー,牡,,,,,,,,,0
クワイエットデイ,クワイエットデイ,牡,,,,,,,,,0
ワンモアチャッター,ワンモアチャッター,牡,,,,,,,,,0
エイシンクッシング,エイシンクッシング,牡,,,,,,,,,0
ダイワブレスイング,ダイワブレスイング,牡,,,,,,,,,0
チューニー,チューニー,牝,,,,,,,,,0
ヘイセイピカイチ,ヘイセイピカイチ,牝,,,,,,,,,0
パッションキャリー,パッションキャリー,牝,,,,,,,,,0
タイキチャペル,タイキチャペル,牝,,,,,,,,,0
セイコーミラー,セイコーミラー,牝,,,,,,,,,0
ナイキフェイバー,ナイキフェイバー,牝,,,,,,,,,0
メジロヘリテイジ,メジロヘリテイジ,牝,,,,,,,,,0
ワンアンドオール,ワンアンドオール,牝,,,,,,,,,0
ヴァドヴィーツェ,ヴァドヴィーツェ,牝,,,,,,,,,0
ローレルアイ,ローレルアイ,牝,,,,,,,,,0
サイモンピュアー,サイモンピュアー,牝,,,,,,,,,0
ツイスティングラヴ,ツイスティングラヴ,牝,,,,,,,,,0
リキサンピュアティ,リキサンピュアティ,牝,,,,,,,,,0
ビワシンセイキ,ビワシンセイキ,牡,,,,,,,,,0
エイキューガッツ,エイキューガッツ,牡,,,,,,,,,0
レギュラーメンバー,レギュラーメンバー,牡,,,,,,,,,0
ウインクリューガー,ウインクリューガー,牡,,,,,,,,,0
エコルプレイス,エコルプレイス,牡,,,,,,,,,0
ニシノシタン,ニシノシタン,牡,,,,,,,,,0
ワールドセイハ,ワールドセイハ,牡,,,,,,,,,0
マイネルアルバ,マイネルアルバ,牡,,,,,,,,,0
ゴールデンキャスト,ゴールデンキャスト,牡,,,,,,,,,0
シーキングマイラブ,シーキングマイラブ,牝,,,,,,,,,0
チアズファルコン,チアズファルコン,牡,,,,,,,,,0
リーピングキャット,リーピングキャット,牝,,,,,,,,,0
ドラゴンアイズ,ドラゴンアイズ,牡,,,,,,,,,0
オーゴンプリンス,オーゴンプリンス,牡,,,,,,,,,0
サカラート,サカラート,牡,,,,,,,,,0
イシノグレイス,イシノグレイス,牝,,,,,,,,,0
スティルインラブ,スティルインラブ,牝,,,,,,,,,0
チアズメッセージ,チアズメッセージ,牝,,,,,,,,,0
シェリール,シェリール,牝,,,,,,,,,0
タイカサブランカ,タイカサブランカ,牝,,,,,,,,,0
ウインドヴェイン,ウインドヴェイン,牝,,,,,,,,,0
サクセスウイッチ,サクセスウイッチ,牝,,,,,,,,,0
エクススピーディ,エクススピーディ,牝,,,,,,,,,0
ダイコーマリナ,ダイコーマリナ,牝,,,,,,,,,0
ナムラキャサリン,ナムラキャサリン,牝,,,,,,,,,0
メモリアルオペラ,メモリアルオペラ,牝,,,,,,,,,0
イクエイター,イクエイター,牝,,,,,,,,,0
ピサノメビウス,ピサノメビウス,牝,,,,,,,,,0
スズノマーチ,スズノマーチ,牡,,,,,,,,,0
イルデパン,イルデパン,牡,,,,,,,,,0
リーディングエッジ,リーディングエッジ,牡,,,,,,,,,0
タガノマイバッハ,タガノマイバッハ,牡,,,,,,,,,0
ゴーイングスズカ,ゴーイングスズカ,牡,,,,,,,,,0
ノブレスオブリッジ,ノブレスオブリッジ,牝,,,,,,,,,0
フラワーチャンプ,フラワーチャンプ,牝,,,,,,,,,0
ニシノプロミネンス,ニシノプロミネンス,牝,,,,,,,,,0
チトセサクセス,チトセサクセス,牡,,,,,,,,,0
ヒカルボシ,ヒカルボシ,せん,,,,,,,,,0
ディープインサイド,ディープインサイド,牡,,,,,,,,,0
インタープレジャー,インタープレジャー,牡,,,,,,,,,0
ベストウォリア,ベストウォリア,牡,,,,,,,,,0
チアズシャイニング,チアズシャイニング,牡,,,,,,,,,0
タガノツヨシ,タガノツヨシ,牡,,,,,,,,,0
ギャラントアロー,ギャラントアロー,牡,,,,,,,,,0
タイキジリオン,タイキジリオン,牡,,,,,,,,,0
シベリアンホーク,シベリアンホーク,牡,,,,,,,,,0
シェイクマイハート,シェイクマイハート,牡,,,,,,,,,0
ファンドリワールド,ファンドリワールド,牡,,,,,,,,,0
トップパシコ,トップパシコ,牡,,,,,,,,,0
ジョージアンキング,ジョージアンキング,牡,,,,,,,,,0
ベルグフリート,ベルグフリート,牡,,,,,,,,,0
モンパルナス,モンパルナス,牝,,,,,,,,,0
レイナワルツ,レイナワルツ,牝,,,,,,,,,0
デュアルストーリー,デュアルストーリー,牝,,,,,,,,,0
アフレタータ,アフレタータ,牝,,,,,,,,,0
シルクフローラ,シルクフローラ,牝,,,,,,,,,0
サンタフェイマス,サンタフェイマス,牝,,,,,,,,,0
ジェリクル,ジェリクル,牝,,,,,,,,,0
マイネヌーヴェル,マイネヌーヴェル,牝,,,,,,,,,0
セイレーンズソング,セイレーンズソング,牝,,,,,,,,,0
スプリングドリュー,スプリングドリュー,牝,,,,,,,,,0
エルダンジュ,エルダンジュ,牝,,,,,,,,,0
ローズベアダウン,ローズベアダウン,牝,,,,,,,,,0
アメイジングバイオ,アメイジングバイオ,牝,,,,,,,,,0
オークルーム,オークルーム,牝,,,,,,,,,0
レマーズガール,レマーズガール,牝,,,,,,,,,0
グラッブユアハート,グラッブユアハート,牝,,,,,,,,,0
シルクカンパーナ,シルクカンパーナ,牝,,,,,,,,,0
マイネルイェーガー,マイネルイェーガー,牡,,,,,,,,,0
ダイワセレクション,ダイワセレクション,牡,,,,,,,,,0
テンカタイヘイ,テンカタイヘイ,牡,,,,,,,,,0
ダンサーズナカヤマ,ダンサーズナカヤマ,牡,,,,,,,,,0
カフェベネチアン,カフェベネチアン,牡,,,,,,,,,0
フルーツマシン,フルーツマシン,牡,,,,,,,,,0
クレンデスターン,クレンデスターン,牡,,,,,,,,,0
グラスムーン,グラスムーン,牡,,,,,,,,,0
カオリレッドアイ,カオリレッドアイ,牡,,,,,,,,,0
ミヤギーロイヤル,ミヤギーロイヤル,牡,,,,,,,,,0
メジロランバート,メジロランバート,牡,,,,,,,,,0
ユートピア,ユートピア,牡,,,,,,,,,0
スズカドリーム,スズカドリーム,牡,,,,,,,,,0
シルクボンバイエ,シルクボンバイエ,牡,,,,,,,,,0
エクスアタック,エクスアタック,牡,,,,,,,,,0
サンエムノヴァ,サンエムノヴァ,牡,,,,,,,,,0
ディスタービングザピース,ディスタービングザピース,せん,,,,,,,,,0
エコーエディ,エコーエディ,せん,,,,,,,,,0
エリモピクシー,エリモピクシー,牝,,,,,,,,,0
サクラタイリン,サクラタイリン,牡,,,,,,,,,0
ホウライウォニング,ホウライウォニング,牡,,,,,,,,,0
セイウントライ,セイウントライ,牡,,,,,,,,,0
アルタネート,アルタネート,牡,,,,,,,,,0
フジサイレンス,フジサイレンス,牡,,,,,,,,,0
ナリタマローラ,ナリタマローラ,牝,,,,,,,,,0
アドマイヤグルーヴ,アドマイヤグルーヴ,牝,,,,,,,,,0
センターアンジェロ,センターアンジェロ,牝,,,,,,,,,0
ヤマニンスフィアー,ヤマニンスフィアー,牝,,,,,,,,,0
チアズニューパワー,チアズニューパワー,牡,,,,,,,,,0
エスコートボーイ,エスコートボーイ,せん,,,,,,,,,0
ジャストバンディト,ジャストバンディト,牡,,,,,,,,,0
アーマターク,アーマターク,せん,,,,,,,,,0
ティウチェフ,ティウチェフ,せん,,,,,,,,,0
タイガーグルーム,タイガーグルーム,牡,,,,,,,,,0
シルヴァーアーチャー,シルヴァーアーチャー,せん,,,,,,,,,0
キスミーテンダー,キスミーテンダー,牡,,,,,,,,,0
スカイアンドリュウ,スカイアンドリュウ,牡,,,,,,,,,0
サンキンヘイロー,サンキンヘイロー,牡,,,,,,,,,0
ビッグコング,ビッグコング,牡,,,,,,,,,0
シンコールビー,シンコールビー,牝,,,,,,,,,0
シロキタガデス,シロキタガデス,牝,,,,,,,,,0
ベルモントパティ,ベルモントパティ,牝,,,,,,,,,0
ジョウノカトリーヌ,ジョウノカトリーヌ,牝,,,,,,,,,0
アサギヌ,アサギヌ,牝,,,,,,,,,0
バトルエンプレス,バトルエンプレス,牝,,,,,,,,,0
ミルフィオリ,ミルフィオリ,牝,,,,,,,,,0
マコトマンリョウ,マコトマンリョウ,牝,,,,,,,,,0
ツキノミコト,ツキノミコト,牝,,,,,,,,,0
タニノゴードン,タニノゴードン,牡,,,,,,,,,0
タイムパラドックス,タイムパラドックス,牡,,,,,,,,,0
サンライズキング,サンライズキング,牡,,,,,,,,,0
タケハナオペラ,タケハナオペラ,牡,,,,,,,,,0
カナハラドラゴン,カナハラドラゴン,牡,,,,,,,,,0
イシヤクロマン,イシヤクロマン,牝,,,,,,,,,0
パラダイスシチー,パラダイスシチー,牡,,,,,,,,,0
ゼンノロブロイ,ゼンノロブロイ,牡,,,,,,,,,0
テイクファイブ,テイクファイブ,牡,,,,,,,,,0
ウインジェネラーレ,ウインジェネラーレ,牡,,,,,,,,,0
スズカラムクン,スズカラムクン,牡,,,,,,,,,0
ホーマンオブジェ,ホーマンオブジェ,牡,,,,,,,,,0
スズジャパン,スズジャパン,牡,,,,,,,,,0
エピソードシチー,エピソードシチー,牡,,,,,,,,,0
シースルオール,シースルオール,牡,,,,,,,,,0
チャクラ,チャクラ,牡,,,,,,,,,0
ウインジーニアス,ウインジーニアス,牡,,,,,,,,,0
トリリオンカット,トリリオンカット,牡,,,,,,,,,0
サウスポール,サウスポール,牡,,,,,,,,,0
タニノボルガ,タニノボルガ,牡,,,,,,,,,0
テイエムテンライ,テイエムテンライ,牡,,,,,,,,,0
シルクチャンピオン,シルクチャンピオン,牡,,,,,,,,,0
ソロデビュー,ソロデビュー,牡,,,,,,,,,0
マルイチライデン,マルイチライデン,牡,,,,,,,,,0
キーファクター,キーファクター,牡,,,,,,,,,0
ヒューマ,ヒューマ,牡,,,,,,,,,0
ジャズアップ,ジャズアップ,牡,,,,,,,,,0
クールジョイ,クールジョイ,牡,,,,,,,,,0
ブレーブテンダー,ブレーブテンダー,牡,,,,,,,,,0
ロードアトラス,ロードアトラス,せん,,,,,,,,,0
テイエムハヤカゼ,テイエムハヤカゼ,牡,,,,,,,,,0
メジロオーモンド,メジロオーモンド,牡,,,,,,,,,0
チェックザラック,チェックザラック,牡,,,,,,,,,0
エルカミーノ,エルカミーノ,牡,,,,,,,,,0
テンジンオーカン,テンジンオーカン,牡,,,,,,,,,0
ベストタイクーン,ベストタイクーン,牡,,,,,,,,,0
アサカブレイヴリー,アサカブレイヴリー,牡,,,,,,,,,0
ポップコーンジャズ,ポップコーンジャズ,牝,,,,,,,,,0
メモリーキアヌ,メモリーキアヌ,牝,,,,,,,,,0
コインオブスター,コインオブスター,牝,,,,,,,,,0
0000708203,アイシースズカ,牝,,,,,,0.0,0.0,0.0,1
ゴールドプルーフ,ゴールドプルーフ,牡,,,,,,,,,0
ペルフェット,ペルフェット,牡,,,,,,,,,0
エムエフファルコン,エムエフファルコン,牡,,,,,,,,,0
ツルギセンタン,ツルギセンタン,牝,,,,,,,,,0
ホーマンキュート,ホーマンキュート,牝,,,,,,,,,0
ナリタセンチュリー,ナリタセンチュリー,牡,,,,,,,,,0
ゼンノジャンゴ,ゼンノジャンゴ,牡,,,,,,,,,0
リンカーン,リンカーン,牡,,,,,,,,,0
マイネルソロモン,マイネルソロモン,牡,,,,,,,,,0
マンジュデンコウベ,マンジュデンコウベ,牡,,,,,,,,,0
スシトレイン,スシトレイン,牡,,,,,,,,,0
バタラバ,バタラバ,牝,,,,,,,,,0
メイショウオッチモ,メイショウオッチモ,牝,,,,,,,,,0
ピュアルネッサンス,ピュアルネッサンス,牡,,,,,,,,,0
ハレルヤサンデー,ハレルヤサンデー,牡,,,,,,,,,0
トウショウトリガー,トウショウトリガー,牡,,,,,,,,,0
エイシンハリマオー,エイシンハリマオー,牡,,,,,,,,,0
スズノミヤビオー,スズノミヤビオー,牡,,,,,,,,,0
タイキスティング,タイキスティング,せん,,,,,,,,,0
エムテスカイ,エムテスカイ,牡,,,,,,,,,0
エアスヌープ,エアスヌープ,牡,,,,,,,,,0
ゲイリートマホーク,ゲイリートマホーク,せん,,,,,,,,,0
ヒシフェアレディ,ヒシフェアレディ,牝,,,,,,,,,0
サンキンバスター,サンキンバスター,牡,,,,,,,,,0
ナリタフロンテアー,ナリタフロンテアー,牡,,,,,,,,,0
シゲルトリック,シゲルトリック,牡,,,,,,,,,0
ハツラツ,ハツラツ,牡,,,,,,,,,0
ベレノス,ベレノス,牡,,,,,,,,,0
フルブラスト,フルブラスト,牡,,,,,,,,,0
タイギャラント,タイギャラント,牡,,,,,,,,,0
ツルマルザムライ,ツルマルザムライ,牡,,,,,,,,,0
ホクザンフィールド,ホクザンフィールド,牡,,,,,,,,,0
レジェンドハンター,レジェンドハンター,牡,,,,,,,,,0
ヴィータローザ,ヴィータローザ,牡,,,,,,,,,0
シャドウビンテージ,シャドウビンテージ,牡,,,,,,,,,0
0000708823,アイルビーバック,牡,,,,,,0.0,0.0,0.0,1
タイキアルファ,タイキアルファ,牡,,,,,,,,,0
ロードミカエル,ロードミカエル,牡,,,,,,,,,0
フランキーボーイ,フランキーボーイ,牡,,,,,,,,,0
ビービートマホーク,ビービートマホーク,牡,,,,,,,,,0
メジロトッティ,メジロトッティ,牡,,,,,,,,,0
マイネルフルーク,マイネルフルーク,牡,,,,,,,,,0
タマモゲット,タマモゲット,牡,,,,,,,,,0
フミノトップヒル,フミノトップヒル,牡,,,,,,,,,0
ショウナンタイム,ショウナンタイム,牝,,,,,,,,,0
ミレニアムメモリー,ミレニアムメモリー,牝,,,,,,,,,0
ヨシフサキング,ヨシフサキング,牡,,,,,,,,,0
ダイワカーソン,ダイワカーソン,牡,,,,,,,,,0
レンドフェリーチェ,レンドフェリーチェ,牝,,,,,,,,,0
ミエノサンデー,ミエノサンデー,牝,,,,,,,,,0
コスモリバーサル,コスモリバーサル,牡,,,,,,,,,0
トーホウスパーク,トーホウスパーク,牡,,,,,,,,,0
ジュエリーソード,ジュエリーソード,牡,,,,,,,,,0
メイショウミツクニ,メイショウミツクニ,牡,,,,,,,,,0
ナムラエキスプレス,ナムラエキスプレス,牡,,,,,,,,,0
ワンモアディネロ,ワンモアディネロ,牡,,,,,,,,,0
ネオマエストロ,ネオマエストロ,牡,,,,,,,,,0
トーアコマンダー,トーアコマンダー,牡,,,,,,,,,0
エーピークロー,エーピークロー,牡,,,,,,,,,0
ビッグバトル,ビッグバトル,牡,,,,,,,,,0
イルバチオ,イルバチオ,牝,,,,,,,,,0
ロイヤルキャンサー,ロイヤルキャンサー,牡,,,,,,,,,0
クロンヌドール,クロンヌドール,牡,,,,,,,,,0
フィーユドゥレーヴ,フィーユドゥレーヴ,牝,,,,,,,,,0
フラワーサークル,フラワーサークル,牝,,,,,,,,,0
ミュージックホーク,ミュージックホーク,牡,,,,,,,,,0
マイネルゼスト,マイネルゼスト,牡,,,,,,,,,0
ナムラビッグタイム,ナムラビッグタイム,牡,,,,,,,,,0
プリモスター,プリモスター,牝,,,,,,,,,0
マイネルスペリオル,マイネルスペリオル,牡,,,,,,,,,0
カフェヴィンセント,カフェヴィンセント,牡,,,,,,,,,0
リガードシチー,リガードシチー,牡,,,,,,,,,0
セトノヒット,セトノヒット,牡,,,,,,,,,0
エンジェルクルー,エンジェルクルー,牝,,,,,,,,,0
ルナルナ,ルナルナ,牝,,,,,,,,,0
スピードデステニー,スピードデステニー,牡,,,,,,,,,0
ハイパーバトル,ハイパーバトル,牡,,,,,,,,,0
サンライズシャーク,サンライズシャーク,牡,,,,,,,,,0
タイチルドレン,タイチルドレン,牡,,,,,,,,,0
メイショウドメニカ,メイショウドメニカ,せん,,,,,,,,,0
マイダイナマイト,マイダイナマイト,牝,,,,,,,,,0
ケイエスホノカ,ケイエスホノカ,牝,,,,,,,,,0
マイネルオーパー,マイネルオーパー,牡,,,,,,,,,0
テイエムマッチョ,テイエムマッチョ,牡,,,,,,,,,0
マチカネシルヤキミ,マチカネシルヤキミ,牡,,,,,,,,,0
サムライワールド,サムライワールド,牡,,,,,,,,,0
カチケンザン,カチケンザン,牡,,,,,,,,,0
カイシュウテイオー,カイシュウテイオー,牡,,,,,,,,,0
ティエッチグレース,ティエッチグレース,牝,,,,,,,,,0
ヨイチキナコ,ヨイチキナコ,牝,,,,,,,,,0
ジーティースマイル,ジーティースマイル,牡,,,,,,,,,0
レオマイティー,レオマイティー,牡,,,,,,,,,0
フライトソング,フライトソング,牝,,,,,,,,,0
ロードフラッグ,ロードフラッグ,せん,,,,,,,,,0
エスジービーム,エスジービーム,牡,,,,,,,,,0
マンノチャンピオン,マンノチャンピオン,牡,,,,,,,,,0
トーアカゼノオー,トーアカゼノオー,牡,,,,,,,,,0
エクセシヴワード,エクセシヴワード,牡,,,,,,,,,0
エンゲルグレーセ,エンゲルグレーセ,牡,,,,,,,,,0
シルバーサーベル,シルバーサーベル,牡,,,,,,,,,0
デルマキングオー,デルマキングオー,牡,,,,,,,,,0
シンコウカリド,シンコウカリド,牡,,,,,,,,,0
ダイワバンディット,ダイワバンディット,牡,,,,,,,,,0
ウイングレット,ウイングレット,牝,,,,,,,,,0
0000119530,アウトディスタンス,牡,,,,,,0.0,0.0,0.0,1
マイネルベナード,マイネルベナード,牡,,,,,,,,,0
クリスタルヴィオレ,クリスタルヴィオレ,牝,,,,,,,,,0
トウカイハッスル,トウカイハッスル,牡,,,,,,,,,0
ナンヨーアルトラブ,ナンヨーアルトラブ,牝,,,,,,,,,0
シャドウファイル,シャドウファイル,牝,,,,,,,,,0
マリンゴールド,マリンゴールド,牝,,,,,,,,,0
エーティーテイオー,エーティーテイオー,牡,,,,,,,,,0
マイネルディマジオ,マイネルディマジオ,牡,,,,,,,,,0
マイネルアクセル,マイネルアクセル,牡,,,,,,,,,0
パレスエース,パレスエース,牡,,,,,,,,,0
オイワケヒエン,オイワケヒエン,牝,,,,,,,,,0
フリークオブダンス,フリークオブダンス,牝,,,,,,,,,0
ストームセイコー,ストームセイコー,牡,,,,,,,,,0
マリンボート,マリンボート,牝,,,,,,,,,0
タマモオーシャン,タマモオーシャン,牡,,,,,,,,,0
メイショウボーラー,メイショウボーラー,牡,,,,,,,,,0
コスモサンビーム,コスモサンビーム,牡,,,,,,,,,0
エイシンヘーベ,エイシンヘーベ,牝,,,,,,,,,0
カイシュウマックス,カイシュウマックス,牡,,,,,,,,,0
フィールドルーキー,フィールドルーキー,牡,,,,,,,,,0
サンデースウィープ,サンデースウィープ,牡,,,,,,,,,0
テイエムマウンテン,テイエムマウンテン,牝,,,,,,,,,0
ユウゼータ,ユウゼータ,牡,,,,,,,,,0
タケイチグッド,タケイチグッド,牡,,,,,,,,,0
バンジョキャラット,バンジョキャラット,牝,,,,,,,,,0
コスモキャンドル,コスモキャンドル,牝,,,,,,,,,0
グランプリオーロラ,グランプリオーロラ,牝,,,,,,,,,0
トーホウチェリー,トーホウチェリー,牝,,,,,,,,,0
マイネルゼピュロス,マイネルゼピュロス,牡,,,,,,,,,0
マルシゲアリダー,マルシゲアリダー,牡,,,,,,,,,0
ウインラディウス,ウインラディウス,牡,,,,,,,,,0
オーゴンサンデー,オーゴンサンデー,牝,,,,,,,,,0
ガンアンドローズ,ガンアンドローズ,牝,,,,,,,,,0
スナークバクシン,スナークバクシン,牡,,,,,,,,,0
フレノキャプテン,フレノキャプテン,牡,,,,,,,,,0
ヘイロンシン,ヘイロンシン,牝,,,,,,,,,0
トウホープログレス,トウホープログレス,牝,,,,,,,,,0
シーグローリアス,シーグローリアス,牡,,,,,,,,,0
ニシノシンフォニー,ニシノシンフォニー,牡,,,,,,,,,0
マイネルプレシャス,マイネルプレシャス,牡,,,,,,,,,0
グランリーオ,グランリーオ,牡,,,,,,,,,0
コレクションボス,コレクションボス,牡,,,,,,,,,0
ベストアルバム,ベストアルバム,牝,,,,,,,,,0
ヘヴンリーロマンス,ヘヴンリーロマンス,牝,,,,,,,,,0
テイエムオゴジョ,テイエムオゴジョ,牝,,,,,,,,,0
キャッスルブラウン,キャッスルブラウン,牝,,,,,,,,,0
スプリングシオン,スプリングシオン,牡,,,,,,,,,0
アマノブレイブリー,アマノブレイブリー,牡,,,,,,,,,0
マイネルガーランド,マイネルガーランド,牡,,,,,,,,,0
ハードクリスタル,ハードクリスタル,牡,,,,,,,,,0
シンドバッド,シンドバッド,牡,,,,,,,,,0
モエレエスポワール,モエレエスポワール,牡,,,,,,,,,0
アズマサンダース,アズマサンダース,牝,,,,,,,,,0
ヤマニンシュクル,ヤマニンシュクル,牝,,,,,,,,,0
マイネルブルック,マイネルブルック,牡,,,,,,,,,0
タイセイドラゴン,タイセイドラゴン,牡,,,,,,,,,0
キョウワスプレンダ,キョウワスプレンダ,牡,,,,,,,,,0
アーバンエスケープ,アーバンエスケープ,牡,,,,,,,,,0
エボニービジョン,エボニービジョン,牡,,,,,,,,,0
スズカマンボ,スズカマンボ,牡,,,,,,,,,0
ブリッコーネ,ブリッコーネ,牡,,,,,,,,,0
アラビアンナイト,アラビアンナイト,牡,,,,,,,,,0
サンワードミル,サンワードミル,牝,,,,,,,,,0
リネンドン,リネンドン,せん,,,,,,,,,0
レディブロンド,レディブロンド,牝,,,,,,,,,0
マイネルセレクト,マイネルセレクト,牡,,,,,,,,,0
アドマイヤジャック,アドマイヤジャック,牡,,,,,,,,,0
エイシンラグランジ,エイシンラグランジ,牡,,,,,,,,,0
タクミシルバー,タクミシルバー,牡,,,,,,,,,0
ニチドウマジック,ニチドウマジック,せん,,,,,,,,,0
サクラティアラ,サクラティアラ,牝,,,,,,,,,0
ダンツランニング,ダンツランニング,牡,,,,,,,,,0
テンビーエース,テンビーエース,牝,,,,,,,,,0
フサイチジハード,フサイチジハード,牡,,,,,,,,,0
テントップサンダー,テントップサンダー,牡,,,,,,,,,0
タカノキセキオー,タカノキセキオー,牡,,,,,,,,,0
グレイトジャーニー,グレイトジャーニー,牡,,,,,,,,,0
アドマイヤシェイク,アドマイヤシェイク,牡,,,,,,,,,0
セイシュンジダイ,セイシュンジダイ,牡,,,,,,,,,0
エムティーダイオー,エムティーダイオー,牡,,,,,,,,,0
フィルハーモニー,フィルハーモニー,牡,,,,,,,,,0
シセイヒカリ,シセイヒカリ,牡,,,,,,,,,0
ケージーエリシオ,ケージーエリシオ,牡,,,,,,,,,0
マイネルエクストラ,マイネルエクストラ,牡,,,,,,,,,0
マイネサマンサ,マイネサマンサ,牝,,,,,,,,,0
メイショウバトラー,メイショウバトラー,牝,,,,,,,,,0
タンザナイト,タンザナイト,牝,,,,,,,,,0
ダイワレイダース,ダイワレイダース,牡,,,,,,,,,0
トミケンブライト,トミケンブライト,牝,,,,,,,,,0
キングリファール,キングリファール,牡,,,,,,,,,0
アスクジュビリー,アスクジュビリー,牡,,,,,,,,,0
マイネルダオス,マイネルダオス,牡,,,,,,,,,0
マルターズホーク,マルターズホーク,牡,,,,,,,,,0
ナチュラルナイン,ナチュラルナイン,牡,,,,,,,,,0
リベレーション,リベレーション,牡,,,,,,,,,0
トウカイリザーブ,トウカイリザーブ,牡,,,,,,,,,0
シンコウシングラー,シンコウシングラー,牡,,,,,,,,,0
スイープトウショウ,スイープトウショウ,牝,,,,,,,,,0
ロイヤルセランガー,ロイヤルセランガー,牝,,,,,,,,,0
マルターズヒート,マルターズヒート,牝,,,,,,,,,0
マチカネエンジイロ,マチカネエンジイロ,牝,,,,,,,,,0
カーニバルソング,カーニバルソング,牝,,,,,,,,,0
ツルマルシスター,ツルマルシスター,牝,,,,,,,,,0
コンコルディア,コンコルディア,牝,,,,,,,,,0
キャメロンガール,キャメロンガール,牝,,,,,,,,,0
レジーナガール,レジーナガール,牝,,,,,,,,,0
サンゴノウミヲ,サンゴノウミヲ,牝,,,,,,,,,0
アポインテッドデイ,アポインテッドデイ,牡,,,,,,,,,0
フサイチホクトセイ,フサイチホクトセイ,牡,,,,,,,,,0
ナカヤマバスター,ナカヤマバスター,牡,,,,,,,,,0
スパークルキャット,スパークルキャット,牡,,,,,,,,,0
ダンツアイリッシュ,ダンツアイリッシュ,牝,,,,,,,,,0
モリデンキング,モリデンキング,牡,,,,,,,,,0
メイショウアズーロ,メイショウアズーロ,牡,,,,,,,,,0
イアラハリケーン,イアラハリケーン,牡,,,,,,,,,0
タイガーテイル,タイガーテイル,牝,,,,,,,,,0
アナマリー,アナマリー,牝,,,,,,,,,0
トーアメイウン,トーアメイウン,牡,,,,,,,,,0
アドマイヤビッグ,アドマイヤビッグ,牡,,,,,,,,,0
フォーカルポイント,フォーカルポイント,牡,,,,,,,,,0
ジュレップ,ジュレップ,牡,,,,,,,,,0
マイネルパナシュ,マイネルパナシュ,牡,,,,,,,,,0
トウショウナイト,トウショウナイト,牡,,,,,,,,,0
マイネルデュプレ,マイネルデュプレ,牡,,,,,,,,,0
ボブビースト,ボブビースト,牡,,,,,,,,,0
ケイアイウンリュー,ケイアイウンリュー,牡,,,,,,,,,0
マイネルオクテット,マイネルオクテット,牡,,,,,,,,,0
マイネルポロネーズ,マイネルポロネーズ,牡,,,,,,,,,0
レオシャープ,レオシャープ,牡,,,,,,,,,0
ビッグファルコン,ビッグファルコン,牡,,,,,,,,,0
トミケンウイナー,トミケンウイナー,牡,,,,,,,,,0
タカオファースト,タカオファースト,牡,,,,,,,,,0
エプソムアルテマ,エプソムアルテマ,牡,,,,,,,,,0
スペシャルカルドゥーン,スペシャルカルドゥーン,牡,,,,,,,,,0
トゥスール,トゥスール,牡,,,,,,,,,0
フリートストリートダンサー,フリートストリートダンサー,せん,,,,,,,,,0
シロキタゴッドラン,シロキタゴッドラン,牡,,,,,,,,,0
オウタヒア,オウタヒア,牡,,,,,,,,,0
タイムトゥチェンジ,タイムトゥチェンジ,牡,,,,,,,,,0
アンジュガブリエル,アンジュガブリエル,牡,,,,,,,,,0
デノン,デノン,牡,,,,,,,,,0
イズリントン,イズリントン,牝,,,,,,,,,0
スルーヴァレイ,スルーヴァレイ,牡,,,,,,,,,0
ジョハー,ジョハー,牡,,,,,,,,,0
フィールズオブオマー,フィールズオブオマー,せん,,,,,,,,,0
テイエムジェネラス,テイエムジェネラス,牡,,,,,,,,,0
ヤマニンアルシオン,ヤマニンアルシオン,牝,,,,,,,,,0
ヤマニンアラバスタ,ヤマニンアラバスタ,牝,,,,,,,,,0
マコトキンギン,マコトキンギン,牝,,,,,,,,,0
ラブリープリンセス,ラブリープリンセス,牝,,,,,,,,,0
ディアチャンス,ディアチャンス,牝,,,,,,,,,0
プリサイスマシーン,プリサイスマシーン,牡,,,,,,,,,0
スターイレブン,スターイレブン,せん,,,,,,,,,0
マイティスピード,マイティスピード,牡,,,,,,,,,0
メテオバースト,メテオバースト,牡,,,,,,,,,0
メイショウムネノリ,メイショウムネノリ,牡,,,,,,,,,0
コスモステージ,コスモステージ,牡,,,,,,,,,0
ホシノピアス,ホシノピアス,牝,,,,,,,,,0
アドマイヤマジック,アドマイヤマジック,牝,,,,,,,,,0
パーフェクトダンス,パーフェクトダンス,牝,,,,,,,,,0
テンザントップ,テンザントップ,牝,,,,,,,,,0
クインクインクイン,クインクインクイン,牝,,,,,,,,,0
ユキノレイコ,ユキノレイコ,牝,,,,,,,,,0
ガイヤール,ガイヤール,牝,,,,,,,,,0
プリモレディ,プリモレディ,牝,,,,,,,,,0
トーアグレイス,トーアグレイス,牝,,,,,,,,,0
ナナツボシ,ナナツボシ,牝,,,,,,,,,0
クィーンロマンス,クィーンロマンス,牝,,,,,,,,,0
ケイジーロマン,ケイジーロマン,牝,,,,,,,,,0
レイズアンドコール,レイズアンドコール,牝,,,,,,,,,0
ニシノムーンライト,ニシノムーンライト,牝,,,,,,,,,0
コスモバルク,コスモバルク,牡,,,,,,,,,0
ミスティックエイジ,ミスティックエイジ,牡,,,,,,,,,0
ハイアーゲーム,ハイアーゲーム,牡,,,,,,,,,0
ブラックタイド,ブラックタイド,牡,,,,,,,,,0
ブラッドバローズ,ブラッドバローズ,牡,,,,,,,,,0
ピエナオンリーワン,ピエナオンリーワン,牡,,,,,,,,,0
グレートベースン,グレートベースン,牡,,,,,,,,,0
チキリサンサン,チキリサンサン,牡,,,,,,,,,0
ナムラシーザー,ナムラシーザー,牡,,,,,,,,,0
ヌチグスイ,ヌチグスイ,牡,,,,,,,,,0
サクラルーチェ,サクラルーチェ,牡,,,,,,,,,0
アンティークコイン,アンティークコイン,牡,,,,,,,,,0
ワールドスケール,ワールドスケール,牡,,,,,,,,,0
ブランディス,ブランディス,せん,,,,,,,,,0
メルシータカオー,メルシータカオー,せん,,,,,,,,,0
ミヤノシャダイ,ミヤノシャダイ,牡,,,,,,,,,0
オニタイジ,オニタイジ,せん,,,,,,,,,0
トーセンメイザン,トーセンメイザン,牡,,,,,,,,,0
メジロアトラス,メジロアトラス,せん,,,,,,,,,0
バリオス,バリオス,牡,,,,,,,,,0
プリンシパルリバー,プリンシパルリバー,牡,,,,,,,,,0
テンケイ,テンケイ,牡,,,,,,,,,0
ハタノアドニス,ハタノアドニス,牡,,,,,,,,,0
スピニングアロー,スピニングアロー,牡,,,,,,,,,0
タマモホットプレイ,タマモホットプレイ,牡,,,,,,,,,0
シルヴァーゼット,シルヴァーゼット,牡,,,,,,,,,0
ジョージサクラ,ジョージサクラ,牡,,,,,,,,,0
テイエムサンタオー,テイエムサンタオー,牡,,,,,,,,,0
シゲルドントイケ,シゲルドントイケ,牡,,,,,,,,,0
カリスマサンキセキ,カリスマサンキセキ,牡,,,,,,,,,0
タニノアレグロ,タニノアレグロ,牡,,,,,,,,,0
マイネルマクロス,マイネルマクロス,牡,,,,,,,,,0
キングカメハメハ,キングカメハメハ,牡,,,,,,,,,0
コスモターゲット,コスモターゲット,牡,,,,,,,,,0
ニチリンコトブキ,ニチリンコトブキ,牡,,,,,,,,,0
グランドブルー,グランドブルー,牡,,,,,,,,,0
ビッグクラウン,ビッグクラウン,牡,,,,,,,,,0
マイネルベルーフ,マイネルベルーフ,牡,,,,,,,,,0
テイエムゴーカイ,テイエムゴーカイ,牡,,,,,,,,,0
ルゼル,ルゼル,牡,,,,,,,,,0
フェリシタル,フェリシタル,牡,,,,,,,,,0
スパークホーク,スパークホーク,牡,,,,,,,,,0
イサオヒート,イサオヒート,牡,,,,,,,,,0
ミツアキタービン,ミツアキタービン,牡,,,,,,,,,0
インターレジェンダ,インターレジェンダ,せん,,,,,,,,,0
オースミステイヤー,オースミステイヤー,牡,,,,,,,,,0
トライワンズラック,トライワンズラック,牡,,,,,,,,,0
タイガーロータリー,タイガーロータリー,牡,,,,,,,,,0
ヒシアトラス,ヒシアトラス,牡,,,,,,,,,0
ボトムズアップ,ボトムズアップ,牡,,,,,,,,,0
オーミヤボレロ,オーミヤボレロ,牡,,,,,,,,,0
オーシャンアクロス,オーシャンアクロス,牡,,,,,,,,,0
6,6,6,,,,,,,,,1
7,7,7,,,,,,,,,1
8,8,8,,,,,,,,,1
9,9,9,,,,,,,,,1
0000467314,10,10,,,,,,0.0,0.0,0.0,1
0000467338,11,11,,,,,,0.0,0.0,0.0,1
0000467320,12,12,,,,,,0.0,0.0,0.0,1
0000467329,13,13,,,,,,0.0,0.0,0.0,1
0000467315,14,14,,,,,,0.0,0.0,0.0,1
0000467331,15,15,,,,,,0.0,0.0,0.0,1
アサクササイレン,アサクササイレン,牡,,,,,,,,,0
ビッググラス,ビッググラス,牡,,,,,,,,,0
ブラックコンドル,ブラックコンドル,牡,,,,,,,,,0
エプソムボス,エプソムボス,牡,,,,,,,,,0
レディインブラック,レディインブラック,牝,,,,,,,,,0
フィールドスパート,フィールドスパート,牡,,,,,,,,,0
ミスターユニコン,ミスターユニコン,牡,,,,,,,,,0
ミッキーベル,ミッキーベル,牡,,,,,,,,,0
トウカイトニー,トウカイトニー,せん,,,,,,,,,0
ハーツクライ,ハーツクライ,牡,,,,,,,,,0
ラバグルート,ラバグルート,牡,,,,,,,,,0
ヴンダー,ヴンダー,牡,,,,,,,,,0
カンパニー,カンパニー,牡,,,,,,,,,0
キョウワロアリング,キョウワロアリング,牡,,,,,,,,,0
オレンジワールド,オレンジワールド,牡,,,,,,,,,0
ローレルスパーク,ローレルスパーク,牡,,,,,,,,,0
サワノブレイブ,サワノブレイブ,牡,,,,,,,,,0
ダイワエルシエーロ,ダイワエルシエーロ,牝,,,,,,,,,0
フォトジェニー,フォトジェニー,牝,,,,,,,,,0
ピュアブラウン,ピュアブラウン,牝,,,,,,,,,0
ローリーポーリー,ローリーポーリー,牝,,,,,,,,,0
ホーマンソレイユ,ホーマンソレイユ,牝,,,,,,,,,0
ピサノバーキン,ピサノバーキン,牝,,,,,,,,,0
グリントウィーク,グリントウィーク,牝,,,,,,,,,0
アンナヴァン,アンナヴァン,牝,,,,,,,,,0
ヤマニンパンテール,ヤマニンパンテール,牝,,,,,,,,,0
サクセスアルデンテ,サクセスアルデンテ,牝,,,,,,,,,0
ツィンクルヴェール,ツィンクルヴェール,牝,,,,,,,,,0
スモモ,スモモ,牝,,,,,,,,,0
シーキングザダイヤ,シーキングザダイヤ,牡,,,,,,,,,0
カリプソパンチ,カリプソパンチ,牡,,,,,,,,,0
メイショウサライ,メイショウサライ,牡,,,,,,,,,0
エイユーハーデイ,エイユーハーデイ,牡,,,,,,,,,0
テイエムボッケモン,テイエムボッケモン,牡,,,,,,,,,0
マイネルマルカート,マイネルマルカート,牡,,,,,,,,,0
プリンセスラン,プリンセスラン,牝,,,,,,,,,0
エイシンヒエイザン,エイシンヒエイザン,牡,,,,,,,,,0
ジェイボーイ,ジェイボーイ,牡,,,,,,,,,0
エイシンシャイアン,エイシンシャイアン,牡,,,,,,,,,0
イシノミューズ,イシノミューズ,牝,,,,,,,,,0
ショウナンワンダー,ショウナンワンダー,牡,,,,,,,,,0
メイショウオスカル,メイショウオスカル,牝,,,,,,,,,0
ヴァルパライソ,ヴァルパライソ,牝,,,,,,,,,0
フレンチアイディア,フレンチアイディア,牝,,,,,,,,,0
ペプチドモアー,ペプチドモアー,牝,,,,,,,,,0
ニシノブラッサム,ニシノブラッサム,牝,,,,,,,,,0
パラダイスバード,パラダイスバード,牝,,,,,,,,,0
メイクヒストリー,メイクヒストリー,牝,,,,,,,,,0
ウェルフェア,ウェルフェア,牝,,,,,,,,,0
レモンリーフ,レモンリーフ,牝,,,,,,,,,0
チャイナバロック,チャイナバロック,牝,,,,,,,,,0
サンマルアンサー,サンマルアンサー,牝,,,,,,,,,0
カーディナルローズ,カーディナルローズ,牝,,,,,,,,,0
トゥルーリーズン,トゥルーリーズン,牡,,,,,,,,,0
ダイワデンバー,ダイワデンバー,牡,,,,,,,,,0
マイネルイースター,マイネルイースター,牡,,,,,,,,,0
トーヨーシーザー,トーヨーシーザー,牡,,,,,,,,,0
エアコルサバード,エアコルサバード,せん,,,,,,,,,0
ルドルフロード,ルドルフロード,牡,,,,,,,,,0
タイキバカラ,タイキバカラ,牡,,,,,,,,,0
ケージーアジュデ,ケージーアジュデ,牡,,,,,,,,,0
ハリーズコメット,ハリーズコメット,牡,,,,,,,,,0
ハートランドカフェ,ハートランドカフェ,牡,,,,,,,,,0
ウェディングバレー,ウェディングバレー,牝,,,,,,,,,0
ルタンティール,ルタンティール,牡,,,,,,,,,0
タイセイブレーヴ,タイセイブレーヴ,牡,,,,,,,,,0
ヒョウタンジマ,ヒョウタンジマ,牡,,,,,,,,,0
ムーヴオブサンデー,ムーヴオブサンデー,牝,,,,,,,,,0
グローリーブラッド,グローリーブラッド,牝,,,,,,,,,0
ベルディマンシェ,ベルディマンシェ,牝,,,,,,,,,0
ノーススポット,ノーススポット,牝,,,,,,,,,0
エスワンスペクター,エスワンスペクター,牝,,,,,,,,,0
シゲルイケイケ,シゲルイケイケ,牝,,,,,,,,,0
ビーアヘッド,ビーアヘッド,牝,,,,,,,,,0
ブルーアイ,ブルーアイ,牝,,,,,,,,,0
ダンスインザムード,ダンスインザムード,牝,,,,,,,,,0
ドルチェリモーネ,ドルチェリモーネ,牝,,,,,,,,,0
ヴイプラド,ヴイプラド,牝,,,,,,,,,0
セカンドノホシ,セカンドノホシ,牝,,,,,,,,,0
コパノマリソル,コパノマリソル,牝,,,,,,,,,0
アクイレジア,アクイレジア,牝,,,,,,,,,0
コアレスパティオ,コアレスパティオ,牝,,,,,,,,,0
タイキシフォン,タイキシフォン,牝,,,,,,,,,0
ダイワメジャー,ダイワメジャー,牡,,,,,,,,,0
コンドルクエスト,コンドルクエスト,牡,,,,,,,,,0
ドラゴンキャプテン,ドラゴンキャプテン,牡,,,,,,,,,0
スマートストリーム,スマートストリーム,牡,,,,,,,,,0
オーガストバイオ,オーガストバイオ,牡,,,,,,,,,0
シュウザンコンドル,シュウザンコンドル,牡,,,,,,,,,0
フルオブファイト,フルオブファイト,牡,,,,,,,,,0
ビッグエンデバー,ビッグエンデバー,牡,,,,,,,,,0
ゴールドマジンガー,ゴールドマジンガー,牡,,,,,,,,,0
ヒシブリザード,ヒシブリザード,牡,,,,,,,,,0
ゼンノスウィング,ゼンノスウィング,牡,,,,,,,,,0
ゴールデンメイン,ゴールデンメイン,せん,,,,,,,,,0
トレジャーハンター,トレジャーハンター,牡,,,,,,,,,0
オンユアマーク,オンユアマーク,牡,,,,,,,,,0
シェルゲーム,シェルゲーム,牡,,,,,,,,,0
フィレンツェ,フィレンツェ,牡,,,,,,,,,0
マイティミシエロ,マイティミシエロ,牡,,,,,,,,,0
アサクサユートピア,アサクサユートピア,牡,,,,,,,,,0
アンドゥオール,アンドゥオール,牡,,,,,,,,,0
アグネスアラシ,アグネスアラシ,牡,,,,,,,,,0
クラクエンリーグ,クラクエンリーグ,牡,,,,,,,,,0
ストロングレオン,ストロングレオン,牡,,,,,,,,,0
ネイチャーヒーラー,ネイチャーヒーラー,牡,,,,,,,,,0
メジロダンダーク,メジロダンダーク,牡,,,,,,,,,0
ファイトクラブ,ファイトクラブ,牡,,,,,,,,,0
ナイストップボーイ,ナイストップボーイ,牡,,,,,,,,,0
エイシンマルカム,エイシンマルカム,牡,,,,,,,,,0
フリーダムホーク,フリーダムホーク,牡,,,,,,,,,0
ムーンシャイン,ムーンシャイン,牡,,,,,,,,,0
ヨイチサウス,ヨイチサウス,牡,,,,,,,,,0
サクラエキスプレス,サクラエキスプレス,牡,,,,,,,,,0
インセンティブガイ,インセンティブガイ,牡,,,,,,,,,0
ホリーゴースト,ホリーゴースト,牡,,,,,,,,,0
ゴールドクラウン,ゴールドクラウン,牡,,,,,,,,,0
ギミーシェルター,ギミーシェルター,牝,,,,,,,,,0
ヤマトフォルツァ,ヤマトフォルツァ,牡,,,,,,,,,0
オーウェイ,オーウェイ,せん,,,,,,,,,0
オリヴァーダンス,オリヴァーダンス,せん,,,,,,,,,0
ネリエット,ネリエット,牝,,,,,,,,,0
ミスティーウェザー,ミスティーウェザー,せん,,,,,,,,,0
ニコバリー,ニコバリー,せん,,,,,,,,,0
アルビレオ,アルビレオ,牡,,,,,,,,,0
グローリアスデイズ,グローリアスデイズ,牝,,,,,,,,,0
ムーンフェイズ,ムーンフェイズ,牝,,,,,,,,,0
レイナシンフォニー,レイナシンフォニー,牝,,,,,,,,,0
マルカフローリアン,マルカフローリアン,牝,,,,,,,,,0
アドマイヤダンサー,アドマイヤダンサー,牝,,,,,,,,,0
エプソムデザイアー,エプソムデザイアー,牝,,,,,,,,,0
バトルコロナ,バトルコロナ,牝,,,,,,,,,0
イントゥザグルーヴ,イントゥザグルーヴ,牝,,,,,,,,,0
オードトワレ,オードトワレ,牝,,,,,,,,,0
サイレンスボーイ,サイレンスボーイ,牡,,,,,,,,,0
ブラックファーム,ブラックファーム,牡,,,,,,,,,0
オイワケダイモン,オイワケダイモン,牡,,,,,,,,,0
スナークスズラン,スナークスズラン,牝,,,,,,,,,0
サンレイフレール,サンレイフレール,牝,,,,,,,,,0
ノースシェーバー,ノースシェーバー,牝,,,,,,,,,0
タマノユウユウ,タマノユウユウ,牝,,,,,,,,,0
ホオキパウェーブ,ホオキパウェーブ,牡,,,,,,,,,0
スウィフトカレント,スウィフトカレント,牡,,,,,,,,,0
ダークマター,ダークマター,牡,,,,,,,,,0
カムイヌプリ,カムイヌプリ,牡,,,,,,,,,0
ヒカリフォレスト,ヒカリフォレスト,牡,,,,,,,,,0
デルタブルース,デルタブルース,牡,,,,,,,,,0
モンブランカフェ,モンブランカフェ,牡,,,,,,,,,0
ダイワネバダ,ダイワネバダ,牡,,,,,,,,,0
ゼッツー,ゼッツー,牡,,,,,,,,,0
マイネルマグナート,マイネルマグナート,牡,,,,,,,,,0
シンメイセレリティ,シンメイセレリティ,牡,,,,,,,,,0
ヒシルーシッド,ヒシルーシッド,牡,,,,,,,,,0
ニホンピロキース,ニホンピロキース,牡,,,,,,,,,0
アサクサムスタング,アサクサムスタング,牡,,,,,,,,,0
ローランジェネルー,ローランジェネルー,牡,,,,,,,,,0
ロードインザスカイ,ロードインザスカイ,牡,,,,,,,,,0
トラッドスキーム,トラッドスキーム,牡,,,,,,,,,0
ダイシンチャンス,ダイシンチャンス,牡,,,,,,,,,0
シンメイロッチ,シンメイロッチ,牡,,,,,,,,,0
パレスキング,パレスキング,牡,,,,,,,,,0
ロードプリヴェイル,ロードプリヴェイル,牡,,,,,,,,,0
エアジューク,エアジューク,せん,,,,,,,,,0
オースミツヨシ,オースミツヨシ,牡,,,,,,,,,0
キタサンオウドウ,キタサンオウドウ,牡,,,,,,,,,0
ワイド,ワイド,ワイド,,,,,,,,,0
02-07,02-07,02-07,,,,,,,,,1
02-11,02-11,02-11,,,,,,,,,1
馬単,馬単,馬単,,,,,,,,,0
３連複,３連複,３連複,,,,,,,,,0
マーベラスダンス,マーベラスダンス,牡,,,,,,,,,0
0000701724,アイポッパー,牡,,,,,,0.0,0.0,0.0,1
エアセレソン,エアセレソン,牡,,,,,,,,,0
サクラセンチュリー,サクラセンチュリー,牡,,,,,,,,,0
ラグレスロマニー,ラグレスロマニー,牝,,,,,,,,,0
シルキーフレンド,シルキーフレンド,牝,,,,,,,,,0
ベラージオ,ベラージオ,牡,,,,,,,,,0
ストロングドン,ストロングドン,牡,,,,,,,,,0
ジーナフォンテン,ジーナフォンテン,牝,,,,,,,,,0
ダービーワイルド,ダービーワイルド,牡,,,,,,,,,0
イブキリムジンオー,イブキリムジンオー,牡,,,,,,,,,0
ピサノクウカイ,ピサノクウカイ,牡,,,,,,,,,0
トップオブワールド,トップオブワールド,牡,,,,,,,,,0
パーソナルラッシュ,パーソナルラッシュ,牡,,,,,,,,,0
カフェオリンポス,カフェオリンポス,牡,,,,,,,,,0
トーセンブライト,トーセンブライト,牡,,,,,,,,,0
ベルーガ,ベルーガ,牡,,,,,,,,,0
クリアーザコースト,クリアーザコースト,牡,,,,,,,,,0
オーゴンコウテイ,オーゴンコウテイ,牡,,,,,,,,,0
アントニオマグナム,アントニオマグナム,牡,,,,,,,,,0
スレッジハンマー,スレッジハンマー,牡,,,,,,,,,0
0000722138,アイファーフクオー,牡,,,,,,0.0,0.0,0.0,1
ベルモントサンダー,ベルモントサンダー,牡,,,,,,,,,0
セルフフリット,セルフフリット,せん,,,,,,,,,0
0000852618,アイランドファッション,牝,,,,,,0.0,0.0,0.0,1
チャーミングクリス,チャーミングクリス,牝,,,,,,,,,0
ブライアンズレター,ブライアンズレター,牝,,,,,,,,,0
カレンバレリーナ,カレンバレリーナ,牝,,,,,,,,,0
0000613386,アインクライマー,牝,,,,,,0.0,0.0,0.0,1
ニックルフェザー,ニックルフェザー,牝,,,,,,,,,0
マーベラスロイヤル,マーベラスロイヤル,牡,,,,,,,,,0
ノボアイルランド,ノボアイルランド,牡,,,,,,,,,0
ダンツソールジャー,ダンツソールジャー,牡,,,,,,,,,0
アルハンブラパレス,アルハンブラパレス,牡,,,,,,,,,0
トップコーリング,トップコーリング,牡,,,,,,,,,0
サテライトウィナー,サテライトウィナー,牡,,,,,,,,,0
ニシノカグヤヒメ,ニシノカグヤヒメ,牝,,,,,,,,,0
ハスラー,ハスラー,牡,,,,,,,,,0
キョウワハピネス,キョウワハピネス,牝,,,,,,,,,0
マルカキセキ,マルカキセキ,牡,,,,,,,,,0
ミルフォードスバル,ミルフォードスバル,牝,,,,,,,,,0
フェミニンガール,フェミニンガール,牝,,,,,,,,,0
マヤノチャーナ,マヤノチャーナ,牡,,,,,,,,,0
アマノサクシード,アマノサクシード,牡,,,,,,,,,0
ザッツヒーロー,ザッツヒーロー,牡,,,,,,,,,0
エイシンハンプトン,エイシンハンプトン,牡,,,,,,,,,0
ニューベリー,ニューベリー,牡,,,,,,,,,0
0000316536,アイアンリアリティ,牡,,,,,,0.0,0.0,0.0,1
タケイチショウリ,タケイチショウリ,牡,,,,,,,,,0
マタカッタ,マタカッタ,牡,,,,,,,,,0
ヒカリジルコニア,ヒカリジルコニア,牡,,,,,,,,,0
ケイアイガード,ケイアイガード,牡,,,,,,,,,0
リスティアエーデル,リスティアエーデル,牝,,,,,,,,,0
フウランジョー,フウランジョー,牡,,,,,,,,,0
ナイキアロー,ナイキアロー,牡,,,,,,,,,0
シルクディレクター,シルクディレクター,牡,,,,,,,,,0
ハットトリック,ハットトリック,牡,,,,,,,,,0
フレアリングベスト,フレアリングベスト,牡,,,,,,,,,0
0000730343,アイアイサクラ,牝,,,,,,0.0,0.0,0.0,1
グランドハリケーン,グランドハリケーン,牡,,,,,,,,,0
プライズマネー,プライズマネー,牡,,,,,,,,,0
ネオポリス,ネオポリス,牡,,,,,,,,,0
ドリームカムカム,ドリームカムカム,牝,,,,,,,,,0
メジロマントル,メジロマントル,牡,,,,,,,,,0
オークファイヤー,オークファイヤー,牡,,,,,,,,,0
プラントコンコルド,プラントコンコルド,牝,,,,,,,,,0
メイショウカイドウ,メイショウカイドウ,牡,,,,,,,,,0
ロングクリムゾン,ロングクリムゾン,牝,,,,,,,,,0
メジロブルーム,メジロブルーム,牝,,,,,,,,,0
マーブルオーディン,マーブルオーディン,牡,,,,,,,,,0
ワイルドスナイパー,ワイルドスナイパー,牡,,,,,,,,,0
シャフツベリー,シャフツベリー,牡,,,,,,,,,0
アンブロワーズ,アンブロワーズ,牝,,,,,,,,,0
ディープサマー,ディープサマー,牡,,,,,,,,,0
カシマフラワー,カシマフラワー,牝,,,,,,,,,0
オーヴェール,オーヴェール,牡,,,,,,,,,0
エイシンホリデイ,エイシンホリデイ,牝,,,,,,,,,0
マイネルハーティー,マイネルハーティー,牡,,,,,,,,,0
スキップジャック,スキップジャック,牡,,,,,,,,,0
カズサライン,カズサライン,牡,,,,,,,,,0
グランプリペガサス,グランプリペガサス,牡,,,,,,,,,0
リッカバクシンオ,リッカバクシンオ,牡,,,,,,,,,0
スズカフォイル,スズカフォイル,牝,,,,,,,,,0
コスモスパーブ,コスモスパーブ,牡,,,,,,,,,0
スズカブルーム,スズカブルーム,牝,,,,,,,,,0
エイシンイーデン,エイシンイーデン,牡,,,,,,,,,0
テイエムカミガカリ,テイエムカミガカリ,牡,,,,,,,,,0
セイウンシンジュ,セイウンシンジュ,牝,,,,,,,,,0
グリーンプレジャー,グリーンプレジャー,牡,,,,,,,,,0
ゼンノマングローブ,ゼンノマングローブ,牡,,,,,,,,,0
エルノヴァ,エルノヴァ,牝,,,,,,,,,0
デモリションマン,デモリションマン,せん,,,,,,,,,0
ライトパシフィック,ライトパシフィック,牡,,,,,,,,,0
ドゥーワンズベスト,ドゥーワンズベスト,牡,,,,,,,,,0
テレジェニック,テレジェニック,せん,,,,,,,,,0
オレンジボウル,オレンジボウル,せん,,,,,,,,,0
ホワットアリーズン,ホワットアリーズン,せん,,,,,,,,,0
コスモラブシック,コスモラブシック,牡,,,,,,,,,0
ソルトレイクスター,ソルトレイクスター,牝,,,,,,,,,0
マコトセイウン,マコトセイウン,牡,,,,,,,,,0
ロックスキル,ロックスキル,牡,,,,,,,,,0
ケイアイランボー,ケイアイランボー,牡,,,,,,,,,0
モノポール,モノポール,牡,,,,,,,,,0
ウインクロワール,ウインクロワール,せん,,,,,,,,,0
ニシノセレッソ,ニシノセレッソ,牡,,,,,,,,,0
サクラデインヒル,サクラデインヒル,せん,,,,,,,,,0
カイトヒルウインド,カイトヒルウインド,牡,,,,,,,,,0
ブラックパワー,ブラックパワー,牡,,,,,,,,,0
ビックネイチャー,ビックネイチャー,牡,,,,,,,,,0
マイネルレコルト,マイネルレコルト,牡,,,,,,,,,0
ショウナンパントル,ショウナンパントル,牝,,,,,,,,,0
スムースバリトン,スムースバリトン,牡,,,,,,,,,0
フェリシア,フェリシア,牝,,,,,,,,,0
0000742986,アイルラヴァゲイン,牡,,,,,,0.0,0.0,0.0,1
インティライミ,インティライミ,牡,,,,,,,,,0
ケージーカチドキ,ケージーカチドキ,牝,,,,,,,,,0
エイシンハッピー,エイシンハッピー,牝,,,,,,,,,0
タマヒカル,タマヒカル,牝,,,,,,,,,0
オリオンザラングン,オリオンザラングン,牡,,,,,,,,,0
ヤマカツカスケード,ヤマカツカスケード,牡,,,,,,,,,0
ワイルドリバー,ワイルドリバー,牡,,,,,,,,,0
コスモヴァレンチ,コスモヴァレンチ,牝,,,,,,,,,0
ケイアイフウジン,ケイアイフウジン,牡,,,,,,,,,0
コスモフォーチュン,コスモフォーチュン,牝,,,,,,,,,0
エイシンヴァイデン,エイシンヴァイデン,牡,,,,,,,,,0
ニホンピロザプラウ,ニホンピロザプラウ,牡,,,,,,,,,0
ツルマルオトメ,ツルマルオトメ,牝,,,,,,,,,0
フラワリングバンク,フラワリングバンク,牡,,,,,,,,,0
コスモプロムナード,コスモプロムナード,牝,,,,,,,,,0
マヤノレハーナ,マヤノレハーナ,牝,,,,,,,,,0
エーティーホーオー,エーティーホーオー,牡,,,,,,,,,0
マルカフレンチ,マルカフレンチ,牡,,,,,,,,,0
ヤマカツブルックス,ヤマカツブルックス,牡,,,,,,,,,0
パリスセイリュウ,パリスセイリュウ,牝,,,,,,,,,0
オペラシチー,オペラシチー,牡,,,,,,,,,0
フォルクローレ,フォルクローレ,牝,,,,,,,,,0
チリエージェ,チリエージェ,牝,,,,,,,,,0
スウィートエルフ,スウィートエルフ,牝,,,,,,,,,0
マイネルジャパン,マイネルジャパン,牡,,,,,,,,,0
モエレエルコンドル,モエレエルコンドル,牡,,,,,,,,,0
エスユーグランド,エスユーグランド,牡,,,,,,,,,0
エアシェイディ,エアシェイディ,牡,,,,,,,,,0
コスモミッドウェイ,コスモミッドウェイ,牡,,,,,,,,,0
ポップロック,ポップロック,牡,,,,,,,,,0
メジロニコラス,メジロニコラス,牡,,,,,,,,,0
コスモスパングル,コスモスパングル,牡,,,,,,,,,0
サンデーストリーム,サンデーストリーム,牡,,,,,,,,,0
レクレドール,レクレドール,牝,,,,,,,,,0
ヒカルドウキセイ,ヒカルドウキセイ,牝,,,,,,,,,0
ミスパスカリ,ミスパスカリ,牝,,,,,,,,,0
フミノバラード,フミノバラード,牝,,,,,,,,,0
セクシーココナッツ,セクシーココナッツ,牝,,,,,,,,,0
マダムチェロキー,マダムチェロキー,牝,,,,,,,,,0
ローレルロイス,ローレルロイス,牡,,,,,,,,,0
ターゲットゾーン,ターゲットゾーン,牡,,,,,,,,,0
エプソムフォース,エプソムフォース,牡,,,,,,,,,0
シーアンバー,シーアンバー,牝,,,,,,,,,0
アップポイント,アップポイント,牝,,,,,,,,,0
メイショウハヤボシ,メイショウハヤボシ,牡,,,,,,,,,0
ストーミーカフェ,ストーミーカフェ,牡,,,,,,,,,0
ダンツキッチョウ,ダンツキッチョウ,牡,,,,,,,,,0
セイウンビバーチェ,セイウンビバーチェ,牡,,,,,,,,,0
ジェダイト,ジェダイト,牝,,,,,,,,,0
オーギュスト,オーギュスト,牡,,,,,,,,,0
セイウンニムカウ,セイウンニムカウ,牡,,,,,,,,,0
コマノハイ,コマノハイ,牡,,,,,,,,,0
マイネルアドホック,マイネルアドホック,牡,,,,,,,,,0
モエレフェニックス,モエレフェニックス,牡,,,,,,,,,0
ケイアイヘネシー,ケイアイヘネシー,牡,,,,,,,,,0
オーソレミオ,オーソレミオ,牡,,,,,,,,,0
ヒードザコール,ヒードザコール,牝,,,,,,,,,0
ケープオブグッドホープ,ケープオブグッドホープ,せん,,,,,,,,,0
ワンダーシアトル,ワンダーシアトル,牡,,,,,,,,,0
アシュダウンエクスプレス,アシュダウンエクスプレス,せん,,,,,,,,,0
フェアジャグ,フェアジャグ,せん,,,,,,,,,0
アグネスウイング,アグネスウイング,牡,,,,,,,,,0
アドマイヤホープ,アドマイヤホープ,牡,,,,,,,,,0
セトノシェーバー,セトノシェーバー,牡,,,,,,,,,0
ミヤビリージェント,ミヤビリージェント,牡,,,,,,,,,0
サイレントグリーン,サイレントグリーン,牡,,,,,,,,,0
ミヤビグレート,ミヤビグレート,牡,,,,,,,,,0
イサミゴマ,イサミゴマ,牡,,,,,,,,,0
ハコダテサンサン,ハコダテサンサン,牡,,,,,,,,,0
ペールギュント,ペールギュント,牡,,,,,,,,,0
ライラプス,ライラプス,牝,,,,,,,,,0
シルクタイガー,シルクタイガー,牡,,,,,,,,,0
アドマイヤムサシ,アドマイヤムサシ,牡,,,,,,,,,0
シックスセンス,シックスセンス,牡,,,,,,,,,0
ハギノグラッド,ハギノグラッド,牡,,,,,,,,,0
ピサノランゲ,ピサノランゲ,牡,,,,,,,,,0
エムティーエアー,エムティーエアー,牡,,,,,,,,,0
ニホンピロブレイブ,ニホンピロブレイブ,牡,,,,,,,,,0
プライドキム,プライドキム,牡,,,,,,,,,0
ビッグサウンド,ビッグサウンド,牡,,,,,,,,,0
アルカネット,アルカネット,牝,,,,,,,,,0
サイレントアスク,サイレントアスク,牝,,,,,,,,,0
インゴット,インゴット,牝,,,,,,,,,0
バレエブラン,バレエブラン,牝,,,,,,,,,0
ナイトフライヤー,ナイトフライヤー,牡,,,,,,,,,0
ストラタジェム,ストラタジェム,牡,,,,,,,,,0
ブルートルネード,ブルートルネード,牡,,,,,,,,,0
エーピースピリット,エーピースピリット,牡,,,,,,,,,0
ピットファイター,ピットファイター,牡,,,,,,,,,0
トミケンマイルズ,トミケンマイルズ,牡,,,,,,,,,0
シルクキャプテン,シルクキャプテン,牡,,,,,,,,,0
テンジンムサシ,テンジンムサシ,牡,,,,,,,,,0
グラスポジション,グラスポジション,牡,,,,,,,,,0
シャーディーナイス,シャーディーナイス,牡,,,,,,,,,0
ラインクラフト,ラインクラフト,牝,,,,,,,,,0
モンローブロンド,モンローブロンド,牝,,,,,,,,,0
リヴァプール,リヴァプール,牝,,,,,,,,,0
ケイアイブーケ,ケイアイブーケ,牝,,,,,,,,,0
マイネマリスタ,マイネマリスタ,牝,,,,,,,,,0
クロユリジョウ,クロユリジョウ,牝,,,,,,,,,0
コスモキララ,コスモキララ,牝,,,,,,,,,0
マルシゲシーキング,マルシゲシーキング,牝,,,,,,,,,0
ダンシングハート,ダンシングハート,牝,,,,,,,,,0
キングストレイル,キングストレイル,牡,,,,,,,,,0
ダイワアプセット,ダイワアプセット,牡,,,,,,,,,0
コスモラヴアゲイン,コスモラヴアゲイン,牡,,,,,,,,,0
エイシンサリヴァン,エイシンサリヴァン,牡,,,,,,,,,0
ワイルドソニック,ワイルドソニック,牡,,,,,,,,,0
ホーマンテキーラ,ホーマンテキーラ,牡,,,,,,,,,0
デザートモーニング,デザートモーニング,牡,,,,,,,,,0
レキシントンブルー,レキシントンブルー,牡,,,,,,,,,0
トーセンエンパイア,トーセンエンパイア,牡,,,,,,,,,0
ナムラリュージュ,ナムラリュージュ,牡,,,,,,,,,0
サンライズブルー,サンライズブルー,牡,,,,,,,,,0
フクノアラシ,フクノアラシ,牡,,,,,,,,,0
ウォートルベリー,ウォートルベリー,牝,,,,,,,,,0
セフティーエンペラ,セフティーエンペラ,せん,,,,,,,,,0
エリモハリアー,エリモハリアー,せん,,,,,,,,,0
トキノコジロー,トキノコジロー,牡,,,,,,,,,0
ニシノドコマデモ,ニシノドコマデモ,牡,,,,,,,,,0
エアサバス,エアサバス,牡,,,,,,,,,0
コスモオースティン,コスモオースティン,牡,,,,,,,,,0
メガトンカフェ,メガトンカフェ,牡,,,,,,,,,0
コパノスイジン,コパノスイジン,牡,,,,,,,,,0
ストラスアイラ,ストラスアイラ,牡,,,,,,,,,0
カネサマンゲツ,カネサマンゲツ,牡,,,,,,,,,0
ブライティアベスト,ブライティアベスト,牝,,,,,,,,,0
サイボーグ,サイボーグ,牡,,,,,,,,,0
ラクティ,ラクティ,牡,,,,,,,,,0
ジンクライシス,ジンクライシス,牡,,,,,,,,,0
トータルインパクト,トータルインパクト,牡,,,,,,,,,0
ホーマンベルウィン,ホーマンベルウィン,牡,,,,,,,,,0
ナイキアディライト,ナイキアディライト,牡,,,,,,,,,0
オミクロン,オミクロン,牡,,,,,,,,,0
ヴォルテクス,ヴォルテクス,せん,,,,,,,,,0
ポリシーメイカー,ポリシーメイカー,牡,,,,,,,,,0
フェニックスリーチ,フェニックスリーチ,牡,,,,,,,,,0
リュヌドール,リュヌドール,牝,,,,,,,,,0
パワーズコート,パワーズコート,牡,,,,,,,,,0
ウォーサン,ウォーサン,牡,,,,,,,,,0
ワンダードリーム,ワンダードリーム,せん,,,,,,,,,0
ハイフレンドトライ,ハイフレンドトライ,牡,,,,,,,,,0
ゴーウィズウィンド,ゴーウィズウィンド,牡,,,,,,,,,0
メイショウカチドキ,メイショウカチドキ,牡,,,,,,,,,0
ハギノコマチ,ハギノコマチ,牝,,,,,,,,,0
デアリングハート,デアリングハート,牝,,,,,,,,,0
エリモファイナル,エリモファイナル,牝,,,,,,,,,0
コスモマーベラス,コスモマーベラス,牝,,,,,,,,,0
テイエムチュラサン,テイエムチュラサン,牝,,,,,,,,,0
キャントンガール,キャントンガール,牝,,,,,,,,,0
マイネデセール,マイネデセール,牝,,,,,,,,,0
ミラクルコンサート,ミラクルコンサート,牝,,,,,,,,,0
カフェブリストル,カフェブリストル,牡,,,,,,,,,0
ローランコングレ,ローランコングレ,牡,,,,,,,,,0
マルカジーク,マルカジーク,牡,,,,,,,,,0
メジロスパイダー,メジロスパイダー,牡,,,,,,,,,0
コパノフウジン,コパノフウジン,牡,,,,,,,,,0
サクセスドマーニ,サクセスドマーニ,牡,,,,,,,,,0
テイエムヒットベ,テイエムヒットベ,牡,,,,,,,,,0
シルクネクサス,シルクネクサス,牡,,,,,,,,,0
ペニーホイッスル,ペニーホイッスル,牝,,,,,,,,,0
グランドエナジー,グランドエナジー,牝,,,,,,,,,0
リメンバードリーム,リメンバードリーム,牝,,,,,,,,,0
タイニーウイナー,タイニーウイナー,牝,,,,,,,,,0
ビコーグレイス,ビコーグレイス,牝,,,,,,,,,0
マイネコンテッサ,マイネコンテッサ,牝,,,,,,,,,0
アミリス,アミリス,牝,,,,,,,,,0
ライム,ライム,牝,,,,,,,,,0
エアラニア,エアラニア,牝,,,,,,,,,0
オリオンザヴィアン,オリオンザヴィアン,牝,,,,,,,,,0
プレシャスカフェ,プレシャスカフェ,牡,,,,,,,,,0
リミットレスビッド,リミットレスビッド,牡,,,,,,,,,0
ヴァーミリアン,ヴァーミリアン,牡,,,,,,,,,0
ローゼンクロイツ,ローゼンクロイツ,牡,,,,,,,,,0
アドマイヤジャパン,アドマイヤジャパン,牡,,,,,,,,,0
グランロワイヤル,グランロワイヤル,牡,,,,,,,,,0
マイネルシルバート,マイネルシルバート,牡,,,,,,,,,0
トーセンマエストロ,トーセンマエストロ,牡,,,,,,,,,0
ナムラスピリット,ナムラスピリット,牡,,,,,,,,,0
サミーミラクル,サミーミラクル,牡,,,,,,,,,0
プリンセスアスカ,プリンセスアスカ,牝,,,,,,,,,0
サイモンセッズ,サイモンセッズ,牡,,,,,,,,,0
ファントムマスク,ファントムマスク,牡,,,,,,,,,0
ブイヤマト,ブイヤマト,牡,,,,,,,,,0
タガノデンジャラス,タガノデンジャラス,牡,,,,,,,,,0
イヤダイヤダ,イヤダイヤダ,牡,,,,,,,,,0
ヒカルバローロ,ヒカルバローロ,牡,,,,,,,,,0
ビッグタイガー,ビッグタイガー,牡,,,,,,,,,0
エレスサール,エレスサール,牡,,,,,,,,,0
ドリームゲッター,ドリームゲッター,牡,,,,,,,,,0
デポジットブック,デポジットブック,牡,,,,,,,,,0
イブキレボルシオン,イブキレボルシオン,牡,,,,,,,,,0
ジョウノビクトリア,ジョウノビクトリア,牝,,,,,,,,,0
モエレアドミラル,モエレアドミラル,牡,,,,,,,,,0
ウインクルセイド,ウインクルセイド,牡,,,,,,,,,0
ウォーターダッシュ,ウォーターダッシュ,牡,,,,,,,,,0
ニシノアレックス,ニシノアレックス,牡,,,,,,,,,0
ニューヨークカフェ,ニューヨークカフェ,牡,,,,,,,,,0
ヒシマジェスティ,ヒシマジェスティ,牡,,,,,,,,,0
クーカイ,クーカイ,牡,,,,,,,,,0
トーセンジョウオー,トーセンジョウオー,牝,,,,,,,,,0
ワイルドソルジャー,ワイルドソルジャー,牡,,,,,,,,,0
サンエムキング,サンエムキング,牡,,,,,,,,,0
ラバンディエーラ,ラバンディエーラ,牝,,,,,,,,,0
アドマイヤリッチ,アドマイヤリッチ,牝,,,,,,,,,0
ロードマジェスティ,ロードマジェスティ,牡,,,,,,,,,0
シャコーサクセス,シャコーサクセス,牡,,,,,,,,,0
レーザーズエッジ,レーザーズエッジ,牡,,,,,,,,,0
ナイキアヘッド,ナイキアヘッド,牡,,,,,,,,,0
マヤノシャドー,マヤノシャドー,牡,,,,,,,,,0
ウイングランツ,ウイングランツ,牡,,,,,,,,,0
アドマイヤモナーク,アドマイヤモナーク,牡,,,,,,,,,0
コンゴウリキシオー,コンゴウリキシオー,牡,,,,,,,,,0
マキハタサーメット,マキハタサーメット,牡,,,,,,,,,0
アドマイヤフジ,アドマイヤフジ,牡,,,,,,,,,0
スイートアリッサム,スイートアリッサム,牡,,,,,,,,,0
レジェンダロッサ,レジェンダロッサ,牡,,,,,,,,,0
シンメイレグルス,シンメイレグルス,牡,,,,,,,,,0
ラドランファーマ,ラドランファーマ,牝,,,,,,,,,0
パーフェクトマッチ,パーフェクトマッチ,牝,,,,,,,,,0
プリンセスイブ,プリンセスイブ,牝,,,,,,,,,0
ネヴァーピリオド,ネヴァーピリオド,牝,,,,,,,,,0
シャドウムーン,シャドウムーン,牝,,,,,,,,,0
スズカパサー,スズカパサー,牝,,,,,,,,,0
ピースオブラヴ,ピースオブラヴ,牝,,,,,,,,,0
コスモキャンディス,コスモキャンディス,牝,,,,,,,,,0
アドマイヤヒラリー,アドマイヤヒラリー,牝,,,,,,,,,0
スズカグレイス,スズカグレイス,牝,,,,,,,,,0
ビッグプラネット,ビッグプラネット,牡,,,,,,,,,0
インプレッション,インプレッション,牡,,,,,,,,,0
リードオフマン,リードオフマン,牡,,,,,,,,,0
マイネルアルビオン,マイネルアルビオン,牡,,,,,,,,,0
ベストマインド,ベストマインド,牡,,,,,,,,,0
ライトニングボール,ライトニングボール,牡,,,,,,,,,0
ゴールドサンセット,ゴールドサンセット,牡,,,,,,,,,0
エイシンテンダー,エイシンテンダー,牝,,,,,,,,,0
アドマイヤメガミ,アドマイヤメガミ,牝,,,,,,,,,0
ダンツクインビー,ダンツクインビー,牝,,,,,,,,,0
オリエントチャーム,オリエントチャーム,牝,,,,,,,,,0
ディアデラノビア,ディアデラノビア,牝,,,,,,,,,0
ケイアイメルヘン,ケイアイメルヘン,牝,,,,,,,,,0
ナリタシークレット,ナリタシークレット,牝,,,,,,,,,0
アスピリンスノー,アスピリンスノー,牝,,,,,,,,,0
ガラディナー,ガラディナー,牝,,,,,,,,,0
シゲルコレデモカ,シゲルコレデモカ,牝,,,,,,,,,0
コリンナ,コリンナ,牝,,,,,,,,,0
ディープインパクト,ディープインパクト,牡,,,,,,,,,0
ダイワキングコン,ダイワキングコン,牡,,,,,,,,,0
ブレーヴハート,ブレーヴハート,牡,,,,,,,,,0
レットバトラー,レットバトラー,牡,,,,,,,,,0
マチカネオーラ,マチカネオーラ,牡,,,,,,,,,0
オトコノユウジョウ,オトコノユウジョウ,牡,,,,,,,,,0
チアフルスマイル,チアフルスマイル,牝,,,,,,,,,0
オルレアン,オルレアン,牝,,,,,,,,,0
ジョリーダンス,ジョリーダンス,牝,,,,,,,,,0
ラージヒルジャンプ,ラージヒルジャンプ,せん,,,,,,,,,0
アズマビヨンド,アズマビヨンド,牡,,,,,,,,,0
アルファダンジグ,アルファダンジグ,牡,,,,,,,,,0
ファンドリゴールド,ファンドリゴールド,牡,,,,,,,,,0
コアレスプレジャー,コアレスプレジャー,牡,,,,,,,,,0
チアフルワールド,チアフルワールド,牡,,,,,,,,,0
フサイチアンテウス,フサイチアンテウス,牡,,,,,,,,,0
エイシンニュートン,エイシンニュートン,牡,,,,,,,,,0
メジロハンター,メジロハンター,牡,,,,,,,,,0
エネルマオー,エネルマオー,牡,,,,,,,,,0
ソリッドラヴ,ソリッドラヴ,牡,,,,,,,,,0
セレスエンブレム,セレスエンブレム,牡,,,,,,,,,0
ゼンノエキスプレス,ゼンノエキスプレス,牡,,,,,,,,,0
エアメサイア,エアメサイア,牝,,,,,,,,,0
ブリトン,ブリトン,牝,,,,,,,,,0
フローラルパレス,フローラルパレス,牝,,,,,,,,,0
0000240854,アイノグレース,牝,,,,,,0.0,0.0,0.0,1
フジノハゴロモ,フジノハゴロモ,牝,,,,,,,,,0
シーザリオ,シーザリオ,牝,,,,,,,,,0
スルーレート,スルーレート,牝,,,,,,,,,0
アルフォンシーヌ,アルフォンシーヌ,牝,,,,,,,,,0
フレンドリーステラ,フレンドリーステラ,牝,,,,,,,,,0
サオヒメ,サオヒメ,牝,,,,,,,,,0
オンワードスワン,オンワードスワン,牝,,,,,,,,,0
ウェディングヒミコ,ウェディングヒミコ,牝,,,,,,,,,0
ランタナ,ランタナ,牝,,,,,,,,,0
シャルムーズ,シャルムーズ,牝,,,,,,,,,0
プロージット,プロージット,牝,,,,,,,,,0
ダンスインザモア,ダンスインザモア,牡,,,,,,,,,0
トップガンジョー,トップガンジョー,牡,,,,,,,,,0
ディーエスハリアー,ディーエスハリアー,牡,,,,,,,,,0
アグネスジェダイ,アグネスジェダイ,牡,,,,,,,,,0
カンペキ,カンペキ,牡,,,,,,,,,0
コクサイトップラヴ,コクサイトップラヴ,牡,,,,,,,,,0
パリブレスト,パリブレスト,牡,,,,,,,,,0
ワールドアベニュー,ワールドアベニュー,牡,,,,,,,,,0
テイエムイットー,テイエムイットー,牡,,,,,,,,,0
ウエノマルクン,ウエノマルクン,牡,,,,,,,,,0
プラズマ,プラズマ,牡,,,,,,,,,0
グラスボランチ,グラスボランチ,牡,,,,,,,,,0
コメディアデラルテ,コメディアデラルテ,牡,,,,,,,,,0
カネヒキリ,カネヒキリ,牡,,,,,,,,,0
エプソムドン,エプソムドン,牡,,,,,,,,,0
ケージーツヨシ,ケージーツヨシ,牡,,,,,,,,,0
テイエムメガスター,テイエムメガスター,牡,,,,,,,,,0
シルクトゥルーパー,シルクトゥルーパー,牡,,,,,,,,,0
マルイチクエスト,マルイチクエスト,牡,,,,,,,,,0
タイキエニグマ,タイキエニグマ,牡,,,,,,,,,0
ホウザングラマー,ホウザングラマー,牝,,,,,,,,,0
タカラアジュディ,タカラアジュディ,牡,,,,,,,,,0
クリノワールド,クリノワールド,牡,,,,,,,,,0
スリージェム,スリージェム,牡,,,,,,,,,0
ピカレスクコート,ピカレスクコート,牡,,,,,,,,,0
マルターズビクター,マルターズビクター,牡,,,,,,,,,0
セイウンプレジャー,セイウンプレジャー,牡,,,,,,,,,0
スプリットメイド,スプリットメイド,牝,,,,,,,,,0
ミスターケビン,ミスターケビン,牡,,,,,,,,,0
ゴールドメーカー,ゴールドメーカー,牡,,,,,,,,,0
レースパイロット,レースパイロット,牝,,,,,,,,,0
ピサノグラフ,ピサノグラフ,牝,,,,,,,,,0
メジロトンキニーズ,メジロトンキニーズ,牝,,,,,,,,,0
ヤマニンアリエル,ヤマニンアリエル,牝,,,,,,,,,0
スズカローラン,スズカローラン,牝,,,,,,,,,0
シールビーバック,シールビーバック,牝,,,,,,,,,0
イエローパピヨン,イエローパピヨン,牝,,,,,,,,,0
セリーナトロフィー,セリーナトロフィー,牝,,,,,,,,,0
クインオブクイン,クインオブクイン,牝,,,,,,,,,0
エンシェントヒル,エンシェントヒル,牝,,,,,,,,,0
キタサンラブソング,キタサンラブソング,牝,,,,,,,,,0
チョウサン,チョウサン,牡,,,,,,,,,0
アフリカンビート,アフリカンビート,牡,,,,,,,,,0
リアルコンコルド,リアルコンコルド,牡,,,,,,,,,0
マイネルアルクス,マイネルアルクス,牡,,,,,,,,,0
サトノケンシロウ,サトノケンシロウ,牡,,,,,,,,,0
0000736868,アウトオブサイト,牡,,,,,,0.0,0.0,0.0,1
ウインストライダー,ウインストライダー,牡,,,,,,,,,0
マカイビーディーヴァ,マカイビーディーヴァ,牝,,,,,,,,,0
トーセンディライト,トーセンディライト,牡,,,,,,,,,0
コウエイマーブル,コウエイマーブル,牡,,,,,,,,,0
コスモアブソルート,コスモアブソルート,牡,,,,,,,,,0
シルクトラベラー,シルクトラベラー,牡,,,,,,,,,0
タマモコンチェルト,タマモコンチェルト,牡,,,,,,,,,0
バブルエスティーム,バブルエスティーム,牡,,,,,,,,,0
エリモカントリー,エリモカントリー,牡,,,,,,,,,0
ルールレッドスター,ルールレッドスター,牡,,,,,,,,,0
ラストコンテスト,ラストコンテスト,牡,,,,,,,,,0
スリーカルチャー,スリーカルチャー,せん,,,,,,,,,0
カナエカイウン,カナエカイウン,せん,,,,,,,,,0
テイエムコンバット,テイエムコンバット,牡,,,,,,,,,0
オレハマッテルゼ,オレハマッテルゼ,牡,,,,,,,,,0
プライマリーケア,プライマリーケア,牡,,,,,,,,,0
ツルマルヨカニセ,ツルマルヨカニセ,牡,,,,,,,,,0
エローグ,エローグ,せん,,,,,,,,,0
アサクサキニナル,アサクサキニナル,牡,,,,,,,,,0
ビッグフラワー,ビッグフラワー,牝,,,,,,,,,0
ピューマカフェ,ピューマカフェ,牝,,,,,,,,,0
アルファフォーレス,アルファフォーレス,牡,,,,,,,,,0
トーコーカント,トーコーカント,牡,,,,,,,,,0
エイシンニーザン,エイシンニーザン,牡,,,,,,,,,0
シャドウゲイト,シャドウゲイト,牡,,,,,,,,,0
ドンクール,ドンクール,牡,,,,,,,,,0
デイフラッシュ,デイフラッシュ,牡,,,,,,,,,0
マルカラスカル,マルカラスカル,牡,,,,,,,,,0
サンワードラン,サンワードラン,牡,,,,,,,,,0
ポライトストーン,ポライトストーン,牝,,,,,,,,,0
ウエスタンリジ,ウエスタンリジ,牡,,,,,,,,,0
シベリアンライオン,シベリアンライオン,牡,,,,,,,,,0
コウジンアルス,コウジンアルス,牡,,,,,,,,,0
サイレントウィットネス,サイレントウィットネス,せん,,,,,,,,,0
ブリッシュラック,ブリッシュラック,せん,,,,,,,,,0
ボウマンズクロッシング,ボウマンズクロッシング,せん,,,,,,,,,0
マイネソーサリス,マイネソーサリス,牝,,,,,,,,,0
フィヨルドクルーズ,フィヨルドクルーズ,牝,,,,,,,,,0
ワディラム,ワディラム,牝,,,,,,,,,0
バローネフォンテン,バローネフォンテン,牡,,,,,,,,,0
メジロシュナイダー,メジロシュナイダー,牝,,,,,,,,,0
ケイアイフレンチ,ケイアイフレンチ,牡,,,,,,,,,0
テイエムアラムシャ,テイエムアラムシャ,牡,,,,,,,,,0
マチカネメニモミヨ,マチカネメニモミヨ,牡,,,,,,,,,0
シンボリグラン,シンボリグラン,牡,,,,,,,,,0
ロードウィズダム,ロードウィズダム,牡,,,,,,,,,0
マッハジュウクン,マッハジュウクン,牡,,,,,,,,,0
トーホウレビン,トーホウレビン,牝,,,,,,,,,0
ジャズファンク,ジャズファンク,牝,,,,,,,,,0
マルブツブリザード,マルブツブリザード,牡,,,,,,,,,0
スナークファルコン,スナークファルコン,牡,,,,,,,,,0
ウインサウザー,ウインサウザー,牡,,,,,,,,,0
スパイン,スパイン,牡,,,,,,,,,0
テイエムアクション,テイエムアクション,牡,,,,,,,,,0
ステンカラージン,ステンカラージン,牡,,,,,,,,,0
スターペスシンタ,スターペスシンタ,牡,,,,,,,,,0
ナニワビクトリー,ナニワビクトリー,牡,,,,,,,,,0
コンラッド,コンラッド,牡,,,,,,,,,0
トーセンロッキー,トーセンロッキー,牡,,,,,,,,,0
ダブルティンパニー,ダブルティンパニー,牡,,,,,,,,,0
ワンダーマッハー,ワンダーマッハー,牡,,,,,,,,,0
プリュネル,プリュネル,牝,,,,,,,,,0
エアアドニス,エアアドニス,牡,,,,,,,,,0
シルクレンジャー,シルクレンジャー,牡,,,,,,,,,0
トールハンマー,トールハンマー,牡,,,,,,,,,0
ロードダルメシアン,ロードダルメシアン,牡,,,,,,,,,0
グラスボンバー,グラスボンバー,牡,,,,,,,,,0
グランプリゴールド,グランプリゴールド,牡,,,,,,,,,0
マイネルホライズン,マイネルホライズン,牡,,,,,,,,,0
マルタカキラリー,マルタカキラリー,牡,,,,,,,,,0
マイティーカラー,マイティーカラー,牝,,,,,,,,,0
ウシュアイア,ウシュアイア,牝,,,,,,,,,0
スパルタクス,スパルタクス,牡,,,,,,,,,0
サンライズテースト,サンライズテースト,牡,,,,,,,,,0
フミノトキメキ,フミノトキメキ,牡,,,,,,,,,0
テイエムキャット,テイエムキャット,牡,,,,,,,,,0
エイシンペキン,エイシンペキン,牡,,,,,,,,,0
マイビッグドリーム,マイビッグドリーム,牡,,,,,,,,,0
ライジングフェイス,ライジングフェイス,牡,,,,,,,,,0
キクノプロスパ,キクノプロスパ,牡,,,,,,,,,0
キャピタルゲイン,キャピタルゲイン,牝,,,,,,,,,0
トウショウジェイル,トウショウジェイル,牡,,,,,,,,,0
ナスノストローク,ナスノストローク,牡,,,,,,,,,0
モエレジーニアス,モエレジーニアス,牡,,,,,,,,,0
ラッシュライフ,ラッシュライフ,牝,,,,,,,,,0
アドマイヤカリブ,アドマイヤカリブ,牡,,,,,,,,,0
0000756890,アイアムエンジェル,牝,,,,,,0.0,0.0,0.0,1
アリババシチー,アリババシチー,牡,,,,,,,,,0
ラララウィンパル,ラララウィンパル,牝,,,,,,,,,0
ディープアイ,ディープアイ,牝,,,,,,,,,0
グレートキャンドル,グレートキャンドル,牝,,,,,,,,,0
リザーブカード,リザーブカード,牡,,,,,,,,,0
シルクドラグーン,シルクドラグーン,牡,,,,,,,,,0
チアズガディス,チアズガディス,牝,,,,,,,,,0
アグネスシラヌイ,アグネスシラヌイ,牡,,,,,,,,,0
メジロベイシンガー,メジロベイシンガー,牝,,,,,,,,,0
コアレスクレバー,コアレスクレバー,牡,,,,,,,,,0
ケイアイハイランド,ケイアイハイランド,牡,,,,,,,,,0
ローレルデフィー,ローレルデフィー,牝,,,,,,,,,0
タマモディスタイム,タマモディスタイム,牡,,,,,,,,,0
シルクリスペクト,シルクリスペクト,牡,,,,,,,,,0
メイショウタロー,メイショウタロー,せん,,,,,,,,,0
ホリディオンワード,ホリディオンワード,牝,,,,,,,,,0
スピニングノアール,スピニングノアール,牡,,,,,,,,,0
スプリングクレタ,スプリングクレタ,牡,,,,,,,,,0
サクラプログレス,サクラプログレス,牡,,,,,,,,,0
エドモンダンテス,エドモンダンテス,牡,,,,,,,,,0
ワンダーハヤブサ,ワンダーハヤブサ,牡,,,,,,,,,0
ショウナンタキオン,ショウナンタキオン,牡,,,,,,,,,0
ニシノフジムスメ,ニシノフジムスメ,牝,,,,,,,,,0
コスモミール,コスモミール,牝,,,,,,,,,0
グレイスティアラ,グレイスティアラ,牝,,,,,,,,,0
ケイコアデージョ,ケイコアデージョ,牝,,,,,,,,,0
マイネサンサン,マイネサンサン,牝,,,,,,,,,0
メジロモデラート,メジロモデラート,牝,,,,,,,,,0
タイセイハニー,タイセイハニー,牝,,,,,,,,,0
エイシンチャンドラ,エイシンチャンドラ,牡,,,,,,,,,0
マイネルグリッツァ,マイネルグリッツァ,牡,,,,,,,,,0
リファインドボディ,リファインドボディ,牡,,,,,,,,,0
ナイスヴァレー,ナイスヴァレー,牝,,,,,,,,,0
アンバージャック,アンバージャック,牡,,,,,,,,,0
スターライトルビー,スターライトルビー,牝,,,,,,,,,0
ニシノウェーブ,ニシノウェーブ,牡,,,,,,,,,0
ヤマタケゴールデン,ヤマタケゴールデン,牡,,,,,,,,,0
マイネルパイレット,マイネルパイレット,牡,,,,,,,,,0
ケイアイフォーユー,ケイアイフォーユー,牝,,,,,,,,,0
アルーリングボイス,アルーリングボイス,牝,,,,,,,,,0
セントルイスガール,セントルイスガール,牝,,,,,,,,,0
トーホウアモーレ,トーホウアモーレ,牝,,,,,,,,,0
ゴウゴウキリシマ,ゴウゴウキリシマ,牡,,,,,,,,,0
エイシンアモーレ,エイシンアモーレ,牝,,,,,,,,,0
ショウナンサリーレ,ショウナンサリーレ,牝,,,,,,,,,0
ツアーデフォース,ツアーデフォース,牡,,,,,,,,,0
エムエスワールド,エムエスワールド,牡,,,,,,,,,0
シアトルバローズ,シアトルバローズ,牡,,,,,,,,,0
エイシンチャーム,エイシンチャーム,牝,,,,,,,,,0
サンアントニオ,サンアントニオ,牡,,,,,,,,,0
タムロスターディ,タムロスターディ,牡,,,,,,,,,0
グランプリシリウス,グランプリシリウス,牝,,,,,,,,,0
スプレッドアゲン,スプレッドアゲン,牝,,,,,,,,,0
カシノハーバー,カシノハーバー,牡,,,,,,,,,0
シルクフラッグ,シルクフラッグ,牡,,,,,,,,,0
セイウンハンクス,セイウンハンクス,牡,,,,,,,,,0
タガノナポレオン,タガノナポレオン,牡,,,,,,,,,0
ナゾ,ナゾ,牝,,,,,,,,,0
フサイチアウステル,フサイチアウステル,牡,,,,,,,,,0
ピサノパテック,ピサノパテック,牡,,,,,,,,,0
マルブツライト,マルブツライト,牡,,,,,,,,,0
ドリーミーオペラ,ドリーミーオペラ,牡,,,,,,,,,0
セイカチューバ,セイカチューバ,牡,,,,,,,,,0
モリノミヤコ,モリノミヤコ,牡,,,,,,,,,0
スカイバレンタイン,スカイバレンタイン,牝,,,,,,,,,0
オースミダイヤ,オースミダイヤ,牡,,,,,,,,,0
タガノガルチ,タガノガルチ,牡,,,,,,,,,0
ダイナミックゴール,ダイナミックゴール,牡,,,,,,,,,0
ブラックヘリオス,ブラックヘリオス,牡,,,,,,,,,0
エイシンキンダー,エイシンキンダー,牡,,,,,,,,,0
マチカネキララ,マチカネキララ,牡,,,,,,,,,0
トウカイトリック,トウカイトリック,牡,,,,,,,,,0
アドマイヤムーン,アドマイヤムーン,牡,,,,,,,,,0
ディープエアー,ディープエアー,牡,,,,,,,,,0
ナイトレセプション,ナイトレセプション,牡,,,,,,,,,0
トップオブサンデー,トップオブサンデー,牡,,,,,,,,,0
マツリダゴッホ,マツリダゴッホ,牡,,,,,,,,,0
アキノレッドスター,アキノレッドスター,牡,,,,,,,,,0
マイネジャーダ,マイネジャーダ,牝,,,,,,,,,0
フラムドパシオン,フラムドパシオン,牡,,,,,,,,,0
ニシノアンサー,ニシノアンサー,牡,,,,,,,,,0
ニシノロドリゲス,ニシノロドリゲス,牡,,,,,,,,,0
マイネルバシリコス,マイネルバシリコス,牡,,,,,,,,,0
マイネルブーバリス,マイネルブーバリス,牡,,,,,,,,,0
ミリオンベル,ミリオンベル,牝,,,,,,,,,0
サザンツイスター,サザンツイスター,牡,,,,,,,,,0
ブレーヴドライバー,ブレーヴドライバー,牡,,,,,,,,,0
マチカネビシャモン,マチカネビシャモン,せん,,,,,,,,,0
ランドミラクル,ランドミラクル,牡,,,,,,,,,0
ナムラコロンブス,ナムラコロンブス,牡,,,,,,,,,0
セントラルオーカン,セントラルオーカン,牡,,,,,,,,,0
マルカシェンク,マルカシェンク,牡,,,,,,,,,0
ダイアモンドヘッド,ダイアモンドヘッド,牡,,,,,,,,,0
スーパーホーネット,スーパーホーネット,牡,,,,,,,,,0
トーヨースルーオ,トーヨースルーオ,牡,,,,,,,,,0
リッカキセキ,リッカキセキ,牡,,,,,,,,,0
マイネルファーマ,マイネルファーマ,牡,,,,,,,,,0
ハードバクシンオー,ハードバクシンオー,牡,,,,,,,,,0
メイホウホップ,メイホウホップ,牡,,,,,,,,,0
ニシノナースコール,ニシノナースコール,牝,,,,,,,,,0
トウカイルナ,トウカイルナ,牝,,,,,,,,,0
テイエムメダリスト,テイエムメダリスト,牝,,,,,,,,,0
タニノマティーニ,タニノマティーニ,牡,,,,,,,,,0
トレオウオブキング,トレオウオブキング,牡,,,,,,,,,0
ミツワスカイハイ,ミツワスカイハイ,牡,,,,,,,,,0
ヤマトスプリンター,ヤマトスプリンター,牡,,,,,,,,,0
サンライズバッカス,サンライズバッカス,牡,,,,,,,,,0
アジュディミツオー,アジュディミツオー,牡,,,,,,,,,0
ハギノベルテンポ,ハギノベルテンポ,牡,,,,,,,,,0
トウショウギア,トウショウギア,牡,,,,,,,,,0
デンシャミチ,デンシャミチ,牡,,,,,,,,,0
イースター,イースター,牡,,,,,,,,,0
コイウタ,コイウタ,牝,,,,,,,,,0
ゲイルワン,ゲイルワン,牡,,,,,,,,,0
マイネルスカット,マイネルスカット,牡,,,,,,,,,0
リネンヤクシン,リネンヤクシン,牡,,,,,,,,,0
ブラックシャドウ,ブラックシャドウ,牡,,,,,,,,,0
トーヨーエーピー,トーヨーエーピー,牡,,,,,,,,,0
ノボワールド,ノボワールド,牡,,,,,,,,,0
テイエムドラゴン,テイエムドラゴン,牡,,,,,,,,,0
オンワードラトゥル,オンワードラトゥル,牝,,,,,,,,,0
0000730517,アインオーセン,牡,,,,,,0.0,0.0,0.0,1
ナイスアルカング,ナイスアルカング,牡,,,,,,,,,0
サミットヴィル,サミットヴィル,牝,,,,,,,,,0
ラヴァマン,ラヴァマン,せん,,,,,,,,,0
タップデイ,タップデイ,牡,,,,,,,,,0
エキセントリック,エキセントリック,せん,,,,,,,,,0
ハッピートゥモロー,ハッピートゥモロー,牡,,,,,,,,,0
アルカセット,アルカセット,牡,,,,,,,,,0
ウィジャボード,ウィジャボード,牝,,,,,,,,,0
バゴ,バゴ,牡,,,,,,,,,0
ベタートークナウ,ベタートークナウ,せん,,,,,,,,,0
キングスドラマ,キングスドラマ,せん,,,,,,,,,0
テイエムプリキュア,テイエムプリキュア,牝,,,,,,,,,0
シークレットコード,シークレットコード,牝,,,,,,,,,0
フサイチパンドラ,フサイチパンドラ,牝,,,,,,,,,0
アサヒライジング,アサヒライジング,牝,,,,,,,,,0
0000238960,アイスドール,牝,,,,,,0.0,0.0,0.0,1
シェルズレイ,シェルズレイ,牝,,,,,,,,,0
ベストストーリー,ベストストーリー,牝,,,,,,,,,0
ブラックチーター,ブラックチーター,牝,,,,,,,,,0
クリノスペシャル,クリノスペシャル,牝,,,,,,,,,0
サチノスイーティー,サチノスイーティー,牝,,,,,,,,,0
プラチナローズ,プラチナローズ,牝,,,,,,,,,0
キーレター,キーレター,牝,,,,,,,,,0
サンバレンティン,サンバレンティン,牡,,,,,,,,,0
ホッコーパドゥシャ,ホッコーパドゥシャ,牡,,,,,,,,,0
フサイチリシャール,フサイチリシャール,牡,,,,,,,,,0
ジャリスコライト,ジャリスコライト,牡,,,,,,,,,0
ダノンブリエ,ダノンブリエ,牡,,,,,,,,,0
アポロノサトリ,アポロノサトリ,牡,,,,,,,,,0
レソナル,レソナル,牡,,,,,,,,,0
コマノルカン,コマノルカン,牡,,,,,,,,,0
フィールドカイザー,フィールドカイザー,牡,,,,,,,,,0
タニオブゴールド,タニオブゴールド,牡,,,,,,,,,0
フェイクフェイス,フェイクフェイス,牡,,,,,,,,,0
スロクハイネス,スロクハイネス,牝,,,,,,,,,0
ダイワパッション,ダイワパッション,牝,,,,,,,,,0
ウエスタンビーナス,ウエスタンビーナス,牝,,,,,,,,,0
サザンビューティー,サザンビューティー,牝,,,,,,,,,0
アルジェナー,アルジェナー,牝,,,,,,,,,0
グリーンジュエリー,グリーンジュエリー,牝,,,,,,,,,0
ゴーファイトウィン,ゴーファイトウィン,牝,,,,,,,,,0
フサイチプルミエ,フサイチプルミエ,牝,,,,,,,,,0
ラプタル,ラプタル,牝,,,,,,,,,0
メジロアニマート,メジロアニマート,牝,,,,,,,,,0
ジラソーレ,ジラソーレ,牝,,,,,,,,,0
パセティックゴール,パセティックゴール,牝,,,,,,,,,0
ジョウノナンシー,ジョウノナンシー,牝,,,,,,,,,0
メルシーエイタイム,メルシーエイタイム,牡,,,,,,,,,0
リキアイガイセン,リキアイガイセン,牡,,,,,,,,,0
サクラメガワンダー,サクラメガワンダー,牡,,,,,,,,,0
ヴィクトリーラン,ヴィクトリーラン,牡,,,,,,,,,0
アペリティフ,アペリティフ,牡,,,,,,,,,0
ホーマンアラシ,ホーマンアラシ,牡,,,,,,,,,0
アマノトレンディー,アマノトレンディー,牡,,,,,,,,,0
ニルヴァーナ,ニルヴァーナ,牡,,,,,,,,,0
タマモサポート,タマモサポート,牡,,,,,,,,,0
マイネルスケルツィ,マイネルスケルツィ,牡,,,,,,,,,0
チェリーストーム,チェリーストーム,牡,,,,,,,,,0
ユメノオーラ,ユメノオーラ,牝,,,,,,,,,0
グロリアスウィーク,グロリアスウィーク,牡,,,,,,,,,0
マチカネゲンジ,マチカネゲンジ,牡,,,,,,,,,0
カネツテンビー,カネツテンビー,牝,,,,,,,,,0
エイシンドーバー,エイシンドーバー,牡,,,,,,,,,0
オフィサー,オフィサー,牡,,,,,,,,,0
ボタンフジ,ボタンフジ,牝,,,,,,,,,0
ロジック,ロジック,牡,,,,,,,,,0
リメインオブザサン,リメインオブザサン,牡,,,,,,,,,0
メジロシリング,メジロシリング,牡,,,,,,,,,0
テンエイヤシャオー,テンエイヤシャオー,牡,,,,,,,,,0
タガノゲルニカ,タガノゲルニカ,牡,,,,,,,,,0
ワイルドワンダー,ワイルドワンダー,牡,,,,,,,,,0
マイネルボウノット,マイネルボウノット,牡,,,,,,,,,0
エーピーフラッシュ,エーピーフラッシュ,牡,,,,,,,,,0
バアゼルキング,バアゼルキング,牡,,,,,,,,,0
メイショウオウテ,メイショウオウテ,牡,,,,,,,,,0
ニシノコンサフォス,ニシノコンサフォス,牡,,,,,,,,,0
マイティスプリング,マイティスプリング,牡,,,,,,,,,0
トーセンハピネス,トーセンハピネス,牝,,,,,,,,,0
ヴィフォルテ,ヴィフォルテ,牝,,,,,,,,,0
ポジションワン,ポジションワン,牡,,,,,,,,,0
マッチレスバロー,マッチレスバロー,牡,,,,,,,,,0
ブラックバースピン,ブラックバースピン,牡,,,,,,,,,0
マルタカアーサー,マルタカアーサー,牡,,,,,,,,,0
マイネルグロリアス,マイネルグロリアス,牡,,,,,,,,,0
マシーン,マシーン,牡,,,,,,,,,0
モエロタケショウ,モエロタケショウ,せん,,,,,,,,,0
ルーベンスメモリー,ルーベンスメモリー,牡,,,,,,,,,0
ドリームパスポート,ドリームパスポート,牡,,,,,,,,,0
メイショウサムソン,メイショウサムソン,牡,,,,,,,,,0
アドマイヤメイン,アドマイヤメイン,牡,,,,,,,,,0
クラフトミラージュ,クラフトミラージュ,牡,,,,,,,,,0
ファイングレイン,ファイングレイン,牡,,,,,,,,,0
アスタートリッピー,アスタートリッピー,牡,,,,,,,,,0
ケンブリッジレーザ,ケンブリッジレーザ,牡,,,,,,,,,0
タニノベリーニ,タニノベリーニ,牡,,,,,,,,,0
フュノンガルウ,フュノンガルウ,牡,,,,,,,,,0
マチカネタマカズラ,マチカネタマカズラ,牝,,,,,,,,,0
ワイキューブ,ワイキューブ,牝,,,,,,,,,0
プリティタヤス,プリティタヤス,牝,,,,,,,,,0
ハネダテンシ,ハネダテンシ,牝,,,,,,,,,0
ルビーレジェンド,ルビーレジェンド,牝,,,,,,,,,0
マルカアイチャン,マルカアイチャン,牝,,,,,,,,,0
ミッキーコマンド,ミッキーコマンド,牝,,,,,,,,,0
ゲッタウェイ,ゲッタウェイ,牝,,,,,,,,,0
ミルククラウン,ミルククラウン,牝,,,,,,,,,0
チャームダンス,チャームダンス,牝,,,,,,,,,0
ステキシンスケクン,ステキシンスケクン,牡,,,,,,,,,0
アドマイヤディーノ,アドマイヤディーノ,牡,,,,,,,,,0
キンシャサノキセキ,キンシャサノキセキ,牡,,,,,,,,,0
シティボス,シティボス,牡,,,,,,,,,0
レッドバースピン,レッドバースピン,牡,,,,,,,,,0
メイショウフウライ,メイショウフウライ,牡,,,,,,,,,0
ペリー,ペリー,牡,,,,,,,,,0
トップオンターフ,トップオンターフ,牡,,,,,,,,,0
セフティバーニング,セフティバーニング,牡,,,,,,,,,0
コスモシンドラー,コスモシンドラー,牡,,,,,,,,,0
ニシノデュー,ニシノデュー,牡,,,,,,,,,0
アドマイヤキッス,アドマイヤキッス,牝,,,,,,,,,0
ウインシンシア,ウインシンシア,牝,,,,,,,,,0
リトルブレイブ,リトルブレイブ,牝,,,,,,,,,0
ステラマドレード,ステラマドレード,牝,,,,,,,,,0
タッチザピーク,タッチザピーク,牝,,,,,,,,,0
スパニッシュソウル,スパニッシュソウル,牝,,,,,,,,,0
マヤラブハート,マヤラブハート,牝,,,,,,,,,0
プリンセスデザイア,プリンセスデザイア,牝,,,,,,,,,0
プリムローズヒル,プリムローズヒル,牝,,,,,,,,,0
ヤマトマリオン,ヤマトマリオン,牝,,,,,,,,,0
サルトリーガール,サルトリーガール,牝,,,,,,,,,0
ヒトリムスメ,ヒトリムスメ,牝,,,,,,,,,0
サクラゲイル,サクラゲイル,牡,,,,,,,,,0
オースミグラスワン,オースミグラスワン,牡,,,,,,,,,0
コスモテナシャス,コスモテナシャス,牡,,,,,,,,,0
バルトフォンテン,バルトフォンテン,牡,,,,,,,,,0
カネトシプロスパー,カネトシプロスパー,牡,,,,,,,,,0
タガジョーシャトル,タガジョーシャトル,せん,,,,,,,,,0
ブライアンスキー,ブライアンスキー,せん,,,,,,,,,0
ハギノヴァルカン,ハギノヴァルカン,牡,,,,,,,,,0
フューチャギャング,フューチャギャング,牡,,,,,,,,,0
タガノバスティーユ,タガノバスティーユ,牡,,,,,,,,,0
レッドスプレンダー,レッドスプレンダー,牡,,,,,,,,,0
コスモルビー,コスモルビー,牝,,,,,,,,,0
スーパーワシントン,スーパーワシントン,牡,,,,,,,,,0
トシザサンサン,トシザサンサン,牝,,,,,,,,,0
プリティカウガール,プリティカウガール,牝,,,,,,,,,0
ナムラアトランテス,ナムラアトランテス,牡,,,,,,,,,0
ナンヨーノサガ,ナンヨーノサガ,牝,,,,,,,,,0
バロンハーバー,バロンハーバー,牡,,,,,,,,,0
タイセイアトム,タイセイアトム,牡,,,,,,,,,0
ミヤビキララ,ミヤビキララ,牝,,,,,,,,,0
プリンセスグレース,プリンセスグレース,牝,,,,,,,,,0
ヤマニンエマイユ,ヤマニンエマイユ,牝,,,,,,,,,0
カノヤザミラクル,カノヤザミラクル,牝,,,,,,,,,0
ツルミトゥインクル,ツルミトゥインクル,牝,,,,,,,,,0
フミノサチヒメ,フミノサチヒメ,牝,,,,,,,,,0
サンヴィクトワール,サンヴィクトワール,牝,,,,,,,,,0
テイエムヒスイ,テイエムヒスイ,牝,,,,,,,,,0
センパツトモ,センパツトモ,牝,,,,,,,,,0
キストゥヘヴン,キストゥヘヴン,牝,,,,,,,,,0
ブルーメンブラット,ブルーメンブラット,牝,,,,,,,,,0
オリオンオンサイト,オリオンオンサイト,牝,,,,,,,,,0
エンジェルローブ,エンジェルローブ,牝,,,,,,,,,0
マツリダアーティス,マツリダアーティス,牝,,,,,,,,,0
ビューティーパール,ビューティーパール,牝,,,,,,,,,0
アジアンティック,アジアンティック,牝,,,,,,,,,0
ブローオブサンダー,ブローオブサンダー,牝,,,,,,,,,0
ダイワオンディーヌ,ダイワオンディーヌ,牝,,,,,,,,,0
タママリア,タママリア,牝,,,,,,,,,0
モナ,モナ,牝,,,,,,,,,0
エフセイコー,エフセイコー,牡,,,,,,,,,0
モエレソーブラッズ,モエレソーブラッズ,牡,,,,,,,,,0
トーホウアラン,トーホウアラン,牡,,,,,,,,,0
セキサンフジ,セキサンフジ,牡,,,,,,,,,0
トウショウシロッコ,トウショウシロッコ,牡,,,,,,,,,0
インテレット,インテレット,牡,,,,,,,,,0
マイネルアラバンサ,マイネルアラバンサ,牡,,,,,,,,,0
トップオブツヨシ,トップオブツヨシ,牡,,,,,,,,,0
マイネルポライト,マイネルポライト,牡,,,,,,,,,0
エイシンテンリュー,エイシンテンリュー,牡,,,,,,,,,0
テューダーローズ,テューダーローズ,牡,,,,,,,,,0
フサイチギガダイヤ,フサイチギガダイヤ,牡,,,,,,,,,0
タガノエスペランサ,タガノエスペランサ,牡,,,,,,,,,0
プレザントウインド,プレザントウインド,牡,,,,,,,,,0
グッドフロマージュ,グッドフロマージュ,牡,,,,,,,,,0
ラッキーブレイク,ラッキーブレイク,牡,,,,,,,,,0
イブロン,イブロン,牡,,,,,,,,,0
ドラゴンウェルズ,ドラゴンウェルズ,牡,,,,,,,,,0
クレスコワンダー,クレスコワンダー,牡,,,,,,,,,0
カラジ,カラジ,せん,,,,,,,,,0
マーロス,マーロス,せん,,,,,,,,,0
フォンテラ,フォンテラ,せん,,,,,,,,,0
フサイチジャンク,フサイチジャンク,牡,,,,,,,,,0
ナイアガラ,ナイアガラ,牡,,,,,,,,,0
キャプテンベガ,キャプテンベガ,牡,,,,,,,,,0
ロフティーエイム,ロフティーエイム,牝,,,,,,,,,0
テンイムホウ,テンイムホウ,牝,,,,,,,,,0
シュフルール,シュフルール,牝,,,,,,,,,0
タニノローゼ,タニノローゼ,牝,,,,,,,,,0
ブロンコーネ,ブロンコーネ,牝,,,,,,,,,0
アクロスザヘイブン,アクロスザヘイブン,牝,,,,,,,,,0
ホーリーミスト,ホーリーミスト,牝,,,,,,,,,0
ミルキーウェイ,ミルキーウェイ,牝,,,,,,,,,0
メジロラルゴ,メジロラルゴ,牝,,,,,,,,,0
ホウショウルビー,ホウショウルビー,牝,,,,,,,,,0
ハギノプリンセス,ハギノプリンセス,牝,,,,,,,,,0
スイートローレライ,スイートローレライ,牝,,,,,,,,,0
ロランラムール,ロランラムール,牝,,,,,,,,,0
バトルサクヤビメ,バトルサクヤビメ,牝,,,,,,,,,0
フィフティーワナー,フィフティーワナー,せん,,,,,,,,,0
フィールドルージュ,フィールドルージュ,牡,,,,,,,,,0
ビッグドン,ビッグドン,牡,,,,,,,,,0
ヒカルウイッシュ,ヒカルウイッシュ,牡,,,,,,,,,0
ミストラルクルーズ,ミストラルクルーズ,牡,,,,,,,,,0
トロフィーディール,トロフィーディール,牡,,,,,,,,,0
バルバロ,バルバロ,牡,,,,,,,,,0
マイネルシュピール,マイネルシュピール,牡,,,,,,,,,0
マグマノーベル,マグマノーベル,牡,,,,,,,,,0
コパノカチドキ,コパノカチドキ,牡,,,,,,,,,0
ゼットコマンダー,ゼットコマンダー,牡,,,,,,,,,0
ローレルエルドラド,ローレルエルドラド,牡,,,,,,,,,0
トウカイカムカム,トウカイカムカム,牡,,,,,,,,,0
0000760204,アエローザ,牡,,,,,,0.0,0.0,0.0,1
エリモエクスパイア,エリモエクスパイア,牡,,,,,,,,,0
セレスケイ,セレスケイ,牡,,,,,,,,,0
タニノディキディキ,タニノディキディキ,牡,,,,,,,,,0
オーキッドコート,オーキッドコート,牡,,,,,,,,,0
モエレフィールド,モエレフィールド,牡,,,,,,,,,0
セレスダイナミック,セレスダイナミック,牡,,,,,,,,,0
ユウカージナル,ユウカージナル,牡,,,,,,,,,0
スプリングゲント,スプリングゲント,牡,,,,,,,,,0
ファントムスズカ,ファントムスズカ,牡,,,,,,,,,0
マウントフォンテン,マウントフォンテン,牡,,,,,,,,,0
ラブアフェアー,ラブアフェアー,牡,,,,,,,,,0
バンジョーブルー,バンジョーブルー,牡,,,,,,,,,0
ワンダータフネス,ワンダータフネス,せん,,,,,,,,,0
アグネスラズベリ,アグネスラズベリ,牝,,,,,,,,,0
カワカミプリンセス,カワカミプリンセス,牝,,,,,,,,,0
キープユアスマイル,キープユアスマイル,牝,,,,,,,,,0
ヤマニンファビュル,ヤマニンファビュル,牝,,,,,,,,,0
スーパーチャンス,スーパーチャンス,牡,,,,,,,,,0
レッドストーン,レッドストーン,牡,,,,,,,,,0
パッシングマーク,パッシングマーク,牡,,,,,,,,,0
エクスプロイト,エクスプロイト,牡,,,,,,,,,0
グレートボヤージュ,グレートボヤージュ,牡,,,,,,,,,0
ナイキアースワーク,ナイキアースワーク,牡,,,,,,,,,0
フィールドオアシス,フィールドオアシス,牡,,,,,,,,,0
サイレントプライド,サイレントプライド,牡,,,,,,,,,0
バンブーエール,バンブーエール,牡,,,,,,,,,0
アテスト,アテスト,牡,,,,,,,,,0
タガノアルサルディ,タガノアルサルディ,牡,,,,,,,,,0
マルターズマッシブ,マルターズマッシブ,牡,,,,,,,,,0
マイネルスパークル,マイネルスパークル,牡,,,,,,,,,0
ユーワハリケーン,ユーワハリケーン,牡,,,,,,,,,0
ハンナフレグランス,ハンナフレグランス,牝,,,,,,,,,0
ウォーターポロ,ウォーターポロ,牡,,,,,,,,,0
ジョイフルウィナー,ジョイフルウィナー,せん,,,,,,,,,0
ザデューク,ザデューク,せん,,,,,,,,,0
ブルーアルパイン,ブルーアルパイン,牡,,,,,,,,,0
アートレータ,アートレータ,牡,,,,,,,,,0
ファインピーク,ファインピーク,牡,,,,,,,,,0
サテライトエース,サテライトエース,せん,,,,,,,,,0
ワイルドシャウト,ワイルドシャウト,牡,,,,,,,,,0
シンボリエスケープ,シンボリエスケープ,牡,,,,,,,,,0
ブルーフランカー,ブルーフランカー,牡,,,,,,,,,0
ウインレジェンド,ウインレジェンド,牡,,,,,,,,,0
ソリッドプラチナム,ソリッドプラチナム,牝,,,,,,,,,0
サンレイジャスパー,サンレイジャスパー,牝,,,,,,,,,0
マリアヴァレリア,マリアヴァレリア,牝,,,,,,,,,0
トウカイラブ,トウカイラブ,牝,,,,,,,,,0
ソングオブウインド,ソングオブウインド,牡,,,,,,,,,0
ユキノアサカゼ,ユキノアサカゼ,牡,,,,,,,,,0
マイネトップレディ,マイネトップレディ,牝,,,,,,,,,0
アサクサゼットキ,アサクサゼットキ,牡,,,,,,,,,0
ピサノバンキッシュ,ピサノバンキッシュ,牡,,,,,,,,,0
ビーナスライン,ビーナスライン,牝,,,,,,,,,0
シーキングザベスト,シーキングザベスト,牡,,,,,,,,,0
ゼンノストライカー,ゼンノストライカー,牡,,,,,,,,,0
マリンフェスタ,マリンフェスタ,牝,,,,,,,,,0
ダイワメンフィス,ダイワメンフィス,牡,,,,,,,,,0
チアズヒカリ,チアズヒカリ,牝,,,,,,,,,0
コウエイトライ,コウエイトライ,牝,,,,,,,,,0
キングジョイ,キングジョイ,牡,,,,,,,,,0
モガリブエ,モガリブエ,牡,,,,,,,,,0
ノボリハウツー,ノボリハウツー,牡,,,,,,,,,0
サフランブリザード,サフランブリザード,牡,,,,,,,,,0
シンワインザダーク,シンワインザダーク,牡,,,,,,,,,0
マヤノライジン,マヤノライジン,牡,,,,,,,,,0
ダイタクアルビン,ダイタクアルビン,牡,,,,,,,,,0
ナイキゲルマン,ナイキゲルマン,牡,,,,,,,,,0
ウインディグニティ,ウインディグニティ,牡,,,,,,,,,0
ニシノチャーミー,ニシノチャーミー,牝,,,,,,,,,0
ローレルゲレイロ,ローレルゲレイロ,牡,,,,,,,,,0
シャルトリューズ,シャルトリューズ,牝,,,,,,,,,0
マイニングゴールド,マイニングゴールド,牡,,,,,,,,,0
シャルロットノアル,シャルロットノアル,牝,,,,,,,,,0
インパーフェクト,インパーフェクト,牡,,,,,,,,,0
ジャングルテクノ,ジャングルテクノ,牡,,,,,,,,,0
コンゴウダイオー,コンゴウダイオー,牡,,,,,,,,,0
ゼットカーク,ゼットカーク,牡,,,,,,,,,0
マイネペローラ,マイネペローラ,牝,,,,,,,,,0
ウインクルウィナー,ウインクルウィナー,牝,,,,,,,,,0
マイネシャンゼリゼ,マイネシャンゼリゼ,牝,,,,,,,,,0
モデスティー,モデスティー,牝,,,,,,,,,0
エーシンダームスン,エーシンダームスン,牡,,,,,,,,,0
ガールズポップ,ガールズポップ,牝,,,,,,,,,0
エイシンイッテン,エイシンイッテン,牡,,,,,,,,,0
リボンアート,リボンアート,牝,,,,,,,,,0
ケイエスストロング,ケイエスストロング,牡,,,,,,,,,0
マドンナブラボー,マドンナブラボー,牝,,,,,,,,,0
ニシノヘブンズドア,ニシノヘブンズドア,牡,,,,,,,,,0
ユーワキングストン,ユーワキングストン,せん,,,,,,,,,0
サンダーロール,サンダーロール,牡,,,,,,,,,0
ブレーブティック,ブレーブティック,牡,,,,,,,,,0
ザファステスト,ザファステスト,牡,,,,,,,,,0
ミヤビペルセウス,ミヤビペルセウス,牡,,,,,,,,,0
ダンシンリボルバー,ダンシンリボルバー,せん,,,,,,,,,0
トウカイブレーン,トウカイブレーン,せん,,,,,,,,,0
ヤマニンメルベイユ,ヤマニンメルベイユ,牝,,,,,,,,,0
ソーユアフロスト,ソーユアフロスト,牡,,,,,,,,,0
ツルガオカハヤテ,ツルガオカハヤテ,せん,,,,,,,,,0
モアザンベスト,モアザンベスト,牝,,,,,,,,,0
ダンスオブサロメ,ダンスオブサロメ,牝,,,,,,,,,0
サムソンハッピー,サムソンハッピー,牡,,,,,,,,,0
ゴールドアグリ,ゴールドアグリ,牡,,,,,,,,,0
マイネルーチェ,マイネルーチェ,牝,,,,,,,,,0
マイネルレーニア,マイネルレーニア,牡,,,,,,,,,0
マルカハンニバル,マルカハンニバル,牡,,,,,,,,,0
クラウンプリンセス,クラウンプリンセス,牝,,,,,,,,,0
クインズプレイヤー,クインズプレイヤー,牝,,,,,,,,,0
シャルマンレーヌ,シャルマンレーヌ,牝,,,,,,,,,0
ニシノコンドコソ,ニシノコンドコソ,牡,,,,,,,,,0
メイクユーハッピー,メイクユーハッピー,牝,,,,,,,,,0
マイネバイレ,マイネバイレ,牝,,,,,,,,,0
トップコメット,トップコメット,牝,,,,,,,,,0
マイネヴェロナ,マイネヴェロナ,牝,,,,,,,,,0
センギョウシュフ,センギョウシュフ,牝,,,,,,,,,0
トーセンラピュタ,トーセンラピュタ,牝,,,,,,,,,0
マイネルサニベル,マイネルサニベル,牡,,,,,,,,,0
ニシノカムシン,ニシノカムシン,牝,,,,,,,,,0
マイネルハーバード,マイネルハーバード,牡,,,,,,,,,0
ジャックレイホウ,ジャックレイホウ,牡,,,,,,,,,0
アストンマーチャン,アストンマーチャン,牝,,,,,,,,,0
ニシノマオ,ニシノマオ,牝,,,,,,,,,0
スーサンライダー,スーサンライダー,牡,,,,,,,,,0
エーシンウェーブス,エーシンウェーブス,牝,,,,,,,,,0
ストラテジー,ストラテジー,牝,,,,,,,,,0
ウルワシノハナ,ウルワシノハナ,牝,,,,,,,,,0
マルカラボンバ,マルカラボンバ,牡,,,,,,,,,0
デンタルスピリット,デンタルスピリット,牝,,,,,,,,,0
0000801459,アインファスター,牝,,,,,,0.0,0.0,0.0,1
エミネンツァベルタ,エミネンツァベルタ,牝,,,,,,,,,0
シルバーストーン,シルバーストーン,牡,,,,,,,,,0
アーバンストリート,アーバンストリート,牡,,,,,,,,,0
ベルモントプロテア,ベルモントプロテア,牝,,,,,,,,,0
コウセイカズコ,コウセイカズコ,牝,,,,,,,,,0
スズカフェニックス,スズカフェニックス,牡,,,,,,,,,0
マーブルバルダー,マーブルバルダー,牡,,,,,,,,,0
スクールボーイ,スクールボーイ,牡,,,,,,,,,0
テイクオーバーターゲット,テイクオーバーターゲット,せん,,,,,,,,,0
ロードアルティマ,ロードアルティマ,牡,,,,,,,,,0
トーセンシャナオー,トーセンシャナオー,牡,,,,,,,,,0
テンシノゴールド,テンシノゴールド,牡,,,,,,,,,0
ミレニアムウイング,ミレニアムウイング,牡,,,,,,,,,0
ダイワバゼラード,ダイワバゼラード,牡,,,,,,,,,0
ニシノフリーダム,ニシノフリーダム,牡,,,,,,,,,0
マイネルハイアップ,マイネルハイアップ,牡,,,,,,,,,0
ネヴァブション,ネヴァブション,牡,,,,,,,,,0
パーフェクトジョイ,パーフェクトジョイ,牝,,,,,,,,,0
ハンドレッドスコア,ハンドレッドスコア,牝,,,,,,,,,0
ティアラプリンセス,ティアラプリンセス,牝,,,,,,,,,0
シフォンベール,シフォンベール,牝,,,,,,,,,0
ペケジェイ,ペケジェイ,牝,,,,,,,,,0
チヨノドラゴン,チヨノドラゴン,牝,,,,,,,,,0
コネクトフォー,コネクトフォー,せん,,,,,,,,,0
サイファ,サイファ,せん,,,,,,,,,0
シマノラピス,シマノラピス,牝,,,,,,,,,0
バアゼルゴールド,バアゼルゴールド,せん,,,,,,,,,0
ドリームパートナー,ドリームパートナー,せん,,,,,,,,,0
オープンセサミ,オープンセサミ,牡,,,,,,,,,0
チョウカイサンデー,チョウカイサンデー,牡,,,,,,,,,0
テンシノコンコルド,テンシノコンコルド,牡,,,,,,,,,0
マストビートゥルー,マストビートゥルー,牡,,,,,,,,,0
リキサンポイント,リキサンポイント,牡,,,,,,,,,0
ツムジカゼ,ツムジカゼ,牡6,,,,,,,,,0
オースミヘネシー,オースミヘネシー,牡4,,,,,,,,,0
トラストスター,トラストスター,牡5,,,,,,,,,0
メイショウスイセイ,メイショウスイセイ,牡7,,,,,,,,,0
モエレトレジャー,モエレトレジャー,牡5,,,,,,,,,0
ナムラマース,ナムラマース,牡2,,,,,,,,,0
アドマイヤヘッド,アドマイヤヘッド,牡2,,,,,,,,,0
イクスキューズ,イクスキューズ,牝2,,,,,,,,,0
フサイチオフトラ,フサイチオフトラ,牡2,,,,,,,,,0
ガルヴァニック,ガルヴァニック,牡2,,,,,,,,,0
ウインボールド,ウインボールド,牡2,,,,,,,,,0
マイネルビジュー,マイネルビジュー,牡2,,,,,,,,,0
ブラックシャンツェ,ブラックシャンツェ,牡2,,,,,,,,,0
ニシノプライド,ニシノプライド,牡2,,,,,,,,,0
スイングロウ,スイングロウ,牝2,,,,,,,,,0
クレバードラゴン,クレバードラゴン,牡2,,,,,,,,,0
ビービーガルダン,ビービーガルダン,牡2,,,,,,,,,0
ベンバウン,ベンバウン,せん5,,,,,,,,,0
レザーク,レザーク,せん6,,,,,,,,,0
ニッシングリン,ニッシングリン,牝5,,,,,,,,,0
ブロードキャスター,ブロードキャスター,牡4,,,,,,,,,0
フラップジャック,フラップジャック,牡4,,,,,,,,,0
ハイヤーザンヘブン,ハイヤーザンヘブン,牡5,,,,,,,,,0
オースミダイドウ,オースミダイドウ,牡2,,,,,,,,,0
マイネルソリスト,マイネルソリスト,牡2,,,,,,,,,0
キングスデライト,キングスデライト,牡2,,,,,,,,,0
アルシラート,アルシラート,牡2,,,,,,,,,0
オールライトナウ,オールライトナウ,牡2,,,,,,,,,0
スナークトモクン,スナークトモクン,牡2,,,,,,,,,0
ケイアイマイスキー,ケイアイマイスキー,牡2,,,,,,,,,0
アラハ,アラハ,牝2,,,,,,,,,0
メイショウバルドル,メイショウバルドル,牡2,,,,,,,,,0
クールスーペリア,クールスーペリア,せん2,,,,,,,,,0
プリンセスドルチェ,プリンセスドルチェ,牝3,,,,,,,,,0
マドモアゼルドパリ,マドモアゼルドパリ,牝5,,,,,,,,,0
ジャッキーテースト,ジャッキーテースト,牝5,,,,,,,,,0
サンドリオン,サンドリオン,牝3,,,,,,,,,0
ヴリル,ヴリル,牡5,,,,,,,,,0
アクシオン,アクシオン,牡3,,,,,,,,,0
タガノマーシャル,タガノマーシャル,牡3,,,,,,,,,0
マンノレーシング,マンノレーシング,牡3,,,,,,,,,0
シルククルセイダー,シルククルセイダー,牡3,,,,,,,,,0
チョウカイロイヤル,チョウカイロイヤル,牡5,,,,,,,,,0
チェストウイング,チェストウイング,牡5,,,,,,,,,0
アドバンテージ,アドバンテージ,牡3,,,,,,,,,0
メジロコルセア,メジロコルセア,牡4,,,,,,,,,0
ハロースピード,ハロースピード,牝2,,,,,,,,,0
ハギノルチェーレ,ハギノルチェーレ,牝2,,,,,,,,,0
カノヤザクラ,カノヤザクラ,牝2,,,,,,,,,0
アドマイヤプルート,アドマイヤプルート,牝2,,,,,,,,,0
ジーニアス,ジーニアス,牝2,,,,,,,,,0
マイネインティマ,マイネインティマ,牝2,,,,,,,,,0
スマートカスタム,スマートカスタム,牝2,,,,,,,,,0
ホットファッション,ホットファッション,牝2,,,,,,,,,0
マイネルフォーグ,マイネルフォーグ,牡2,,,,,,,,,0
アロマンシェス,アロマンシェス,牡2,,,,,,,,,0
ヒシプレミア,ヒシプレミア,牡2,,,,,,,,,0
ニシノクイック,ニシノクイック,牡2,,,,,,,,,0
シベリアンクラシカ,シベリアンクラシカ,牝2,,,,,,,,,0
ワイルドイリーガル,ワイルドイリーガル,牡2,,,,,,,,,0
サンダーアロング,サンダーアロング,牡2,,,,,,,,,0
アルコセニョーラ,アルコセニョーラ,牝2,,,,,,,,,0
オカールノキセキ,オカールノキセキ,牡2,,,,,,,,,0
サープラスシンガー,サープラスシンガー,牡2,,,,,,,,,0
オンワードタイタン,オンワードタイタン,牡4,,,,,,,,,0
メイショウピューマ,メイショウピューマ,牡5,,,,,,,,,0
シャンディムーン,シャンディムーン,牝5,,,,,,,,,0
フォルテベリーニ,フォルテベリーニ,牡4,,,,,,,,,0
クーフーリン,クーフーリン,牡5,,,,,,,,,0
フサイチホウオー,フサイチホウオー,牡2,,,,,,,,,0
フライングアップル,フライングアップル,牡2,,,,,,,,,0
ドリームジャーニー,ドリームジャーニー,牡2,,,,,,,,,0
トーセンクラウン,トーセンクラウン,牡2,,,,,,,,,0
ボスアミーゴ,ボスアミーゴ,牡2,,,,,,,,,0
スガノキング,スガノキング,牡2,,,,,,,,,0
ヴェルトマイスター,ヴェルトマイスター,牡2,,,,,,,,,0
マイネルカーロ,マイネルカーロ,牡2,,,,,,,,,0
エルヴィス,エルヴィス,牡2,,,,,,,,,0
サラトガ,サラトガ,牝2,,,,,,,,,0
コートマスターピース,コートマスターピース,牡6,,,,,,,,,0
アロンダイト,アロンダイト,牡3,,,,,,,,,0
ダブルタイトル,ダブルタイトル,牝7,,,,,,,,,0
フリードニア,フリードニア,牝4,,,,,,,,,0
シンハルカジョウ,シンハルカジョウ,牝3,,,,,,,,,0
ウオッカ,ウオッカ,牝2,,,,,,,,,0
ルミナスハーバー,ルミナスハーバー,牝2,,,,,,,,,0
ローブデコルテ,ローブデコルテ,牝2,,,,,,,,,0
ピンクカメオ,ピンクカメオ,牝2,,,,,,,,,0
コスモベル,コスモベル,牝2,,,,,,,,,0
バクシンヒロイン,バクシンヒロイン,牝2,,,,,,,,,0
テンザンコノハナ,テンザンコノハナ,牝2,,,,,,,,,0
キャッスルトン,キャッスルトン,牝2,,,,,,,,,0
ディーズメンフィス,ディーズメンフィス,牝2,,,,,,,,,0
メジロアダーラ,メジロアダーラ,牝2,,,,,,,,,0
イーグルドライバー,イーグルドライバー,牡5,,,,,,,,,0
キープクワイエット,キープクワイエット,牝5,,,,,,,,,0
ワイルドファイアー,ワイルドファイアー,牡7,,,,,,,,,0
マヤノグレイシー,マヤノグレイシー,牡7,,,,,,,,,0
ホッコーソレソレー,ホッコーソレソレー,牡4,,,,,,,,,0
ラッセルバローズ,ラッセルバローズ,牡3,,,,,,,,,0
ブライトトゥモロー,ブライトトゥモロー,牡4,,,,,,,,,0
マイネルシーガル,マイネルシーガル,牡2,,,,,,,,,0
エーシンビーエル,エーシンビーエル,牡2,,,,,,,,,0
コアレスレーサー,コアレスレーサー,牡2,,,,,,,,,0
アドマイヤホクト,アドマイヤホクト,牡2,,,,,,,,,0
ファランドール,ファランドール,牝4,,,,,,,,,0
ピアチェヴォーレ,ピアチェヴォーレ,牝5,,,,,,,,,0
アポロティアラ,アポロティアラ,牝2,,,,,,,,,0
サンタフェソレイユ,サンタフェソレイユ,牝2,,,,,,,,,0
ウインアンジェラス,ウインアンジェラス,牝2,,,,,,,,,0
ノボスイーツ,ノボスイーツ,牝2,,,,,,,,,0
クーヴェルチュール,クーヴェルチュール,牝2,,,,,,,,,0
ビーアデビル,ビーアデビル,牝2,,,,,,,,,0
デュークラヴィング,デュークラヴィング,牝2,,,,,,,,,0
マルターズクラシカ,マルターズクラシカ,牝2,,,,,,,,,0
コスモチーキー,コスモチーキー,牝2,,,,,,,,,0
コートマスターピー,コートマスターピー,牡6,,,,,,,,,0
アグネスハット,アグネスハット,せん4,,,,,,,,,0
ヴィクトリー,ヴィクトリー,牡2,,,,,,,,,0
アサクサキングス,アサクサキングス,牡2,,,,,,,,,0
マイネルダイナモ,マイネルダイナモ,牡2,,,,,,,,,0
ディープスピリット,ディープスピリット,牡2,,,,,,,,,0
キンショージェット,キンショージェット,牡2,,,,,,,,,0
ローズプレステージ,ローズプレステージ,牡2,,,,,,,,,0
ケンメイオウ,ケンメイオウ,牡2,,,,,,,,,0
グッドラックアワー,グッドラックアワー,牡2,,,,,,,,,0
スリーアベニュー,スリーアベニュー,牡5,,,,,,,,,0
エイシンボーダン,エイシンボーダン,牡6,,,,,,,,,0
エイシンセイテン,エイシンセイテン,牡4,,,,,,,,,0
ジョイフルハート,ジョイフルハート,牡6,,,,,,,,,0
サンアディユ,サンアディユ,牝5,,,,,,,,,0
アドマイヤオーラ,アドマイヤオーラ,牡3,,,,,,,,,0
ダイワスカーレット,ダイワスカーレット,牝3,,,,,,,,,0
スズカライアン,スズカライアン,牡3,,,,,,,,,0
ビンチェロ,ビンチェロ,牡3,,,,,,,,,0
エイシンイッキ,エイシンイッキ,牡3,,,,,,,,,0
キングブレーヴ,キングブレーヴ,牡3,,,,,,,,,0
サンツェッペリン,サンツェッペリン,牡3,,,,,,,,,0
メイショウレガーロ,メイショウレガーロ,牡3,,,,,,,,,0
アルナスライン,アルナスライン,牡3,,,,,,,,,0
マイネルヘンリー,マイネルヘンリー,牡3,,,,,,,,,0
ダイレクトキャッチ,ダイレクトキャッチ,牡3,,,,,,,,,0
ショウリュウアクト,ショウリュウアクト,牡3,,,,,,,,,0
マイネルアナハイム,マイネルアナハイム,牡3,,,,,,,,,0
ピサノデイラニ,ピサノデイラニ,牡3,,,,,,,,,0
トウカイワイルド,トウカイワイルド,牡5,,,,,,,,,0
トウカイエリート,トウカイエリート,牡7,,,,,,,,,0
ダークメッセージ,ダークメッセージ,牡4,,,,,,,,,0
マキハタサイボーグ,マキハタサイボーグ,せん5,,,,,,,,,0
ウインレガート,ウインレガート,牡8,,,,,,,,,0
ワイアットアープ,ワイアットアープ,牡7,,,,,,,,,0
メイショウトウコン,メイショウトウコン,牡5,,,,,,,,,0
シャーベットトーン,シャーベットトーン,牡5,,,,,,,,,0
エイシンラージヒル,エイシンラージヒル,牡5,,,,,,,,,0
タガノサイクロン,タガノサイクロン,牡4,,,,,,,,,0
ボードスウィーパー,ボードスウィーパー,牡6,,,,,,,,,0
アルドラゴン,アルドラゴン,牡6,,,,,,,,,0
ヒシハイグレード,ヒシハイグレード,牡4,,,,,,,,,0
スマイルフォライフ,スマイルフォライフ,牝5,,,,,,,,,0
ニュービギニング,ニュービギニング,牡3,,,,,,,,,0
ノワールシチー,ノワールシチー,牡3,,,,,,,,,0
フリオーソ,フリオーソ,牡3,,,,,,,,,0
マイネルブリアー,マイネルブリアー,牡3,,,,,,,,,0
ツカサラッキー,ツカサラッキー,牡3,,,,,,,,,0
エムオーウイナー,エムオーウイナー,牡6,,,,,,,,,0
バイロイト,バイロイト,せん6,,,,,,,,,0
ターキー,ターキー,牝4,,,,,,,,,0
セレスステーラー,セレスステーラー,牡4,,,,,,,,,0
サムライタイガース,サムライタイガース,牡3,,,,,,,,,0
オーシャンエイプス,オーシャンエイプス,牡3,,,,,,,,,0
オーシャンクルーズ,オーシャンクルーズ,牡3,,,,,,,,,0
クリノアドベンチャ,クリノアドベンチャ,牡3,,,,,,,,,0
カタマチボタン,カタマチボタン,牝3,,,,,,,,,0
ジョウノガーベラ,ジョウノガーベラ,牝3,,,,,,,,,0
ローズオットー,ローズオットー,牝3,,,,,,,,,0
シュガーヴァイン,シュガーヴァイン,牝3,,,,,,,,,0
コスモフライハイ,コスモフライハイ,牝3,,,,,,,,,0
マロンラッシュ,マロンラッシュ,牝3,,,,,,,,,0
ラストベガ,ラストベガ,牝3,,,,,,,,,0
リラコルレオーネ,リラコルレオーネ,牝3,,,,,,,,,0
ジョウノパンジー,ジョウノパンジー,牝3,,,,,,,,,0
トーセンキャプテン,トーセンキャプテン,牡3,,,,,,,,,0
コンティネント,コンティネント,牡3,,,,,,,,,0
トーホウラムセス,トーホウラムセス,牡3,,,,,,,,,0
ショウナンアクト,ショウナンアクト,牝3,,,,,,,,,0
カロンセギュール,カロンセギュール,牝3,,,,,,,,,0
ビュティフルローズ,ビュティフルローズ,牝3,,,,,,,,,0
エーシンエスヴィー,エーシンエスヴィー,牡3,,,,,,,,,0
ワンダースティーヴ,ワンダースティーヴ,牡3,,,,,,,,,0
ビービートルネード,ビービートルネード,牡4,,,,,,,,,0
レインダンス,レインダンス,牝3,,,,,,,,,0
アロープラネット,アロープラネット,牝3,,,,,,,,,0
ミルクトーレル,ミルクトーレル,牝3,,,,,,,,,0
クロコレーヌ,クロコレーヌ,牝3,,,,,,,,,0
タガノグラマラス,タガノグラマラス,牝3,,,,,,,,,0
リッカメルド,リッカメルド,牝3,,,,,,,,,0
ザリーン,ザリーン,牝3,,,,,,,,,0
ウォーターポピンズ,ウォーターポピンズ,牝3,,,,,,,,,0
エーシンサーフィン,エーシンサーフィン,牝3,,,,,,,,,0
キクカラヴリイ,キクカラヴリイ,牝3,,,,,,,,,0
クリールパトラー,クリールパトラー,牝3,,,,,,,,,0
ウッドウインド,ウッドウインド,牝3,,,,,,,,,0
ココナッツパンチ,ココナッツパンチ,牡3,,,,,,,,,0
タスカータソルテ,タスカータソルテ,牡3,,,,,,,,,0
マンハッタンバー,マンハッタンバー,牡3,,,,,,,,,0
モチ,モチ,牡3,,,,,,,,,0
キングオブロマネ,キングオブロマネ,牡3,,,,,,,,,0
マツノショウマ,マツノショウマ,牡3,,,,,,,,,0
リンリンリン,リンリンリン,牡3,,,,,,,,,0
トウショウパワーズ,トウショウパワーズ,牡5,,,,,,,,,0
スリーオペレーター,スリーオペレーター,牡4,,,,,,,,,0
マチカネリュウセイ,マチカネリュウセイ,牡8,,,,,,,,,0
マイネルアントス,マイネルアントス,牡4,,,,,,,,,0
テイエムサムライ,テイエムサムライ,牡5,,,,,,,,,0
サクラゼウス,サクラゼウス,牡3,,,,,,,,,0
ダノンムロー,ダノンムロー,牡3,,,,,,,,,0
ワールドハンター,ワールドハンター,牡3,,,,,,,,,0
チアズウイナー,チアズウイナー,牡3,,,,,,,,,0
キングスベリー,キングスベリー,牝3,,,,,,,,,0
マザーズウィッシュ,マザーズウィッシュ,牝3,,,,,,,,,0
オメガエクスプレス,オメガエクスプレス,牡3,,,,,,,,,0
ジョースマイル,ジョースマイル,牝4,,,,,,,,,0
アマノチェリーラン,アマノチェリーラン,牝3,,,,,,,,,0
ヒカルアモーレ,ヒカルアモーレ,牝3,,,,,,,,,0
ニシノマナムスメ,ニシノマナムスメ,牝3,,,,,,,,,0
カネトシリベルテ,カネトシリベルテ,牝3,,,,,,,,,0
タガノティアーズ,タガノティアーズ,牝3,,,,,,,,,0
タケイチゼット,タケイチゼット,牝3,,,,,,,,,0
ツルマルオジョウ,ツルマルオジョウ,牝3,,,,,,,,,0
クィーンオブキネマ,クィーンオブキネマ,牝3,,,,,,,,,0
ファニーストーリー,ファニーストーリー,牝3,,,,,,,,,0
アップステージ,アップステージ,牝3,,,,,,,,,0
ショウナンタレント,ショウナンタレント,牝3,,,,,,,,,0
ホクレレ,ホクレレ,牝3,,,,,,,,,0
エーシンパーティー,エーシンパーティー,牝3,,,,,,,,,0
イチゴイチエ,イチゴイチエ,牝3,,,,,,,,,0
トウカイファイン,トウカイファイン,牝3,,,,,,,,,0
ペルサントクリール,ペルサントクリール,牝3,,,,,,,,,0
マイネシャリマー,マイネシャリマー,牝3,,,,,,,,,0
アルビアン,アルビアン,牝3,,,,,,,,,0
エゾノタイセツ,エゾノタイセツ,牝3,,,,,,,,,0
エーシンピーシー,エーシンピーシー,牡3,,,,,,,,,0
ショウワモダン,ショウワモダン,牡3,,,,,,,,,0
スクリーンヒーロー,スクリーンヒーロー,牡3,,,,,,,,,0
シベリアンバード,シベリアンバード,牡3,,,,,,,,,0
フェラーリピサ,フェラーリピサ,牡3,,,,,,,,,0
ニードルポイント,ニードルポイント,牡3,,,,,,,,,0
コスモプロデュース,コスモプロデュース,牡5,,,,,,,,,0
ロングアライブ,ロングアライブ,牡7,,,,,,,,,0
アドマイヤタイトル,アドマイヤタイトル,牡5,,,,,,,,,0
ヒラボクロイヤル,ヒラボクロイヤル,牡3,,,,,,,,,0
ブラックオリーブ,ブラックオリーブ,牡3,,,,,,,,,0
トーホウレーサー,トーホウレーサー,牡3,,,,,,,,,0
メトロシュタイン,メトロシュタイン,牡3,,,,,,,,,0
コートユーフォリア,コートユーフォリア,牡3,,,,,,,,,0
クレスコワールド,クレスコワールド,牡3,,,,,,,,,0
デマントイドリバー,デマントイドリバー,牡3,,,,,,,,,0
ウィルビーキング,ウィルビーキング,牡3,,,,,,,,,0
ダイナミックグロウ,ダイナミックグロウ,牡3,,,,,,,,,0
フォーミュラーワン,フォーミュラーワン,牡3,,,,,,,,,0
マルブツリード,マルブツリード,牡4,,,,,,,,,0
トラストジュゲム,トラストジュゲム,牡5,,,,,,,,,0
シーチャリオット,シーチャリオット,牡5,,,,,,,,,0
オリンピアンナイト,オリンピアンナイト,牡4,,,,,,,,,0
スズカコーズウェイ,スズカコーズウェイ,牡3,,,,,,,,,0
ヤマニンエクレール,ヤマニンエクレール,牡3,,,,,,,,,0
シャドウストライプ,シャドウストライプ,牡3,,,,,,,,,0
グレイトフルタイム,グレイトフルタイム,牡3,,,,,,,,,0
ユーチャリス,ユーチャリス,牝3,,,,,,,,,0
ムラマサノヨートー,ムラマサノヨートー,牡3,,,,,,,,,0
ヤマカツブライアン,ヤマカツブライアン,牡3,,,,,,,,,0
マイネルランページ,マイネルランページ,牡3,,,,,,,,,0
ピクシーダスト,ピクシーダスト,牝5,,,,,,,,,0
タケカワルキューレ,タケカワルキューレ,牝5,,,,,,,,,0
サウスティーダ,サウスティーダ,牝4,,,,,,,,,0
フローラルカーヴ,フローラルカーヴ,牝3,,,,,,,,,0
エミーズスマイル,エミーズスマイル,牝3,,,,,,,,,0
ベリーベリナイス,ベリーベリナイス,牝3,,,,,,,,,0
リワードプレザン,リワードプレザン,牡4,,,,,,,,,0
パーソナルドラム,パーソナルドラム,せん10,,,,,,,,,0
リアルトニック,リアルトニック,せん11,,,,,,,,,0
メジロハスラー,メジロハスラー,牡5,,,,,,,,,0
ノーヒーロー,ノーヒーロー,せん11,,,,,,,,,0
トウショウトリック,トウショウトリック,牡7,,,,,,,,,0
アグネスアーク,アグネスアーク,牡4,,,,,,,,,0
ウイニングウインド,ウイニングウインド,牡6,,,,,,,,,0
サンライズマックス,サンライズマックス,牡3,,,,,,,,,0
フラッグシップ,フラッグシップ,牝5,,,,,,,,,0
サヨウナラ,サヨウナラ,牝6,,,,,,,,,0
ジョリーノエル,ジョリーノエル,牝5,,,,,,,,,0
マイネルーシッド,マイネルーシッド,牝5,,,,,,,,,0
サンマルセイコー,サンマルセイコー,牝4,,,,,,,,,0
ナナヨーティアラ,ナナヨーティアラ,牝5,,,,,,,,,0
ベッラレイア,ベッラレイア,牝3,,,,,,,,,0
ミンティエアー,ミンティエアー,牝3,,,,,,,,,0
ヴィアラクテア,ヴィアラクテア,牝3,,,,,,,,,0
パッションレッド,パッションレッド,牝3,,,,,,,,,0
ウィンナワルツ,ウィンナワルツ,牝3,,,,,,,,,0
ランペイア,ランペイア,牝3,,,,,,,,,0
チャイニーズフレア,チャイニーズフレア,牝3,,,,,,,,,0
キクノアロー,キクノアロー,牡4,,,,,,,,,0
マンオブパーサー,マンオブパーサー,牡4,,,,,,,,,0
トーセンマーチ,トーセンマーチ,牡3,,,,,,,,,0
フィニステール,フィニステール,牡3,,,,,,,,,0
エフティイカロス,エフティイカロス,牡3,,,,,,,,,0
イイデレインジャー,イイデレインジャー,牡3,,,,,,,,,0
ツバサドリーム,ツバサドリーム,牡3,,,,,,,,,0
エルソルダード,エルソルダード,牡3,,,,,,,,,0
ダノンヴィッター,ダノンヴィッター,牡3,,,,,,,,,0
ホクトスルタン,ホクトスルタン,牡3,,,,,,,,,0
レオエンペラー,レオエンペラー,牡3,,,,,,,,,0
ナタラージャ,ナタラージャ,牡3,,,,,,,,,0
ユメノシルシ,ユメノシルシ,牡5,,,,,,,,,0
サンライズベガ,サンライズベガ,牡3,,,,,,,,,0
フェザーケープ,フェザーケープ,牡3,,,,,,,,,0
バンブーソクラテス,バンブーソクラテス,牡3,,,,,,,,,0
マンハッタンスカイ,マンハッタンスカイ,牡3,,,,,,,,,0
マイネルキーロフ,マイネルキーロフ,牡3,,,,,,,,,0
フェルヴィード,フェルヴィード,牡3,,,,,,,,,0
ベイリングボーイ,ベイリングボーイ,牡3,,,,,,,,,0
ヤマカツティガー,ヤマカツティガー,牡3,,,,,,,,,0
アグネスマクシマム,アグネスマクシマム,牡3,,,,,,,,,0
スマートトリック,スマートトリック,牡3,,,,,,,,,0
ハイソサエティー,ハイソサエティー,牡3,,,,,,,,,0
セトノゼディタブ,セトノゼディタブ,牡5,,,,,,,,,0
デンコウグリーン,デンコウグリーン,牡4,,,,,,,,,0
ポートエレガント,ポートエレガント,牡4,,,,,,,,,0
トーワスラッガー,トーワスラッガー,牡4,,,,,,,,,0
メイショウイグアス,メイショウイグアス,牡4,,,,,,,,,0
パレスチャンピオン,パレスチャンピオン,牡8,,,,,,,,,0
ラブカーナ,ラブカーナ,牝3,,,,,,,,,0
トウカイオスカー,トウカイオスカー,牝3,,,,,,,,,0
ザレマ,ザレマ,牝3,,,,,,,,,0
アドマイヤスペース,アドマイヤスペース,牝3,,,,,,,,,0
スマートストーム,スマートストーム,牝3,,,,,,,,,0
ワンダースピード,ワンダースピード,牡5,,,,,,,,,0
メイショウシャフト,メイショウシャフト,牡4,,,,,,,,,0
ゴールデンダリア,ゴールデンダリア,牡3,,,,,,,,,0
プラテアード,プラテアード,牡3,,,,,,,,,0
センカク,センカク,牡5,,,,,,,,,0
マイネルネオス,マイネルネオス,牡4,,,,,,,,,0
ロングプライド,ロングプライド,牡3,,,,,,,,,0
ナムラジョンブル,ナムラジョンブル,牡3,,,,,,,,,0
エスケーカントリー,エスケーカントリー,牡3,,,,,,,,,0
ディオスクロイ,ディオスクロイ,牡3,,,,,,,,,0
コマンドールクロス,コマンドールクロス,牡3,,,,,,,,,0
ステラパラダイス,ステラパラダイス,牡3,,,,,,,,,0
ロードクルーザー,ロードクルーザー,牡3,,,,,,,,,0
ビードラスティック,ビードラスティック,牡3,,,,,,,,,0
ドラゴンファイヤー,ドラゴンファイヤー,牡3,,,,,,,,,0
グッドババ,グッドババ,せん5,,,,,,,,,0
エイブルワン,エイブルワン,せん5,,,,,,,,,0
ベストグランチャ,ベストグランチャ,せん5,,,,,,,,,0
ビジネスサイクル,ビジネスサイクル,せん8,,,,,,,,,0
ワンダーシンゲキ,ワンダーシンゲキ,せん7,,,,,,,,,0
エイシンデピュティ,エイシンデピュティ,牡5,,,,,,,,,0
トウショウカレッジ,トウショウカレッジ,牡5,,,,,,,,,0
インマイアイズ,インマイアイズ,牡6,,,,,,,,,0
ナカヤマパラダイス,ナカヤマパラダイス,牡4,,,,,,,,,0
アンクルリーサム,アンクルリーサム,牡6,,,,,,,,,0
ミスベロニカ,ミスベロニカ,牝3,,,,,,,,,0
コスモプラチナ,コスモプラチナ,牝4,,,,,,,,,0
ニホンピロブリュレ,ニホンピロブリュレ,牝6,,,,,,,,,0
ロックドゥカンブ,ロックドゥカンブ,牡3,,,,,,,,,0
バブルウイズアラン,バブルウイズアラン,牡3,,,,,,,,,0
トーセンアーチャー,トーセンアーチャー,牡3,,,,,,,,,0
クランエンブレム,クランエンブレム,牡3,,,,,,,,,0
エーシンダードマン,エーシンダードマン,牡3,,,,,,,,,0
レットイットライド,レットイットライド,牡3,,,,,,,,,0
シアトルユー,シアトルユー,牡7,,,,,,,,,0
アップドラフト,アップドラフト,牡5,,,,,,,,,0
アクレイム,アクレイム,牡5,,,,,,,,,0
キングスゾーン,キングスゾーン,牡5,,,,,,,,,0
ワキノカイザー,ワキノカイザー,牡7,,,,,,,,,0
トシザヘネシー,トシザヘネシー,牡5,,,,,,,,,0
フーバーダム,フーバーダム,牡5,,,,,,,,,0
モルトグランデ,モルトグランデ,牡3,,,,,,,,,0
プレミアムボックス,プレミアムボックス,牡4,,,,,,,,,0
ハリーコマンド,ハリーコマンド,せん7,,,,,,,,,0
シーグランプリ,シーグランプリ,せん4,,,,,,,,,0
ホワイトポイント,ホワイトポイント,牝4,,,,,,,,,0
ダイゴシラギク,ダイゴシラギク,牝5,,,,,,,,,0
アラタマサモンズ,アラタマサモンズ,牡5,,,,,,,,,0
マイケルバローズ,マイケルバローズ,牡6,,,,,,,,,0
ハートオブクィーン,ハートオブクィーン,牝2,,,,,,,,,0
ジョイフルスマイル,ジョイフルスマイル,牝2,,,,,,,,,0
イイデケンシン,イイデケンシン,牡2,,,,,,,,,0
ホウザン,ホウザン,牡2,,,,,,,,,0
アポロフェニックス,アポロフェニックス,牡2,,,,,,,,,0
エイブルベガ,エイブルベガ,牡2,,,,,,,,,0
ルミナリエ,ルミナリエ,牝2,,,,,,,,,0
ナムラブレイブ,ナムラブレイブ,牡2,,,,,,,,,0
ベストオブミー,ベストオブミー,牝2,,,,,,,,,0
ディープキッス,ディープキッス,牝2,,,,,,,,,0
0000891170,アイリスモレア,牝2,,,,,,0.0,0.0,0.0,1
メイショウトッパー,メイショウトッパー,牡4,,,,,,,,,0
フレンチビキニ,フレンチビキニ,牝5,,,,,,,,,0
トウショウヴォイス,トウショウヴォイス,牡5,,,,,,,,,0
ダイイチアトム,ダイイチアトム,牡6,,,,,,,,,0
フェイトトリックス,フェイトトリックス,牡6,,,,,,,,,0
サニーネイティブ,サニーネイティブ,牡5,,,,,,,,,0
レヴリ,レヴリ,牝5,,,,,,,,,0
シンボリウエスト,シンボリウエスト,せん7,,,,,,,,,0
ノボライトニング,ノボライトニング,せん4,,,,,,,,,0
サウスバトルマン,サウスバトルマン,牡5,,,,,,,,,0
アドニスシチー,アドニスシチー,牡7,,,,,,,,,0
エスケーアパッチ,エスケーアパッチ,牡7,,,,,,,,,0
バトルブレーヴ,バトルブレーヴ,牡5,,,,,,,,,0
ベルゲン,ベルゲン,牡5,,,,,,,,,0
ヒカリダイキャスト,ヒカリダイキャスト,牡4,,,,,,,,,0
エフティマイア,エフティマイア,牝2,,,,,,,,,0
シャランジュ,シャランジュ,牝2,,,,,,,,,0
ゴールドストレイン,ゴールドストレイン,牡2,,,,,,,,,0
エイシンパンサー,エイシンパンサー,牝2,,,,,,,,,0
タケショウオージ,タケショウオージ,牡2,,,,,,,,,0
タケミカヅチ,タケミカヅチ,牡2,,,,,,,,,0
リーベストラウム,リーベストラウム,牝2,,,,,,,,,0
ダイワマックワン,ダイワマックワン,牡2,,,,,,,,,0
ショウナンアクロス,ショウナンアクロス,牡2,,,,,,,,,0
オースミマーシャル,オースミマーシャル,牡2,,,,,,,,,0
アドマイヤフォース,アドマイヤフォース,牡2,,,,,,,,,0
サマーエタニティ,サマーエタニティ,牝2,,,,,,,,,0
メイショウヨリトモ,メイショウヨリトモ,牡2,,,,,,,,,0
メジロアリス,メジロアリス,牝2,,,,,,,,,0
リーガルアミューズ,リーガルアミューズ,牝2,,,,,,,,,0
ボーデンゼー,ボーデンゼー,牝2,,,,,,,,,0
セレスハント,セレスハント,牡2,,,,,,,,,0
シゲルクシエラ,シゲルクシエラ,牝2,,,,,,,,,0
マルブツイースター,マルブツイースター,牡2,,,,,,,,,0
ミリオンウェーブ,ミリオンウェーブ,牡2,,,,,,,,,0
マイネレーツェル,マイネレーツェル,牝2,,,,,,,,,0
エーシンプリリード,エーシンプリリード,牡2,,,,,,,,,0
レッツゴーキリシマ,レッツゴーキリシマ,牡2,,,,,,,,,0
アキノジャブ,アキノジャブ,牝2,,,,,,,,,0
アグネスクリスタル,アグネスクリスタル,牡2,,,,,,,,,0
コウユーココロコロ,コウユーココロコロ,牝2,,,,,,,,,0
シルクストレングス,シルクストレングス,牡2,,,,,,,,,0
ハンターキリシマ,ハンターキリシマ,牡2,,,,,,,,,0
シゲルトンカーン,シゲルトンカーン,牝2,,,,,,,,,0
0000888086,アイファーハクオー,牡2,,,,,,0.0,0.0,0.0,1
サンワードブル,サンワードブル,牡3,,,,,,,,,0
シグナリオ,シグナリオ,牡3,,,,,,,,,0
リミットブレーカー,リミットブレーカー,牡3,,,,,,,,,0
マイネルグラナーテ,マイネルグラナーテ,牡3,,,,,,,,,0
デストラメンテ,デストラメンテ,牡3,,,,,,,,,0
アップルサイダー,アップルサイダー,牡3,,,,,,,,,0
ナンヨーヘブン,ナンヨーヘブン,牡3,,,,,,,,,0
トップモンジュー,トップモンジュー,牡3,,,,,,,,,0
ニホンピロシェリー,ニホンピロシェリー,牝3,,,,,,,,,0
ブリトマルティス,ブリトマルティス,牝3,,,,,,,,,0
サプライズユー,サプライズユー,牝3,,,,,,,,,0
ベビーフェイス,ベビーフェイス,牝3,,,,,,,,,0
エルベレス,エルベレス,牝3,,,,,,,,,0
0000798792,アキクサクイン,牝3,,,,,,0.0,0.0,0.0,1
オースミサムソン,オースミサムソン,牡5,,,,,,,,,0
シルバーガル,シルバーガル,牡6,,,,,,,,,0
マルブツシルヴァー,マルブツシルヴァー,牡5,,,,,,,,,0
ジャイアンツエール,ジャイアンツエール,牡5,,,,,,,,,0
メイショウワグナー,メイショウワグナー,せん5,,,,,,,,,0
マコトスパルビエロ,マコトスパルビエロ,牡3,,,,,,,,,0
ハスフェル,ハスフェル,牡5,,,,,,,,,0
マルモコウテイ,マルモコウテイ,牡3,,,,,,,,,0
アドマイヤミリオン,アドマイヤミリオン,牡3,,,,,,,,,0
ゴールドキリシマ,ゴールドキリシマ,牡3,,,,,,,,,0
テイエムヤマトオー,テイエムヤマトオー,牡6,,,,,,,,,0
ヒーローアンセム,ヒーローアンセム,せん6,,,,,,,,,0
ナリタプレリュード,ナリタプレリュード,牡5,,,,,,,,,0
オリエンタルロック,オリエンタルロック,牡2,,,,,,,,,0
サブジェクト,サブジェクト,牡2,,,,,,,,,0
カレイジャスミン,カレイジャスミン,牝2,,,,,,,,,0
グラーフ,グラーフ,牝2,,,,,,,,,0
アモーレヴォレ,アモーレヴォレ,牝2,,,,,,,,,0
レディービスティー,レディービスティー,牝2,,,,,,,,,0
ウイントリガー,ウイントリガー,牡2,,,,,,,,,0
ヤマニンキングリー,ヤマニンキングリー,牡2,,,,,,,,,0
ヤマカツオーキッド,ヤマカツオーキッド,牝2,,,,,,,,,0
ピエナエイム,ピエナエイム,牡2,,,,,,,,,0
マイネルスターリー,マイネルスターリー,牡2,,,,,,,,,0
メジロガストン,メジロガストン,牡2,,,,,,,,,0
ネオスピリッツ,ネオスピリッツ,牡2,,,,,,,,,0
ダンスアジョイ,ダンスアジョイ,牡6,,,,,,,,,0
マイネルヴェステン,マイネルヴェステン,牡4,,,,,,,,,0
メモリーオブヨーク,メモリーオブヨーク,牡5,,,,,,,,,0
パワーホール,パワーホール,牡7,,,,,,,,,0
レッツゴーアテネ,レッツゴーアテネ,せん6,,,,,,,,,0
チャッティーギャル,チャッティーギャル,牝5,,,,,,,,,0
クルワザード,クルワザード,牡5,,,,,,,,,0
ユウターアクセス,ユウターアクセス,牡4,,,,,,,,,0
キャプテントゥーレ,キャプテントゥーレ,牡2,,,,,,,,,0
ジョニーバローズ,ジョニーバローズ,牡2,,,,,,,,,0
ホッコービクトリー,ホッコービクトリー,牡2,,,,,,,,,0
マリエンベルク,マリエンベルク,牡2,,,,,,,,,0
ツルマルストーム,ツルマルストーム,牡2,,,,,,,,,0
マイネルフェスタ,マイネルフェスタ,牡2,,,,,,,,,0
シゲルハスラット,シゲルハスラット,牡2,,,,,,,,,0
インステップキック,インステップキック,牡2,,,,,,,,,0
タイキマドレーヌ,タイキマドレーヌ,牝4,,,,,,,,,0
ユキノマーメイド,ユキノマーメイド,牝4,,,,,,,,,0
プライムナンバー,プライムナンバー,牝5,,,,,,,,,0
カレンナサクラ,カレンナサクラ,牝3,,,,,,,,,0
クィーンスプマンテ,クィーンスプマンテ,牝3,,,,,,,,,0
タガノプルミエール,タガノプルミエール,牝3,,,,,,,,,0
ヒシアスペン,ヒシアスペン,牝3,,,,,,,,,0
デュオトーン,デュオトーン,牡3,,,,,,,,,0
ブルーマーテル,ブルーマーテル,牡3,,,,,,,,,0
ウエイクアイランド,ウエイクアイランド,牡3,,,,,,,,,0
エイシンロンバード,エイシンロンバード,牡5,,,,,,,,,0
ユノナゲット,ユノナゲット,牡5,,,,,,,,,0
ウイングシチー,ウイングシチー,せん5,,,,,,,,,0
モンテタイウン,モンテタイウン,牡8,,,,,,,,,0
サイキョウワールド,サイキョウワールド,牡5,,,,,,,,,0
オートセレブ,オートセレブ,牡5,,,,,,,,,0
ボンネビルレコード,ボンネビルレコード,牡5,,,,,,,,,0
アドマイヤジュピタ,アドマイヤジュピタ,牡4,,,,,,,,,0
リキアイサイレンス,リキアイサイレンス,牡6,,,,,,,,,0
カゼノコウテイ,カゼノコウテイ,牡4,,,,,,,,,0
オディール,オディール,牝2,,,,,,,,,0
エイムアットビップ,エイムアットビップ,牝2,,,,,,,,,0
ビーチアイドル,ビーチアイドル,牝2,,,,,,,,,0
チェレブリタ,チェレブリタ,牝2,,,,,,,,,0
デューン,デューン,牝2,,,,,,,,,0
サマーファインデイ,サマーファインデイ,牝2,,,,,,,,,0
リマレックス,リマレックス,牝2,,,,,,,,,0
ドリームローズ,ドリームローズ,牝2,,,,,,,,,0
フラミニアンウェイ,フラミニアンウェイ,牝2,,,,,,,,,0
ギンザフローラル,ギンザフローラル,牝2,,,,,,,,,0
ルルパンブルー,ルルパンブルー,牝2,,,,,,,,,0
アポロドルチェ,アポロドルチェ,牡2,,,,,,,,,0
ドリームシグナル,ドリームシグナル,牡2,,,,,,,,,0
フォーチュンワード,フォーチュンワード,牝2,,,,,,,,,0
ミッキーチアフル,ミッキーチアフル,牡2,,,,,,,,,0
ホッカイカンティ,ホッカイカンティ,牡2,,,,,,,,,0
シベリアントム,シベリアントム,牡2,,,,,,,,,0
ダイワアンリ,ダイワアンリ,牡2,,,,,,,,,0
ダイナマイトシコク,ダイナマイトシコク,牡2,,,,,,,,,0
テイエムトッパズレ,テイエムトッパズレ,牡4,,,,,,,,,0
マーベラスチーフ,マーベラスチーフ,牡4,,,,,,,,,0
マイハッピークロス,マイハッピークロス,牡5,,,,,,,,,0
フサイチアソート,フサイチアソート,牡2,,,,,,,,,0
スズジュピター,スズジュピター,牡2,,,,,,,,,0
スマイルジャック,スマイルジャック,牡2,,,,,,,,,0
ゴスホークケン,ゴスホークケン,牡2,,,,,,,,,0
ベンチャーナイン,ベンチャーナイン,牡2,,,,,,,,,0
ジェントルフォーク,ジェントルフォーク,牡2,,,,,,,,,0
リアルヴィクトリー,リアルヴィクトリー,牡2,,,,,,,,,0
ダンツキッスイ,ダンツキッスイ,牡2,,,,,,,,,0
シングンリターンズ,シングンリターンズ,牡2,,,,,,,,,0
ダノンインスパイア,ダノンインスパイア,牡2,,,,,,,,,0
マイネルエルマス,マイネルエルマス,牡2,,,,,,,,,0
コスモコマンダ,コスモコマンダ,牡2,,,,,,,,,0
ベクラックス,ベクラックス,せん5,,,,,,,,,0
クールシャローン,クールシャローン,牝3,,,,,,,,,0
スチューデントカウンシル,スチューデントカウンシル,牡5,,,,,,,,,0
ジャックサリヴァン,ジャックサリヴァン,せん6,,,,,,,,,0
キャンディデート,キャンディデート,牡5,,,,,,,,,0
ペイパルブル,ペイパルブル,牡4,,,,,,,,,0
アルティストロワイヤル,アルティストロワイヤル,牡6,,,,,,,,,0
サデックス,サデックス,牡4,,,,,,,,,0
ハリカナサス,ハリカナサス,牡3,,,,,,,,,0
パープルファルコン,パープルファルコン,牡7,,,,,,,,,0
アドマイヤグローリ,アドマイヤグローリ,牡4,,,,,,,,,0
トールポピー,トールポピー,牝2,,,,,,,,,0
レーヴダムール,レーヴダムール,牝2,,,,,,,,,0
レジネッタ,レジネッタ,牝2,,,,,,,,,0
ニシノガーランド,ニシノガーランド,牝2,,,,,,,,,0
ラルケット,ラルケット,牝2,,,,,,,,,0
アロマキャンドル,アロマキャンドル,牝2,,,,,,,,,0
ヴァリアントレディ,ヴァリアントレディ,牝2,,,,,,,,,0
マイネブリッツ,マイネブリッツ,牝2,,,,,,,,,0
トラストパープル,トラストパープル,牝2,,,,,,,,,0
アクセルカフェ,アクセルカフェ,牡3,,,,,,,,,0
フィールドベアー,フィールドベアー,牡4,,,,,,,,,0
マルヨフェニックス,マルヨフェニックス,牡3,,,,,,,,,0
エーシンフォワード,エーシンフォワード,牡2,,,,,,,,,0
ドリームガードナー,ドリームガードナー,牡2,,,,,,,,,0
スマートギャング,スマートギャング,牡2,,,,,,,,,0
ギンゲイ,ギンゲイ,牡2,,,,,,,,,0
マイネカンナ,マイネカンナ,牝3,,,,,,,,,0
トップセラー,トップセラー,牝5,,,,,,,,,0
ナスノフィオナ,ナスノフィオナ,牝5,,,,,,,,,0
スワンキーポーチ,スワンキーポーチ,牝2,,,,,,,,,0
エーソングフォー,エーソングフォー,牝2,,,,,,,,,0
メイビリーヴ,メイビリーヴ,牝2,,,,,,,,,0
サクラカスケード,サクラカスケード,牝2,,,,,,,,,0
ピエナプリンセス,ピエナプリンセス,牝2,,,,,,,,,0
コスモグラマラス,コスモグラマラス,牝2,,,,,,,,,0
ミスティフォレスト,ミスティフォレスト,牝2,,,,,,,,,0
カネトシツヨシオー,カネトシツヨシオー,牡4,,,,,,,,,0
ダンスフォーウィン,ダンスフォーウィン,牡4,,,,,,,,,0
プリンセスルシータ,プリンセスルシータ,牝5,,,,,,,,,0
デイトレーダー,デイトレーダー,牡4,,,,,,,,,0
サダムイダテン,サダムイダテン,牡2,,,,,,,,,0
メイショウクオリア,メイショウクオリア,牡2,,,,,,,,,0
イイデシンゲン,イイデシンゲン,牡2,,,,,,,,,0
マイネルファルケ,マイネルファルケ,牡2,,,,,,,,,0
ダンツウィニング,ダンツウィニング,牡2,,,,,,,,,0
ダノンイサオ,ダノンイサオ,牡2,,,,,,,,,0
フローテーション,フローテーション,牡2,,,,,,,,,0
ランチボックス,ランチボックス,牡2,,,,,,,,,0
ピエナポパイ,ピエナポパイ,牡2,,,,,,,,,0
マイハートマイラブ,マイハートマイラブ,牡2,,,,,,,,,0
レゴラス,レゴラス,牡6,,,,,,,,,0
カオリノーブル,カオリノーブル,せん9,,,,,,,,,0
タイキヴァンベール,タイキヴァンベール,牡8,,,,,,,,,0
リキッドノーツ,リキッドノーツ,牡7,,,,,,,,,0
トーセンザオー,トーセンザオー,牡8,,,,,,,,,0
フリートアピール,フリートアピール,牡6,,,,,,,,,0
ヤマノルドルフ,ヤマノルドルフ,牡7,,,,,,,,,0
マヤノベンケイ,マヤノベンケイ,牡3,,,,,,,,,0
チョウサンデイ,チョウサンデイ,牡3,,,,,,,,,0
ラインプレアー,ラインプレアー,牡3,,,,,,,,,0
ジェイラッカー,ジェイラッカー,牡3,,,,,,,,,0
ディアヤマト,ディアヤマト,牡3,,,,,,,,,0
マイネルチャールズ,マイネルチャールズ,牡3,,,,,,,,,0
0000885696,アイティトップ,牡3,,,,,,0.0,0.0,0.0,1
リトルアマポーラ,リトルアマポーラ,牝3,,,,,,,,,0
ニシノシュテルン,ニシノシュテルン,牡3,,,,,,,,,0
ステルスソニック,ステルスソニック,牡3,,,,,,,,,0
ドットコム,ドットコム,牡3,,,,,,,,,0
モエレヘイセイ,モエレヘイセイ,牡3,,,,,,,,,0
プラチナメーン,プラチナメーン,牡3,,,,,,,,,0
アポロマハル,アポロマハル,牡3,,,,,,,,,0
ブラックアルタイル,ブラックアルタイル,せん6,,,,,,,,,0
マイネルアワグラス,マイネルアワグラス,牡4,,,,,,,,,0
サトノスローン,サトノスローン,牡5,,,,,,,,,0
ウインカーディナル,ウインカーディナル,牡6,,,,,,,,,0
サンライズレクサス,サンライズレクサス,牡5,,,,,,,,,0
バレンソール,バレンソール,牝6,,,,,,,,,0
アドマイヤスバル,アドマイヤスバル,牡5,,,,,,,,,0
ワーキングボーイ,ワーキングボーイ,牡5,,,,,,,,,0
ヒシカツリーダー,ヒシカツリーダー,牡4,,,,,,,,,0
テイエムノブシオー,テイエムノブシオー,牡5,,,,,,,,,0
ショウナンアルバ,ショウナンアルバ,牡3,,,,,,,,,0
スマートファルコン,スマートファルコン,牡3,,,,,,,,,0
マイネルプレーザ,マイネルプレーザ,牡3,,,,,,,,,0
ノットアローン,ノットアローン,牡3,,,,,,,,,0
レオマイスター,レオマイスター,牡3,,,,,,,,,0
サトノハピネス,サトノハピネス,牡3,,,,,,,,,0
ストーミーペガサス,ストーミーペガサス,牡3,,,,,,,,,0
ラムタラプリンス,ラムタラプリンス,牡7,,,,,,,,,0
レインボーペガサス,レインボーペガサス,牡3,,,,,,,,,0
ダイシンプラン,ダイシンプラン,牡3,,,,,,,,,0
アルカザン,アルカザン,牡3,,,,,,,,,0
ブラックシェル,ブラックシェル,牡3,,,,,,,,,0
ナムラクレセント,ナムラクレセント,牡3,,,,,,,,,0
マッキーバッハ,マッキーバッハ,牡3,,,,,,,,,0
アグネススターチ,アグネススターチ,牡3,,,,,,,,,0
ライムキャンディ,ライムキャンディ,牝3,,,,,,,,,0
デヴェロッペ,デヴェロッペ,牝3,,,,,,,,,0
マイネウインク,マイネウインク,牝3,,,,,,,,,0
パッションローズ,パッションローズ,牝3,,,,,,,,,0
マルターズオリジン,マルターズオリジン,牝3,,,,,,,,,0
オールフォーミー,オールフォーミー,牝3,,,,,,,,,0
ラヴドシャンクシー,ラヴドシャンクシー,牝3,,,,,,,,,0
エーティーボス,エーティーボス,牡4,,,,,,,,,0
アンパサンド,アンパサンド,牡4,,,,,,,,,0
フジノウェーブ,フジノウェーブ,牡6,,,,,,,,,0
ディープスカイ,ディープスカイ,牡3,,,,,,,,,0
オースミスパーク,オースミスパーク,牡3,,,,,,,,,0
ポルトフィーノ,ポルトフィーノ,牝3,,,,,,,,,0
ロードニュースター,ロードニュースター,牡3,,,,,,,,,0
ルールプロスパー,ルールプロスパー,牡3,,,,,,,,,0
フェイムロバリー,フェイムロバリー,牡3,,,,,,,,,0
ウインレックス,ウインレックス,せん7,,,,,,,,,0
マルカフェニックス,マルカフェニックス,牡4,,,,,,,,,0
リキサンファイター,リキサンファイター,牡4,,,,,,,,,0
エアパスカル,エアパスカル,牝3,,,,,,,,,0
スペルバインド,スペルバインド,牝3,,,,,,,,,0
ムードインディゴ,ムードインディゴ,牝3,,,,,,,,,0
ハイカックウ,ハイカックウ,牝3,,,,,,,,,0
メイショウジェイ,メイショウジェイ,牝3,,,,,,,,,0
マルチメトリック,マルチメトリック,牝3,,,,,,,,,0
コウヨウマリーン,コウヨウマリーン,牝3,,,,,,,,,0
ギュイエンヌ,ギュイエンヌ,牝3,,,,,,,,,0
ユキノサッシュ,ユキノサッシュ,牝3,,,,,,,,,0
オペラセリア,オペラセリア,牝3,,,,,,,,,0
メジロアースラ,メジロアースラ,牝3,,,,,,,,,0
ニックバイエフオー,ニックバイエフオー,牝3,,,,,,,,,0
テラノファントム,テラノファントム,牡3,,,,,,,,,0
0000891980,アインラクス,牡3,,,,,,0.0,0.0,0.0,1
ミッキージェット,ミッキージェット,牡3,,,,,,,,,0
ライムライトシチー,ライムライトシチー,牡3,,,,,,,,,0
コーナーストーン,コーナーストーン,牡4,,,,,,,,,0
ダノンゴーゴー,ダノンゴーゴー,牡3,,,,,,,,,0
ダイワシークレット,ダイワシークレット,牡3,,,,,,,,,0
シルクビッグタイム,シルクビッグタイム,牡3,,,,,,,,,0
リバータウン,リバータウン,牡3,,,,,,,,,0
メイプルストリート,メイプルストリート,牝3,,,,,,,,,0
テンシノボストン,テンシノボストン,牡3,,,,,,,,,0
コスモランゲル,コスモランゲル,牝3,,,,,,,,,0
ナリタアタッカー,ナリタアタッカー,牡3,,,,,,,,,0
コスモジャイロ,コスモジャイロ,牝3,,,,,,,,,0
マンテンフラワー,マンテンフラワー,牝5,,,,,,,,,0
ウォータートリトン,ウォータートリトン,牡5,,,,,,,,,0
リネンメイン,リネンメイン,牡9,,,,,,,,,0
ダンスオールナイト,ダンスオールナイト,牝5,,,,,,,,,0
マルノマンハッタン,マルノマンハッタン,牝4,,,,,,,,,0
ラベ,ラベ,牝3,,,,,,,,,0
マチカネハヤテ,マチカネハヤテ,牝3,,,,,,,,,0
ミゼリコルデ,ミゼリコルデ,牝3,,,,,,,,,0
ペプチドルビー,ペプチドルビー,牝3,,,,,,,,,0
ワンモアグリッター,ワンモアグリッター,牝3,,,,,,,,,0
ブラックエンブレム,ブラックエンブレム,牝3,,,,,,,,,0
レッドアゲート,レッドアゲート,牝3,,,,,,,,,0
シングライクバード,シングライクバード,牝3,,,,,,,,,0
プティマカロン,プティマカロン,牝3,,,,,,,,,0
ハイエストホワイト,ハイエストホワイト,牝3,,,,,,,,,0
ビービーモデナ,ビービーモデナ,牝3,,,,,,,,,0
マロンティアラ,マロンティアラ,牝3,,,,,,,,,0
スペシャルディナー,スペシャルディナー,牝3,,,,,,,,,0
マイネフルーレ,マイネフルーレ,牝3,,,,,,,,,0
デルマベガ,デルマベガ,牝3,,,,,,,,,0
アサクサダンディ,アサクサダンディ,牡3,,,,,,,,,0
シンワラヴ,シンワラヴ,牡3,,,,,,,,,0
ウォーボネット,ウォーボネット,牡3,,,,,,,,,0
ダイワワイルドボア,ダイワワイルドボア,牡3,,,,,,,,,0
オーロマイスター,オーロマイスター,牡3,,,,,,,,,0
ドリームフライト,ドリームフライト,牡4,,,,,,,,,0
チャンストウライ,チャンストウライ,牡5,,,,,,,,,0
マヒオレ,マヒオレ,牡4,,,,,,,,,0
ペガサスファイト,ペガサスファイト,牡6,,,,,,,,,0
レッドドラゴン,レッドドラゴン,牡4,,,,,,,,,0
アドマイヤコマンド,アドマイヤコマンド,牡3,,,,,,,,,0
ミダースタッチ,ミダースタッチ,牡3,,,,,,,,,0
ロードバリオス,ロードバリオス,牡3,,,,,,,,,0
テイエムチーター,テイエムチーター,牡3,,,,,,,,,0
シャイニングデイ,シャイニングデイ,牡3,,,,,,,,,0
ロスペトリュス,ロスペトリュス,牡3,,,,,,,,,0
リヴザルト,リヴザルト,牡3,,,,,,,,,0
クリノダイシス,クリノダイシス,牡3,,,,,,,,,0
ナナヨーヒマワリ,ナナヨーヒマワリ,牡7,,,,,,,,,0
ブラックランナー,ブラックランナー,牡5,,,,,,,,,0
パレスショットガン,パレスショットガン,牡4,,,,,,,,,0
サトノプログレス,サトノプログレス,牡3,,,,,,,,,0
タマモスクワート,タマモスクワート,牡3,,,,,,,,,0
アポロラムセス,アポロラムセス,牡3,,,,,,,,,0
スペシャルブレイド,スペシャルブレイド,牡3,,,,,,,,,0
リーサムクラウン,リーサムクラウン,牡3,,,,,,,,,0
エイジアンウインズ,エイジアンウインズ,牝4,,,,,,,,,0
キッスアンドライド,キッスアンドライド,牝5,,,,,,,,,0
タニノハイクレア,タニノハイクレア,牝4,,,,,,,,,0
ヘイローフジ,ヘイローフジ,牝5,,,,,,,,,0
ソーマジック,ソーマジック,牝3,,,,,,,,,0
マダムルコント,マダムルコント,牝3,,,,,,,,,0
テイエムエース,テイエムエース,牡5,,,,,,,,,0
アラームコール,アラームコール,せん8,,,,,,,,,0
フォレストダンス,フォレストダンス,牡6,,,,,,,,,0
グライディング,グライディング,せん8,,,,,,,,,0
オートゼウス,オートゼウス,牡9,,,,,,,,,0
ゲイルスパーキー,ゲイルスパーキー,牡4,,,,,,,,,0
ヴィクトリアアイ,ヴィクトリアアイ,牝4,,,,,,,,,0
キュートエンブレム,キュートエンブレム,牝3,,,,,,,,,0
メイショウベルーガ,メイショウベルーガ,牝3,,,,,,,,,0
カイゼリン,カイゼリン,牝3,,,,,,,,,0
ユキチャン,ユキチャン,牝3,,,,,,,,,0
アグネスミヌエット,アグネスミヌエット,牝3,,,,,,,,,0
サワヤカラスカル,サワヤカラスカル,牝3,,,,,,,,,0
テイクバイストーム,テイクバイストーム,牝3,,,,,,,,,0
フィックルベリー,フィックルベリー,牝3,,,,,,,,,0
ポコアポコフォルテ,ポコアポコフォルテ,牝3,,,,,,,,,0
アポロクイック,アポロクイック,牝3,,,,,,,,,0
ガーデンスタイル,ガーデンスタイル,牝3,,,,,,,,,0
ゲイルバニヤン,ゲイルバニヤン,牡5,,,,,,,,,0
クリスタルウイング,クリスタルウイング,牡3,,,,,,,,,0
モンテクリスエス,モンテクリスエス,牡3,,,,,,,,,0
ゴールデンハッチ,ゴールデンハッチ,牡3,,,,,,,,,0
ニシノエモーション,ニシノエモーション,牡3,,,,,,,,,0
トレノクリスエス,トレノクリスエス,牡3,,,,,,,,,0
オリエンタルヨーク,オリエンタルヨーク,牡3,,,,,,,,,0
ゴールデンルーヴェ,ゴールデンルーヴェ,牡3,,,,,,,,,0
ドリームキューブ,ドリームキューブ,牡3,,,,,,,,,0
マゼラン,マゼラン,牡3,,,,,,,,,0
ファビラスボーイ,ファビラスボーイ,牡3,,,,,,,,,0
フジヤマラムセス,フジヤマラムセス,牡3,,,,,,,,,0
シャドークロス,シャドークロス,牡3,,,,,,,,,0
ロードアリエス,ロードアリエス,牡3,,,,,,,,,0
マイネルローゼン,マイネルローゼン,牡3,,,,,,,,,0
ホワイトピルグリム,ホワイトピルグリム,牡3,,,,,,,,,0
ブラストダッシュ,ブラストダッシュ,牡3,,,,,,,,,0
フィッツロイ,フィッツロイ,牡3,,,,,,,,,0
グローリーシーズ,グローリーシーズ,牡3,,,,,,,,,0
クリノコブオー,クリノコブオー,牡3,,,,,,,,,0
リッカロイヤル,リッカロイヤル,牡3,,,,,,,,,0
ポーラーライツ,ポーラーライツ,牡3,,,,,,,,,0
ヨドノヒーロー,ヨドノヒーロー,牡3,,,,,,,,,0
チキリボーイ,チキリボーイ,牡3,,,,,,,,,0
ヒルノラディアン,ヒルノラディアン,牡3,,,,,,,,,0
バトルバニヤン,バトルバニヤン,牡4,,,,,,,,,0
ファリダット,ファリダット,牡3,,,,,,,,,0
スプリングソング,スプリングソング,牡3,,,,,,,,,0
アンダーカウンター,アンダーカウンター,牡3,,,,,,,,,0
セッカチセージ,セッカチセージ,牡3,,,,,,,,,0
リーガルスキーム,リーガルスキーム,牡3,,,,,,,,,0
メイケイグリーン,メイケイグリーン,せん4,,,,,,,,,0
ゴールドリーズン,ゴールドリーズン,牡5,,,,,,,,,0
カリスマコンコルド,カリスマコンコルド,牡4,,,,,,,,,0
シゲルイサイダカ,シゲルイサイダカ,牡5,,,,,,,,,0
ケアレスウィスパー,ケアレスウィスパー,牝4,,,,,,,,,0
サクセスブロッケン,サクセスブロッケン,牡3,,,,,,,,,0
キングトップガン,キングトップガン,牡5,,,,,,,,,0
ヒカリシャトル,ヒカリシャトル,牡4,,,,,,,,,0
ユビキタス,ユビキタス,牡3,,,,,,,,,0
スカーレットライン,スカーレットライン,牡3,,,,,,,,,0
ナンヨーヒルトップ,ナンヨーヒルトップ,牡3,,,,,,,,,0
クリールパッション,クリールパッション,牡3,,,,,,,,,0
リュウケン,リュウケン,牡3,,,,,,,,,0
ドリームスカイラブ,ドリームスカイラブ,牡3,,,,,,,,,0
タカラストーン,タカラストーン,牡3,,,,,,,,,0
アルマダ,アルマダ,せん7,,,,,,,,,0
オープンガーデン,オープンガーデン,牡4,,,,,,,,,0
フジヤマホーク,フジヤマホーク,牡5,,,,,,,,,0
ヒカルオオゾラ,ヒカルオオゾラ,牡4,,,,,,,,,0
マイネルキッツ,マイネルキッツ,牡5,,,,,,,,,0
ファストロック,ファストロック,牡4,,,,,,,,,0
スリープレスナイト,スリープレスナイト,牝4,,,,,,,,,0
トーホウシャイン,トーホウシャイン,牝5,,,,,,,,,0
ホウショウループ,ホウショウループ,牝4,,,,,,,,,0
ダイバーシティ,ダイバーシティ,牡3,,,,,,,,,0
スマートギア,スマートギア,牡3,,,,,,,,,0
キングオブカルト,キングオブカルト,牡3,,,,,,,,,0
プロヴィナージュ,プロヴィナージュ,牝3,,,,,,,,,0
スイートカルタゴ,スイートカルタゴ,牝3,,,,,,,,,0
ミヤビランベリ,ミヤビランベリ,牡5,,,,,,,,,0
アクティブアクト,アクティブアクト,牝6,,,,,,,,,0
ビエンナーレ,ビエンナーレ,牝5,,,,,,,,,0
ヴァンクルタテヤマ,ヴァンクルタテヤマ,牡6,,,,,,,,,0
ビッグカポネ,ビッグカポネ,牡5,,,,,,,,,0
ラインドライブ,ラインドライブ,せん5,,,,,,,,,0
ゼンノパルテノン,ゼンノパルテノン,牡6,,,,,,,,,0
ハナイチリン,ハナイチリン,牝5,,,,,,,,,0
ゴールデンシャイン,ゴールデンシャイン,牡4,,,,,,,,,0
ピクシーストーン,ピクシーストーン,牡5,,,,,,,,,0
メイショウラダック,メイショウラダック,牡3,,,,,,,,,0
カネトシパワフル,カネトシパワフル,牡5,,,,,,,,,0
サザンジェネラル,サザンジェネラル,牡3,,,,,,,,,0
ダイシングロウ,ダイシングロウ,牡4,,,,,,,,,0
フィフスペトル,フィフスペトル,牡2,,,,,,,,,0
ナムラミーティア,ナムラミーティア,牝2,,,,,,,,,0
0000989862,アイアンデューク,牡2,,,,,,0.0,0.0,0.0,1
サダムテンジン,サダムテンジン,牝2,,,,,,,,,0
バイラオーラ,バイラオーラ,牝2,,,,,,,,,0
ルシュクル,ルシュクル,牝2,,,,,,,,,0
コパノマユチャン,コパノマユチャン,牝2,,,,,,,,,0
ケイアイジンジン,ケイアイジンジン,牡2,,,,,,,,,0
ラインブラッド,ラインブラッド,牡2,,,,,,,,,0
シシャモチャン,シシャモチャン,牝2,,,,,,,,,0
ベルシャルル,ベルシャルル,牝2,,,,,,,,,0
ヒシアカデミー,ヒシアカデミー,牡2,,,,,,,,,0
0000989334,アイアムカミノマゴ,牝2,,,,,,0.0,0.0,0.0,1
ディーズハイビガー,ディーズハイビガー,牝2,,,,,,,,,0
メジロチャンプ,メジロチャンプ,牡2,,,,,,,,,0
マシュリク,マシュリク,牡5,,,,,,,,,0
マッチメイト,マッチメイト,牡5,,,,,,,,,0
マンテンハット,マンテンハット,牝6,,,,,,,,,0
ユウタービスケット,ユウタービスケット,牡4,,,,,,,,,0
ブラックレディ,ブラックレディ,牝4,,,,,,,,,0
タイキレーザー,タイキレーザー,牡5,,,,,,,,,0
コスモラバンジン,コスモラバンジン,牡5,,,,,,,,,0
ジンデンバリュー,ジンデンバリュー,牡5,,,,,,,,,0
ヒシバトル,ヒシバトル,せん6,,,,,,,,,0
シャコーバニラ,シャコーバニラ,牝5,,,,,,,,,0
リスティアダーリン,リスティアダーリン,牡7,,,,,,,,,0
マヤノツルギ,マヤノツルギ,牡4,,,,,,,,,0
サンダルフォン,サンダルフォン,牡5,,,,,,,,,0
キャッチータイトル,キャッチータイトル,牝5,,,,,,,,,0
セイウンワンダー,セイウンワンダー,牡2,,,,,,,,,0
ツクバホクトオー,ツクバホクトオー,牡2,,,,,,,,,0
バンガロール,バンガロール,牡2,,,,,,,,,0
エイシンタイガー,エイシンタイガー,牡2,,,,,,,,,0
カヴァリエ,カヴァリエ,牡2,,,,,,,,,0
シルクドミニオン,シルクドミニオン,牡2,,,,,,,,,0
ストロングガルーダ,ストロングガルーダ,牡2,,,,,,,,,0
マッハヴェロシティ,マッハヴェロシティ,牡2,,,,,,,,,0
ダイワバーガンディ,ダイワバーガンディ,牝2,,,,,,,,,0
マイネルウェイヴ,マイネルウェイヴ,牡2,,,,,,,,,0
ゴールドスパークル,ゴールドスパークル,牡2,,,,,,,,,0
ガンズオブナバロン,ガンズオブナバロン,牡2,,,,,,,,,0
ドリームゼニス,ドリームゼニス,牡2,,,,,,,,,0
スガノメダリスト,スガノメダリスト,牡2,,,,,,,,,0
タニノベローナ,タニノベローナ,牝2,,,,,,,,,0
デグラーティア,デグラーティア,牝2,,,,,,,,,0
コウエイハート,コウエイハート,牝2,,,,,,,,,0
ツルマルジャパン,ツルマルジャパン,牡2,,,,,,,,,0
シルクナデシコ,シルクナデシコ,牝2,,,,,,,,,0
ワンカラット,ワンカラット,牝2,,,,,,,,,0
ノアウイニング,ノアウイニング,牝2,,,,,,,,,0
レディルージュ,レディルージュ,牝2,,,,,,,,,0
マルカゼウス,マルカゼウス,牡2,,,,,,,,,0
ヒットヒットヒット,ヒットヒットヒット,牡2,,,,,,,,,0
ジャングルストーン,ジャングルストーン,牡2,,,,,,,,,0
シーポラリス,シーポラリス,牡2,,,,,,,,,0
エリモプリンセス,エリモプリンセス,牝2,,,,,,,,,0
メイクデュース,メイクデュース,牝2,,,,,,,,,0
エーシンワンダーズ,エーシンワンダーズ,牝2,,,,,,,,,0
パレスシュガー,パレスシュガー,牝2,,,,,,,,,0
クリノスレンダー,クリノスレンダー,牝2,,,,,,,,,0
ジーンハンター,ジーンハンター,牡6,,,,,,,,,0
ドングラシアス,ドングラシアス,牡4,,,,,,,,,0
テイエムモノノフ,テイエムモノノフ,牡4,,,,,,,,,0
トーワベガ,トーワベガ,牡4,,,,,,,,,0
ランドベスト,ランドベスト,牡6,,,,,,,,,0
ジョッシュ,ジョッシュ,牡9,,,,,,,,,0
マックスチャンプ,マックスチャンプ,牡7,,,,,,,,,0
ナリタダイコク,ナリタダイコク,牡3,,,,,,,,,0
コンベンション,コンベンション,牡3,,,,,,,,,0
キングスエンブレム,キングスエンブレム,牡3,,,,,,,,,0
シルクマンハッタン,シルクマンハッタン,牡3,,,,,,,,,0
リノーンリーズン,リノーンリーズン,牡3,,,,,,,,,0
ローズカットダイヤ,ローズカットダイヤ,牝3,,,,,,,,,0
オグリオトメ,オグリオトメ,牝3,,,,,,,,,0
メイショウアサガオ,メイショウアサガオ,牝3,,,,,,,,,0
ダイワスピリット,ダイワスピリット,牝3,,,,,,,,,0
ウォーターリメイン,ウォーターリメイン,牝3,,,,,,,,,0
ジョーイロンデル,ジョーイロンデル,牝3,,,,,,,,,0
ブライティアカペラ,ブライティアカペラ,牝3,,,,,,,,,0
オウケンブルースリ,オウケンブルースリ,牡3,,,,,,,,,0
エイシンブイダンス,エイシンブイダンス,牡3,,,,,,,,,0
ヤマニンリュバン,ヤマニンリュバン,牡3,,,,,,,,,0
スエズ,スエズ,牡3,,,,,,,,,0
マイネルマニセス,マイネルマニセス,牡4,,,,,,,,,0
ダノンビクトリー,ダノンビクトリー,牡7,,,,,,,,,0
ナリタブラック,ナリタブラック,牡6,,,,,,,,,0
マイネルテセウス,マイネルテセウス,牡5,,,,,,,,,0
ロジユニヴァース,ロジユニヴァース,牡2,,,,,,,,,0
イグゼキュティヴ,イグゼキュティヴ,牡2,,,,,,,,,0
モエレエキスパート,モエレエキスパート,牡2,,,,,,,,,0
テーオーストーム,テーオーストーム,牡2,,,,,,,,,0
ピロートーク,ピロートーク,牝2,,,,,,,,,0
ダノンヒデキ,ダノンヒデキ,牡2,,,,,,,,,0
メイショウイエミツ,メイショウイエミツ,牡2,,,,,,,,,0
フォーレイカー,フォーレイカー,牡2,,,,,,,,,0
アグネスクイック,アグネスクイック,牡2,,,,,,,,,0
ステイマックス,ステイマックス,牡2,,,,,,,,,0
ナムラカイシュウ,ナムラカイシュウ,牡2,,,,,,,,,0
アドマイヤサムライ,アドマイヤサムライ,牡2,,,,,,,,,0
イーサンヘモス,イーサンヘモス,牡2,,,,,,,,,0
アグネストレジャー,アグネストレジャー,牡6,,,,,,,,,0
テキサスイーグル,テキサスイーグル,牡4,,,,,,,,,0
ローレルハンバーバ,ローレルハンバーバ,牡5,,,,,,,,,0
シェーンヴァルト,シェーンヴァルト,牡2,,,,,,,,,0
ホッコータキオン,ホッコータキオン,牡2,,,,,,,,,0
キングスレガリア,キングスレガリア,牡2,,,,,,,,,0
ピースピース,ピースピース,牡2,,,,,,,,,0
アラシヲヨブオトコ,アラシヲヨブオトコ,牡2,,,,,,,,,0
トップカミング,トップカミング,牡2,,,,,,,,,0
アローベアタキオン,アローベアタキオン,牡2,,,,,,,,,0
キングアレキサンダ,キングアレキサンダ,牡2,,,,,,,,,0
トップオブピーコイ,トップオブピーコイ,牡2,,,,,,,,,0
ナムラタイシ,ナムラタイシ,牡2,,,,,,,,,0
スウッシュ,スウッシュ,牡2,,,,,,,,,0
ヴィヴィッドカラー,ヴィヴィッドカラー,牝4,,,,,,,,,0
ブライティアパルス,ブライティアパルス,牝3,,,,,,,,,0
ピサノジュバン,ピサノジュバン,牝3,,,,,,,,,0
シゲルフセルト,シゲルフセルト,牡3,,,,,,,,,0
フサイチミライ,フサイチミライ,牝5,,,,,,,,,0
キクノサリーレ,キクノサリーレ,牡3,,,,,,,,,0
カルナバリート,カルナバリート,牡5,,,,,,,,,0
ダイショウジェット,ダイショウジェット,牡5,,,,,,,,,0
ゼンノコーラル,ゼンノコーラル,牡7,,,,,,,,,0
ジャガーメイル,ジャガーメイル,牡4,,,,,,,,,0
キングアーサー,キングアーサー,牡5,,,,,,,,,0
セタガヤフラッグ,セタガヤフラッグ,牡5,,,,,,,,,0
エアジパング,エアジパング,せん5,,,,,,,,,0
イナズマアマリリス,イナズマアマリリス,牝2,,,,,,,,,0
アディアフォーン,アディアフォーン,牝2,,,,,,,,,0
ワイドサファイア,ワイドサファイア,牝2,,,,,,,,,0
セブンシークィーン,セブンシークィーン,牝2,,,,,,,,,0
ツルマルハロー,ツルマルハロー,牝2,,,,,,,,,0
ネオヴェリーベリー,ネオヴェリーベリー,牝2,,,,,,,,,0
プレザントブリーズ,プレザントブリーズ,牝2,,,,,,,,,0
ゲットフルマークス,ゲットフルマークス,牡2,,,,,,,,,0
ダブルレインボー,ダブルレインボー,牡2,,,,,,,,,0
エイブルインレース,エイブルインレース,牝2,,,,,,,,,0
ナンヨーアイドル,ナンヨーアイドル,牡2,,,,,,,,,0
スズノハミルトン,スズノハミルトン,牡2,,,,,,,,,0
スパラート,スパラート,牡2,,,,,,,,,0
パドブレ,パドブレ,牝2,,,,,,,,,0
ロラパルーザ,ロラパルーザ,牡2,,,,,,,,,0
ケイアイダイオウ,ケイアイダイオウ,牡2,,,,,,,,,0
アグネスヘルメス,アグネスヘルメス,牡6,,,,,,,,,0
ニホンピロファイブ,ニホンピロファイブ,牡5,,,,,,,,,0
クリノダイマオー,クリノダイマオー,牡6,,,,,,,,,0
アスクデピュティ,アスクデピュティ,牝4,,,,,,,,,0
トレラピッド,トレラピッド,牝3,,,,,,,,,0
フェアブリーズ,フェアブリーズ,牝5,,,,,,,,,0
ナカヤマフェスタ,ナカヤマフェスタ,牡2,,,,,,,,,0
ブレイクランアウト,ブレイクランアウト,牡2,,,,,,,,,0
サンカルロ,サンカルロ,牡2,,,,,,,,,0
ダノンカモン,ダノンカモン,牡2,,,,,,,,,0
スズカワグナー,スズカワグナー,牡2,,,,,,,,,0
セイクリッドバレー,セイクリッドバレー,牡2,,,,,,,,,0
ヒラボクエクセル,ヒラボクエクセル,牡2,,,,,,,,,0
メイショウドンタク,メイショウドンタク,牡2,,,,,,,,,0
バックハウス,バックハウス,牡2,,,,,,,,,0
スズカケ,スズカケ,牡2,,,,,,,,,0
ピサノシンボル,ピサノシンボル,牡2,,,,,,,,,0
フレンドケント,フレンドケント,牡2,,,,,,,,,0
ラーイズアトーニー,ラーイズアトーニー,せん4,,,,,,,,,0
サクラオリオン,サクラオリオン,牡6,,,,,,,,,0
ウエスタンダンサー,ウエスタンダンサー,牝4,,,,,,,,,0
ルミナスポイント,ルミナスポイント,牝5,,,,,,,,,0
パープルムーン,パープルムーン,せん5,,,,,,,,,0
シックスティーズア,シックスティーズア,牡5,,,,,,,,,0
マーシュサイド,マーシュサイド,牡5,,,,,,,,,0
ニホンピロリビエラ,ニホンピロリビエラ,牡6,,,,,,,,,0
カジノドライヴ,カジノドライヴ,牡3,,,,,,,,,0
フロストジャイアン,フロストジャイアン,牡5,,,,,,,,,0
ティンカップチャリ,ティンカップチャリ,せん3,,,,,,,,,0
マストトラック,マストトラック,牡4,,,,,,,,,0
イケトップガン,イケトップガン,牡4,,,,,,,,,0
オペラブラーボ,オペラブラーボ,牡4,,,,,,,,,0
シンゲン,シンゲン,牡5,,,,,,,,,0
パープルイーグル,パープルイーグル,牡6,,,,,,,,,0
ビクトリーテツニー,ビクトリーテツニー,牡4,,,,,,,,,0
トロピカルライト,トロピカルライト,牡4,,,,,,,,,0
チョウカイシャトル,チョウカイシャトル,牡6,,,,,,,,,0
ダイワエンパイア,ダイワエンパイア,牡4,,,,,,,,,0
タータンフィールズ,タータンフィールズ,牡6,,,,,,,,,0
ブエナビスタ,ブエナビスタ,牝2,,,,,,,,,0
ダノンベルベール,ダノンベルベール,牝2,,,,,,,,,0
ミクロコスモス,ミクロコスモス,牝2,,,,,,,,,0
ショウナンカッサイ,ショウナンカッサイ,牝2,,,,,,,,,0
ジェルミナル,ジェルミナル,牝2,,,,,,,,,0
カツヨトワイニング,カツヨトワイニング,牝2,,,,,,,,,0
シゲルキリガミネ,シゲルキリガミネ,牝2,,,,,,,,,0
メイショウボナール,メイショウボナール,牝2,,,,,,,,,0
チャームポット,チャームポット,牝2,,,,,,,,,0
フキラウソング,フキラウソング,牝2,,,,,,,,,0
セラフィックロンプ,セラフィックロンプ,牝4,,,,,,,,,0
ブーケフレグランス,ブーケフレグランス,牝3,,,,,,,,,0
スペシャルフロート,スペシャルフロート,牝4,,,,,,,,,0
ミッキーパンプキン,ミッキーパンプキン,牡2,,,,,,,,,0
オメガユリシス,オメガユリシス,牡2,,,,,,,,,0
トレノパズル,トレノパズル,牡2,,,,,,,,,0
トウカイフィット,トウカイフィット,牡2,,,,,,,,,0
ブラストクロノス,ブラストクロノス,牡2,,,,,,,,,0
ケンブリッジエル,ケンブリッジエル,牡2,,,,,,,,,0
ソルジャーズソング,ソルジャーズソング,牡6,,,,,,,,,0
ペネトレーター,ペネトレーター,牡7,,,,,,,,,0
ネヴァートルネード,ネヴァートルネード,牡6,,,,,,,,,0
リーチザクラウン,リーチザクラウン,牡2,,,,,,,,,0
トゥリオンファーレ,トゥリオンファーレ,牡2,,,,,,,,,0
ロードロックスター,ロードロックスター,牡2,,,,,,,,,0
ラヴィンライフ,ラヴィンライフ,牡2,,,,,,,,,0
ファミリズム,ファミリズム,牝2,,,,,,,,,0
スーパーマークン,スーパーマークン,牡2,,,,,,,,,0
ラブミラー,ラブミラー,牝2,,,,,,,,,0
トップクリフォード,トップクリフォード,牡2,,,,,,,,,0
0000993893,アイアムネオ,牝3,,,,,,0.0,0.0,0.0,1
グッデーコパ,グッデーコパ,牝3,,,,,,,,,0
マイティースルー,マイティースルー,牝3,,,,,,,,,0
エリザベスムーン,エリザベスムーン,牝3,,,,,,,,,0
マイネアリス,マイネアリス,牝3,,,,,,,,,0
パールシャドウ,パールシャドウ,牝3,,,,,,,,,0
イルドロール,イルドロール,牝3,,,,,,,,,0
ピエナリリー,ピエナリリー,牝3,,,,,,,,,0
シルクマイホーム,シルクマイホーム,牝3,,,,,,,,,0
カイテキプリン,カイテキプリン,牝3,,,,,,,,,0
0000242923,アカリ,牝3,,,,,,0.0,0.0,0.0,1
アントニオバローズ,アントニオバローズ,牡3,,,,,,,,,0
ダブルウェッジ,ダブルウェッジ,牡3,,,,,,,,,0
タキオンクール,タキオンクール,牡3,,,,,,,,,0
キングストリート,キングストリート,牡3,,,,,,,,,0
ハマノエルマー,ハマノエルマー,牡3,,,,,,,,,0
アーリーロブスト,アーリーロブスト,牡3,,,,,,,,,0
モエレビクトリー,モエレビクトリー,牡3,,,,,,,,,0
モンテトウルヌソル,モンテトウルヌソル,牡3,,,,,,,,,0
ハイローラー,ハイローラー,牡3,,,,,,,,,0
フサイチナガラガワ,フサイチナガラガワ,牡3,,,,,,,,,0
サトノエクスプレス,サトノエクスプレス,牡3,,,,,,,,,0
サクラルーラー,サクラルーラー,牡3,,,,,,,,,0
ファインビスティー,ファインビスティー,牡3,,,,,,,,,0
ケニアブラック,ケニアブラック,牡3,,,,,,,,,0
サンライズキール,サンライズキール,牡3,,,,,,,,,0
タガノエルシコ,タガノエルシコ,牡4,,,,,,,,,0
ヒカルカザブエ,ヒカルカザブエ,牡4,,,,,,,,,0
エスポワールシチー,エスポワールシチー,牡4,,,,,,,,,0
ネイキッド,ネイキッド,牡5,,,,,,,,,0
タガノエクリプス,タガノエクリプス,牡6,,,,,,,,,0
ロールオブザダイス,ロールオブザダイス,牡4,,,,,,,,,0
アブソリュート,アブソリュート,牡5,,,,,,,,,0
セントラルコースト,セントラルコースト,牡4,,,,,,,,,0
ブイチャレンジ,ブイチャレンジ,牡4,,,,,,,,,0
ハチマンダイボサツ,ハチマンダイボサツ,牝5,,,,,,,,,0
プリンセストロイ,プリンセストロイ,牝5,,,,,,,,,0
ライブコンサート,ライブコンサート,せん5,,,,,,,,,0
トーセンジョーダン,トーセンジョーダン,牡3,,,,,,,,,0
カノンコード,カノンコード,牡3,,,,,,,,,0
メイショウパルマ,メイショウパルマ,牡3,,,,,,,,,0
マイネルクラリティ,マイネルクラリティ,牡3,,,,,,,,,0
プロスアンドコンズ,プロスアンドコンズ,牡3,,,,,,,,,0
ショウナンアルディ,ショウナンアルディ,牡3,,,,,,,,,0
シングンレジェンド,シングンレジェンド,牡3,,,,,,,,,0
ダイワプリベール,ダイワプリベール,牡3,,,,,,,,,0
シゲルエボシダケ,シゲルエボシダケ,牡3,,,,,,,,,0
ヒシポジション,ヒシポジション,牡3,,,,,,,,,0
タケデンノキボー,タケデンノキボー,牡8,,,,,,,,,0
スノークラッシャー,スノークラッシャー,牡4,,,,,,,,,0
ウォーゲーム,ウォーゲーム,牡5,,,,,,,,,0
ハギノジョイフル,ハギノジョイフル,せん5,,,,,,,,,0
ビービーファルコン,ビービーファルコン,せん5,,,,,,,,,0
サケダイスキ,サケダイスキ,牡6,,,,,,,,,0
リクエストソング,リクエストソング,牡3,,,,,,,,,0
エンブリオ,エンブリオ,牡3,,,,,,,,,0
ベストメンバー,ベストメンバー,牡3,,,,,,,,,0
キタサンガイセン,キタサンガイセン,牡3,,,,,,,,,0
トモロポケット,トモロポケット,牡3,,,,,,,,,0
アルテマイスター,アルテマイスター,牡3,,,,,,,,,0
ディアジーナ,ディアジーナ,牝3,,,,,,,,,0
アンジュアイル,アンジュアイル,牝3,,,,,,,,,0
グローリールピナス,グローリールピナス,牝3,,,,,,,,,0
アラマサローズ,アラマサローズ,牝3,,,,,,,,,0
0000995383,アイアムマリリン,牝3,,,,,,0.0,0.0,0.0,1
メジャーサイレンス,メジャーサイレンス,牝3,,,,,,,,,0
ドゥミポワント,ドゥミポワント,牝3,,,,,,,,,0
フレンドリードレス,フレンドリードレス,牝3,,,,,,,,,0
マイネルエルフ,マイネルエルフ,牡3,,,,,,,,,0
0000991309,アイアンルック,牡3,,,,,,0.0,0.0,0.0,1
タイガーストーン,タイガーストーン,牡3,,,,,,,,,0
アドバンスヘイロー,アドバンスヘイロー,牡3,,,,,,,,,0
ケイアイドウソジン,ケイアイドウソジン,牡3,,,,,,,,,0
ジョーメテオ,ジョーメテオ,牡3,,,,,,,,,0
ケイアイテンジン,ケイアイテンジン,牡3,,,,,,,,,0
スーニ,スーニ,牡3,,,,,,,,,0
メイショウボルト,メイショウボルト,牡3,,,,,,,,,0
ドラゴンファング,ドラゴンファング,牡4,,,,,,,,,0
ランヘランバ,ランヘランバ,牡6,,,,,,,,,0
アーバニティ,アーバニティ,牡5,,,,,,,,,0
コレデイイノダ,コレデイイノダ,牡9,,,,,,,,,0
ヘッドライナー,ヘッドライナー,せん5,,,,,,,,,0
サクラミモザ,サクラミモザ,牝3,,,,,,,,,0
ルージュバンブー,ルージュバンブー,牝3,,,,,,,,,0
ブロードストリート,ブロードストリート,牝3,,,,,,,,,0
フェイズシフト,フェイズシフト,牝3,,,,,,,,,0
ミキノクレシェンド,ミキノクレシェンド,牝3,,,,,,,,,0
ハッピーシャトル,ハッピーシャトル,牝3,,,,,,,,,0
バージンサファイヤ,バージンサファイヤ,牝3,,,,,,,,,0
カウアイレーン,カウアイレーン,牝3,,,,,,,,,0
ミッキーペトラ,ミッキーペトラ,牡3,,,,,,,,,0
キタサンアミーゴ,キタサンアミーゴ,牡3,,,,,,,,,0
ケイアイライジン,ケイアイライジン,牡3,,,,,,,,,0
リアライズナッシュ,リアライズナッシュ,牡3,,,,,,,,,0
レオウィザード,レオウィザード,牡3,,,,,,,,,0
トーワヒヨシマル,トーワヒヨシマル,牡4,,,,,,,,,0
マヤノスターダム,マヤノスターダム,牡7,,,,,,,,,0
ドールリヴィエール,ドールリヴィエール,牡5,,,,,,,,,0
トウショウウェイヴ,トウショウウェイヴ,牡4,,,,,,,,,0
ドリームサンデー,ドリームサンデー,牡5,,,,,,,,,0
ブラボーデイジー,ブラボーデイジー,牝4,,,,,,,,,0
リビアーモ,リビアーモ,牝4,,,,,,,,,0
0000988704,アイレンベルク,牝3,,,,,,0.0,0.0,0.0,1
ラヴェリータ,ラヴェリータ,牝3,,,,,,,,,0
スイリンカ,スイリンカ,牝3,,,,,,,,,0
スペシャルクイン,スペシャルクイン,牝3,,,,,,,,,0
キリコンサート,キリコンサート,牝3,,,,,,,,,0
ヴィーヴァヴォドカ,ヴィーヴァヴォドカ,牝3,,,,,,,,,0
マジックシアター,マジックシアター,牝3,,,,,,,,,0
ナリタシリカ,ナリタシリカ,牝3,,,,,,,,,0
ダイアナバローズ,ダイアナバローズ,牝3,,,,,,,,,0
ロイヤルネックレス,ロイヤルネックレス,牝3,,,,,,,,,0
ナンヨークイーン,ナンヨークイーン,牝3,,,,,,,,,0
クリアソウル,クリアソウル,牝3,,,,,,,,,0
キミニムチュウ,キミニムチュウ,牝3,,,,,,,,,0
ショウサンウルル,ショウサンウルル,牝3,,,,,,,,,0
ジョーカプチーノ,ジョーカプチーノ,牡3,,,,,,,,,0
レッドヴァンクール,レッドヴァンクール,牡3,,,,,,,,,0
トシザワイルド,トシザワイルド,牡3,,,,,,,,,0
ラブチャーミー,ラブチャーミー,牝3,,,,,,,,,0
エイシンクエスト,エイシンクエスト,牡3,,,,,,,,,0
メイショウアツヒメ,メイショウアツヒメ,牝3,,,,,,,,,0
アンライバルド,アンライバルド,牡3,,,,,,,,,0
レッドスパーダ,レッドスパーダ,牡3,,,,,,,,,0
サイオン,サイオン,牡3,,,,,,,,,0
メイショウダグザ,メイショウダグザ,牡3,,,,,,,,,0
リスペクトキャット,リスペクトキャット,牡3,,,,,,,,,0
セイクリムズン,セイクリムズン,牡3,,,,,,,,,0
ニホンピロレガーロ,ニホンピロレガーロ,牡6,,,,,,,,,0
アーネストリー,アーネストリー,牡4,,,,,,,,,0
シャローム,シャローム,牡4,,,,,,,,,0
ゴールデンチケット,ゴールデンチケット,牡3,,,,,,,,,0
アプレザンレーヴ,アプレザンレーヴ,牡3,,,,,,,,,0
オオトリオウジャ,オオトリオウジャ,牡3,,,,,,,,,0
ストロングリターン,ストロングリターン,牡3,,,,,,,,,0
スリーロールス,スリーロールス,牡3,,,,,,,,,0
チュウワプリンス,チュウワプリンス,牡3,,,,,,,,,0
トップゾーン,トップゾーン,牡3,,,,,,,,,0
シルクダンディー,シルクダンディー,牡3,,,,,,,,,0
キングバンブー,キングバンブー,牡3,,,,,,,,,0
0000994286,アイアムピカイチ,牡3,,,,,,0.0,0.0,0.0,1
サトノコクオー,サトノコクオー,牡5,,,,,,,,,0
ボランタス,ボランタス,牡5,,,,,,,,,0
ユウキタイティ,ユウキタイティ,牡5,,,,,,,,,0
ランザローテ,ランザローテ,牡6,,,,,,,,,0
ティアップゴールド,ティアップゴールド,牡3,,,,,,,,,0
ゴールドエンデバー,ゴールドエンデバー,牡3,,,,,,,,,0
アルティマトゥーレ,アルティマトゥーレ,牝5,,,,,,,,,0
エリモハルカ,エリモハルカ,牝5,,,,,,,,,0
ピエナビーナス,ピエナビーナス,牝5,,,,,,,,,0
レッドディザイア,レッドディザイア,牝3,,,,,,,,,0
アンプレショニスト,アンプレショニスト,牝3,,,,,,,,,0
ツーデイズノーチス,ツーデイズノーチス,牝3,,,,,,,,,0
ジノラッド,ジノラッド,せん9,,,,,,,,,0
コウヨウウェーブ,コウヨウウェーブ,牡5,,,,,,,,,0
スタルカ,スタルカ,牡4,,,,,,,,,0
クロタラリア,クロタラリア,牝6,,,,,,,,,0
グランツーリズモ,グランツーリズモ,せん5,,,,,,,,,0
トライアンフマーチ,トライアンフマーチ,牡3,,,,,,,,,0
サトノロマネ,サトノロマネ,牡3,,,,,,,,,0
メジロフォーナ,メジロフォーナ,牝4,,,,,,,,,0
ハシッテホシーノ,ハシッテホシーノ,牝3,,,,,,,,,0
エオリアンハープ,エオリアンハープ,牝3,,,,,,,,,0
イイデエース,イイデエース,牝3,,,,,,,,,0
リュシオル,リュシオル,牝3,,,,,,,,,0
ピースオブラック,ピースオブラック,牝3,,,,,,,,,0
ラークキャロル,ラークキャロル,牝3,,,,,,,,,0
リコリス,リコリス,牝3,,,,,,,,,0
ピースエンブレム,ピースエンブレム,牝3,,,,,,,,,0
ベイビーローズ,ベイビーローズ,牝3,,,,,,,,,0
テーオーティアラ,テーオーティアラ,牝3,,,,,,,,,0
マイファーストラヴ,マイファーストラヴ,牝3,,,,,,,,,0
シルクプロミス,シルクプロミス,牝3,,,,,,,,,0
ウォータクティクス,ウォータクティクス,牡4,,,,,,,,,0
フォーティファイド,フォーティファイド,牡4,,,,,,,,,0
アドマイヤダンク,アドマイヤダンク,牡5,,,,,,,,,0
スターシップ,スターシップ,牡5,,,,,,,,,0
エプソムアーロン,エプソムアーロン,牡5,,,,,,,,,0
ピサノカルティエ,ピサノカルティエ,牡3,,,,,,,,,0
イネオレオ,イネオレオ,牡3,,,,,,,,,0
サトノエンペラー,サトノエンペラー,牡3,,,,,,,,,0
ワンダーアキュート,ワンダーアキュート,牡3,,,,,,,,,0
トーセンマルゴー,トーセンマルゴー,牡3,,,,,,,,,0
バアゼルリバー,バアゼルリバー,牡3,,,,,,,,,0
メジロワーロック,メジロワーロック,牡3,,,,,,,,,0
フォルミダービレ,フォルミダービレ,牡3,,,,,,,,,0
タイフーンルビー,タイフーンルビー,牡3,,,,,,,,,0
トーセンルーチェ,トーセンルーチェ,牡3,,,,,,,,,0
メイショウデジレ,メイショウデジレ,牡3,,,,,,,,,0
ゼンノグッドウッド,ゼンノグッドウッド,牡6,,,,,,,,,0
デルフォイ,デルフォイ,牡3,,,,,,,,,0
ジョウノワンダー,ジョウノワンダー,牡3,,,,,,,,,0
ガウディ,ガウディ,牡3,,,,,,,,,0
トランセンド,トランセンド,牡3,,,,,,,,,0
トーセンロマネ,トーセンロマネ,牡3,,,,,,,,,0
ニシノホウギョク,ニシノホウギョク,牡3,,,,,,,,,0
エーシンマイトップ,エーシンマイトップ,牡3,,,,,,,,,0
グランプリスマイル,グランプリスマイル,牡3,,,,,,,,,0
ヒカリアスティル,ヒカリアスティル,牡3,,,,,,,,,0
スマートタイタン,スマートタイタン,牡3,,,,,,,,,0
タマモシンボル,タマモシンボル,牡3,,,,,,,,,0
タガノヴァレオ,タガノヴァレオ,せん4,,,,,,,,,0
グランプリエンゼル,グランプリエンゼル,牝3,,,,,,,,,0
スピードタッチ,スピードタッチ,牡6,,,,,,,,,0
ボストンオー,ボストンオー,牡4,,,,,,,,,0
スズカスペンサー,スズカスペンサー,牡4,,,,,,,,,0
メイショウダンディ,メイショウダンディ,牡6,,,,,,,,,0
ビコーフェザー,ビコーフェザー,せん5,,,,,,,,,0
ショウリュウケン,ショウリュウケン,牡4,,,,,,,,,0
インカム,インカム,せん7,,,,,,,,,0
ショウナンラノビア,ショウナンラノビア,牝6,,,,,,,,,0
デリキットピース,デリキットピース,牝3,,,,,,,,,0
フミノイマージン,フミノイマージン,牝3,,,,,,,,,0
サクラローズマリー,サクラローズマリー,牝3,,,,,,,,,0
クリーン,クリーン,牡5,,,,,,,,,0
アドマイヤスワット,アドマイヤスワット,牡4,,,,,,,,,0
ピサノエミレーツ,ピサノエミレーツ,牡4,,,,,,,,,0
ワンダームシャ,ワンダームシャ,牡4,,,,,,,,,0
シルクメビウス,シルクメビウス,牡3,,,,,,,,,0
グロリアスノア,グロリアスノア,牡3,,,,,,,,,0
カネトシコウショウ,カネトシコウショウ,牡3,,,,,,,,,0
オウケンマジック,オウケンマジック,牡3,,,,,,,,,0
メトロノース,メトロノース,牡3,,,,,,,,,0
アズマタイショウ,アズマタイショウ,牡3,,,,,,,,,0
エジソン,エジソン,牡3,,,,,,,,,0
ドクターラオウ,ドクターラオウ,牡3,,,,,,,,,0
デイトユアドリーム,デイトユアドリーム,牝3,,,,,,,,,0
ワイズドリーム,ワイズドリーム,牝3,,,,,,,,,0
ドリームハッチ,ドリームハッチ,牡3,,,,,,,,,0
スマートダズル,スマートダズル,牝3,,,,,,,,,0
シンゼンオオジ,シンゼンオオジ,牡3,,,,,,,,,0
サイトウィナー,サイトウィナー,せん6,,,,,,,,,0
エイシンボストン,エイシンボストン,牡7,,,,,,,,,0
ヘンリーゴンドーフ,ヘンリーゴンドーフ,せん5,,,,,,,,,0
メイショウキトリ,メイショウキトリ,牝5,,,,,,,,,0
0000888273,アウトクラトール,牡4,,,,,,0.0,0.0,0.0,1
コウユーキズナ,コウユーキズナ,牝5,,,,,,,,,0
トレノジュビリー,トレノジュビリー,牡6,,,,,,,,,0
ニシノブルームーン,ニシノブルームーン,牝5,,,,,,,,,0
ウェディングフジコ,ウェディングフジコ,牝5,,,,,,,,,0
サニーサンデー,サニーサンデー,牡3,,,,,,,,,0
イコピコ,イコピコ,牡3,,,,,,,,,0
メイショウコウセイ,メイショウコウセイ,牡3,,,,,,,,,0
シャイニーデザート,シャイニーデザート,牡3,,,,,,,,,0
ワシャモノタリン,ワシャモノタリン,牡3,,,,,,,,,0
スーパーシズクン,スーパーシズクン,牡3,,,,,,,,,0
エーシンエフダンズ,エーシンエフダンズ,牡5,,,,,,,,,0
シルバーブレイズ,シルバーブレイズ,牡5,,,,,,,,,0
トーホウドルチェ,トーホウドルチェ,牝4,,,,,,,,,0
ダンディズム,ダンディズム,牡7,,,,,,,,,0
ワキノエクセル,ワキノエクセル,牡7,,,,,,,,,0
ファルカタリア,ファルカタリア,牡5,,,,,,,,,0
シャウトライン,シャウトライン,牡5,,,,,,,,,0
キルシュブリューテ,キルシュブリューテ,牝5,,,,,,,,,0
ロングアキレス,ロングアキレス,牡5,,,,,,,,,0
ハマノオラトリオ,ハマノオラトリオ,牡4,,,,,,,,,0
ハストラング,ハストラング,牡5,,,,,,,,,0
マーブルジーン,マーブルジーン,牡5,,,,,,,,,0
フォーリクラッセ,フォーリクラッセ,牡6,,,,,,,,,0
アンノルーチェ,アンノルーチェ,牡4,,,,,,,,,0
テイエムアンコール,テイエムアンコール,牡5,,,,,,,,,0
タマモナイスプレイ,タマモナイスプレイ,牡4,,,,,,,,,0
ステラリード,ステラリード,牝2,,,,,,,,,0
キョウエイアシュラ,キョウエイアシュラ,牡2,,,,,,,,,0
ソムニア,ソムニア,牝2,,,,,,,,,0
エステーラブ,エステーラブ,牝2,,,,,,,,,0
インテグラルヘッド,インテグラルヘッド,牡2,,,,,,,,,0
ノーワンエルス,ノーワンエルス,牡2,,,,,,,,,0
ショウナンカガリビ,ショウナンカガリビ,牝2,,,,,,,,,0
チェリーソウマ,チェリーソウマ,牡2,,,,,,,,,0
クロワラモー,クロワラモー,牝2,,,,,,,,,0
ロジディオン,ロジディオン,牝2,,,,,,,,,0
クロガネ,クロガネ,牡2,,,,,,,,,0
エスカーダ,エスカーダ,牡2,,,,,,,,,0
カネスフォルテ,カネスフォルテ,牡2,,,,,,,,,0
ドナルドバローズ,ドナルドバローズ,牡2,,,,,,,,,0
コスモソルスティス,コスモソルスティス,牡2,,,,,,,,,0
バトルレッド,バトルレッド,牡2,,,,,,,,,0
メリッサ,メリッサ,牝5,,,,,,,,,0
ラッキーバニヤン,ラッキーバニヤン,牡4,,,,,,,,,0
アメジストリング,アメジストリング,牝5,,,,,,,,,0
トロピカルクイーン,トロピカルクイーン,牝5,,,,,,,,,0
ワイズタイクーン,ワイズタイクーン,牡7,,,,,,,,,0
ドクターグリム,ドクターグリム,牡7,,,,,,,,,0
レオスターライト,レオスターライト,牡8,,,,,,,,,0
スタッドジェルラン,スタッドジェルラン,牡3,,,,,,,,,0
アドバンスウェイ,アドバンスウェイ,牡3,,,,,,,,,0
コスモフォース,コスモフォース,牡3,,,,,,,,,0
モンテアルベルト,モンテアルベルト,牡3,,,,,,,,,0
サンディエゴシチー,サンディエゴシチー,牡2,,,,,,,,,0
モズ,モズ,牡2,,,,,,,,,0
アーバンウィナー,アーバンウィナー,牡2,,,,,,,,,0
ダノンパッション,ダノンパッション,牡2,,,,,,,,,0
ポップコーン,ポップコーン,牡2,,,,,,,,,0
スペースアーク,スペースアーク,牡2,,,,,,,,,0
ベビーネイル,ベビーネイル,牡2,,,,,,,,,0
サトノサンダー,サトノサンダー,牡2,,,,,,,,,0
ロードシップ,ロードシップ,牡2,,,,,,,,,0
ユメノキラメキ,ユメノキラメキ,牝2,,,,,,,,,0
ネレイス,ネレイス,牝2,,,,,,,,,0
マイネアロマ,マイネアロマ,牝2,,,,,,,,,0
ブルーソックス,ブルーソックス,牡2,,,,,,,,,0
シンメイフジ,シンメイフジ,牝2,,,,,,,,,0
フローライゼ,フローライゼ,牡2,,,,,,,,,0
クロフォード,クロフォード,牝2,,,,,,,,,0
ギュンター,ギュンター,牡2,,,,,,,,,0
スプリングサンダー,スプリングサンダー,牝2,,,,,,,,,0
ハーティンハート,ハーティンハート,牡2,,,,,,,,,0
ブランビーブラック,ブランビーブラック,牡2,,,,,,,,,0
サウンドバラッド,サウンドバラッド,牡2,,,,,,,,,0
サトノディライト,サトノディライト,牡2,,,,,,,,,0
サンデージョウ,サンデージョウ,牝2,,,,,,,,,0
プリンセスメモリー,プリンセスメモリー,牝2,,,,,,,,,0
サクラテンペスト,サクラテンペスト,牡2,,,,,,,,,0
コスモセンサー,コスモセンサー,牡2,,,,,,,,,0
モトヒメ,モトヒメ,牝2,,,,,,,,,0
ラジャポネーズ,ラジャポネーズ,牝2,,,,,,,,,0
オーロラナイト,オーロラナイト,牝2,,,,,,,,,0
コスモレニ,コスモレニ,牝2,,,,,,,,,0
シルクフィーリング,シルクフィーリング,牡2,,,,,,,,,0
ジュエルオブナイル,ジュエルオブナイル,牝2,,,,,,,,,0
ダッシャーゴーゴー,ダッシャーゴーゴー,牡2,,,,,,,,,0
オレンジティアラ,オレンジティアラ,牝2,,,,,,,,,0
パリスドール,パリスドール,牝2,,,,,,,,,0
サリエル,サリエル,牝2,,,,,,,,,0
メイショウウズシオ,メイショウウズシオ,牡2,,,,,,,,,0
ベネラ,ベネラ,牝2,,,,,,,,,0
ダンツミラション,ダンツミラション,牝2,,,,,,,,,0
フェブスカイ,フェブスカイ,牡2,,,,,,,,,0
セイインディア,セイインディア,牝2,,,,,,,,,0
マイネルカリバーン,マイネルカリバーン,牡2,,,,,,,,,0
コスモディエス,コスモディエス,牡2,,,,,,,,,0
メイショウヘミング,メイショウヘミング,牝2,,,,,,,,,0
シャイン,シャイン,牡2,,,,,,,,,0
タガノジョーカー,タガノジョーカー,牝2,,,,,,,,,0
フォゲッタブル,フォゲッタブル,牡3,,,,,,,,,0
アドマイヤメジャー,アドマイヤメジャー,牡3,,,,,,,,,0
ヒカルマイステージ,ヒカルマイステージ,牡3,,,,,,,,,0
トウショウデザート,トウショウデザート,牡3,,,,,,,,,0
ロードパンサー,ロードパンサー,牡3,,,,,,,,,0
カルカソンヌ,カルカソンヌ,牡3,,,,,,,,,0
ナリタクリスタル,ナリタクリスタル,牡3,,,,,,,,,0
パラディーゾ,パラディーゾ,牡3,,,,,,,,,0
マサノウイズキッド,マサノウイズキッド,牡3,,,,,,,,,0
アムールマルルー,アムールマルルー,牡3,,,,,,,,,0
ブレイクナイン,ブレイクナイン,牡3,,,,,,,,,0
クーデグレイス,クーデグレイス,牝3,,,,,,,,,0
ボンバルリーナ,ボンバルリーナ,牝3,,,,,,,,,0
メモリーパフィア,メモリーパフィア,牝3,,,,,,,,,0
ブライダルベール,ブライダルベール,牝3,,,,,,,,,0
イタリアンレッド,イタリアンレッド,牝3,,,,,,,,,0
ヒカルアマランサス,ヒカルアマランサス,牝3,,,,,,,,,0
クリノメダリスト,クリノメダリスト,牝3,,,,,,,,,0
ダイナマイトボディ,ダイナマイトボディ,牝3,,,,,,,,,0
タマモサプライズ,タマモサプライズ,せん4,,,,,,,,,0
サンベルナール,サンベルナール,牡5,,,,,,,,,0
メイショウコンボイ,メイショウコンボイ,牡5,,,,,,,,,0
マチカネニホンバレ,マチカネニホンバレ,牡4,,,,,,,,,0
ナムラハンター,ナムラハンター,牡4,,,,,,,,,0
トシナギサ,トシナギサ,牡4,,,,,,,,,0
レッドシャガーラ,レッドシャガーラ,牡3,,,,,,,,,0
シーニックブラスト,シーニックブラスト,せん5,,,,,,,,,0
リディル,リディル,牡2,,,,,,,,,0
エイシンアポロン,エイシンアポロン,牡2,,,,,,,,,0
ダイワバーバリアン,ダイワバーバリアン,牡2,,,,,,,,,0
ラブグランデー,ラブグランデー,牝2,,,,,,,,,0
タガノエリザベート,タガノエリザベート,牝2,,,,,,,,,0
エーシンホワイティ,エーシンホワイティ,牡2,,,,,,,,,0
アグネスティンクル,アグネスティンクル,牡2,,,,,,,,,0
クリノキングビート,クリノキングビート,牡2,,,,,,,,,0
0001047963,アイファーマーチス,牡2,,,,,,0.0,0.0,0.0,1
エベレストオー,エベレストオー,牡2,,,,,,,,,0
ゴーオンホーマン,ゴーオンホーマン,牡2,,,,,,,,,0
ラインドリーム,ラインドリーム,牝3,,,,,,,,,0
モルガナイト,モルガナイト,牝3,,,,,,,,,0
ホクトグレイン,ホクトグレイン,牝3,,,,,,,,,0
ヤマニンウイスカー,ヤマニンウイスカー,牡3,,,,,,,,,0
キタサンチーフ,キタサンチーフ,牡3,,,,,,,,,0
ポルカマズルカ,ポルカマズルカ,牝3,,,,,,,,,0
ショウナンカザン,ショウナンカザン,牡4,,,,,,,,,0
グラスキング,グラスキング,牡3,,,,,,,,,0
テスタマッタ,テスタマッタ,牡3,,,,,,,,,0
ベストクルーズ,ベストクルーズ,牝2,,,,,,,,,0
グレナディーン,グレナディーン,牝2,,,,,,,,,0
ラナンキュラス,ラナンキュラス,牝2,,,,,,,,,0
シーズバレンタイン,シーズバレンタイン,牝2,,,,,,,,,0
スイートエスケープ,スイートエスケープ,牝2,,,,,,,,,0
キタサンスズラン,キタサンスズラン,牝2,,,,,,,,,0
コルドバ,コルドバ,牝2,,,,,,,,,0
インタレスティング,インタレスティング,牝2,,,,,,,,,0
カレンナホホエミ,カレンナホホエミ,牝2,,,,,,,,,0
アニメイトバイオ,アニメイトバイオ,牝2,,,,,,,,,0
ツルマルジュピター,ツルマルジュピター,牡2,,,,,,,,,0
ドロ,ドロ,牡2,,,,,,,,,0
カシマストロング,カシマストロング,牡2,,,,,,,,,0
イイデサンドラ,イイデサンドラ,牝2,,,,,,,,,0
カホマックス,カホマックス,牝2,,,,,,,,,0
タイセイワイルド,タイセイワイルド,牡2,,,,,,,,,0
シーマーク,シーマーク,牡2,,,,,,,,,0
ショウリノホホエミ,ショウリノホホエミ,牝2,,,,,,,,,0
エーシンディーエス,エーシンディーエス,牡4,,,,,,,,,0
スリーラスカル,スリーラスカル,牡4,,,,,,,,,0
シャラナヤ,シャラナヤ,牝3,,,,,,,,,0
ローズキングダム,ローズキングダム,牡2,,,,,,,,,0
トーセンファントム,トーセンファントム,牡2,,,,,,,,,0
レッドスパークル,レッドスパークル,牡2,,,,,,,,,0
ダイワアセット,ダイワアセット,牡2,,,,,,,,,0
ニシノメイゲツ,ニシノメイゲツ,牡2,,,,,,,,,0
レッドバリオス,レッドバリオス,牡2,,,,,,,,,0
0001049757,アイウォントユー,牡2,,,,,,0.0,0.0,0.0,1
ヤングアットハート,ヤングアットハート,牡2,,,,,,,,,0
オルレアンノオトメ,オルレアンノオトメ,牝2,,,,,,,,,0
ビービースカット,ビービースカット,牡2,,,,,,,,,0
カットイッタウト,カットイッタウト,牡2,,,,,,,,,0
トーセンパーシモン,トーセンパーシモン,牡2,,,,,,,,,0
サプレザ,サプレザ,牝4,,,,,,,,,0
エヴァズリクエスト,エヴァズリクエスト,牝4,,,,,,,,,0
グッドキララ,グッドキララ,牡5,,,,,,,,,0
コンデュイット,コンデュイット,牡4,,,,,,,,,0
ジャストアズウェル,ジャストアズウェル,牡6,,,,,,,,,0
シンティロ,シンティロ,牡4,,,,,,,,,0
インターパテイション,インターパテイション,せん7,,,,,,,,,0
マサライト,マサライト,牡5,,,,,,,,,0
ザサンデーフサイチ,ザサンデーフサイチ,牡5,,,,,,,,,0
ティズウェイ,ティズウェイ,牡4,,,,,,,,,0
チョウカイファイト,チョウカイファイト,牡6,,,,,,,,,0
ミリオンディスク,ミリオンディスク,牡5,,,,,,,,,0
ダイワディライト,ダイワディライト,牡5,,,,,,,,,0
グランドラッチ,グランドラッチ,牡4,,,,,,,,,0
エノク,エノク,牡5,,,,,,,,,0
ガブリン,ガブリン,牡7,,,,,,,,,0
ワンダーポデリオ,ワンダーポデリオ,牡5,,,,,,,,,0
サンエムパーム,サンエムパーム,牡6,,,,,,,,,0
アパパネ,アパパネ,牝2,,,,,,,,,0
カスクドール,カスクドール,牝2,,,,,,,,,0
タガノガルーダ,タガノガルーダ,牝2,,,,,,,,,0
メルヴェイユドール,メルヴェイユドール,牝2,,,,,,,,,0
タガノパルムドール,タガノパルムドール,牝2,,,,,,,,,0
グローリーステップ,グローリーステップ,牝2,,,,,,,,,0
メイショウデイム,メイショウデイム,牝2,,,,,,,,,0
ラフレッシュブルー,ラフレッシュブルー,牝4,,,,,,,,,0
ガルボ,ガルボ,牡2,,,,,,,,,0
キングレオポルド,キングレオポルド,牡2,,,,,,,,,0
ヒットジャポット,ヒットジャポット,牡2,,,,,,,,,0
バトルシュリイマン,バトルシュリイマン,牡2,,,,,,,,,0
モルフェサイレンス,モルフェサイレンス,牡4,,,,,,,,,0
メルシーモンサン,メルシーモンサン,牡4,,,,,,,,,0
トウカイポリシー,トウカイポリシー,牡6,,,,,,,,,0
スプリングロック,スプリングロック,牡4,,,,,,,,,0
ヴィクトワールピサ,ヴィクトワールピサ,牡2,,,,,,,,,0
コスモファントム,コスモファントム,牡2,,,,,,,,,0
ダノンシャンティ,ダノンシャンティ,牡2,,,,,,,,,0
ヒルノダムール,ヒルノダムール,牡2,,,,,,,,,0
アドマイヤテンクウ,アドマイヤテンクウ,牡2,,,,,,,,,0
エクセルサス,エクセルサス,牡2,,,,,,,,,0
エーシンウェズン,エーシンウェズン,牡2,,,,,,,,,0
サクラエルドール,サクラエルドール,牡2,,,,,,,,,0
アドマイヤプリンス,アドマイヤプリンス,牡2,,,,,,,,,0
タニノエポレット,タニノエポレット,牡2,,,,,,,,,0
ディアブラスト,ディアブラスト,牡2,,,,,,,,,0
メイショウホンマル,メイショウホンマル,牡2,,,,,,,,,0
ヘイダーリン,ヘイダーリン,牡2,,,,,,,,,0
マストハブ,マストハブ,牡2,,,,,,,,,0
マイネルグラシュー,マイネルグラシュー,牡6,,,,,,,,,0
セレスロンディー,セレスロンディー,牡3,,,,,,,,,0
クレバーサンデー,クレバーサンデー,牡3,,,,,,,,,0
カネトシディオス,カネトシディオス,牡3,,,,,,,,,0
シゲルモトナリ,シゲルモトナリ,牡3,,,,,,,,,0
レト,レト,牡3,,,,,,,,,0
ピサノユリシーズ,ピサノユリシーズ,牡3,,,,,,,,,0
メイショウカンパク,メイショウカンパク,牡3,,,,,,,,,0
ブイコナン,ブイコナン,牡3,,,,,,,,,0
ケイエスケイト,ケイエスケイト,牡3,,,,,,,,,0
コスモネモシン,コスモネモシン,牝3,,,,,,,,,0
アプリコットフィズ,アプリコットフィズ,牝3,,,,,,,,,0
テイラーバートン,テイラーバートン,牝3,,,,,,,,,0
メジロオードリー,メジロオードリー,牝3,,,,,,,,,0
トーセンフリージア,トーセンフリージア,牝3,,,,,,,,,0
ロジフェローズ,ロジフェローズ,牝3,,,,,,,,,0
セントアンズ,セントアンズ,牝3,,,,,,,,,0
ディアアレトゥーサ,ディアアレトゥーサ,牝3,,,,,,,,,0
ボンジュールメロン,ボンジュールメロン,牝3,,,,,,,,,0
ミエノグレース,ミエノグレース,牝3,,,,,,,,,0
アドマイヤテンバ,アドマイヤテンバ,牝3,,,,,,,,,0
ホッカイレシフェ,ホッカイレシフェ,牝3,,,,,,,,,0
ナリタブルースター,ナリタブルースター,牝3,,,,,,,,,0
クラリン,クラリン,牝3,,,,,,,,,0
エイシンフラッシュ,エイシンフラッシュ,牡3,,,,,,,,,0
フラガラッハ,フラガラッハ,牡3,,,,,,,,,0
アースステップ,アースステップ,牡3,,,,,,,,,0
ログ,ログ,牡3,,,,,,,,,0
ローグランド,ローグランド,牡3,,,,,,,,,0
ブルーグラス,ブルーグラス,牡3,,,,,,,,,0
タイムチェイサー,タイムチェイサー,牡3,,,,,,,,,0
テンノウセイ,テンノウセイ,牡3,,,,,,,,,0
トーセンマリーン,トーセンマリーン,牡3,,,,,,,,,0
フーガフューグ,フーガフューグ,牝3,,,,,,,,,0
ベルモントルパン,ベルモントルパン,牡6,,,,,,,,,0
ダイシンオレンジ,ダイシンオレンジ,牡5,,,,,,,,,0
ポートラヴ,ポートラヴ,牡6,,,,,,,,,0
サマーウインド,サマーウインド,牡5,,,,,,,,,0
グリフィンゲート,グリフィンゲート,牡4,,,,,,,,,0
ベストロケーション,ベストロケーション,牝5,,,,,,,,,0
プリマフォルツァ,プリマフォルツァ,牝5,,,,,,,,,0
バロズハート,バロズハート,牡5,,,,,,,,,0
ハンソデバンド,ハンソデバンド,牡3,,,,,,,,,0
アリゼオ,アリゼオ,牡3,,,,,,,,,0
タイセイレジェンド,タイセイレジェンド,牡3,,,,,,,,,0
カワキタコマンド,カワキタコマンド,牡3,,,,,,,,,0
ガナール,ガナール,牡3,,,,,,,,,0
ナシュワンヒーロー,ナシュワンヒーロー,牡3,,,,,,,,,0
ロジスプリング,ロジスプリング,牡3,,,,,,,,,0
タイムカード,タイムカード,牡3,,,,,,,,,0
リザルヴ,リザルヴ,牡3,,,,,,,,,0
ベルウッドローツェ,ベルウッドローツェ,牡4,,,,,,,,,0
メインストリーム,メインストリーム,牡5,,,,,,,,,0
コパノジングー,コパノジングー,牡5,,,,,,,,,0
ハーマジェスティ,ハーマジェスティ,牝5,,,,,,,,,0
ネオヴァンドーム,ネオヴァンドーム,牡3,,,,,,,,,0
レーヴドリアン,レーヴドリアン,牡3,,,,,,,,,0
ステージプレゼンス,ステージプレゼンス,牡3,,,,,,,,,0
インペリアルマーチ,インペリアルマーチ,牡3,,,,,,,,,0
クォークスター,クォークスター,牡3,,,,,,,,,0
サンライズクォリア,サンライズクォリア,牡3,,,,,,,,,0
アドマイヤロイヤル,アドマイヤロイヤル,牡3,,,,,,,,,0
ダノンハラショー,ダノンハラショー,牡3,,,,,,,,,0
メジャーテースト,メジャーテースト,牡3,,,,,,,,,0
ブルーミングアレー,ブルーミングアレー,牝3,,,,,,,,,0
シャルルヴォア,シャルルヴォア,牝3,,,,,,,,,0
ギンザボナンザ,ギンザボナンザ,牝3,,,,,,,,,0
プリマビスティー,プリマビスティー,牝3,,,,,,,,,0
メイショウスズラン,メイショウスズラン,牝3,,,,,,,,,0
ビービーエーディン,ビービーエーディン,牝3,,,,,,,,,0
ウネントリッヒ,ウネントリッヒ,牝3,,,,,,,,,0
マイネノーブレス,マイネノーブレス,牝3,,,,,,,,,0
ザタイキ,ザタイキ,牡3,,,,,,,,,0
ペガサスヒルズ,ペガサスヒルズ,牡3,,,,,,,,,0
マカニビスティー,マカニビスティー,牡3,,,,,,,,,0
モエレデフィニット,モエレデフィニット,牡3,,,,,,,,,0
ノボクン,ノボクン,牡3,,,,,,,,,0
パラダイスラビーダ,パラダイスラビーダ,牡3,,,,,,,,,0
ドビュッシー,ドビュッシー,牡3,,,,,,,,,0
ムーンテンダー,ムーンテンダー,牡3,,,,,,,,,0
テイエムアタック,テイエムアタック,牡6,,,,,,,,,0
サンクスノート,サンクスノート,牝5,,,,,,,,,0
エーシンビーセルズ,エーシンビーセルズ,牡4,,,,,,,,,0
ショウリュウムーン,ショウリュウムーン,牝3,,,,,,,,,0
エーシンリターンズ,エーシンリターンズ,牝3,,,,,,,,,0
オウケンサクラ,オウケンサクラ,牝3,,,,,,,,,0
ラフォルジュルネ,ラフォルジュルネ,牝3,,,,,,,,,0
ストレンジラブ,ストレンジラブ,牝3,,,,,,,,,0
ワイルドラズベリー,ワイルドラズベリー,牝3,,,,,,,,,0
プリムール,プリムール,牝3,,,,,,,,,0
ヴィクトリーマーチ,ヴィクトリーマーチ,牝3,,,,,,,,,0
ナムラボルテージ,ナムラボルテージ,牝3,,,,,,,,,0
グリューネワルト,グリューネワルト,牝3,,,,,,,,,0
シルククラリティ,シルククラリティ,牝3,,,,,,,,,0
オメガブルーハワイ,オメガブルーハワイ,牝3,,,,,,,,,0
マスターセイレーン,マスターセイレーン,牝3,,,,,,,,,0
パミーナ,パミーナ,牝3,,,,,,,,,0
コスモヘレノス,コスモヘレノス,牡3,,,,,,,,,0
ベストブルーム,ベストブルーム,牡3,,,,,,,,,0
トーセンアレス,トーセンアレス,牡3,,,,,,,,,0
マコトヴォイジャー,マコトヴォイジャー,牡3,,,,,,,,,0
ミッションモード,ミッションモード,牡3,,,,,,,,,0
ビッグバン,ビッグバン,牡3,,,,,,,,,0
スマートジェネシス,スマートジェネシス,牡3,,,,,,,,,0
テイエムハリアー,テイエムハリアー,牡4,,,,,,,,,0
エメラルドワン,エメラルドワン,牡5,,,,,,,,,0
エアシャトゥーシュ,エアシャトゥーシュ,牡5,,,,,,,,,0
シャインモーメント,シャインモーメント,牡5,,,,,,,,,0
ドモナラズ,ドモナラズ,牡5,,,,,,,,,0
コロンバスサークル,コロンバスサークル,牝4,,,,,,,,,0
サウンドバリアー,サウンドバリアー,牝3,,,,,,,,,0
レディアルバローザ,レディアルバローザ,牝3,,,,,,,,,0
ニシノモレッタ,ニシノモレッタ,牝3,,,,,,,,,0
ケイアイデイジー,ケイアイデイジー,牝3,,,,,,,,,0
カレンチャン,カレンチャン,牝3,,,,,,,,,0
アマファソン,アマファソン,牝3,,,,,,,,,0
ラブミーチャン,ラブミーチャン,牝3,,,,,,,,,0
ハニーメロンチャン,ハニーメロンチャン,牝3,,,,,,,,,0
エリモエポナ,エリモエポナ,牝3,,,,,,,,,0
サンテミリオン,サンテミリオン,牝3,,,,,,,,,0
ニーマルオトメ,ニーマルオトメ,牝3,,,,,,,,,0
ダンシングマオ,ダンシングマオ,牝3,,,,,,,,,0
バイタルスタイル,バイタルスタイル,牝3,,,,,,,,,0
メジロムーア,メジロムーア,牝3,,,,,,,,,0
ダイワフェズブルー,ダイワフェズブルー,牝3,,,,,,,,,0
ダノンプリマドンナ,ダノンプリマドンナ,牝3,,,,,,,,,0
チェンジオブシーン,チェンジオブシーン,牝3,,,,,,,,,0
ニシノキュアノス,ニシノキュアノス,牝3,,,,,,,,,0
ジュヴェビアン,ジュヴェビアン,牝3,,,,,,,,,0
トシギャングスター,トシギャングスター,牡3,,,,,,,,,0
ジョディーズライン,ジョディーズライン,牝3,,,,,,,,,0
セイウンオウサム,セイウンオウサム,牡3,,,,,,,,,0
クリスタルボーイ,クリスタルボーイ,牡3,,,,,,,,,0
ツルマルライダー,ツルマルライダー,牡3,,,,,,,,,0
ドリームフォワード,ドリームフォワード,牡3,,,,,,,,,0
エーシンダックマン,エーシンダックマン,牡3,,,,,,,,,0
タカノキング,タカノキング,牡3,,,,,,,,,0
ゲシュタルト,ゲシュタルト,牡3,,,,,,,,,0
サンライズプリンス,サンライズプリンス,牡3,,,,,,,,,0
バシレウス,バシレウス,牡3,,,,,,,,,0
アロマカフェ,アロマカフェ,牡3,,,,,,,,,0
スティルゴールド,スティルゴールド,牡3,,,,,,,,,0
ジョーヴァリアント,ジョーヴァリアント,牡3,,,,,,,,,0
バーディバーディ,バーディバーディ,牡3,,,,,,,,,0
ソリタリーキング,ソリタリーキング,牡3,,,,,,,,,0
アブラハムダービー,アブラハムダービー,牡3,,,,,,,,,0
ジャミール,ジャミール,牡4,,,,,,,,,0
トリビュートソング,トリビュートソング,牡5,,,,,,,,,0
ミッキードリーム,ミッキードリーム,牡3,,,,,,,,,0
リルダヴァル,リルダヴァル,牡3,,,,,,,,,0
シャイニーナイト,シャイニーナイト,牡3,,,,,,,,,0
ルーラーシップ,ルーラーシップ,牡3,,,,,,,,,0
ドレスアフェアー,ドレスアフェアー,牡3,,,,,,,,,0
ペガサスキングビー,ペガサスキングビー,牡3,,,,,,,,,0
ナニハトモアレ,ナニハトモアレ,牡4,,,,,,,,,0
シビルウォー,シビルウォー,牡5,,,,,,,,,0
ゲンパチタキオン,ゲンパチタキオン,牡6,,,,,,,,,0
トーホウオルビス,トーホウオルビス,牡5,,,,,,,,,0
フサイチピージェイ,フサイチピージェイ,牡5,,,,,,,,,0
ケイアイスイジン,ケイアイスイジン,牡5,,,,,,,,,0
マイディアサン,マイディアサン,牡6,,,,,,,,,0
マルタカエンペラー,マルタカエンペラー,牡6,,,,,,,,,0
ショウナンライジン,ショウナンライジン,牡6,,,,,,,,,0
マイネルマルシェ,マイネルマルシェ,牡3,,,,,,,,,0
アグネススペクトル,アグネススペクトル,牝3,,,,,,,,,0
バルーン,バルーン,牡3,,,,,,,,,0
ケイアイブリザード,ケイアイブリザード,牡3,,,,,,,,,0
インプレスウィナー,インプレスウィナー,牡3,,,,,,,,,0
ラドラーダ,ラドラーダ,牝4,,,,,,,,,0
ストリートスタイル,ストリートスタイル,牝5,,,,,,,,,0
ギルティストライク,ギルティストライク,せん6,,,,,,,,,0
バシケーン,バシケーン,牡5,,,,,,,,,0
シルポート,シルポート,牡5,,,,,,,,,0
ダイワジャンヌ,ダイワジャンヌ,牝5,,,,,,,,,0
キシュウグラシア,キシュウグラシア,牝4,,,,,,,,,0
アグネスワルツ,アグネスワルツ,牝3,,,,,,,,,0
アスカトップレディ,アスカトップレディ,牝3,,,,,,,,,0
マシュケナーダ,マシュケナーダ,牝3,,,,,,,,,0
ディミータ,ディミータ,牝3,,,,,,,,,0
フラムドール,フラムドール,牝3,,,,,,,,,0
トレジャーチェスト,トレジャーチェスト,牝3,,,,,,,,,0
トシザマキ,トシザマキ,牝3,,,,,,,,,0
メジロジェニファー,メジロジェニファー,牝3,,,,,,,,,0
フサイチセブン,フサイチセブン,牡4,,,,,,,,,0
タマモクリエイト,タマモクリエイト,牡5,,,,,,,,,0
ピイラニハイウェイ,ピイラニハイウェイ,牡5,,,,,,,,,0
ラッシュストリート,ラッシュストリート,せん5,,,,,,,,,0
ペルーサ,ペルーサ,牡3,,,,,,,,,0
トゥザグローリー,トゥザグローリー,牡3,,,,,,,,,0
ハートビートソング,ハートビートソング,牡3,,,,,,,,,0
リリエンタール,リリエンタール,牡3,,,,,,,,,0
トウカイメロディ,トウカイメロディ,牡3,,,,,,,,,0
スマートフォーカス,スマートフォーカス,牡3,,,,,,,,,0
ロードオブザリング,ロードオブザリング,牡3,,,,,,,,,0
コスモエンペラー,コスモエンペラー,牡3,,,,,,,,,0
メイショウエバモア,メイショウエバモア,牡3,,,,,,,,,0
カネトシソレイユ,カネトシソレイユ,牡6,,,,,,,,,0
ブレイクアセオリー,ブレイクアセオリー,牡3,,,,,,,,,0
シルクアーネスト,シルクアーネスト,牡3,,,,,,,,,0
カネトシパサージュ,カネトシパサージュ,牡3,,,,,,,,,0
プレファシオ,プレファシオ,牡3,,,,,,,,,0
アドマイヤタイシ,アドマイヤタイシ,牡3,,,,,,,,,0
アキノグローブ,アキノグローブ,牡3,,,,,,,,,0
カミダノミ,カミダノミ,牡3,,,,,,,,,0
ハードダダンダン,ハードダダンダン,牡3,,,,,,,,,0
ネオポラリス,ネオポラリス,牡3,,,,,,,,,0
エーシンコンファー,エーシンコンファー,牝5,,,,,,,,,0
モンテフジサン,モンテフジサン,牡3,,,,,,,,,0
パドトロワ,パドトロワ,牡3,,,,,,,,,0
オセアニアボス,オセアニアボス,牡5,,,,,,,,,0
シースピアー,シースピアー,牡4,,,,,,,,,0
アンクルトップ,アンクルトップ,牡5,,,,,,,,,0
シセイカグヤ,シセイカグヤ,牝4,,,,,,,,,0
モーニングフェイス,モーニングフェイス,牝3,,,,,,,,,0
トレノエンジェル,トレノエンジェル,牝3,,,,,,,,,0
アルトップラン,アルトップラン,牡5,,,,,,,,,0
コロナグラフ,コロナグラフ,牡5,,,,,,,,,0
トーセンモナーク,トーセンモナーク,牡5,,,,,,,,,0
イケドラゴン,イケドラゴン,牡5,,,,,,,,,0
フェニコーン,フェニコーン,牡6,,,,,,,,,0
スマートステージ,スマートステージ,牡5,,,,,,,,,0
ピエナグッドラック,ピエナグッドラック,牡6,,,,,,,,,0
フェローシップ,フェローシップ,せん8,,,,,,,,,0
ビューティーフラッシュ,ビューティーフラッシュ,せん5,,,,,,,,,0
バトードール,バトードール,牡3,,,,,,,,,0
スターボード,スターボード,牡3,,,,,,,,,0
ブレイクチャンス,ブレイクチャンス,牡3,,,,,,,,,0
コウユーヒーロー,コウユーヒーロー,牡3,,,,,,,,,0
アースサウンド,アースサウンド,牝3,,,,,,,,,0
ホクセツキングオー,ホクセツキングオー,牡3,,,,,,,,,0
ココカラ,ココカラ,牡3,,,,,,,,,0
ナイトオブザオペラ,ナイトオブザオペラ,牝3,,,,,,,,,0
ハッピーヘイロー,ハッピーヘイロー,せん8,,,,,,,,,0
ディアディアー,ディアディアー,牡5,,,,,,,,,0
キョウエイストーム,キョウエイストーム,牡5,,,,,,,,,0
ケイアイアストン,ケイアイアストン,牡5,,,,,,,,,0
エーブダッチマン,エーブダッチマン,牡4,,,,,,,,,0
テイエムオーロラ,テイエムオーロラ,牝4,,,,,,,,,0
アースシンボル,アースシンボル,牝5,,,,,,,,,0
マイネトゥインクル,マイネトゥインクル,牝5,,,,,,,,,0
チャームナデシコ,チャームナデシコ,牝5,,,,,,,,,0
マイネルアンサー,マイネルアンサー,牡6,,,,,,,,,0
ナイスミーチュー,ナイスミーチュー,牡3,,,,,,,,,0
シャイニンアーサー,シャイニンアーサー,牡3,,,,,,,,,0
アースガルド,アースガルド,牡3,,,,,,,,,0
セイリオス,セイリオス,牡3,,,,,,,,,0
ドリームカトラス,ドリームカトラス,牡3,,,,,,,,,0
ジャングルハヤテ,ジャングルハヤテ,牡3,,,,,,,,,0
ケイアイガーベラ,ケイアイガーベラ,牝4,,,,,,,,,0
ナムラタイタン,ナムラタイタン,牡4,,,,,,,,,0
ティアップワイルド,ティアップワイルド,牡4,,,,,,,,,0
シャイニングアワー,シャイニングアワー,牡5,,,,,,,,,0
タートルベイ,タートルベイ,牡5,,,,,,,,,0
プロセッション,プロセッション,牡7,,,,,,,,,0
マイプリティワン,マイプリティワン,牡6,,,,,,,,,0
トーホウアタック,トーホウアタック,牡6,,,,,,,,,0
ケイティラブ,ケイティラブ,牝6,,,,,,,,,0
ジェイケイセラヴィ,ジェイケイセラヴィ,せん6,,,,,,,,,0
アスドゥクール,アスドゥクール,牝5,,,,,,,,,0
テイエムカゲムシャ,テイエムカゲムシャ,牡6,,,,,,,,,0
スプリングカエサル,スプリングカエサル,牡4,,,,,,,,,0
パルティアシチー,パルティアシチー,牡7,,,,,,,,,0
ゴルデンシュライン,ゴルデンシュライン,せん4,,,,,,,,,0
マッキーガリウム,マッキーガリウム,牡4,,,,,,,,,0
カブリオール,カブリオール,せん5,,,,,,,,,0
ワンダールストラー,ワンダールストラー,牡6,,,,,,,,,0
ゴールデンカイザー,ゴールデンカイザー,牡5,,,,,,,,,0
ドリームガールズ,ドリームガールズ,牝5,,,,,,,,,0
スズカサンバ,スズカサンバ,牡6,,,,,,,,,0
ステップシチー,ステップシチー,牡6,,,,,,,,,0
スピリタス,スピリタス,せん5,,,,,,,,,0
キタノリューオー,キタノリューオー,牡6,,,,,,,,,0
マジカルポケット,マジカルポケット,牡2,,,,,,,,,0
マイネショコラーデ,マイネショコラーデ,牝2,,,,,,,,,0
ルリニガナ,ルリニガナ,牝2,,,,,,,,,0
エーシンジャッカル,エーシンジャッカル,牡2,,,,,,,,,0
タイセイファントム,タイセイファントム,牡2,,,,,,,,,0
ラッシュウインド,ラッシュウインド,牝2,,,,,,,,,0
アポロジェニー,アポロジェニー,牝2,,,,,,,,,0
テイエムシャトウ,テイエムシャトウ,牡2,,,,,,,,,0
トラストワン,トラストワン,牡2,,,,,,,,,0
ドリームバロン,ドリームバロン,牡2,,,,,,,,,0
イーグルカザン,イーグルカザン,牡2,,,,,,,,,0
ディアマンボウ,ディアマンボウ,牝2,,,,,,,,,0
コットンフィールド,コットンフィールド,牡2,,,,,,,,,0
スカイノダン,スカイノダン,牝4,,,,,,,,,0
ユメイッポ,ユメイッポ,牝5,,,,,,,,,0
ダークエンジェル,ダークエンジェル,牝5,,,,,,,,,0
マルティンスターク,マルティンスターク,牝5,,,,,,,,,0
トップフリーダム,トップフリーダム,牡4,,,,,,,,,0
トーセンコックス,トーセンコックス,牡5,,,,,,,,,0
0000988523,アイズオブゾロ,せん4,,,,,,0.0,0.0,0.0,1
トキノナスティア,トキノナスティア,牝4,,,,,,,,,0
ニューパワー,ニューパワー,せん4,,,,,,,,,0
ミラクルレジェンド,ミラクルレジェンド,牝3,,,,,,,,,0
グリッターウイング,グリッターウイング,牡3,,,,,,,,,0
ロンギングスター,ロンギングスター,牡3,,,,,,,,,0
ミッキーバラード,ミッキーバラード,牡3,,,,,,,,,0
モエレエンデバー,モエレエンデバー,牡3,,,,,,,,,0
カントリースノー,カントリースノー,牡3,,,,,,,,,0
プレシャスジェムズ,プレシャスジェムズ,牝3,,,,,,,,,0
ピカンチラヴ,ピカンチラヴ,牝3,,,,,,,,,0
スリーオリオン,スリーオリオン,牡5,,,,,,,,,0
トウカイミステリー,トウカイミステリー,牝4,,,,,,,,,0
ポートジェネラル,ポートジェネラル,牡7,,,,,,,,,0
マイネイサベル,マイネイサベル,牝2,,,,,,,,,0
マイネルラクリマ,マイネルラクリマ,牡2,,,,,,,,,0
レッドセインツ,レッドセインツ,牡2,,,,,,,,,0
エーシンブラン,エーシンブラン,牡2,,,,,,,,,0
デラコリーナ,デラコリーナ,牝2,,,,,,,,,0
サイレントソニック,サイレントソニック,牝2,,,,,,,,,0
ニシノクエーサー,ニシノクエーサー,牡2,,,,,,,,,0
キッズニゴウハン,キッズニゴウハン,牡2,,,,,,,,,0
マルタカシクレノン,マルタカシクレノン,牡2,,,,,,,,,0
クリーンエコロジー,クリーンエコロジー,牡2,,,,,,,,,0
フロールジェナ,フロールジェナ,牝2,,,,,,,,,0
リーサムポイント,リーサムポイント,牡2,,,,,,,,,0
コスモイーチタイム,コスモイーチタイム,牡2,,,,,,,,,0
ヴァナディース,ヴァナディース,牝2,,,,,,,,,0
リュウシンヒーロー,リュウシンヒーロー,牡2,,,,,,,,,0
ワイルドジュニア,ワイルドジュニア,牡2,,,,,,,,,0
クラウンフィデリオ,クラウンフィデリオ,牡2,,,,,,,,,0
ホーマンフリップ,ホーマンフリップ,牝2,,,,,,,,,0
ブラウンワイルド,ブラウンワイルド,牡2,,,,,,,,,0
シゲルキョクチョウ,シゲルキョクチョウ,牡2,,,,,,,,,0
スギノエンデバー,スギノエンデバー,牡2,,,,,,,,,0
トキノゲンジ,トキノゲンジ,牡2,,,,,,,,,0
テイエムターゲット,テイエムターゲット,牡2,,,,,,,,,0
バラードソング,バラードソング,牝2,,,,,,,,,0
シゲルシャチョウ,シゲルシャチョウ,牡2,,,,,,,,,0
モアグレイス,モアグレイス,牝2,,,,,,,,,0
カノヤキャプテン,カノヤキャプテン,牝2,,,,,,,,,0
タガノロックオン,タガノロックオン,牡2,,,,,,,,,0
ラバーフロー,ラバーフロー,牡2,,,,,,,,,0
トーホウペッグ,トーホウペッグ,牝2,,,,,,,,,0
ホーマンルッツ,ホーマンルッツ,牡2,,,,,,,,,0
ニシノフウウンジ,ニシノフウウンジ,牡2,,,,,,,,,0
ドレッドノート,ドレッドノート,牡2,,,,,,,,,0
ムジョウ,ムジョウ,牡2,,,,,,,,,0
ジンクアッシュ,ジンクアッシュ,牡2,,,,,,,,,0
ファイアーフロート,ファイアーフロート,牡4,,,,,,,,,0
グリーンバーディー,グリーンバーディー,せん7,,,,,,,,,0
コパノオーシャンズ,コパノオーシャンズ,牝6,,,,,,,,,0
ヤマニンエルブ,ヤマニンエルブ,牡3,,,,,,,,,0
ゲームマエストロ,ゲームマエストロ,牡3,,,,,,,,,0
ダークシャドウ,ダークシャドウ,牡3,,,,,,,,,0
ミキノバンジョー,ミキノバンジョー,牡3,,,,,,,,,0
ベストアンサー,ベストアンサー,牡3,,,,,,,,,0
フェイルノート,フェイルノート,牡3,,,,,,,,,0
ファーストグロース,ファーストグロース,牡3,,,,,,,,,0
シルクスチュアート,シルクスチュアート,牡3,,,,,,,,,0
トゥニーポート,トゥニーポート,牝3,,,,,,,,,0
ニチドウルチル,ニチドウルチル,牝3,,,,,,,,,0
タガノイノセンス,タガノイノセンス,牝3,,,,,,,,,0
ラガーリンリン,ラガーリンリン,牝3,,,,,,,,,0
タイカーリアン,タイカーリアン,牡6,,,,,,,,,0
イコールパートナー,イコールパートナー,牝5,,,,,,,,,0
ホウライブライアン,ホウライブライアン,牡5,,,,,,,,,0
エーシンモアオバー,エーシンモアオバー,牡4,,,,,,,,,0
タガノクリスエス,タガノクリスエス,牝5,,,,,,,,,0
ラストアロー,ラストアロー,牝6,,,,,,,,,0
ミステリアスライト,ミステリアスライト,牡5,,,,,,,,,0
ミッキーミラクル,ミッキーミラクル,牡5,,,,,,,,,0
ビッグウィーク,ビッグウィーク,牡3,,,,,,,,,0
マイネルゴルト,マイネルゴルト,牡3,,,,,,,,,0
シルクオールディー,シルクオールディー,牡3,,,,,,,,,0
チョイワルグランパ,チョイワルグランパ,牡4,,,,,,,,,0
サクラロミオ,サクラロミオ,牡5,,,,,,,,,0
アドマイヤマジン,アドマイヤマジン,牡6,,,,,,,,,0
オールアズワン,オールアズワン,牡2,,,,,,,,,0
アヴェンチュラ,アヴェンチュラ,牝2,,,,,,,,,0
アドマイヤセプター,アドマイヤセプター,牝2,,,,,,,,,0
ルルーシュ,ルルーシュ,牡2,,,,,,,,,0
ギリギリヒーロー,ギリギリヒーロー,牡2,,,,,,,,,0
ゲットハッピー,ゲットハッピー,牡2,,,,,,,,,0
メイショウトチワカ,メイショウトチワカ,牡2,,,,,,,,,0
マーベラスカイザー,マーベラスカイザー,牡2,,,,,,,,,0
エイブルブラッド,エイブルブラッド,牡2,,,,,,,,,0
マイネルギブソン,マイネルギブソン,牡2,,,,,,,,,0
タイキパーシヴァル,タイキパーシヴァル,牡2,,,,,,,,,0
ムライチンタ,ムライチンタ,牝2,,,,,,,,,0
ビービーマキシマス,ビービーマキシマス,牡2,,,,,,,,,0
ヴェイロン,ヴェイロン,牡2,,,,,,,,,0
ウルトラファンタジー,ウルトラファンタジー,せん8,,,,,,,,,0
レーヴディソール,レーヴディソール,牝2,,,,,,,,,0
アドマイヤサガス,アドマイヤサガス,牡2,,,,,,,,,0
メイショウナルト,メイショウナルト,牡2,,,,,,,,,0
トップシャイン,トップシャイン,牡2,,,,,,,,,0
ミッキーマスカット,ミッキーマスカット,牡2,,,,,,,,,0
グランプリボス,グランプリボス,牡2,,,,,,,,,0
アスターウィング,アスターウィング,牡2,,,,,,,,,0
エイシンオスマン,エイシンオスマン,牡2,,,,,,,,,0
エルウェーオージャ,エルウェーオージャ,牡2,,,,,,,,,0
ショウナンアリビオ,ショウナンアリビオ,牡2,,,,,,,,,0
スマートシルエット,スマートシルエット,牝3,,,,,,,,,0
クラックシード,クラックシード,牝3,,,,,,,,,0
レインボーダリア,レインボーダリア,牝3,,,,,,,,,0
アンティフリーズ,アンティフリーズ,牝3,,,,,,,,,0
ダノンヨーヨー,ダノンヨーヨー,牡4,,,,,,,,,0
コスモヴァシュラン,コスモヴァシュラン,牡6,,,,,,,,,0
ビートブラック,ビートブラック,牡3,,,,,,,,,0
コスモラピュタ,コスモラピュタ,牡3,,,,,,,,,0
トレイルブレイザー,トレイルブレイザー,牡3,,,,,,,,,0
マルモセーラ,マルモセーラ,牝2,,,,,,,,,0
ホエールキャプチャ,ホエールキャプチャ,牝2,,,,,,,,,0
ハピシン,ハピシン,牝2,,,,,,,,,0
ケイティーズジェム,ケイティーズジェム,牝2,,,,,,,,,0
ツルマルワンピース,ツルマルワンピース,牝2,,,,,,,,,0
ジョーアラマート,ジョーアラマート,牝2,,,,,,,,,0
サクラベル,サクラベル,牝2,,,,,,,,,0
オースミマイカ,オースミマイカ,牝2,,,,,,,,,0
レッドマーベル,レッドマーベル,牝2,,,,,,,,,0
ファーマクリーム,ファーマクリーム,牝2,,,,,,,,,0
キョウワジャンヌ,キョウワジャンヌ,牝2,,,,,,,,,0
マーベラスビジン,マーベラスビジン,牝2,,,,,,,,,0
エクメーネ,エクメーネ,牝2,,,,,,,,,0
グラスゴッド,グラスゴッド,牡6,,,,,,,,,0
ゴールデンハインド,ゴールデンハインド,牡4,,,,,,,,,0
パワーストラグル,パワーストラグル,牡4,,,,,,,,,0
ドリームライナー,ドリームライナー,牡4,,,,,,,,,0
アドマイヤシャトル,アドマイヤシャトル,牡4,,,,,,,,,0
リアルインパクト,リアルインパクト,牡2,,,,,,,,,0
テイエムオオタカ,テイエムオオタカ,牡2,,,,,,,,,0
ライステラス,ライステラス,牝2,,,,,,,,,0
ロビンフット,ロビンフット,牡2,,,,,,,,,0
オースミイージー,オースミイージー,牡2,,,,,,,,,0
スカラブレイ,スカラブレイ,牡2,,,,,,,,,0
オルフェーヴル,オルフェーヴル,牡2,,,,,,,,,0
コスモティカル,コスモティカル,牝2,,,,,,,,,0
サンライズアバカス,サンライズアバカス,牡2,,,,,,,,,0
オウケンウッド,オウケンウッド,牡2,,,,,,,,,0
シゲルジュウヤク,シゲルジュウヤク,牡2,,,,,,,,,0
スーパーヴァイザー,スーパーヴァイザー,牡6,,,,,,,,,0
マルタカタキオン,マルタカタキオン,牡7,,,,,,,,,0
ユノゾフィー,ユノゾフィー,牡4,,,,,,,,,0
シルクフォーチュン,シルクフォーチュン,牡4,,,,,,,,,0
エーシンクールディ,エーシンクールディ,牝4,,,,,,,,,0
スノーフェアリー,スノーフェアリー,牝3,,,,,,,,,0
アーヴェイ,アーヴェイ,牝4,,,,,,,,,0
サダムパテック,サダムパテック,牡2,,,,,,,,,0
リフトザウイングス,リフトザウイングス,牡2,,,,,,,,,0
フェイトフルウォー,フェイトフルウォー,牡2,,,,,,,,,0
ダコール,ダコール,牡2,,,,,,,,,0
アッパーイースト,アッパーイースト,牡2,,,,,,,,,0
トーセンケイトゥー,トーセンケイトゥー,牡2,,,,,,,,,0
カインバティック,カインバティック,牡2,,,,,,,,,0
サトノペガサス,サトノペガサス,牡2,,,,,,,,,0
セイカプリコーン,セイカプリコーン,牡2,,,,,,,,,0
ビップセレブアイ,ビップセレブアイ,牡2,,,,,,,,,0
ショウナンカライス,ショウナンカライス,牡2,,,,,,,,,0
マイネルハイセンス,マイネルハイセンス,牡2,,,,,,,,,0
セトノシャンクス,セトノシャンクス,牡2,,,,,,,,,0
イイデタイガー,イイデタイガー,牡2,,,,,,,,,0
ゴールスキー,ゴールスキー,牡3,,,,,,,,,0
ティファニーケイス,ティファニーケイス,牝3,,,,,,,,,0
シリュスデゼーグル,シリュスデゼーグル,せん4,,,,,,,,,0
ジョシュアツリー,ジョシュアツリー,牡3,,,,,,,,,0
ダンディーノ,ダンディーノ,牡3,,,,,,,,,0
モアズウェルズ,モアズウェルズ,牡6,,,,,,,,,0
ティモス,ティモス,牡5,,,,,,,,,0
ヴォワライシ,ヴォワライシ,牡5,,,,,,,,,0
マリヌス,マリヌス,牡4,,,,,,,,,0
フィフティープルー,フィフティープルー,せん4,,,,,,,,,0
ロードキャニオン,ロードキャニオン,せん6,,,,,,,,,0
ダンツホウテイ,ダンツホウテイ,牡5,,,,,,,,,0
オートドラゴン,オートドラゴン,牡6,,,,,,,,,0
シゲルタック,シゲルタック,牡6,,,,,,,,,0
マルカベンチャー,マルカベンチャー,牡4,,,,,,,,,0
マハーバリプラム,マハーバリプラム,牝5,,,,,,,,,0
ヤサカファイン,ヤサカファイン,牡4,,,,,,,,,0
ジーエスライカー,ジーエスライカー,牡3,,,,,,,,,0
タガノラヴキセキ,タガノラヴキセキ,牝2,,,,,,,,,0
フォーエバーマーク,フォーエバーマーク,牝2,,,,,,,,,0
ダンスファンタジア,ダンスファンタジア,牝2,,,,,,,,,0
トツゼンノハピネス,トツゼンノハピネス,牝2,,,,,,,,,0
リトルダーリン,リトルダーリン,牝2,,,,,,,,,0
マリアビスティー,マリアビスティー,牝2,,,,,,,,,0
ピュアオパール,ピュアオパール,牝2,,,,,,,,,0
グルーヴィクイーン,グルーヴィクイーン,牝2,,,,,,,,,0
クリアンサス,クリアンサス,牝2,,,,,,,,,0
リベルタス,リベルタス,牡2,,,,,,,,,0
シゲルソウサイ,シゲルソウサイ,牡2,,,,,,,,,0
タツミリュウ,タツミリュウ,牡2,,,,,,,,,0
スイートマトルーフ,スイートマトルーフ,牝4,,,,,,,,,0
タマモグレアー,タマモグレアー,せん6,,,,,,,,,0
ナドレ,ナドレ,牝4,,,,,,,,,0
トーセンジョーカー,トーセンジョーカー,牡7,,,,,,,,,0
ダノンバラード,ダノンバラード,牡2,,,,,,,,,0
コティリオン,コティリオン,牡2,,,,,,,,,0
ウインバリアシオン,ウインバリアシオン,牡2,,,,,,,,,0
アドマイヤコリン,アドマイヤコリン,牡2,,,,,,,,,0
ナリタキングロード,ナリタキングロード,牡2,,,,,,,,,0
ハーバーコマンド,ハーバーコマンド,牡2,,,,,,,,,0
ショウナンマイティ,ショウナンマイティ,牡2,,,,,,,,,0
ノヴァグロリア,ノヴァグロリア,牡2,,,,,,,,,0
イデア,イデア,牡2,,,,,,,,,0
ゴットマスタング,ゴットマスタング,牡2,,,,,,,,,0
ユニバーサルバンク,ユニバーサルバンク,牡2,,,,,,,,,0
レッドデイヴィス,レッドデイヴィス,せん3,,,,,,,,,0
マルセリーナ,マルセリーナ,牝3,,,,,,,,,0
ドナウブルー,ドナウブルー,牝3,,,,,,,,,0
ツルマルレオン,ツルマルレオン,牡3,,,,,,,,,0
ワイズリー,ワイズリー,牡3,,,,,,,,,0
シャイニーホーク,シャイニーホーク,牡3,,,,,,,,,0
ヒカリトリトン,ヒカリトリトン,牡3,,,,,,,,,0
ヴィジャイ,ヴィジャイ,牡3,,,,,,,,,0
スピードリッパー,スピードリッパー,牝3,,,,,,,,,0
ピュアブリーゼ,ピュアブリーゼ,牝3,,,,,,,,,0
ヤマノラヴ,ヤマノラヴ,牝3,,,,,,,,,0
マイネイディール,マイネイディール,牝3,,,,,,,,,0
コスモバタフライ,コスモバタフライ,牝3,,,,,,,,,0
フラワーロック,フラワーロック,牝3,,,,,,,,,0
ビービーバカラ,ビービーバカラ,牝3,,,,,,,,,0
コンプリート,コンプリート,牝3,,,,,,,,,0
フレンドサンポウ,フレンドサンポウ,牝3,,,,,,,,,0
イングリッド,イングリッド,牝3,,,,,,,,,0
フジチャン,フジチャン,牝3,,,,,,,,,0
デボネア,デボネア,牡3,,,,,,,,,0
プレイ,プレイ,牡3,,,,,,,,,0
マイネルメダリスト,マイネルメダリスト,牡3,,,,,,,,,0
インナージョイ,インナージョイ,牡3,,,,,,,,,0
ユウセン,ユウセン,牡3,,,,,,,,,0
タナトス,タナトス,牡3,,,,,,,,,0
ヌーベルバーグ,ヌーベルバーグ,牝3,,,,,,,,,0
スマートロビン,スマートロビン,牡3,,,,,,,,,0
スリーケインズ,スリーケインズ,牡3,,,,,,,,,0
ジャービス,ジャービス,牡3,,,,,,,,,0
コウヨウレジェンド,コウヨウレジェンド,牡3,,,,,,,,,0
マルカボルト,マルカボルト,牡4,,,,,,,,,0
アサティスボーイ,アサティスボーイ,牡7,,,,,,,,,0
インバルコ,インバルコ,牡5,,,,,,,,,0
ピースキーパー,ピースキーパー,牡6,,,,,,,,,0
ボクノタイヨウ,ボクノタイヨウ,牡6,,,,,,,,,0
セイコーライコウ,セイコーライコウ,牡4,,,,,,,,,0
ワールドワイド,ワールドワイド,牡5,,,,,,,,,0
サングレアズール,サングレアズール,牝4,,,,,,,,,0
ヤマカツマリリン,ヤマカツマリリン,牝7,,,,,,,,,0
クレバートウショウ,クレバートウショウ,牡5,,,,,,,,,0
ゼットフラッシュ,ゼットフラッシュ,牡8,,,,,,,,,0
トーセンラー,トーセンラー,牡3,,,,,,,,,0
リキサンマックス,リキサンマックス,牡3,,,,,,,,,0
カーマイン,カーマイン,牡3,,,,,,,,,0
リアライズペガサス,リアライズペガサス,牡3,,,,,,,,,0
デルマドゥルガー,デルマドゥルガー,牝3,,,,,,,,,0
フレンチカクタス,フレンチカクタス,牝3,,,,,,,,,0
メーヴェ,メーヴェ,牝3,,,,,,,,,0
ニシノステディー,ニシノステディー,牝3,,,,,,,,,0
カトルズリップス,カトルズリップス,牝3,,,,,,,,,0
テキサスルビー,テキサスルビー,牝3,,,,,,,,,0
イイデステップ,イイデステップ,牝3,,,,,,,,,0
ケイアイアルテミス,ケイアイアルテミス,牝3,,,,,,,,,0
ユースティティア,ユースティティア,牝3,,,,,,,,,0
ラテアート,ラテアート,牝3,,,,,,,,,0
スクランブルエッグ,スクランブルエッグ,牝3,,,,,,,,,0
シグナルストーン,シグナルストーン,牝3,,,,,,,,,0
ナカヤマナイト,ナカヤマナイト,牡3,,,,,,,,,0
ディープサウンド,ディープサウンド,牡3,,,,,,,,,0
ベルシャザール,ベルシャザール,牡3,,,,,,,,,0
ダブルオーセブン,ダブルオーセブン,牡3,,,,,,,,,0
サトノオー,サトノオー,牡3,,,,,,,,,0
ニジブルーム,ニジブルーム,牡3,,,,,,,,,0
オンリーザブレイヴ,オンリーザブレイヴ,牡3,,,,,,,,,0
ミヤビファルネーゼ,ミヤビファルネーゼ,牡3,,,,,,,,,0
ビッグロマンス,ビッグロマンス,牡3,,,,,,,,,0
コスモメドウ,コスモメドウ,牡4,,,,,,,,,0
メイショウタメトモ,メイショウタメトモ,牡6,,,,,,,,,0
ノーザンリバー,ノーザンリバー,牡3,,,,,,,,,0
キョウエイバサラ,キョウエイバサラ,牡3,,,,,,,,,0
ラトルスネーク,ラトルスネーク,牡3,,,,,,,,,0
カルドブレッサ,カルドブレッサ,牡3,,,,,,,,,0
ノーブルジュエリー,ノーブルジュエリー,牝3,,,,,,,,,0
トキノエクセレント,トキノエクセレント,牡3,,,,,,,,,0
アマノレインジャー,アマノレインジャー,牡3,,,,,,,,,0
ゲティスバーグ,ゲティスバーグ,牡3,,,,,,,,,0
ロードハリアー,ロードハリアー,牡3,,,,,,,,,0
レッドシューター,レッドシューター,牡6,,,,,,,,,0
サワノパンサー,サワノパンサー,牡5,,,,,,,,,0
メデタシ,メデタシ,牝3,,,,,,,,,0
ビッグスマイル,ビッグスマイル,牝3,,,,,,,,,0
ジョーアカリン,ジョーアカリン,牝3,,,,,,,,,0
ツカサリボン,ツカサリボン,牝3,,,,,,,,,0
ギュスターヴクライ,ギュスターヴクライ,牡3,,,,,,,,,0
トーセンマルス,トーセンマルス,牡3,,,,,,,,,0
ルーズベルト,ルーズベルト,牡3,,,,,,,,,0
ターゲットマシン,ターゲットマシン,牡3,,,,,,,,,0
ヘニーハウンド,ヘニーハウンド,牡3,,,,,,,,,0
エーシンジェイワン,エーシンジェイワン,牡3,,,,,,,,,0
オヤシオ,オヤシオ,牡3,,,,,,,,,0
ヴォトレメイヤー,ヴォトレメイヤー,牡3,,,,,,,,,0
アフォード,アフォード,牡3,,,,,,,,,0
ウッドシップ,ウッドシップ,牝3,,,,,,,,,0
アフリカンハンター,アフリカンハンター,牡3,,,,,,,,,0
エーシンヒットマン,エーシンヒットマン,牡3,,,,,,,,,0
ヒシカツヒトリタビ,ヒシカツヒトリタビ,牡4,,,,,,,,,0
ダノンバッカス,ダノンバッカス,せん6,,,,,,,,,0
レンディル,レンディル,牡5,,,,,,,,,0
アヤナベル,アヤナベル,牝5,,,,,,,,,0
ジョーベルスター,ジョーベルスター,牡5,,,,,,,,,0
コンゴウ,コンゴウ,牡5,,,,,,,,,0
エーシンハーバー,エーシンハーバー,牝3,,,,,,,,,0
カフェヒミコ,カフェヒミコ,牝3,,,,,,,,,0
0000230111,アイアムアクトレス,牝3,,,,,,0.0,0.0,0.0,1
オーシャンフリート,オーシャンフリート,牝3,,,,,,,,,0
ステラロッサ,ステラロッサ,牡3,,,,,,,,,0
ショウナンパルフェ,ショウナンパルフェ,牡3,,,,,,,,,0
ホッコーガンバ,ホッコーガンバ,牡3,,,,,,,,,0
ゴールドブライアン,ゴールドブライアン,牡3,,,,,,,,,0
スーサングレート,スーサングレート,牡3,,,,,,,,,0
トレンドハンター,トレンドハンター,牝3,,,,,,,,,0
ハブルバブル,ハブルバブル,牝3,,,,,,,,,0
マヒナ,マヒナ,牝3,,,,,,,,,0
ライブインベガス,ライブインベガス,牝3,,,,,,,,,0
シナル,シナル,牝3,,,,,,,,,0
サトノフローラ,サトノフローラ,牝3,,,,,,,,,0
サトノフォワード,サトノフォワード,牝3,,,,,,,,,0
メロウメロディ,メロウメロディ,牝3,,,,,,,,,0
セイルアゲン,セイルアゲン,牝3,,,,,,,,,0
イトククリ,イトククリ,牝3,,,,,,,,,0
バレドクール,バレドクール,牝3,,,,,,,,,0
ミヤジメーテル,ミヤジメーテル,牝3,,,,,,,,,0
ケイジーシオン,ケイジーシオン,牝3,,,,,,,,,0
アフロディーテ,アフロディーテ,牝3,,,,,,,,,0
クラウンリバー,クラウンリバー,牝3,,,,,,,,,0
トーセンレーヴ,トーセンレーヴ,牡3,,,,,,,,,0
エチゴイチエ,エチゴイチエ,牡3,,,,,,,,,0
アストロロジー,アストロロジー,牡3,,,,,,,,,0
アルティシムス,アルティシムス,牡3,,,,,,,,,0
カグニザント,カグニザント,牡3,,,,,,,,,0
ボレアス,ボレアス,牡3,,,,,,,,,0
スマートリブレ,スマートリブレ,牡3,,,,,,,,,0
デスペラード,デスペラード,牡3,,,,,,,,,0
リヴェレンテ,リヴェレンテ,牡3,,,,,,,,,0
サイドアタック,サイドアタック,牡3,,,,,,,,,0
サンビーム,サンビーム,牡3,,,,,,,,,0
エーシンジーライン,エーシンジーライン,牡6,,,,,,,,,0
ブリッツェン,ブリッツェン,牡5,,,,,,,,,0
タッチミーノット,タッチミーノット,牡5,,,,,,,,,0
ダノンシャーク,ダノンシャーク,牡3,,,,,,,,,0
コルポディヴェント,コルポディヴェント,牡3,,,,,,,,,0
オメガブレイン,オメガブレイン,牡3,,,,,,,,,0
トウショウクラウン,トウショウクラウン,牡3,,,,,,,,,0
アンシェルブルー,アンシェルブルー,牝4,,,,,,,,,0
レオパステル,レオパステル,牝4,,,,,,,,,0
ゴールドピアース,ゴールドピアース,牝5,,,,,,,,,0
タガノジンガロ,タガノジンガロ,牡4,,,,,,,,,0
メテオロロジスト,メテオロロジスト,牡4,,,,,,,,,0
ハギノリベラ,ハギノリベラ,牡5,,,,,,,,,0
バウンシーチューン,バウンシーチューン,牝3,,,,,,,,,0
マイネソルシエール,マイネソルシエール,牝3,,,,,,,,,0
ハッピーグラス,ハッピーグラス,牝3,,,,,,,,,0
モスカートローザ,モスカートローザ,牝3,,,,,,,,,0
セレブリティ,セレブリティ,牝3,,,,,,,,,0
メジロミドウ,メジロミドウ,牝3,,,,,,,,,0
ソウルフルヴォイス,ソウルフルヴォイス,牝4,,,,,,,,,0
ウインマリアベール,ウインマリアベール,牝4,,,,,,,,,0
エスピナアスール,エスピナアスール,牝4,,,,,,,,,0
サンデーミューズ,サンデーミューズ,牝4,,,,,,,,,0
ロッカヴェラーノ,ロッカヴェラーノ,牡3,,,,,,,,,0
ダノンミル,ダノンミル,牡3,,,,,,,,,0
カフナ,カフナ,牡3,,,,,,,,,0
ゴルトブリッツ,ゴルトブリッツ,牡4,,,,,,,,,0
ヴァーゲンザイル,ヴァーゲンザイル,牡3,,,,,,,,,0
ビービーアックス,ビービーアックス,牡3,,,,,,,,,0
コスモヘイガー,コスモヘイガー,牡3,,,,,,,,,0
プリンスヴィル,プリンスヴィル,牡3,,,,,,,,,0
コンノート,コンノート,牡3,,,,,,,,,0
サトノタイガー,サトノタイガー,牡3,,,,,,,,,0
0001089097,アイルトンバローズ,牡3,,,,,,0.0,0.0,0.0,1
ジェントゥー,ジェントゥー,せん7,,,,,,,,,0
クレスコグランド,クレスコグランド,牡3,,,,,,,,,0
サウンドバスター,サウンドバスター,牡3,,,,,,,,,0
ルイーザシアター,ルイーザシアター,牡3,,,,,,,,,0
パッションダンス,パッションダンス,牡3,,,,,,,,,0
ダノンフェニックス,ダノンフェニックス,牡3,,,,,,,,,0
サトノシュレン,サトノシュレン,牡3,,,,,,,,,0
ファタモルガーナ,ファタモルガーナ,牡3,,,,,,,,,0
テンペル,テンペル,牡3,,,,,,,,,0
アヤナミ,アヤナミ,牡3,,,,,,,,,0
マーベラスバロン,マーベラスバロン,牡3,,,,,,,,,0
0001095571,アイヴィーリーグ,牡3,,,,,,0.0,0.0,0.0,1
ドリームバレンチノ,ドリームバレンチノ,牡4,,,,,,,,,0
ユキノハボタン,ユキノハボタン,牝6,,,,,,,,,0
グロッケンライン,グロッケンライン,牡6,,,,,,,,,0
ナムラチェンジ,ナムラチェンジ,牡6,,,,,,,,,0
マサノブルース,マサノブルース,せん4,,,,,,,,,0
プライドイズハート,プライドイズハート,牡7,,,,,,,,,0
ピサロナイト,ピサロナイト,牡4,,,,,,,,,0
デアモント,デアモント,牡5,,,,,,,,,0
エリンコート,エリンコート,牝3,,,,,,,,,0
0000453788,アカンサス,牝3,,,,,,0.0,0.0,0.0,1
グルヴェイグ,グルヴェイグ,牝3,,,,,,,,,0
カルマート,カルマート,牝3,,,,,,,,,0
シシリアンブリーズ,シシリアンブリーズ,牝3,,,,,,,,,0
ランフォルセ,ランフォルセ,牡5,,,,,,,,,0
メダリアビート,メダリアビート,牡5,,,,,,,,,0
シャイニータイガー,シャイニータイガー,牡5,,,,,,,,,0
グレープブランデー,グレープブランデー,牡3,,,,,,,,,0
オメガスカイツリー,オメガスカイツリー,牡3,,,,,,,,,0
ゴールデンアタック,ゴールデンアタック,牡3,,,,,,,,,0
タマモブラウン,タマモブラウン,牡3,,,,,,,,,0
ユウキマリアッチ,ユウキマリアッチ,牝3,,,,,,,,,0
ホノカアボーイ,ホノカアボーイ,牡3,,,,,,,,,0
ディアフォルティス,ディアフォルティス,牡3,,,,,,,,,0
サムザップ,サムザップ,せん7,,,,,,,,,0
マジェスティバイオ,マジェスティバイオ,牡4,,,,,,,,,0
ビーアウェイク,ビーアウェイク,牡4,,,,,,,,,0
タカラボス,タカラボス,牡7,,,,,,,,,0
ハクサン,ハクサン,牡5,,,,,,,,,0
ヒカリアライブ,ヒカリアライブ,牡5,,,,,,,,,0
アドマイヤサンサン,アドマイヤサンサン,せん9,,,,,,,,,0
バトルブリンディス,バトルブリンディス,牡6,,,,,,,,,0
エーブチェアマン,エーブチェアマン,牡4,,,,,,,,,0
レインフォーレスト,レインフォーレスト,牡5,,,,,,,,,0
エーシンリジル,エーシンリジル,牝4,,,,,,,,,0
マイネプリンセス,マイネプリンセス,牝5,,,,,,,,,0
エルジャンクション,エルジャンクション,せん5,,,,,,,,,0
エヒテンヴィーゼ,エヒテンヴィーゼ,牡8,,,,,,,,,0
メジロラフィキ,メジロラフィキ,せん6,,,,,,,,,0
フレールジャック,フレールジャック,牡3,,,,,,,,,0
アバウト,アバウト,牡3,,,,,,,,,0
フルアクセル,フルアクセル,牡3,,,,,,,,,0
ヒラボクインパクト,ヒラボクインパクト,牡3,,,,,,,,,0
ダーズンローズ,ダーズンローズ,牡3,,,,,,,,,0
プランスデトワール,プランスデトワール,牡3,,,,,,,,,0
エポワス,エポワス,牡3,,,,,,,,,0
ナイアード,ナイアード,牝5,,,,,,,,,0
インオラリオ,インオラリオ,牡6,,,,,,,,,0
マルカフリート,マルカフリート,牡5,,,,,,,,,0
シャア,シャア,牡5,,,,,,,,,0
メイショウセンゴク,メイショウセンゴク,牡6,,,,,,,,,0
ドスライス,ドスライス,牡5,,,,,,,,,0
エーシンヴァーゴウ,エーシンヴァーゴウ,牝4,,,,,,,,,0
サアドウゾ,サアドウゾ,牝5,,,,,,,,,0
ストロングポイント,ストロングポイント,牡5,,,,,,,,,0
マヤノロシュニ,マヤノロシュニ,牝5,,,,,,,,,0
テイエムキューバ,テイエムキューバ,牡3,,,,,,,,,0
ウォークラウン,ウォークラウン,牡5,,,,,,,,,0
エドノヤマト,エドノヤマト,牡4,,,,,,,,,0
シゲルダイセン,シゲルダイセン,牡5,,,,,,,,,0
シャイニーブラック,シャイニーブラック,牡4,,,,,,,,,0
スリーロゼット,スリーロゼット,牝5,,,,,,,,,0
テイエムブユウデン,テイエムブユウデン,牡4,,,,,,,,,0
ライブリシュロム,ライブリシュロム,牡8,,,,,,,,,0
ゴールデンガッツ,ゴールデンガッツ,牡6,,,,,,,,,0
ワルキューレ,ワルキューレ,牝7,,,,,,,,,0
エアラフォン,エアラフォン,牡4,,,,,,,,,0
エイシンサクセス,エイシンサクセス,牡5,,,,,,,,,0
スペシャルハート,スペシャルハート,牡6,,,,,,,,,0
ガンダーラ,ガンダーラ,牡5,,,,,,,,,0
ファインチョイス,ファインチョイス,牝2,,,,,,,,,0
0001109443,アイムユアーズ,牝2,,,,,,0.0,0.0,0.0,1
ナイスヘイロー,ナイスヘイロー,牡2,,,,,,,,,0
コスモメガトロン,コスモメガトロン,牡2,,,,,,,,,0
エクスクライム,エクスクライム,牡2,,,,,,,,,0
マスイデア,マスイデア,牝2,,,,,,,,,0
ニシノカチヅクシ,ニシノカチヅクシ,牡2,,,,,,,,,0
パチャママ,パチャママ,牝2,,,,,,,,,0
プリサイスファイン,プリサイスファイン,牡2,,,,,,,,,0
ステルミナート,ステルミナート,牡2,,,,,,,,,0
エクセルシオール,エクセルシオール,牡2,,,,,,,,,0
ローレルボルケーノ,ローレルボルケーノ,牡2,,,,,,,,,0
ハマノヴィグラス,ハマノヴィグラス,牡2,,,,,,,,,0
タニノスバル,タニノスバル,牝5,,,,,,,,,0
メモリアルイヤー,メモリアルイヤー,牝3,,,,,,,,,0
クリーバレン,クリーバレン,牡5,,,,,,,,,0
ナイスラッキー,ナイスラッキー,牡6,,,,,,,,,0
スズマーシャル,スズマーシャル,牡5,,,,,,,,,0
ムーンレスナイト,ムーンレスナイト,せん7,,,,,,,,,0
タカオノボル,タカオノボル,牡3,,,,,,,,,0
ダートムーア,ダートムーア,牝3,,,,,,,,,0
サトノサミット,サトノサミット,牡3,,,,,,,,,0
インディーズゲーム,インディーズゲーム,牡3,,,,,,,,,0
コスタパルメーラ,コスタパルメーラ,牡3,,,,,,,,,0
サミットストーン,サミットストーン,牡3,,,,,,,,,0
カラフルデイズ,カラフルデイズ,牝3,,,,,,,,,0
タイムズアロー,タイムズアロー,牡3,,,,,,,,,0
レックスパレード,レックスパレード,牡3,,,,,,,,,0
ファストワーカー,ファストワーカー,牡3,,,,,,,,,0
リアライズブレイク,リアライズブレイク,牡3,,,,,,,,,0
カリバーン,カリバーン,牡4,,,,,,,,,0
モエレエターナル,モエレエターナル,牝5,,,,,,,,,0
プティプランセス,プティプランセス,牝5,,,,,,,,,0
シャイニーブラウン,シャイニーブラウン,牡6,,,,,,,,,0
オリオンスターズ,オリオンスターズ,牡7,,,,,,,,,0
レジェトウショウ,レジェトウショウ,牝5,,,,,,,,,0
モンストール,モンストール,牡2,,,,,,,,,0
ジャスタウェイ,ジャスタウェイ,牡2,,,,,,,,,0
クイーンアルタミラ,クイーンアルタミラ,牝2,,,,,,,,,0
ダローネガ,ダローネガ,牡2,,,,,,,,,0
クリッピングエリア,クリッピングエリア,牝2,,,,,,,,,0
ヒシマーベラス,ヒシマーベラス,牝2,,,,,,,,,0
トウケイヘイロー,トウケイヘイロー,牡2,,,,,,,,,0
アドマイヤリリーフ,アドマイヤリリーフ,牡2,,,,,,,,,0
フィロパトール,フィロパトール,牝2,,,,,,,,,0
ラフレーズカフェ,ラフレーズカフェ,牝2,,,,,,,,,0
ダンスインザマミー,ダンスインザマミー,牝2,,,,,,,,,0
メイショウハガクレ,メイショウハガクレ,牡2,,,,,,,,,0
ニコールバローズ,ニコールバローズ,牝2,,,,,,,,,0
ロッソコルサ,ロッソコルサ,牡2,,,,,,,,,0
ヴュルデバンダム,ヴュルデバンダム,牝2,,,,,,,,,0
ニンジャ,ニンジャ,牡2,,,,,,,,,0
プレノタート,プレノタート,牝2,,,,,,,,,0
ハッシュドトーン,ハッシュドトーン,牝2,,,,,,,,,0
エピセアローム,エピセアローム,牝2,,,,,,,,,0
マコトリヴァーサル,マコトリヴァーサル,牡2,,,,,,,,,0
ハギノコメント,ハギノコメント,牡2,,,,,,,,,0
ヴェアデイロス,ヴェアデイロス,牡2,,,,,,,,,0
ゴーイングパワー,ゴーイングパワー,牡2,,,,,,,,,0
メイショウダビンチ,メイショウダビンチ,牡2,,,,,,,,,0
シゲルスダチ,シゲルスダチ,牡2,,,,,,,,,0
0001108047,アイラブリリ,牝2,,,,,,0.0,0.0,0.0,1
カノヤミノリ,カノヤミノリ,牡2,,,,,,,,,0
テイエムハエンカゼ,テイエムハエンカゼ,牡2,,,,,,,,,0
キンシツーストン,キンシツーストン,牡2,,,,,,,,,0
オウケンハナミズキ,オウケンハナミズキ,牝2,,,,,,,,,0
カシノラピス,カシノラピス,牝2,,,,,,,,,0
ラッキーナイン,ラッキーナイン,せん4,,,,,,,,,0
トウシンイーグル,トウシンイーグル,牡3,,,,,,,,,0
ラヴェルソナタ,ラヴェルソナタ,牡3,,,,,,,,,0
ムスカテール,ムスカテール,牡3,,,,,,,,,0
ロイヤルクレスト,ロイヤルクレスト,牡3,,,,,,,,,0
ハーキュリーズ,ハーキュリーズ,牡3,,,,,,,,,0
クワイアーソウル,クワイアーソウル,牡3,,,,,,,,,0
ヒットザターゲット,ヒットザターゲット,牡3,,,,,,,,,0
ショウナンバーズ,ショウナンバーズ,牡3,,,,,,,,,0
マイネジャンヌ,マイネジャンヌ,牝3,,,,,,,,,0
リヴァーレ,リヴァーレ,牝3,,,,,,,,,0
ファーマペニー,ファーマペニー,牝3,,,,,,,,,0
ナナクサ,ナナクサ,牝3,,,,,,,,,0
カワキタトップ,カワキタトップ,牡5,,,,,,,,,0
キッズアプローズ,キッズアプローズ,牡5,,,,,,,,,0
エアマックール,エアマックール,牡6,,,,,,,,,0
ダイワルビア,ダイワルビア,牡7,,,,,,,,,0
マコトギャラクシー,マコトギャラクシー,牡4,,,,,,,,,0
イグアス,イグアス,牡3,,,,,,,,,0
ナムラオウドウ,ナムラオウドウ,牡3,,,,,,,,,0
トリノ,トリノ,牡3,,,,,,,,,0
ヒラボクワイルド,ヒラボクワイルド,牡5,,,,,,,,,0
メイショウブンブク,メイショウブンブク,牡5,,,,,,,,,0
ウインペンタゴン,ウインペンタゴン,牡5,,,,,,,,,0
グランデッツァ,グランデッツァ,牡2,,,,,,,,,0
ゴールドシップ,ゴールドシップ,牡2,,,,,,,,,0
マイネルロブスト,マイネルロブスト,牡2,,,,,,,,,0
ベストディール,ベストディール,牡2,,,,,,,,,0
ヒーラ,ヒーラ,牝2,,,,,,,,,0
ラシンティランテ,ラシンティランテ,牝2,,,,,,,,,0
マカハ,マカハ,牡2,,,,,,,,,0
ニシノスタイル,ニシノスタイル,牡2,,,,,,,,,0
クールスター,クールスター,牡2,,,,,,,,,0
トミケンユークアイ,トミケンユークアイ,牡2,,,,,,,,,0
ロゼシャンパーニュ,ロゼシャンパーニュ,牝2,,,,,,,,,0
ロゼオ,ロゼオ,牡2,,,,,,,,,0
ロケットマン,ロケットマン,せん6,,,,,,,,,0
ネコパンチ,ネコパンチ,牡5,,,,,,,,,0
ゴールドマイン,ゴールドマイン,せん7,,,,,,,,,0
イーグルビスティー,イーグルビスティー,牡7,,,,,,,,,0
ロックハンドスター,ロックハンドスター,牡4,,,,,,,,,0
バイヨン,バイヨン,牡6,,,,,,,,,0
ディアマジェスティ,ディアマジェスティ,牡5,,,,,,,,,0
ショウナンサミット,ショウナンサミット,牡5,,,,,,,,,0
レオソリスト,レオソリスト,牡6,,,,,,,,,0
クラレント,クラレント,牡2,,,,,,,,,0
ゲンテン,ゲンテン,牡2,,,,,,,,,0
シンゼンレンジャー,シンゼンレンジャー,牡2,,,,,,,,,0
ヴェアリアスムーン,ヴェアリアスムーン,牡2,,,,,,,,,0
トミーバローズ,トミーバローズ,牡2,,,,,,,,,0
アウヤンテプイ,アウヤンテプイ,牡2,,,,,,,,,1
カイシュウタビビト,カイシュウタビビト,牡2,,,,,,,,,0
アルベルトバローズ,アルベルトバローズ,牡2,,,,,,,,,0
フレンチボウ,フレンチボウ,牝3,,,,,,,,,0
レッドエレンシア,レッドエレンシア,牝3,,,,,,,,,0
ゼフィランサス,ゼフィランサス,牝3,,,,,,,,,0
シゲルリジチョウ,シゲルリジチョウ,牡3,,,,,,,,,0
ダノンマックイン,ダノンマックイン,牡3,,,,,,,,,0
コスモピクシー,コスモピクシー,牝4,,,,,,,,,0
アンチュラス,アンチュラス,牝2,,,,,,,,,0
サヴァーレ,サヴァーレ,牝2,,,,,,,,,0
タガノミュルザンヌ,タガノミュルザンヌ,牝2,,,,,,,,,0
エイシンキンチェム,エイシンキンチェム,牝2,,,,,,,,,0
ゴールデンムーン,ゴールデンムーン,牝2,,,,,,,,,0
ビウイッチアス,ビウイッチアス,牝2,,,,,,,,,0
レディーメグネイト,レディーメグネイト,牝2,,,,,,,,,0
ブロッケン,ブロッケン,牝2,,,,,,,,,0
ツーオブアス,ツーオブアス,牝2,,,,,,,,,0
ミラクルピッチ,ミラクルピッチ,牝2,,,,,,,,,0
タガノルミナーレ,タガノルミナーレ,牝2,,,,,,,,,0
ドナメデューサ,ドナメデューサ,牝2,,,,,,,,,0
ミスマルシゲ,ミスマルシゲ,牝2,,,,,,,,,0
ピエナファンタスト,ピエナファンタスト,牡5,,,,,,,,,0
ドリームセーリング,ドリームセーリング,牡4,,,,,,,,,0
トウショウフリーク,トウショウフリーク,牡4,,,,,,,,,0
ニホンピロアワーズ,ニホンピロアワーズ,牡4,,,,,,,,,0
ヒラボクキング,ヒラボクキング,牡4,,,,,,,,,0
エイシンダッシュ,エイシンダッシュ,牡5,,,,,,,,,0
レオアクティブ,レオアクティブ,牡2,,,,,,,,,0
サドンストーム,サドンストーム,牡2,,,,,,,,,0
オリービン,オリービン,牡2,,,,,,,,,0
コスモアンドロメダ,コスモアンドロメダ,牝2,,,,,,,,,0
ダイワインスパイア,ダイワインスパイア,牡2,,,,,,,,,0
ネオヴァンクル,ネオヴァンクル,牡2,,,,,,,,,0
エーシンブラスター,エーシンブラスター,牡2,,,,,,,,,0
キングクリチャン,キングクリチャン,牡2,,,,,,,,,0
ターコイズクラウド,ターコイズクラウド,牝2,,,,,,,,,0
ハヤブサソング,ハヤブサソング,牝2,,,,,,,,,0
シゲルゴユウサン,シゲルゴユウサン,牡5,,,,,,,,,0
メイショウロッコー,メイショウロッコー,牡5,,,,,,,,,0
ピースオブパワー,ピースオブパワー,牡5,,,,,,,,,0
オールザットジャズ,オールザットジャズ,牝3,,,,,,,,,0
ダンシングレイン,ダンシングレイン,牝3,,,,,,,,,0
ディープブリランテ,ディープブリランテ,牡2,,,,,,,,,0
フジマサエンペラー,フジマサエンペラー,牡2,,,,,,,,,0
マイネルディーン,マイネルディーン,牡2,,,,,,,,,0
エネアド,エネアド,牡2,,,,,,,,,0
ピタゴラスコンマ,ピタゴラスコンマ,牡2,,,,,,,,,0
マデイラ,マデイラ,牡2,,,,,,,,,0
ホーカーテンペスト,ホーカーテンペスト,牡2,,,,,,,,,0
キープビリービング,キープビリービング,牡2,,,,,,,,,0
フクノツール,フクノツール,牡2,,,,,,,,,0
アグン,アグン,牡2,,,,,,,,,0
アドマイヤコスモス,アドマイヤコスモス,牡4,,,,,,,,,0
モンテエン,モンテエン,牡4,,,,,,,,,0
イモータルヴァース,イモータルヴァース,牝3,,,,,,,,,0
ロードカナロア,ロードカナロア,牡3,,,,,,,,,0
キョウワマグナム,キョウワマグナム,牡4,,,,,,,,,0
デインドリーム,デインドリーム,牝3,,,,,,,,,0
シャレータ,シャレータ,牝3,,,,,,,,,0
サラリンクス,サラリンクス,牝4,,,,,,,,,0
ミッションアプルーヴド,ミッションアプルーヴド,牡7,,,,,,,,,0
ダノンスパシーバ,ダノンスパシーバ,牡4,,,,,,,,,0
フリソ,フリソ,牡5,,,,,,,,,0
エクスペディション,エクスペディション,牡4,,,,,,,,,0
トーホウチェイサー,トーホウチェイサー,牡4,,,,,,,,,0
デュアルスウォード,デュアルスウォード,牡3,,,,,,,,,0
ジョワドヴィーヴル,ジョワドヴィーヴル,牝2,,,,,,,,,0
サウンドオブハート,サウンドオブハート,牝2,,,,,,,,,0
イチオクノホシ,イチオクノホシ,牝2,,,,,,,,,0
ガーネットチャーム,ガーネットチャーム,牝2,,,,,,,,,0
マイネボヌール,マイネボヌール,牝2,,,,,,,,,0
トーセンベニザクラ,トーセンベニザクラ,牝2,,,,,,,,,0
アナスタシアブルー,アナスタシアブルー,牝2,,,,,,,,,0
ナオミノユメ,ナオミノユメ,牝2,,,,,,,,,0
アラフネ,アラフネ,牝2,,,,,,,,,0
スイートスズラン,スイートスズラン,牝2,,,,,,,,,0
ヤマカツハクリュウ,ヤマカツハクリュウ,牡4,,,,,,,,,0
アルフレード,アルフレード,牡2,,,,,,,,,0
ジョウノバッカス,ジョウノバッカス,牡2,,,,,,,,,0
ローレルブレット,ローレルブレット,牡2,,,,,,,,,0
ショウナンラムジ,ショウナンラムジ,牡2,,,,,,,,,0
スノードン,スノードン,牡2,,,,,,,,,0
ヒシワイルド,ヒシワイルド,牡2,,,,,,,,,0
ハクサンムーン,ハクサンムーン,牡2,,,,,,,,,0
シースナイプ,シースナイプ,牝4,,,,,,,,,0
テイエムクレナイ,テイエムクレナイ,牝6,,,,,,,,,0
ディアマイホース,ディアマイホース,牡5,,,,,,,,,0
ジャストルーラー,ジャストルーラー,牡5,,,,,,,,,0
コアレスアルダン,コアレスアルダン,せん5,,,,,,,,,0
メジロクリントン,メジロクリントン,牡4,,,,,,,,,0
アダムスピーク,アダムスピーク,牡2,,,,,,,,,0
トリップ,トリップ,牡2,,,,,,,,,0
ブライトライン,ブライトライン,牡2,,,,,,,,,0
サンライズマヌー,サンライズマヌー,牡2,,,,,,,,,0
マイネルエクレウス,マイネルエクレウス,牡2,,,,,,,,,0
エタンダール,エタンダール,牡2,,,,,,,,,0
エーシングングン,エーシングングン,牡2,,,,,,,,,0
タガノグーフォ,タガノグーフォ,牡2,,,,,,,,,0
フレージャパン,フレージャパン,牡2,,,,,,,,,0
ハッピーウィーク,ハッピーウィーク,牝2,,,,,,,,,0
ハタノヴァンクール,ハタノヴァンクール,牡2,,,,,,,,,0
メイショウデビッド,メイショウデビッド,牡2,,,,,,,,,0
フェデラリスト,フェデラリスト,牡5,,,,,,,,,0
ネオサクセス,ネオサクセス,牡5,,,,,,,,,0
アスカクリチャン,アスカクリチャン,牡5,,,,,,,,,0
ジェンティルドンナ,ジェンティルドンナ,牝3,,,,,,,,,0
マイネルアトラクト,マイネルアトラクト,牡3,,,,,,,,,0
プレミアムブルー,プレミアムブルー,牡3,,,,,,,,,0
シゲルアセロラ,シゲルアセロラ,牡3,,,,,,,,,0
タイセイシュバリエ,タイセイシュバリエ,牡3,,,,,,,,,0
レオンビスティー,レオンビスティー,牡3,,,,,,,,,0
タツストロング,タツストロング,牡3,,,,,,,,,0
サンシャイン,サンシャイン,牝3,,,,,,,,,0
グラーネ,グラーネ,牡3,,,,,,,,,0
トロピカルメジャー,トロピカルメジャー,牡3,,,,,,,,,0
ピュアソウル,ピュアソウル,牡3,,,,,,,,,0
マイネエポナ,マイネエポナ,牝3,,,,,,,,,0
ダイワミストレス,ダイワミストレス,牝3,,,,,,,,,0
オメガハートランド,オメガハートランド,牝3,,,,,,,,,0
チェリーメドゥーサ,チェリーメドゥーサ,牝3,,,,,,,,,0
0000327963,アイスフォーリス,牝3,,,,,,0.0,0.0,0.0,1
シャンボールフィズ,シャンボールフィズ,牝3,,,,,,,,,0
ターフデライト,ターフデライト,牝3,,,,,,,,,0
メイブリーズ,メイブリーズ,牝3,,,,,,,,,0
フライングバルーン,フライングバルーン,牝3,,,,,,,,,0
ラミアプリマベーラ,ラミアプリマベーラ,牝3,,,,,,,,,0
ルネッタアスール,ルネッタアスール,牝3,,,,,,,,,0
ニケ,ニケ,牝3,,,,,,,,,0
サルバドールピアス,サルバドールピアス,牝3,,,,,,,,,0
パストフォリア,パストフォリア,牝3,,,,,,,,,0
アドマイヤブルー,アドマイヤブルー,牡3,,,,,,,,,0
アーデント,アーデント,牡3,,,,,,,,,0
レッドシャンクス,レッドシャンクス,牡3,,,,,,,,,0
ロジメジャー,ロジメジャー,牡3,,,,,,,,,0
カフェコンセール,カフェコンセール,牡3,,,,,,,,,0
プーラヴィーダ,プーラヴィーダ,牡3,,,,,,,,,0
マナウス,マナウス,牡3,,,,,,,,,0
キネオピューマ,キネオピューマ,牡3,,,,,,,,,0
ブルースターキング,ブルースターキング,牡6,,,,,,,,,0
リッツィースター,リッツィースター,せん5,,,,,,,,,0
シルクシュナイダー,シルクシュナイダー,牡4,,,,,,,,,0
サイレントメロディ,サイレントメロディ,牡5,,,,,,,,,0
キクノアポロ,キクノアポロ,牡6,,,,,,,,,0
プリンセスペスカ,プリンセスペスカ,牝6,,,,,,,,,0
レーザーバレット,レーザーバレット,牡4,,,,,,,,,0
グランドシチー,グランドシチー,牡5,,,,,,,,,0
マジンプロスパー,マジンプロスパー,牡5,,,,,,,,,0
ダイワナイト,ダイワナイト,牡5,,,,,,,,,0
ダノンフェアリー,ダノンフェアリー,牡4,,,,,,,,,0
トウショウカズン,トウショウカズン,牡5,,,,,,,,,0
ブライトアイザック,ブライトアイザック,牡6,,,,,,,,,0
サクラシャイニー,サクラシャイニー,牡6,,,,,,,,,0
ゼンノベラーノ,ゼンノベラーノ,牡5,,,,,,,,,0
クィーンズバーン,クィーンズバーン,牝4,,,,,,,,,0
セイカアレグロ,セイカアレグロ,牡7,,,,,,,,,0
ワールドエース,ワールドエース,牡3,,,,,,,,,0
ヒストリカル,ヒストリカル,牡3,,,,,,,,,0
ベールドインパクト,ベールドインパクト,牡3,,,,,,,,,0
マジカルツアー,マジカルツアー,牡3,,,,,,,,,0
アルキメデス,アルキメデス,牡3,,,,,,,,,0
レッドアーヴィング,レッドアーヴィング,牡3,,,,,,,,,0
ヴィルシーナ,ヴィルシーナ,牝3,,,,,,,,,0
エクセラントカーヴ,エクセラントカーヴ,牝3,,,,,,,,,0
エミーズパラダイス,エミーズパラダイス,牝3,,,,,,,,,0
ミッドサマーフェア,ミッドサマーフェア,牝3,,,,,,,,,0
ハイリリー,ハイリリー,牝3,,,,,,,,,0
ヘレナモルフォ,ヘレナモルフォ,牝3,,,,,,,,,0
ウインフロレゾン,ウインフロレゾン,牝3,,,,,,,,,0
カフヴァール,カフヴァール,牝3,,,,,,,,,0
モエレフルール,モエレフルール,牝3,,,,,,,,,0
ダークマレイン,ダークマレイン,牝3,,,,,,,,,0
キボウダクリチャン,キボウダクリチャン,牝3,,,,,,,,,0
スピルバーグ,スピルバーグ,牡3,,,,,,,,,0
ストローハット,ストローハット,牡3,,,,,,,,,0
コスモオオゾラ,コスモオオゾラ,牡3,,,,,,,,,0
ジャングルクルーズ,ジャングルクルーズ,牡3,,,,,,,,,0
ブライアンズオーラ,ブライアンズオーラ,牡3,,,,,,,,,0
アーカイブ,アーカイブ,牡3,,,,,,,,,0
ガッテンキャンパス,ガッテンキャンパス,牡3,,,,,,,,,0
トパンガ,トパンガ,牡6,,,,,,,,,0
ナイキマドリード,ナイキマドリード,牡6,,,,,,,,,0
ヴィンテージイヤー,ヴィンテージイヤー,牡3,,,,,,,,,0
ダイワマッジョーレ,ダイワマッジョーレ,牡3,,,,,,,,,0
カイルアロマンス,カイルアロマンス,牝3,,,,,,,,,0
チャンピオンヤマト,チャンピオンヤマト,牡3,,,,,,,,,0
ワイドバッハ,ワイドバッハ,牡3,,,,,,,,,0
ルナキッズ,ルナキッズ,牡6,,,,,,,,,0
オーセロワ,オーセロワ,せん6,,,,,,,,,0
ブルーミンバー,ブルーミンバー,牝7,,,,,,,,,0
ハナズゴール,ハナズゴール,牝3,,,,,,,,,0
スピークソフトリー,スピークソフトリー,牝3,,,,,,,,,0
トーホウアマポーラ,トーホウアマポーラ,牝3,,,,,,,,,0
ウイングザムーン,ウイングザムーン,牝3,,,,,,,,,0
アブシンベル,アブシンベル,牝3,,,,,,,,,0
スピカシチー,スピカシチー,牝3,,,,,,,,,0
フクノハツヒメ,フクノハツヒメ,牝3,,,,,,,,,0
イントゥザストーム,イントゥザストーム,牝3,,,,,,,,,0
ショウナンマオ,ショウナンマオ,牝3,,,,,,,,,0
ソルレヴァンテ,ソルレヴァンテ,牡3,,,,,,,,,0
エキストラエンド,エキストラエンド,牡3,,,,,,,,,0
フェノーメノ,フェノーメノ,牡3,,,,,,,,,0
メイショウカドマツ,メイショウカドマツ,牡3,,,,,,,,,0
ジョングルール,ジョングルール,牡3,,,,,,,,,0
サイレントサタデー,サイレントサタデー,牡3,,,,,,,,,0
タイセイスティング,タイセイスティング,牡3,,,,,,,,,0
ブリスアウト,ブリスアウト,牡3,,,,,,,,,0
セトブリッジ,セトブリッジ,牡3,,,,,,,,,0
アグネスラナップ,アグネスラナップ,牡7,,,,,,,,,0
ヤマイチコマンド,ヤマイチコマンド,牡6,,,,,,,,,0
トップシノワーズ,トップシノワーズ,牡5,,,,,,,,,0
サトノジョリー,サトノジョリー,牝3,,,,,,,,,0
レッドクラウディア,レッドクラウディア,牝3,,,,,,,,,0
マコトナワラタナ,マコトナワラタナ,牝3,,,,,,,,,0
コスモルーシー,コスモルーシー,牝3,,,,,,,,,0
ダームドゥラック,ダームドゥラック,牝3,,,,,,,,,0
サクセスセレーネ,サクセスセレーネ,牝3,,,,,,,,,0
メイショウスザンナ,メイショウスザンナ,牝3,,,,,,,,,0
サンキューアスク,サンキューアスク,牝3,,,,,,,,,0
キャトルフィーユ,キャトルフィーユ,牝3,,,,,,,,,0
ブリッジクライム,ブリッジクライム,牝3,,,,,,,,,0
セシリア,セシリア,牝3,,,,,,,,,0
ラスヴェンチュラス,ラスヴェンチュラス,牝3,,,,,,,,,0
コリーヌ,コリーヌ,牝3,,,,,,,,,0
ミヤコマンハッタン,ミヤコマンハッタン,牝3,,,,,,,,,0
チャーチクワイア,チャーチクワイア,牝3,,,,,,,,,0
スカーレル,スカーレル,牝3,,,,,,,,,0
ゴールデンポケット,ゴールデンポケット,牝3,,,,,,,,,0
キングオブロー,キングオブロー,牡3,,,,,,,,,0
キズマ,キズマ,牡3,,,,,,,,,0
レーザーインパクト,レーザーインパクト,牡3,,,,,,,,,0
シェアースマイル,シェアースマイル,牝3,,,,,,,,,0
キンシザイル,キンシザイル,牡3,,,,,,,,,0
メイショウヒデタダ,メイショウヒデタダ,牡3,,,,,,,,,0
サトノギャラント,サトノギャラント,牡3,,,,,,,,,0
ビービージャパン,ビービージャパン,牡3,,,,,,,,,0
バンザイ,バンザイ,牡3,,,,,,,,,0
ゼロス,ゼロス,牡3,,,,,,,,,0
ショウナンカンムリ,ショウナンカンムリ,牡3,,,,,,,,,0
サトノプライマシー,サトノプライマシー,牡3,,,,,,,,,0
コウユーサムライ,コウユーサムライ,牡3,,,,,,,,,0
コスモロビン,コスモロビン,牡4,,,,,,,,,0
マウントシャスタ,マウントシャスタ,牡3,,,,,,,,,0
クロスカップリング,クロスカップリング,牡3,,,,,,,,,0
マイネルカーミン,マイネルカーミン,牡3,,,,,,,,,0
エアソミュール,エアソミュール,牡3,,,,,,,,,0
エロイカ,エロイカ,牡3,,,,,,,,,0
トーセンアドミラル,トーセンアドミラル,牡5,,,,,,,,,0
マイネルオベリスク,マイネルオベリスク,牡5,,,,,,,,,0
0001094329,アイファーソング,牡4,,,,,,0.0,0.0,0.0,1
ブルロック,ブルロック,牡5,,,,,,,,,0
アグネスウイッシュ,アグネスウイッシュ,牡4,,,,,,,,,0
サクラゴスペル,サクラゴスペル,牡4,,,,,,,,,0
カレンブラックヒル,カレンブラックヒル,牡3,,,,,,,,,0
セイクレットレーヴ,セイクレットレーヴ,牡3,,,,,,,,,0
フェスティヴタロー,フェスティヴタロー,牡3,,,,,,,,,0
ロードラディアント,ロードラディアント,牡3,,,,,,,,,0
パララサルー,パララサルー,牝3,,,,,,,,,0
コスモソユーズ,コスモソユーズ,牡4,,,,,,,,,0
トーセンオーパス,トーセンオーパス,せん6,,,,,,,,,0
セイエイ,セイエイ,牡4,,,,,,,,,0
シルバーウエイブ,シルバーウエイブ,牡3,,,,,,,,,0
ラブフール,ラブフール,牝5,,,,,,,,,0
エスカナール,エスカナール,牝4,,,,,,,,,0
トウカイライフ,トウカイライフ,牝5,,,,,,,,,0
ダイワデッセー,ダイワデッセー,牝3,,,,,,,,,0
セコンドピアット,セコンドピアット,牝3,,,,,,,,,0
ゴールデンナンバー,ゴールデンナンバー,牝3,,,,,,,,,0
ウイングドウィール,ウイングドウィール,牝3,,,,,,,,,0
アンアヴェンジド,アンアヴェンジド,牝3,,,,,,,,,0
フラゴリーネ,フラゴリーネ,牝3,,,,,,,,,0
アラドヴァル,アラドヴァル,牝3,,,,,,,,,0
レッドマーキュリー,レッドマーキュリー,牝3,,,,,,,,,0
ドリームバスケット,ドリームバスケット,牡5,,,,,,,,,0
ステラウインド,ステラウインド,牡3,,,,,,,,,0
ヤマニンファラオ,ヤマニンファラオ,牡3,,,,,,,,,0
タムロトップステイ,タムロトップステイ,牡3,,,,,,,,,0
クランモンタナ,クランモンタナ,牡3,,,,,,,,,0
カポーティスター,カポーティスター,牡3,,,,,,,,,0
シルクキングリー,シルクキングリー,牡3,,,,,,,,,0
ミルドリーム,ミルドリーム,牡3,,,,,,,,,0
サカジロオー,サカジロオー,牡3,,,,,,,,,0
ダノンゴールド,ダノンゴールド,牡3,,,,,,,,,0
サンマルデューク,サンマルデューク,牡3,,,,,,,,,0
トウカイパラダイス,トウカイパラダイス,牡5,,,,,,,,,0
トーセンホマレボシ,トーセンホマレボシ,牡3,,,,,,,,,0
ククイナッツレイ,ククイナッツレイ,牡3,,,,,,,,,0
アドマイヤバラード,アドマイヤバラード,牡3,,,,,,,,,0
プロフェッサー,プロフェッサー,牡3,,,,,,,,,0
ニューダイナスティ,ニューダイナスティ,牡3,,,,,,,,,0
タニノシュヴァリエ,タニノシュヴァリエ,牡3,,,,,,,,,0
ヴァンセンヌ,ヴァンセンヌ,牡3,,,,,,,,,0
オビーディエント,オビーディエント,牡3,,,,,,,,,0
ガンジス,ガンジス,牡3,,,,,,,,,0
メジャーアスリート,メジャーアスリート,牡3,,,,,,,,,0
レオプライム,レオプライム,牡5,,,,,,,,,0
オンワードシェルタ,オンワードシェルタ,牡6,,,,,,,,,0
リバティバランス,リバティバランス,牡5,,,,,,,,,0
ダイワズーム,ダイワズーム,牝3,,,,,,,,,0
ココロチラリ,ココロチラリ,牝3,,,,,,,,,0
0000882685,アイノカゼ,牡7,,,,,,0.0,0.0,0.0,1
エアポートメサ,エアポートメサ,牡4,,,,,,,,,0
グロリアスデイズ,グロリアスデイズ,せん5,,,,,,,,,0
オースミイチバン,オースミイチバン,牡3,,,,,,,,,0
ネクタル,ネクタル,牡3,,,,,,,,,0
キングブレイク,キングブレイク,牡3,,,,,,,,,0
メイスンキャプテン,メイスンキャプテン,牡3,,,,,,,,,0
ヴェルティゴ,ヴェルティゴ,牡3,,,,,,,,,0
ドリームコンサート,ドリームコンサート,牡3,,,,,,,,,0
シンボリエンパイア,シンボリエンパイア,牡3,,,,,,,,,0
デンコウオクトパス,デンコウオクトパス,牡5,,,,,,,,,0
トウシンボルト,トウシンボルト,牡5,,,,,,,,,0
イージーウイン,イージーウイン,牡5,,,,,,,,,0
アラタマポケット,アラタマポケット,牡6,,,,,,,,,0
クリスマドンナ,クリスマドンナ,牝5,,,,,,,,,0
ボストンプラチナ,ボストンプラチナ,牡5,,,,,,,,,0
クリスマスキャロル,クリスマスキャロル,牝5,,,,,,,,,0
タイキエイワン,タイキエイワン,牝5,,,,,,,,,0
スペシャルピース,スペシャルピース,牝4,,,,,,,,,0
レジェンドブルー,レジェンドブルー,牝6,,,,,,,,,0
ビスカヤ,ビスカヤ,牝6,,,,,,,,,0
ミオリチャン,ミオリチャン,牝5,,,,,,,,,0
ファイナルフォーム,ファイナルフォーム,牡3,,,,,,,,,0
オペラダンシング,オペラダンシング,牡3,,,,,,,,,0
クリールカイザー,クリールカイザー,牡3,,,,,,,,,0
ロードアクレイム,ロードアクレイム,牡3,,,,,,,,,0
ハイクラウン,ハイクラウン,牡3,,,,,,,,,0
サンレイレーザー,サンレイレーザー,牡3,,,,,,,,,0
タイセイグルーヴィ,タイセイグルーヴィ,牡3,,,,,,,,,0
ドリームトレイン,ドリームトレイン,牡3,,,,,,,,,0
オールブランニュー,オールブランニュー,牝6,,,,,,,,,0
アキノパンチ,アキノパンチ,牡8,,,,,,,,,0
イセノスバル,イセノスバル,牡6,,,,,,,,,0
ホットチリペッパー,ホットチリペッパー,牡5,,,,,,,,,0
トシキャンディ,トシキャンディ,牝6,,,,,,,,,0
テイクアベット,テイクアベット,牡4,,,,,,,,,0
ダノンエリモトップ,ダノンエリモトップ,牡6,,,,,,,,,0
タンジブルアセット,タンジブルアセット,牡5,,,,,,,,,0
ニシオドリーム,ニシオドリーム,牡4,,,,,,,,,0
ストークアンドレイ,ストークアンドレイ,牝2,,,,,,,,,0
コスモシルバード,コスモシルバード,牡2,,,,,,,,,0
ティーハーフ,ティーハーフ,牡2,,,,,,,,,0
ロゴタイプ,ロゴタイプ,牡2,,,,,,,,,0
アットウィル,アットウィル,牡2,,,,,,,,,0
トルークマクト,トルークマクト,牡2,,,,,,,,,0
コナブリュワーズ,コナブリュワーズ,牝2,,,,,,,,,0
ジーブラック,ジーブラック,牝2,,,,,,,,,0
シーギリヤガール,シーギリヤガール,牝2,,,,,,,,,0
タガノハピネス,タガノハピネス,牝2,,,,,,,,,0
ローガンサファイア,ローガンサファイア,牝2,,,,,,,,,0
ミータロー,ミータロー,牡2,,,,,,,,,0
エターナルムーン,エターナルムーン,牝2,,,,,,,,,0
イーサンヘイロー,イーサンヘイロー,牡2,,,,,,,,,0
タイセイロバリー,タイセイロバリー,牡2,,,,,,,,,0
ディアセルヴィス,ディアセルヴィス,牡2,,,,,,,,,0
トランスワープ,トランスワープ,せん7,,,,,,,,,0
スプラッシュエンド,スプラッシュエンド,牡6,,,,,,,,,0
ノボリデューク,ノボリデューク,牡7,,,,,,,,,0
レーガン,レーガン,牡4,,,,,,,,,0
ローレルレヴァータ,ローレルレヴァータ,せん5,,,,,,,,,0
ボストンリョウマ,ボストンリョウマ,牡4,,,,,,,,,0
エルチョコレート,エルチョコレート,牡6,,,,,,,,,0
ヴァンダライズ,ヴァンダライズ,牡5,,,,,,,,,0
ホッコータルマエ,ホッコータルマエ,牡3,,,,,,,,,0
ナムラビクター,ナムラビクター,牡3,,,,,,,,,0
イジゲン,イジゲン,牡3,,,,,,,,,0
メテオライト,メテオライト,牡3,,,,,,,,,0
ヴァンヌーヴォー,ヴァンヌーヴォー,牡3,,,,,,,,,0
フリートストリート,フリートストリート,牡3,,,,,,,,,0
タマブラックホール,タマブラックホール,牡3,,,,,,,,,0
アントニオピサ,アントニオピサ,牡3,,,,,,,,,0
ダイワスパンキー,ダイワスパンキー,牡3,,,,,,,,,0
アドマイヤレイ,アドマイヤレイ,牡3,,,,,,,,,0
アスペクト,アスペクト,牡3,,,,,,,,,0
タムロスカイ,タムロスカイ,牡5,,,,,,,,,0
グランドチャペル,グランドチャペル,牡5,,,,,,,,,0
カネスラファール,カネスラファール,牡8,,,,,,,,,0
ニホンピロキリバス,ニホンピロキリバス,せん7,,,,,,,,,0
ボンジュールヒカリ,ボンジュールヒカリ,牡5,,,,,,,,,0
オウエイロブロイ,オウエイロブロイ,牡4,,,,,,,,,0
スマートカンパニー,スマートカンパニー,せん6,,,,,,,,,0
シルクダイナスティ,シルクダイナスティ,牡7,,,,,,,,,0
ゴーゴーシュンスケ,ゴーゴーシュンスケ,牡5,,,,,,,,,0
テイエムライジン,テイエムライジン,牡4,,,,,,,,,0
リュンヌ,リュンヌ,牝5,,,,,,,,,0
ボストンエンペラー,ボストンエンペラー,牡4,,,,,,,,,0
ローマンレジェンド,ローマンレジェンド,牡4,,,,,,,,,0
ザラストロ,ザラストロ,牡2,,,,,,,,,0
ノウレッジ,ノウレッジ,牡2,,,,,,,,,0
サウンドリアーナ,サウンドリアーナ,牝2,,,,,,,,,0
メイショウオオゼキ,メイショウオオゼキ,牡2,,,,,,,,,0
カラフルブラッサム,カラフルブラッサム,牝2,,,,,,,,,0
シゲルイルカザ,シゲルイルカザ,牡2,,,,,,,,,0
ロジウエスト,ロジウエスト,牝2,,,,,,,,,0
ユキノユウダン,ユキノユウダン,牡2,,,,,,,,,0
トーセンレディ,トーセンレディ,牝2,,,,,,,,,0
モーニングコール,モーニングコール,牝2,,,,,,,,,0
ショウナンアンカー,ショウナンアンカー,牡2,,,,,,,,,0
タガノラルフ,タガノラルフ,牡2,,,,,,,,,0
エフティチャーミー,エフティチャーミー,牝2,,,,,,,,,0
サウンドアドバイス,サウンドアドバイス,牝2,,,,,,,,,0
ミナレット,ミナレット,牝2,,,,,,,,,0
コスモリープリング,コスモリープリング,牝2,,,,,,,,,0
クラウンアトラス,クラウンアトラス,牡2,,,,,,,,,0
ナンヨーケンゴー,ナンヨーケンゴー,牡2,,,,,,,,,0
シュプリームギフト,シュプリームギフト,牝4,,,,,,,,,0
ダイメイザクラ,ダイメイザクラ,牝5,,,,,,,,,0
コディーノ,コディーノ,牡2,,,,,,,,,0
ラウンドワールド,ラウンドワールド,牡2,,,,,,,,,0
エデンロック,エデンロック,牡2,,,,,,,,,0
グランデアモーレ,グランデアモーレ,牝2,,,,,,,,,0
トーセンパワフル,トーセンパワフル,牡2,,,,,,,,,0
ブリリアントアスク,ブリリアントアスク,牝2,,,,,,,,,0
マイネルホウオウ,マイネルホウオウ,牡2,,,,,,,,,0
アポロカーネル,アポロカーネル,せん2,,,,,,,,,0
タマモコンパス,タマモコンパス,牡2,,,,,,,,,0
ジェネラルグラント,ジェネラルグラント,牡2,,,,,,,,,0
ロードクラヴィウス,ロードクラヴィウス,牡2,,,,,,,,,0
マコトタンホイザー,マコトタンホイザー,牡2,,,,,,,,,0
サトノパンサー,サトノパンサー,牡4,,,,,,,,,0
マイネルエテルネル,マイネルエテルネル,牡2,,,,,,,,,0
クラウンレガーロ,クラウンレガーロ,牡2,,,,,,,,,0
ラヴァーズポイント,ラヴァーズポイント,牝2,,,,,,,,,0
エーシンセノーテ,エーシンセノーテ,牝2,,,,,,,,,0
スイートドーナッツ,スイートドーナッツ,牡2,,,,,,,,,0
ケイアイウィルゴー,ケイアイウィルゴー,牝2,,,,,,,,,0
スマートアレンジ,スマートアレンジ,牝2,,,,,,,,,0
メイショウユウダチ,メイショウユウダチ,牝2,,,,,,,,,0
クロフネサプライズ,クロフネサプライズ,牝2,,,,,,,,,0
マルシゲサムライ,マルシゲサムライ,牡2,,,,,,,,,0
ジェネクラージュ,ジェネクラージュ,牡2,,,,,,,,,0
メジャーミノル,メジャーミノル,牡2,,,,,,,,,0
ピンゾロ,ピンゾロ,牡2,,,,,,,,,0
エピカ,エピカ,牝2,,,,,,,,,0
テイエムシングン,テイエムシングン,牡2,,,,,,,,,0
マイネヴァイザー,マイネヴァイザー,牝2,,,,,,,,,0
ナリタシャトル,ナリタシャトル,牡7,,,,,,,,,0
モズハリケーン,モズハリケーン,牡4,,,,,,,,,0
トウショウデザイア,トウショウデザイア,牡6,,,,,,,,,0
コウエイキング,コウエイキング,せん4,,,,,,,,,0
サンマルクイーン,サンマルクイーン,牝3,,,,,,,,,0
スズカウインダー,スズカウインダー,牝3,,,,,,,,,0
スカイディグニティ,スカイディグニティ,牡3,,,,,,,,,0
ダノンジェラート,ダノンジェラート,牡3,,,,,,,,,0
ラニカイツヨシ,ラニカイツヨシ,牡3,,,,,,,,,0
カナロア,カナロア,牡3,,,,,,,,,0
アートサハラ,アートサハラ,牡3,,,,,,,,,0
ボーイフレンド,ボーイフレンド,牡3,,,,,,,,,0
コスモワイルド,コスモワイルド,牡3,,,,,,,,,0
ラッキーバニラ,ラッキーバニラ,牡5,,,,,,,,,0
ユウキソルジャー,ユウキソルジャー,牡3,,,,,,,,,0
ローゼンケーニッヒ,ローゼンケーニッヒ,牡3,,,,,,,,,0
ブレイズアトレイル,ブレイズアトレイル,牡3,,,,,,,,,0
フミノポールスター,フミノポールスター,牡3,,,,,,,,,0
クラブトゥギャザー,クラブトゥギャザー,牡6,,,,,,,,,0
グラッツィア,グラッツィア,牡4,,,,,,,,,0
リトルブリッジ,リトルブリッジ,せん6,,,,,,,,,0
キャプテンオブヴィアス,キャプテンオブヴィアス,せん7,,,,,,,,,0
テイエムイナズマ,テイエムイナズマ,牡2,,,,,,,,,0
コレクターアイテム,コレクターアイテム,牝2,,,,,,,,,0
カオスモス,カオスモス,牡2,,,,,,,,,0
タイセイドリーム,タイセイドリーム,牡2,,,,,,,,,0
ラシーマ,ラシーマ,牡2,,,,,,,,,0
フジノストロング,フジノストロング,牡2,,,,,,,,,0
ダンツアトラス,ダンツアトラス,牡2,,,,,,,,,0
メイケイペガスター,メイケイペガスター,牡2,,,,,,,,,0
スクワドロン,スクワドロン,牡2,,,,,,,,,0
ヒラボクビクトリー,ヒラボクビクトリー,牡4,,,,,,,,,0
ゴールデングローブ,ゴールデングローブ,牝4,,,,,,,,,0
スナークスペイン,スナークスペイン,牡5,,,,,,,,,0
ティアップブレイズ,ティアップブレイズ,牡4,,,,,,,,,0
アロマティコ,アロマティコ,牝3,,,,,,,,,0
ハワイアンウインド,ハワイアンウインド,牝3,,,,,,,,,0
フェデラルホール,フェデラルホール,牡3,,,,,,,,,0
タガノビッグバン,タガノビッグバン,牡3,,,,,,,,,0
ウインドジャズ,ウインドジャズ,牡5,,,,,,,,,0
アユサン,アユサン,牝2,,,,,,,,,0
ウインプリメーラ,ウインプリメーラ,牝2,,,,,,,,,0
エイシンラトゥナ,エイシンラトゥナ,牝2,,,,,,,,,0
ナンシーシャイン,ナンシーシャイン,牝2,,,,,,,,,0
トロワボヌール,トロワボヌール,牝2,,,,,,,,,0
ネロディアマンテ,ネロディアマンテ,牝2,,,,,,,,,0
ビリオネア,ビリオネア,牝2,,,,,,,,,0
ラヴネヴァーダイズ,ラヴネヴァーダイズ,牝2,,,,,,,,,0
テンシンランマン,テンシンランマン,牝2,,,,,,,,,0
アルマシャウラ,アルマシャウラ,牝2,,,,,,,,,0
ピロポ,ピロポ,牝2,,,,,,,,,0
ジーニマジック,ジーニマジック,牝2,,,,,,,,,0
シーブリーズライフ,シーブリーズライフ,牝2,,,,,,,,,0
バリローチェ,バリローチェ,牝2,,,,,,,,,0
リアリティー,リアリティー,牝2,,,,,,,,,0
マイネルマーク,マイネルマーク,牡4,,,,,,,,,0
オーシャンブルー,オーシャンブルー,牡4,,,,,,,,,0
サンライズモール,サンライズモール,牡5,,,,,,,,,0
エーシントップ,エーシントップ,牡2,,,,,,,,,0
ラブリーデイ,ラブリーデイ,牡2,,,,,,,,,0
モグモグパクパク,モグモグパクパク,牡2,,,,,,,,,0
ガチバトル,ガチバトル,牡2,,,,,,,,,0
ナカナカ,ナカナカ,せん2,,,,,,,,,0
レッドヴィーヴォ,レッドヴィーヴォ,牡2,,,,,,,,,0
リメンバーメジロ,リメンバーメジロ,牝2,,,,,,,,,0
ツクバリンカーン,ツクバリンカーン,牡2,,,,,,,,,0
ヴァンフレーシュ,ヴァンフレーシュ,牝2,,,,,,,,,0
アグネスハイヤー,アグネスハイヤー,牡6,,,,,,,,,0
ローブティサージュ,ローブティサージュ,牝2,,,,,,,,,0
アメージングムーン,アメージングムーン,牝2,,,,,,,,,0
プリンセスジャック,プリンセスジャック,牝2,,,,,,,,,0
タガノミューチャン,タガノミューチャン,牝2,,,,,,,,,0
メイショウガンツ,メイショウガンツ,牝2,,,,,,,,,0
ディアマイベイビー,ディアマイベイビー,牝2,,,,,,,,,0
マイネチャーム,マイネチャーム,牝2,,,,,,,,,0
メイケイペガムーン,メイケイペガムーン,牝2,,,,,,,,,0
ノボリディアーナ,ノボリディアーナ,牝2,,,,,,,,,0
アクティビューティ,アクティビューティ,牝5,,,,,,,,,0
ピクシープリンセス,ピクシープリンセス,牝4,,,,,,,,,0
マイネオーチャード,マイネオーチャード,牝4,,,,,,,,,0
レッドレイヴン,レッドレイヴン,牡2,,,,,,,,,0
インプロヴァイズ,インプロヴァイズ,牡2,,,,,,,,,0
ケンブリッジサン,ケンブリッジサン,牡2,,,,,,,,,0
バッドボーイ,バッドボーイ,牡2,,,,,,,,,0
サトノノブレス,サトノノブレス,牡2,,,,,,,,,0
ミヤジタイガ,ミヤジタイガ,牡2,,,,,,,,,0
ポップアップハート,ポップアップハート,牡2,,,,,,,,,0
ダービーフィズ,ダービーフィズ,牡2,,,,,,,,,0
ディーエスタイド,ディーエスタイド,牡2,,,,,,,,,0
タカノハーバー,タカノハーバー,牡2,,,,,,,,,0
ロードシュプリーム,ロードシュプリーム,牡2,,,,,,,,,0
エックスダンス,エックスダンス,牡7,,,,,,,,,0
レッドカドー,レッドカドー,せん6,,,,,,,,,0
ジャッカルベリー,ジャッカルベリー,牡6,,,,,,,,,0
マウントアトス,マウントアトス,せん5,,,,,,,,,0
ソレミア,ソレミア,牝4,,,,,,,,,0
スリプトラ,スリプトラ,牡6,,,,,,,,,0
セイカプレスト,セイカプレスト,牡6,,,,,,,,,0
サイモントルナーレ,サイモントルナーレ,牡6,,,,,,,,,0
ネオブラックダイヤ,ネオブラックダイヤ,牡4,,,,,,,,,0
ナンデヤネン,ナンデヤネン,牡5,,,,,,,,,0
アドマイヤラクティ,アドマイヤラクティ,牡4,,,,,,,,,0
シセイオウジ,シセイオウジ,牡5,,,,,,,,,0
マルカバッケン,マルカバッケン,牡5,,,,,,,,,0
メイショウツチヤマ,メイショウツチヤマ,牡5,,,,,,,,,0
アーリーデイズ,アーリーデイズ,せん5,,,,,,,,,0
スリーボストン,スリーボストン,牡5,,,,,,,,,0
レッドセシリア,レッドセシリア,牝2,,,,,,,,,0
サンブルエミューズ,サンブルエミューズ,牝2,,,,,,,,,0
メイショウマンボ,メイショウマンボ,牝2,,,,,,,,,0
フィールドメジャー,フィールドメジャー,牝2,,,,,,,,,0
レッドマニッシュ,レッドマニッシュ,牝2,,,,,,,,,0
コウエイピース,コウエイピース,牝2,,,,,,,,,0
エーシンメンフィス,エーシンメンフィス,牝4,,,,,,,,,0
パワースポット,パワースポット,牝4,,,,,,,,,0
ゴットフリート,ゴットフリート,牡2,,,,,,,,,0
フラムドグロワール,フラムドグロワール,牡2,,,,,,,,,0
ネオウィズダム,ネオウィズダム,牡2,,,,,,,,,0
ワキノブレイブ,ワキノブレイブ,牡2,,,,,,,,,0
0001089072,アイティゴールド,牡4,,,,,,0.0,0.0,0.0,1
ドラゴンハンター,ドラゴンハンター,牡5,,,,,,,,,0
セクシイスイート,セクシイスイート,牝4,,,,,,,,,0
ブチカマシ,ブチカマシ,牡8,,,,,,,,,0
カピターノ,カピターノ,牡8,,,,,,,,,0
エピファネイア,エピファネイア,牡2,,,,,,,,,0
キズナ,キズナ,牡2,,,,,,,,,0
アクションスター,アクションスター,牡2,,,,,,,,,0
アドマイヤドバイ,アドマイヤドバイ,牡2,,,,,,,,,0
リアルマイスター,リアルマイスター,牡2,,,,,,,,,0
ニシノビークイック,ニシノビークイック,牡4,,,,,,,,,0
ヘミングウェイ,ヘミングウェイ,牡3,,,,,,,,,0
タマモベストプレイ,タマモベストプレイ,牡3,,,,,,,,,0
レッドアリオン,レッドアリオン,牡3,,,,,,,,,0
エールブリーズ,エールブリーズ,牡3,,,,,,,,,0
アルバタックス,アルバタックス,牡3,,,,,,,,,0
ヒルノクオリア,ヒルノクオリア,牡3,,,,,,,,,0
サイモンラムセス,サイモンラムセス,牡3,,,,,,,,,0
アグネスキズナ,アグネスキズナ,牡3,,,,,,,,,0
アジャストメント,アジャストメント,牡3,,,,,,,,,0
ヒシアメジスト,ヒシアメジスト,牝3,,,,,,,,,0
クラウンロゼ,クラウンロゼ,牝3,,,,,,,,,0
ウキヨノカゼ,ウキヨノカゼ,牝3,,,,,,,,,0
イリュミナンス,イリュミナンス,牝3,,,,,,,,,0
スイートサルサ,スイートサルサ,牝3,,,,,,,,,0
タプローム,タプローム,牝3,,,,,,,,,0
スズノネイロ,スズノネイロ,牝3,,,,,,,,,0
エクスパーシヴ,エクスパーシヴ,牝3,,,,,,,,,0
スマートルピナス,スマートルピナス,牝3,,,,,,,,,0
0001313023,アガサ,牝3,,,,,,0.0,0.0,0.0,1
モンシュシュ,モンシュシュ,牝3,,,,,,,,,0
モンサンスピカ,モンサンスピカ,牝3,,,,,,,,,0
カスティエル,カスティエル,牝3,,,,,,,,,0
エナージバイオ,エナージバイオ,牡8,,,,,,,,,0
サクラクローバー,サクラクローバー,牝6,,,,,,,,,0
サトノアポロ,サトノアポロ,牡5,,,,,,,,,0
バックトゥジエース,バックトゥジエース,牡6,,,,,,,,,0
バトルドンジョン,バトルドンジョン,牡6,,,,,,,,,0
フェイムゲーム,フェイムゲーム,牡3,,,,,,,,,0
ケイアイチョウサン,ケイアイチョウサン,牡3,,,,,,,,,0
クロスボウ,クロスボウ,牡3,,,,,,,,,0
マイネルマエストロ,マイネルマエストロ,牡3,,,,,,,,,0
アポロソニック,アポロソニック,牡3,,,,,,,,,0
マイネルストラーノ,マイネルストラーノ,牡3,,,,,,,,,0
ワールドレーヴ,ワールドレーヴ,牡3,,,,,,,,,0
ワンダーロード,ワンダーロード,牡3,,,,,,,,,0
ホワイトフリート,ホワイトフリート,牡3,,,,,,,,,0
メイショウマシュウ,メイショウマシュウ,牡5,,,,,,,,,0
スティールパス,スティールパス,牝6,,,,,,,,,0
アースソニック,アースソニック,牡4,,,,,,,,,0
レインスティック,レインスティック,牡6,,,,,,,,,0
マズルファイヤー,マズルファイヤー,牡3,,,,,,,,,0
ラストインパクト,ラストインパクト,牡3,,,,,,,,,0
アルムダプタ,アルムダプタ,牡3,,,,,,,,,0
リグヴェーダ,リグヴェーダ,牡3,,,,,,,,,0
インパラトール,インパラトール,牡3,,,,,,,,,0
オーキッドレイ,オーキッドレイ,牝3,,,,,,,,,0
ジョアンシーピン,ジョアンシーピン,牝3,,,,,,,,,0
サトノフェアリー,サトノフェアリー,牝3,,,,,,,,,0
アンルーリー,アンルーリー,牝3,,,,,,,,,0
ミラクルラヴィ,ミラクルラヴィ,牝3,,,,,,,,,0
ケンブリッジナイス,ケンブリッジナイス,牝3,,,,,,,,,0
マンボネフュー,マンボネフュー,牡3,,,,,,,,,0
トウシンモンステラ,トウシンモンステラ,牡3,,,,,,,,,0
サクラアルディート,サクラアルディート,牡5,,,,,,,,,0
ノーステア,ノーステア,せん5,,,,,,,,,0
サクセスパシュート,サクセスパシュート,牡5,,,,,,,,,0
エーシンミラージュ,エーシンミラージュ,牡5,,,,,,,,,0
コウセイコタロウ,コウセイコタロウ,牡4,,,,,,,,,0
コパノリチャード,コパノリチャード,牡3,,,,,,,,,0
メイショウヤマホコ,メイショウヤマホコ,牡3,,,,,,,,,0
タガノエンブレム,タガノエンブレム,牡3,,,,,,,,,0
カシノランナウェイ,カシノランナウェイ,せん3,,,,,,,,,0
レッドジャイヴ,レッドジャイヴ,牡3,,,,,,,,,0
ケイアイヴァーゲ,ケイアイヴァーゲ,牡3,,,,,,,,,0
アンコイルド,アンコイルド,牡4,,,,,,,,,0
ミトラ,ミトラ,せん5,,,,,,,,,0
ポアゾンブラック,ポアゾンブラック,牡4,,,,,,,,,0
サクラアドニス,サクラアドニス,牡5,,,,,,,,,0
ヴィルジニア,ヴィルジニア,牝3,,,,,,,,,0
グッドレインボー,グッドレインボー,牝3,,,,,,,,,0
ウリウリ,ウリウリ,牝3,,,,,,,,,0
レッドオーヴァル,レッドオーヴァル,牝3,,,,,,,,,0
コズミックショア,コズミックショア,牝3,,,,,,,,,0
ベアトリッツ,ベアトリッツ,牝3,,,,,,,,,0
レッドフォーチュン,レッドフォーチュン,牝3,,,,,,,,,0
ピッチシフター,ピッチシフター,牝3,,,,,,,,,0
アルテミシア,アルテミシア,牝3,,,,,,,,,0
カミノタサハラ,カミノタサハラ,牡3,,,,,,,,,0
マイネルクロップ,マイネルクロップ,牡3,,,,,,,,,0
サトノネプチューン,サトノネプチューン,牡3,,,,,,,,,0
トーセンワープ,トーセンワープ,牡3,,,,,,,,,0
クイーンリヴィエラ,クイーンリヴィエラ,牝4,,,,,,,,,0
フェータルローズ,フェータルローズ,牝4,,,,,,,,,0
ティズトレメンダス,ティズトレメンダス,牝3,,,,,,,,,0
ノーブルコロネット,ノーブルコロネット,牝3,,,,,,,,,0
ニシノモンクス,ニシノモンクス,牝3,,,,,,,,,0
タンスチョキン,タンスチョキン,牝3,,,,,,,,,0
コスモアンダルシア,コスモアンダルシア,牝3,,,,,,,,,0
エメラルハヤブサ,エメラルハヤブサ,牝3,,,,,,,,,0
ドラゴンサクラ,ドラゴンサクラ,牝3,,,,,,,,,0
ハイマウンテン,ハイマウンテン,牝3,,,,,,,,,0
ラトーナ,ラトーナ,牝3,,,,,,,,,0
サマリーズ,サマリーズ,牝3,,,,,,,,,0
サクラプレジール,サクラプレジール,牝3,,,,,,,,,0
エバーブロッサム,エバーブロッサム,牝3,,,,,,,,,0
リラコサージュ,リラコサージュ,牝3,,,,,,,,,0
ダイワポライト,ダイワポライト,牝3,,,,,,,,,0
ロゼラニ,ロゼラニ,牝3,,,,,,,,,0
アルファアリア,アルファアリア,牝3,,,,,,,,,0
ハーモニーフェア,ハーモニーフェア,牝3,,,,,,,,,0
ハヤブサユウサン,ハヤブサユウサン,牝3,,,,,,,,,0
インパルスヒーロー,インパルスヒーロー,牡3,,,,,,,,,0
カシノピカチュウ,カシノピカチュウ,牡3,,,,,,,,,0
マンドレイク,マンドレイク,牡3,,,,,,,,,0
ダイナミックガイ,ダイナミックガイ,牡3,,,,,,,,,0
プレイズエターナル,プレイズエターナル,牡3,,,,,,,,,0
ラインミーティア,ラインミーティア,牡3,,,,,,,,,0
ミリオンフレッシュ,ミリオンフレッシュ,牡3,,,,,,,,,0
アポロオラクル,アポロオラクル,牡3,,,,,,,,,0
コトブキゴールド,コトブキゴールド,牡3,,,,,,,,,0
キャメロンロード,キャメロンロード,牝3,,,,,,,,,0
タニオブローズ,タニオブローズ,牝3,,,,,,,,,0
サーストンニュース,サーストンニュース,牡3,,,,,,,,,0
ヘルデンテノール,ヘルデンテノール,牡3,,,,,,,,,0
シンネン,シンネン,牡3,,,,,,,,,0
アドマイヤオウジャ,アドマイヤオウジャ,牡3,,,,,,,,,0
ショウナンダイラ,ショウナンダイラ,牡3,,,,,,,,,0
ワイルドドラゴン,ワイルドドラゴン,牡3,,,,,,,,,0
テイエムダイパワー,テイエムダイパワー,牡3,,,,,,,,,0
クレバーユニバース,クレバーユニバース,牡3,,,,,,,,,0
アドマイヤフライト,アドマイヤフライト,牡4,,,,,,,,,0
ガイヤースヴェルト,ガイヤースヴェルト,牡3,,,,,,,,,0
コメットシーカー,コメットシーカー,牡3,,,,,,,,,0
サトノキングリー,サトノキングリー,牡3,,,,,,,,,0
メイショウブシン,メイショウブシン,牡3,,,,,,,,,0
アドマイヤツヨシ,アドマイヤツヨシ,牡3,,,,,,,,,0
ピュアソルジャー,ピュアソルジャー,牡3,,,,,,,,,0
タイセイウインディ,タイセイウインディ,牡3,,,,,,,,,0
アーマークラッド,アーマークラッド,牡3,,,,,,,,,0
オメガキングティー,オメガキングティー,牡3,,,,,,,,,0
フレイムオブピース,フレイムオブピース,牡4,,,,,,,,,0
ドラゴンフォルテ,ドラゴンフォルテ,牡4,,,,,,,,,0
ナイトフッド,ナイトフッド,牡7,,,,,,,,,0
ナリタシルクロード,ナリタシルクロード,牡6,,,,,,,,,0
ジョヴァンニ,ジョヴァンニ,牡4,,,,,,,,,0
ムクドク,ムクドク,せん7,,,,,,,,,0
ストーミングスター,ストーミングスター,牡3,,,,,,,,,0
プリムラブルガリス,プリムラブルガリス,牡3,,,,,,,,,0
ワールンガ,ワールンガ,牡3,,,,,,,,,0
グランプリナイト,グランプリナイト,牡3,,,,,,,,,0
サクラディソール,サクラディソール,牝3,,,,,,,,,0
サマールナ,サマールナ,牝4,,,,,,,,,0
トーセンソレイユ,トーセンソレイユ,牝3,,,,,,,,,0
ブラックステアマウンテン,ブラックステアマウンテン,せん8,,,,,,,,,0
リキアイクロフネ,リキアイクロフネ,牡6,,,,,,,,,0
タニノハービービー,タニノハービービー,牡4,,,,,,,,,0
トミケンアルドール,トミケンアルドール,牡4,,,,,,,,,0
オーブルチェフ,オーブルチェフ,牡4,,,,,,,,,0
ナリタパイレーツ,ナリタパイレーツ,牡3,,,,,,,,,0
クリノヒマラヤオー,クリノヒマラヤオー,牡3,,,,,,,,,0
レッドルーラー,レッドルーラー,牡3,,,,,,,,,0
オーシュペール,オーシュペール,牝4,,,,,,,,,0
デニムアンドルビー,デニムアンドルビー,牝3,,,,,,,,,0
ブリュネット,ブリュネット,牝3,,,,,,,,,0
ナンヨーユナ,ナンヨーユナ,牝3,,,,,,,,,0
インカンデセンス,インカンデセンス,牝3,,,,,,,,,0
セキショウ,セキショウ,牝3,,,,,,,,,0
ロジプリンセス,ロジプリンセス,牝3,,,,,,,,,0
ラキシス,ラキシス,牝3,,,,,,,,,0
オースミミズホ,オースミミズホ,牝3,,,,,,,,,0
アニマトゥール,アニマトゥール,牝3,,,,,,,,,0
ヒラボクディープ,ヒラボクディープ,牡3,,,,,,,,,0
0001122413,アウォーディー,牡3,,,,,,0.0,0.0,0.0,1
アルヴェロン,アルヴェロン,牡3,,,,,,,,,0
アドマイヤスピカ,アドマイヤスピカ,牡3,,,,,,,,,0
0001126615,アウトオブシャドウ,牡3,,,,,,0.0,0.0,0.0,1
テイエムブシドー,テイエムブシドー,牡3,,,,,,,,,0
カフェリュウジン,カフェリュウジン,牡3,,,,,,,,,0
バンデ,バンデ,牡3,,,,,,,,,0
カリスマサンタイム,カリスマサンタイム,牡3,,,,,,,,,0
ヘイローフォンテン,ヘイローフォンテン,牡3,,,,,,,,,0
ツクバローレル,ツクバローレル,牡3,,,,,,,,,0
ペプチドアマゾン,ペプチドアマゾン,牡3,,,,,,,,,0
ジャイアントリープ,ジャイアントリープ,牡3,,,,,,,,,0
ウインアルザス,ウインアルザス,牡3,,,,,,,,,0
ハッピーモーメント,ハッピーモーメント,牡3,,,,,,,,,0
サンライズピーク,サンライズピーク,牡3,,,,,,,,,0
ヒルノドンカルロ,ヒルノドンカルロ,牡3,,,,,,,,,0
サンガヴィーノ,サンガヴィーノ,牡3,,,,,,,,,0
ニホンピロバロン,ニホンピロバロン,牡3,,,,,,,,,0
ライジングゴールド,ライジングゴールド,牡3,,,,,,,,,0
キングデザイヤー,キングデザイヤー,牡3,,,,,,,,,0
ヴェルデグリーン,ヴェルデグリーン,牡5,,,,,,,,,0
シャイニープリンス,シャイニープリンス,牡3,,,,,,,,,0
ザッハトルテ,ザッハトルテ,牝6,,,,,,,,,0
メーデイア,メーデイア,牝5,,,,,,,,,0
アメリカンウィナー,アメリカンウィナー,牡4,,,,,,,,,0
マルカプレジオ,マルカプレジオ,牡5,,,,,,,,,0
ユーロビート,ユーロビート,せん4,,,,,,,,,0
マイネルバイカ,マイネルバイカ,牡4,,,,,,,,,0
フロアクラフト,フロアクラフト,牝3,,,,,,,,,0
ティアーモ,ティアーモ,牝3,,,,,,,,,0
セレブリティモデル,セレブリティモデル,牝3,,,,,,,,,0
メイショウヨウドウ,メイショウヨウドウ,せん5,,,,,,,,,0
サムソンズプライド,サムソンズプライド,牡3,,,,,,,,,0
ヘレンスピリット,ヘレンスピリット,せん6,,,,,,,,,0
セイウンジャガーズ,セイウンジャガーズ,牡6,,,,,,,,,0
ハノハノ,ハノハノ,牡5,,,,,,,,,0
ベストウォーリア,ベストウォーリア,牡3,,,,,,,,,0
サウンドトゥルー,サウンドトゥルー,牡3,,,,,,,,,0
ケイアイレオーネ,ケイアイレオーネ,牡3,,,,,,,,,0
タッチザターゲット,タッチザターゲット,牡3,,,,,,,,,0
ベリートゥベリー,ベリートゥベリー,牡3,,,,,,,,,0
ミヤジマッキー,ミヤジマッキー,牡3,,,,,,,,,0
チャーリーブレイヴ,チャーリーブレイヴ,牡3,,,,,,,,,0
クロムレック,クロムレック,牡3,,,,,,,,,0
コンプリートゲーム,コンプリートゲーム,牡3,,,,,,,,,0
エーシンレンジャー,エーシンレンジャー,牡3,,,,,,,,,0
アポロマーベリック,アポロマーベリック,牡4,,,,,,,,,0
コブラボール,コブラボール,牡9,,,,,,,,,0
タマモユニヴァース,タマモユニヴァース,牡7,,,,,,,,,0
ジェットストリーム,ジェットストリーム,牡5,,,,,,,,,0
ビービーマイセン,ビービーマイセン,牡4,,,,,,,,,0
ティンバーウルフ,ティンバーウルフ,牡6,,,,,,,,,0
ダイワストリーム,ダイワストリーム,牝3,,,,,,,,,0
ミエノワンダー,ミエノワンダー,牡3,,,,,,,,,0
ダイワブレイディ,ダイワブレイディ,牡3,,,,,,,,,0
バーバラ,バーバラ,牝4,,,,,,,,,0
マックスドリーム,マックスドリーム,せん6,,,,,,,,,0
エアウルフ,エアウルフ,牡6,,,,,,,,,0
スノードラゴン,スノードラゴン,牡5,,,,,,,,,0
ナガラオリオン,ナガラオリオン,牡4,,,,,,,,,0
クリスマス,クリスマス,牝2,,,,,,,,,0
プラチナティアラ,プラチナティアラ,牝2,,,,,,,,,0
トーセンシルエット,トーセンシルエット,牝2,,,,,,,,,0
オールパーパス,オールパーパス,牡2,,,,,,,,,0
ハッピースプリント,ハッピースプリント,牡2,,,,,,,,,0
マイネルディアベル,マイネルディアベル,牡2,,,,,,,,,0
ヴァイサーリッター,ヴァイサーリッター,牡2,,,,,,,,,0
マイネルフォルス,マイネルフォルス,牡2,,,,,,,,,0
テルミドール,テルミドール,牝2,,,,,,,,,0
ウインイルソーレ,ウインイルソーレ,牡2,,,,,,,,,0
ファソン,ファソン,牡2,,,,,,,,,0
ファイトバック,ファイトバック,牡2,,,,,,,,,0
キタサンラブコール,キタサンラブコール,牡2,,,,,,,,,0
ニシケンムート,ニシケンムート,牝2,,,,,,,,,0
ドラゴンスズラン,ドラゴンスズラン,牝2,,,,,,,,,0
ビービーブレイン,ビービーブレイン,牡2,,,,,,,,,0
セイクリッドセブン,セイクリッドセブン,牡6,,,,,,,,,0
ランリョウオー,ランリョウオー,牡6,,,,,,,,,0
オースミムーン,オースミムーン,牡4,,,,,,,,,0
ヤマニンメダイユ,ヤマニンメダイユ,牡4,,,,,,,,,0
ジークジオン,ジークジオン,牡4,,,,,,,,,0
サンレイランキング,サンレイランキング,牡6,,,,,,,,,0
リバーキャッスル,リバーキャッスル,牝8,,,,,,,,,0
リトルゲルダ,リトルゲルダ,牝4,,,,,,,,,0
ローブドヴルール,ローブドヴルール,牝7,,,,,,,,,0
コンフォーコ,コンフォーコ,せん8,,,,,,,,,0
ヤマニンパピオネ,ヤマニンパピオネ,牝5,,,,,,,,,0
ビラゴーティアラ,ビラゴーティアラ,牝6,,,,,,,,,0
インカンテーション,インカンテーション,牡3,,,,,,,,,0
サトノプリンシパル,サトノプリンシパル,牡3,,,,,,,,,0
ジェベルムーサ,ジェベルムーサ,牡3,,,,,,,,,0
ドコフクカゼ,ドコフクカゼ,牡3,,,,,,,,,0
シグナルプロシード,シグナルプロシード,牡3,,,,,,,,,0
オメガインベガス,オメガインベガス,牝3,,,,,,,,,0
リキサンステルス,リキサンステルス,牡3,,,,,,,,,0
アムールポエジー,アムールポエジー,牝3,,,,,,,,,0
モリトリュウコ,モリトリュウコ,牡3,,,,,,,,,0
ハイパーチャージ,ハイパーチャージ,牡3,,,,,,,,,0
カノン,カノン,牝3,,,,,,,,,0
アドマイヤイバマ,アドマイヤイバマ,牡3,,,,,,,,,0
タイセイバスター,タイセイバスター,牡3,,,,,,,,,0
メイショウサミット,メイショウサミット,牡7,,,,,,,,,0
コウユータイセイ,コウユータイセイ,牡5,,,,,,,,,0
ハッピーティア,ハッピーティア,牝5,,,,,,,,,0
カシマシンセイ,カシマシンセイ,牡4,,,,,,,,,0
シンワカントリー,シンワカントリー,牡5,,,,,,,,,0
ピカピカテッタ,ピカピカテッタ,牡6,,,,,,,,,0
フリーダムシチー,フリーダムシチー,牡4,,,,,,,,,0
アサクサマリンバ,アサクサマリンバ,牡6,,,,,,,,,0
ラブイズブーシェ,ラブイズブーシェ,牡4,,,,,,,,,0
テイエムタイホー,テイエムタイホー,牡4,,,,,,,,,0
ツクバコガネオー,ツクバコガネオー,せん5,,,,,,,,,0
ストレイトガール,ストレイトガール,牝4,,,,,,,,,0
カディーシャ,カディーシャ,牝4,,,,,,,,,0
ハープスター,ハープスター,牝2,,,,,,,,,0
イスラボニータ,イスラボニータ,牡2,,,,,,,,,0
ピークトラム,ピークトラム,牡2,,,,,,,,,0
ウインフェニックス,ウインフェニックス,牡2,,,,,,,,,0
マーブルカテドラル,マーブルカテドラル,牝2,,,,,,,,,0
マイネルメリエンダ,マイネルメリエンダ,牡2,,,,,,,,,0
マイネグラティア,マイネグラティア,牝2,,,,,,,,,0
モズハツコイ,モズハツコイ,牝2,,,,,,,,,0
ダウトレス,ダウトレス,牡2,,,,,,,,,0
アポロスターズ,アポロスターズ,牡2,,,,,,,,,0
ユールドゥー,ユールドゥー,牡2,,,,,,,,,0
アポロムーン,アポロムーン,牝2,,,,,,,,,0
デスティニーラブ,デスティニーラブ,牝2,,,,,,,,,0
コロナプリンセス,コロナプリンセス,牝2,,,,,,,,,0
セトアロー,セトアロー,牡2,,,,,,,,,0
マキャヴィティ,マキャヴィティ,牡2,,,,,,,,,0
アラマサクロフネ,アラマサクロフネ,牝2,,,,,,,,,0
タカミツスズラン,タカミツスズラン,牝2,,,,,,,,,0
レッドリヴェール,レッドリヴェール,牝2,,,,,,,,,0
マイネグレヴィル,マイネグレヴィル,牝2,,,,,,,,,0
ハイアーレート,ハイアーレート,牡2,,,,,,,,,0
ピオネロ,ピオネロ,牡2,,,,,,,,,0
マイネルフロスト,マイネルフロスト,牡2,,,,,,,,,0
マラムデール,マラムデール,牝2,,,,,,,,,0
メイショウスミトモ,メイショウスミトモ,牡2,,,,,,,,,0
オールステイ,オールステイ,牡2,,,,,,,,,0
ダンツキャノン,ダンツキャノン,牡2,,,,,,,,,0
サングラス,サングラス,牡2,,,,,,,,,0
クリノコマチ,クリノコマチ,牝2,,,,,,,,,0
ロードフォワード,ロードフォワード,牡2,,,,,,,,,0
バウンスシャッセ,バウンスシャッセ,牝2,,,,,,,,,0
ホウライアキコ,ホウライアキコ,牝2,,,,,,,,,0
ベルカント,ベルカント,牝2,,,,,,,,,0
ラブリープラネット,ラブリープラネット,牡2,,,,,,,,,0
ダンツブロード,ダンツブロード,牡2,,,,,,,,,0
エイシンキサナドゥ,エイシンキサナドゥ,牡2,,,,,,,,,0
マイネヴァリエンテ,マイネヴァリエンテ,牝2,,,,,,,,,0
ネロ,ネロ,牡2,,,,,,,,,0
シゲルカガ,シゲルカガ,牡2,,,,,,,,,0
ハッシュ,ハッシュ,牝2,,,,,,,,,0
ベルルミエール,ベルルミエール,牝2,,,,,,,,,0
カシノタロン,カシノタロン,牝2,,,,,,,,,0
グランプリブレイド,グランプリブレイド,牡2,,,,,,,,,0
ウメ,ウメ,牝2,,,,,,,,,0
ウインスプラッシュ,ウインスプラッシュ,牡2,,,,,,,,,0
メイショウカフウ,メイショウカフウ,牡2,,,,,,,,,0
ルナ,ルナ,牡4,,,,,,,,,0
ウインクリアビュー,ウインクリアビュー,牝6,,,,,,,,,0
マヤノリュウジン,マヤノリュウジン,牡6,,,,,,,,,0
メイショウブシドウ,メイショウブシドウ,牡4,,,,,,,,,0
シシャモフレンド,シシャモフレンド,牝8,,,,,,,,,0
アドマイヤサイモン,アドマイヤサイモン,牡5,,,,,,,,,0
ユウターチェイサー,ユウターチェイサー,牡5,,,,,,,,,0
セフティーフライト,セフティーフライト,牡4,,,,,,,,,0
リリーアタッカー,リリーアタッカー,牡4,,,,,,,,,0
シャトーブランシュ,シャトーブランシュ,牝3,,,,,,,,,0
リメインサイレント,リメインサイレント,牝3,,,,,,,,,0
ピクシーホロウ,ピクシーホロウ,牝3,,,,,,,,,0
ボロンベルラルーン,ボロンベルラルーン,牝3,,,,,,,,,0
アサクサティアラ,アサクサティアラ,牝3,,,,,,,,,0
ユールシンギング,ユールシンギング,牡3,,,,,,,,,0
レッドルーファス,レッドルーファス,牡3,,,,,,,,,0
ヒロノプリンス,ヒロノプリンス,牡3,,,,,,,,,0
ドラゴンレジェンド,ドラゴンレジェンド,牡3,,,,,,,,,0
イレプレイスブル,イレプレイスブル,牡3,,,,,,,,,0
ビッグバンドジャズ,ビッグバンドジャズ,牡3,,,,,,,,,0
マジェスティハーツ,マジェスティハーツ,牡3,,,,,,,,,0
ヤマイチパートナー,ヤマイチパートナー,牡3,,,,,,,,,0
プランスペスカ,プランスペスカ,牡3,,,,,,,,,0
ソロル,ソロル,牡3,,,,,,,,,0
カッパドキア,カッパドキア,牡3,,,,,,,,,0
トーセンハルカゼ,トーセンハルカゼ,牡3,,,,,,,,,0
クラシカルノヴァ,クラシカルノヴァ,牡5,,,,,,,,,0
アトム,アトム,牡2,,,,,,,,,0
アグネスドリーム,アグネスドリーム,牡2,,,,,,,,,0
プライマリーコード,プライマリーコード,牝2,,,,,,,,,0
オースミチャド,オースミチャド,牡2,,,,,,,,,0
オトコギマサムネ,オトコギマサムネ,牡2,,,,,,,,,0
ジャックトマメノキ,ジャックトマメノキ,牡2,,,,,,,,,0
ライザン,ライザン,牡2,,,,,,,,,0
ツァーリ,ツァーリ,牡2,,,,,,,,,0
ヒビケジンダイコ,ヒビケジンダイコ,牡7,,,,,,,,,0
ネオレボルーション,ネオレボルーション,せん7,,,,,,,,,0
ゴーズオン,ゴーズオン,せん5,,,,,,,,,0
トーセンプラチナ,トーセンプラチナ,牡4,,,,,,,,,0
ミラクルオブレナ,ミラクルオブレナ,牡5,,,,,,,,,0
スマートレイアー,スマートレイアー,牝3,,,,,,,,,0
リボントリコロール,リボントリコロール,牝3,,,,,,,,,0
マコトブリジャール,マコトブリジャール,牝3,,,,,,,,,0
ビーナストリック,ビーナストリック,牝3,,,,,,,,,0
エーシンミズーリ,エーシンミズーリ,牡5,,,,,,,,,0
フルーキー,フルーキー,牡3,,,,,,,,,0
ネコタイショウ,ネコタイショウ,牡3,,,,,,,,,0
ハッピーカオル,ハッピーカオル,牡6,,,,,,,,,0
パシフィックギャル,パシフィックギャル,牝2,,,,,,,,,0
ニシノミチシルベ,ニシノミチシルベ,牝2,,,,,,,,,0
サクラパリュール,サクラパリュール,牝2,,,,,,,,,0
セレナビアンカ,セレナビアンカ,牝2,,,,,,,,,0
ダイワソフィー,ダイワソフィー,牝2,,,,,,,,,0
ヤマニンアリエッタ,ヤマニンアリエッタ,牝2,,,,,,,,,0
ミュゼリトルガール,ミュゼリトルガール,牝2,,,,,,,,,0
ヴィスビー,ヴィスビー,牝2,,,,,,,,,0
ツクバアスナロ,ツクバアスナロ,牝2,,,,,,,,,0
ハッピーベリンダ,ハッピーベリンダ,牝2,,,,,,,,,0
ハツガツオ,ハツガツオ,牝2,,,,,,,,,0
マユキ,マユキ,牝2,,,,,,,,,0
ホッコーブレーヴ,ホッコーブレーヴ,牡5,,,,,,,,,0
エックスマーク,エックスマーク,牡4,,,,,,,,,0
シゲルササグリ,シゲルササグリ,牡4,,,,,,,,,0
キラウエア,キラウエア,牡6,,,,,,,,,0
カラダレジェンド,カラダレジェンド,牡2,,,,,,,,,0
クインズハリジャン,クインズハリジャン,牡2,,,,,,,,,0
モーリス,モーリス,牡2,,,,,,,,,0
ルミニズム,ルミニズム,牡2,,,,,,,,,0
アマノウインジー,アマノウインジー,牡2,,,,,,,,,0
ライアンセンス,ライアンセンス,牡2,,,,,,,,,0
ペガサスジュニア,ペガサスジュニア,牡2,,,,,,,,,0
テイエムキュウコー,テイエムキュウコー,牡2,,,,,,,,,0
オイダシダイコ,オイダシダイコ,牡2,,,,,,,,,0
ディアゴッホ,ディアゴッホ,牡2,,,,,,,,,0
オンワードデューク,オンワードデューク,牝5,,,,,,,,,0
マンノプロジェクト,マンノプロジェクト,牡4,,,,,,,,,0
アドマイヤビジン,アドマイヤビジン,牝2,,,,,,,,,0
エイシンオルドス,エイシンオルドス,牝2,,,,,,,,,0
リアルヴィーナス,リアルヴィーナス,牝2,,,,,,,,,0
グランシェリー,グランシェリー,牝2,,,,,,,,,0
タイセイララバイ,タイセイララバイ,牝2,,,,,,,,,0
フクノドリーム,フクノドリーム,牝2,,,,,,,,,0
エルノルテ,エルノルテ,牝2,,,,,,,,,0
メイショウアサツユ,メイショウアサツユ,牝2,,,,,,,,,0
ラヴィーネ,ラヴィーネ,牝2,,,,,,,,,0
テイエムナデューラ,テイエムナデューラ,牝2,,,,,,,,,0
ダンツキャンサー,ダンツキャンサー,牝2,,,,,,,,,0
テイエムチュラッコ,テイエムチュラッコ,牝2,,,,,,,,,0
ノボリレジェンド,ノボリレジェンド,牝2,,,,,,,,,0
スイートガーデン,スイートガーデン,牝2,,,,,,,,,0
カネトシイナーシャ,カネトシイナーシャ,牡5,,,,,,,,,0
サンライズブレット,サンライズブレット,牡5,,,,,,,,,0
トーセンアルニカ,トーセンアルニカ,牝3,,,,,,,,,0
ディアデラマドレ,ディアデラマドレ,牝3,,,,,,,,,0
エディン,エディン,牝4,,,,,,,,,0
プレイアンドリアル,プレイアンドリアル,牡2,,,,,,,,,0
クラリティシチー,クラリティシチー,牡2,,,,,,,,,0
ラングレー,ラングレー,牡2,,,,,,,,,0
サトノアラジン,サトノアラジン,牡2,,,,,,,,,0
ワンアンドオンリー,ワンアンドオンリー,牡2,,,,,,,,,0
キーンソード,キーンソード,牡2,,,,,,,,,0
ウインマーレライ,ウインマーレライ,牡2,,,,,,,,,0
アルテ,アルテ,牡2,,,,,,,,,0
デルカイザー,デルカイザー,牡2,,,,,,,,,0
リターンラルク,リターンラルク,牡2,,,,,,,,,0
ケンブリッジベスト,ケンブリッジベスト,牡2,,,,,,,,,0
ワールドマッチ,ワールドマッチ,牡2,,,,,,,,,0
ディサイファ,ディサイファ,牡4,,,,,,,,,0
カワキタフウジン,カワキタフウジン,牡8,,,,,,,,,0
アップルジャック,アップルジャック,牡5,,,,,,,,,0
ドリームヒーロー,ドリームヒーロー,牡6,,,,,,,,,0
ブルーデジャブ,ブルーデジャブ,せん6,,,,,,,,,0
ドゥーナデン,ドゥーナデン,牡7,,,,,,,,,0
シメノン,シメノン,せん6,,,,,,,,,0
ファイヤー,ファイヤー,牡5,,,,,,,,,0
メイショウタマカゼ,メイショウタマカゼ,牡4,,,,,,,,,0
カレンミロティック,カレンミロティック,せん5,,,,,,,,,0
シャドウバンガード,シャドウバンガード,牡4,,,,,,,,,0
フミノヤマビコ,フミノヤマビコ,牡6,,,,,,,,,0
クリソライト,クリソライト,牡3,,,,,,,,,0
パンツオンファイア,パンツオンファイア,牡5,,,,,,,,,0
コアレスドラード,コアレスドラード,牡5,,,,,,,,,0
ダノンプログラマー,ダノンプログラマー,せん7,,,,,,,,,0
ケビンドゥ,ケビンドゥ,牡4,,,,,,,,,0
スイートジュエリー,スイートジュエリー,牝4,,,,,,,,,0
エスケープマジック,エスケープマジック,牡5,,,,,,,,,0
フォーエバーモア,フォーエバーモア,牝2,,,,,,,,,0
マジックタイム,マジックタイム,牝2,,,,,,,,,0
レーヴデトワール,レーヴデトワール,牝2,,,,,,,,,0
エクスペリエンス,エクスペリエンス,牝2,,,,,,,,,0
ダイヤモンドハイ,ダイヤモンドハイ,牝2,,,,,,,,,0
ニホンピロアンバー,ニホンピロアンバー,牝2,,,,,,,,,0
フーラブライド,フーラブライド,牝4,,,,,,,,,0
ウエスタンレベッカ,ウエスタンレベッカ,牝3,,,,,,,,,0
コウエイオトメ,コウエイオトメ,牝5,,,,,,,,,0
ノーブルジュピタ,ノーブルジュピタ,牝3,,,,,,,,,0
アジアエクスプレス,アジアエクスプレス,牡2,,,,,,,,,0
ショウナンアチーヴ,ショウナンアチーヴ,牡2,,,,,,,,,0
ウインフルブルーム,ウインフルブルーム,牡2,,,,,,,,,0
ショウナンワダチ,ショウナンワダチ,牡2,,,,,,,,,0
サトノロブロイ,サトノロブロイ,牡2,,,,,,,,,0
グリサージュ,グリサージュ,牝2,,,,,,,,,0
ツィンクルソード,ツィンクルソード,牡2,,,,,,,,,0
ニシノデンジャラス,ニシノデンジャラス,牡2,,,,,,,,,0
エルカミーノレアル,エルカミーノレアル,牡2,,,,,,,,,0
エアペイシェンス,エアペイシェンス,牡7,,,,,,,,,0
サンレイデューク,サンレイデューク,牡5,,,,,,,,,0
テルバイク,テルバイク,牡5,,,,,,,,,0
スズカマジェスタ,スズカマジェスタ,牡5,,,,,,,,,0
トーセンタイガー,トーセンタイガー,牡5,,,,,,,,,0
アズマシャトル,アズマシャトル,牡2,,,,,,,,,0
ミヤビジャスパー,ミヤビジャスパー,牡2,,,,,,,,,0
タガノグランパ,タガノグランパ,牡2,,,,,,,,,0
モンドシャルナ,モンドシャルナ,牡2,,,,,,,,,0
ストロベリーキング,ストロベリーキング,牡2,,,,,,,,,0
ビップレボルシオン,ビップレボルシオン,牡2,,,,,,,,,0
デリッツァリモーネ,デリッツァリモーネ,牡2,,,,,,,,,0
ダノンマッキンレー,ダノンマッキンレー,牡2,,,,,,,,,0
ロングリバイバル,ロングリバイバル,牡2,,,,,,,,,0
セセリ,セセリ,牡2,,,,,,,,,0
シンガン,シンガン,牡2,,,,,,,,,0
オースミナイン,オースミナイン,牡4,,,,,,,,,0
サンライズメジャー,サンライズメジャー,牡5,,,,,,,,,0
ミッキーアイル,ミッキーアイル,牡3,,,,,,,,,0
ワイレアワヒネ,ワイレアワヒネ,牝3,,,,,,,,,0
アグネスミニッツ,アグネスミニッツ,牡3,,,,,,,,,0
ニシケンモノノフ,ニシケンモノノフ,牡3,,,,,,,,,0
カシノヒカル,カシノヒカル,牡3,,,,,,,,,0
カクシアジ,カクシアジ,牝3,,,,,,,,,0
クリノカンパニー,クリノカンパニー,牡3,,,,,,,,,0
シセイカスガ,シセイカスガ,牡3,,,,,,,,,0
オメガハートロック,オメガハートロック,牝3,,,,,,,,,0
ニシノアカツキ,ニシノアカツキ,牝3,,,,,,,,,0
リラヴァティ,リラヴァティ,牝3,,,,,,,,,0
エクセレントビュー,エクセレントビュー,牝3,,,,,,,,,0
イントロダクション,イントロダクション,牝3,,,,,,,,,0
アンジュデュバン,アンジュデュバン,牝3,,,,,,,,,0
シーロア,シーロア,牝3,,,,,,,,,0
ルナレディ,ルナレディ,牝3,,,,,,,,,0
ケンタッキーミント,ケンタッキーミント,牝3,,,,,,,,,0
デルマサリーチャン,デルマサリーチャン,牝3,,,,,,,,,0
マリーズケイ,マリーズケイ,牝3,,,,,,,,,0
ホットランナー,ホットランナー,牝3,,,,,,,,,0
チャプレット,チャプレット,牝3,,,,,,,,,0
キングズオブザサン,キングズオブザサン,牡3,,,,,,,,,0
アデイインザライフ,アデイインザライフ,牡3,,,,,,,,,0
ヴォルシェーブ,ヴォルシェーブ,牡3,,,,,,,,,0
アルバート,アルバート,牡3,,,,,,,,,0
エアアンセム,エアアンセム,牡3,,,,,,,,,0
ショウナンラグーン,ショウナンラグーン,牡3,,,,,,,,,0
ディアデルレイ,ディアデルレイ,牡3,,,,,,,,,0
ツクバアズマオー,ツクバアズマオー,牡3,,,,,,,,,0
ホルボッシュ,ホルボッシュ,牡3,,,,,,,,,0
サフランディライト,サフランディライト,牡6,,,,,,,,,0
エアジェルブロワ,エアジェルブロワ,牝5,,,,,,,,,0
ダブルスター,ダブルスター,牡5,,,,,,,,,0
レディオブオペラ,レディオブオペラ,牝4,,,,,,,,,0
トーセンスターダム,トーセンスターダム,牡3,,,,,,,,,0
バンドワゴン,バンドワゴン,牡3,,,,,,,,,0
エイシンエルヴィン,エイシンエルヴィン,牡3,,,,,,,,,0
サトノルパン,サトノルパン,牡3,,,,,,,,,0
ブラックカイト,ブラックカイト,牡3,,,,,,,,,0
レイカーラ,レイカーラ,牝5,,,,,,,,,0
プレミアステイタス,プレミアステイタス,牝3,,,,,,,,,0
タイセイティグレス,タイセイティグレス,牝3,,,,,,,,,0
シュヴァリエ,シュヴァリエ,牝3,,,,,,,,,0
ラインハーディー,ラインハーディー,牝3,,,,,,,,,0
フリュクティドール,フリュクティドール,牝3,,,,,,,,,0
デルフィーノ,デルフィーノ,牝3,,,,,,,,,0
カノーロ,カノーロ,牝3,,,,,,,,,0
ラブラドライト,ラブラドライト,せん5,,,,,,,,,0
メイショウジンム,メイショウジンム,牡8,,,,,,,,,0
コパノリッキー,コパノリッキー,牡4,,,,,,,,,0
ベルキャニオン,ベルキャニオン,牡3,,,,,,,,,0
ハギノハイブリッド,ハギノハイブリッド,牡3,,,,,,,,,0
ローハイド,ローハイド,牡3,,,,,,,,,0
ラインカグラ,ラインカグラ,牝3,,,,,,,,,0
ネオヴァロン,ネオヴァロン,牡3,,,,,,,,,0
シングンジョーカー,シングンジョーカー,牡3,,,,,,,,,0
ガリバルディ,ガリバルディ,牡3,,,,,,,,,0
アスペンツリー,アスペンツリー,牡3,,,,,,,,,0
レッドオラシオン,レッドオラシオン,牡3,,,,,,,,,0
フェルメッツァ,フェルメッツァ,牡3,,,,,,,,,0
タガノブルグ,タガノブルグ,牡3,,,,,,,,,0
グッドスピリッツ,グッドスピリッツ,せん3,,,,,,,,,0
エイシンブルズアイ,エイシンブルズアイ,牡3,,,,,,,,,0
アドマイヤメテオ,アドマイヤメテオ,牡3,,,,,,,,,0
レッドルシファー,レッドルシファー,牡3,,,,,,,,,0
グランフィデリオ,グランフィデリオ,牡3,,,,,,,,,0
ウエストエンド,ウエストエンド,牡6,,,,,,,,,0
スマートオリオン,スマートオリオン,牡4,,,,,,,,,0
ツインクルスター,ツインクルスター,牝5,,,,,,,,,0
ミヤジエムジェイ,ミヤジエムジェイ,牡6,,,,,,,,,0
アンバルブライベン,アンバルブライベン,牝5,,,,,,,,,0
ヌーヴォレコルト,ヌーヴォレコルト,牝3,,,,,,,,,0
ブランネージュ,ブランネージュ,牝3,,,,,,,,,0
ウインリバティ,ウインリバティ,牝3,,,,,,,,,0
レッドオーラム,レッドオーラム,牝3,,,,,,,,,0
プリモンディアル,プリモンディアル,牝3,,,,,,,,,0
シャイニーガール,シャイニーガール,牝3,,,,,,,,,0
ビートゴーズオン,ビートゴーズオン,牝3,,,,,,,,,0
クロスオーバー,クロスオーバー,牝3,,,,,,,,,0
ヒナアラレ,ヒナアラレ,牝3,,,,,,,,,0
トゥザワールド,トゥザワールド,牡3,,,,,,,,,0
タイセイクルーズ,タイセイクルーズ,牡3,,,,,,,,,0
ブラックヘブン,ブラックヘブン,牡3,,,,,,,,,0
イタリアンネオ,イタリアンネオ,牡3,,,,,,,,,0
ウンプテンプ,ウンプテンプ,牡3,,,,,,,,,0
マーティンボロ,マーティンボロ,牡5,,,,,,,,,0
カネトシマーシャル,カネトシマーシャル,牡6,,,,,,,,,0
アドマイヤトライ,アドマイヤトライ,牡5,,,,,,,,,0
アドマイヤツバサ,アドマイヤツバサ,牡7,,,,,,,,,0
メイショウヨシミツ,メイショウヨシミツ,牡5,,,,,,,,,0
テイエムドンマイ,テイエムドンマイ,牡6,,,,,,,,,0
アシュヴィン,アシュヴィン,牡5,,,,,,,,,0
ケイアイエレガント,ケイアイエレガント,牝5,,,,,,,,,0
エスメラルディーナ,エスメラルディーナ,牝3,,,,,,,,,0
ダンスアミーガ,ダンスアミーガ,牝3,,,,,,,,,0
ヤマノフェアリー,ヤマノフェアリー,牝3,,,,,,,,,0
ホッコーサラスター,ホッコーサラスター,牝3,,,,,,,,,0
0001140078,アキノクリンチ,牝3,,,,,,0.0,0.0,0.0,1
レムミラス,レムミラス,牝3,,,,,,,,,0
シュシュブリーズ,シュシュブリーズ,牝3,,,,,,,,,0
ノーブルサイレンス,ノーブルサイレンス,牝3,,,,,,,,,0
マローブルー,マローブルー,牝3,,,,,,,,,0
ショウナンパンドラ,ショウナンパンドラ,牝3,,,,,,,,,0
マイネオーラム,マイネオーラム,牝3,,,,,,,,,0
チョコレートバイン,チョコレートバイン,牝3,,,,,,,,,0
リーサルウェポン,リーサルウェポン,牝3,,,,,,,,,0
ディルガ,ディルガ,牝3,,,,,,,,,0
ヴィータアレグリア,ヴィータアレグリア,牝3,,,,,,,,,0
ホクラニミサ,ホクラニミサ,牝3,,,,,,,,,0
ベストリーダー,ベストリーダー,牝3,,,,,,,,,0
ミスウインストン,ミスウインストン,牝3,,,,,,,,,0
スマイルシャワー,スマイルシャワー,牝3,,,,,,,,,0
アルマエルナト,アルマエルナト,牡3,,,,,,,,,0
テーオーソルジャー,テーオーソルジャー,牡3,,,,,,,,,0
クリノイザナミ,クリノイザナミ,牝3,,,,,,,,,0
ベニノラッキーマン,ベニノラッキーマン,牡3,,,,,,,,,0
ビアンコカンドーレ,ビアンコカンドーレ,牝3,,,,,,,,,0
ロサギガンティア,ロサギガンティア,牡3,,,,,,,,,0
リーゼントロック,リーゼントロック,牡3,,,,,,,,,0
ナスノアオバ,ナスノアオバ,牡3,,,,,,,,,0
マイネルアウラート,マイネルアウラート,牡3,,,,,,,,,0
サクラエール,サクラエール,牡3,,,,,,,,,0
シベリアンタイガー,シベリアンタイガー,牡3,,,,,,,,,0
ミッキーデータ,ミッキーデータ,牡3,,,,,,,,,0
ダノンアンビシャス,ダノンアンビシャス,牡3,,,,,,,,,0
エーシンスピーダー,エーシンスピーダー,牡5,,,,,,,,,0
プロモントーリオ,プロモントーリオ,牡4,,,,,,,,,0
マイネルジェイド,マイネルジェイド,牡4,,,,,,,,,0
ステファノス,ステファノス,牡3,,,,,,,,,0
パドルウィール,パドルウィール,牡3,,,,,,,,,0
カゼノコ,カゼノコ,牡3,,,,,,,,,0
アドマイヤヤング,アドマイヤヤング,牡3,,,,,,,,,0
デビル,デビル,牡3,,,,,,,,,0
クリノジュロウジン,クリノジュロウジン,牡3,,,,,,,,,0
エーシンゴールド,エーシンゴールド,牡4,,,,,,,,,0
クリノスターオー,クリノスターオー,牡4,,,,,,,,,0
リアライズキボンヌ,リアライズキボンヌ,牝5,,,,,,,,,0
イダス,イダス,牡3,,,,,,,,,0
メイショウコルノ,メイショウコルノ,牡3,,,,,,,,,0
ケルヴィンサイド,ケルヴィンサイド,牡3,,,,,,,,,0
パワースラッガー,パワースラッガー,牡3,,,,,,,,,0
モリトビャクミ,モリトビャクミ,牡3,,,,,,,,,0
アミカブルナンバー,アミカブルナンバー,牝5,,,,,,,,,0
ペイシャフェリス,ペイシャフェリス,牝3,,,,,,,,,0
カウニスクッカ,カウニスクッカ,牝3,,,,,,,,,0
コーリンベリー,コーリンベリー,牝3,,,,,,,,,0
グレイスフルリープ,グレイスフルリープ,牡4,,,,,,,,,0
エアハリファ,エアハリファ,牡5,,,,,,,,,0
グレートチャールズ,グレートチャールズ,牡5,,,,,,,,,0
アドマイヤデウス,アドマイヤデウス,牡3,,,,,,,,,0
コウエイワンマン,コウエイワンマン,牡3,,,,,,,,,0
スズカデヴィアス,スズカデヴィアス,牡3,,,,,,,,,0
サトノジュピター,サトノジュピター,牝5,,,,,,,,,0
サングレアル,サングレアル,牝3,,,,,,,,,0
イサベル,イサベル,牝3,,,,,,,,,0
ハピネスダンサー,ハピネスダンサー,牝3,,,,,,,,,0
プロクリス,プロクリス,牝3,,,,,,,,,0
ムードスウィングス,ムードスウィングス,牝3,,,,,,,,,0
スペランツァデーア,スペランツァデーア,牝3,,,,,,,,,0
シャドウカラーズ,シャドウカラーズ,牝3,,,,,,,,,0
パナシュドール,パナシュドール,牝3,,,,,,,,,0
シードオブハピネス,シードオブハピネス,牝3,,,,,,,,,0
フィエロ,フィエロ,牡5,,,,,,,,,0
ワールドインパクト,ワールドインパクト,牡3,,,,,,,,,0
ヤマノウィザード,ヤマノウィザード,牡3,,,,,,,,,0
ゴールドアクター,ゴールドアクター,牡3,,,,,,,,,0
マテンロウボス,マテンロウボス,牡3,,,,,,,,,0
ファーガソン,ファーガソン,牡3,,,,,,,,,0
ナンヨーマーク,ナンヨーマーク,牡3,,,,,,,,,0
シャンパーニュ,シャンパーニュ,牡3,,,,,,,,,0
テオドリーコ,テオドリーコ,牡3,,,,,,,,,0
アドミラルシップ,アドミラルシップ,牡3,,,,,,,,,0
サウンズオブアース,サウンズオブアース,牡3,,,,,,,,,0
シャドウダンサー,シャドウダンサー,牡3,,,,,,,,,0
ブレイヴリー,ブレイヴリー,牡3,,,,,,,,,0
ダンディーズムーン,ダンディーズムーン,牡3,,,,,,,,,0
ステイインシアトル,ステイインシアトル,牡3,,,,,,,,,0
トラキチシャチョウ,トラキチシャチョウ,牡3,,,,,,,,,0
ポメグラネイト,ポメグラネイト,牡3,,,,,,,,,0
メイショウヤタロウ,メイショウヤタロウ,牡6,,,,,,,,,0
ワイルドフラッパー,ワイルドフラッパー,牝5,,,,,,,,,0
グランプリブラッド,グランプリブラッド,牡5,,,,,,,,,0
メイショウコロンボ,メイショウコロンボ,牡5,,,,,,,,,0
ラガートモヒーロ,ラガートモヒーロ,牡5,,,,,,,,,0
ヒルノマドリード,ヒルノマドリード,牡5,,,,,,,,,0
ベッラレジーナ,ベッラレジーナ,牝3,,,,,,,,,0
エリーザベスト,エリーザベスト,牝3,,,,,,,,,0
テイエムオペラドン,テイエムオペラドン,牡5,,,,,,,,,0
エキマエ,エキマエ,牡3,,,,,,,,,0
グランデスバル,グランデスバル,牡6,,,,,,,,,0
トーセンジャガー,トーセンジャガー,牡6,,,,,,,,,0
コスモバルバラ,コスモバルバラ,牝5,,,,,,,,,0
0001090426,アイムヒアー,牝6,,,,,,0.0,0.0,0.0,1
サイモンガーランド,サイモンガーランド,牝5,,,,,,,,,0
メイショウキラリ,メイショウキラリ,牝5,,,,,,,,,0
レッドアルヴィス,レッドアルヴィス,牡3,,,,,,,,,0
バンズーム,バンズーム,牡3,,,,,,,,,0
アンズチャン,アンズチャン,牝3,,,,,,,,,0
ペアン,ペアン,牡3,,,,,,,,,0
タガノエッヴィーバ,タガノエッヴィーバ,牡3,,,,,,,,,0
メイショウパワーズ,メイショウパワーズ,牡3,,,,,,,,,0
ワイルドダラー,ワイルドダラー,牡3,,,,,,,,,0
メイショウイチオシ,メイショウイチオシ,牡3,,,,,,,,,0
メイショウサルーテ,メイショウサルーテ,牝3,,,,,,,,,0
ドリームカイザー,ドリームカイザー,牡3,,,,,,,,,0
ヤマニンプチガトー,ヤマニンプチガトー,牝5,,,,,,,,,0
アムールクエスト,アムールクエスト,牡5,,,,,,,,,0
マイネルフィエスタ,マイネルフィエスタ,牡4,,,,,,,,,0
ビービーラッシュ,ビービーラッシュ,牡4,,,,,,,,,0
エーシンイグアス,エーシンイグアス,牡6,,,,,,,,,0
アポロドーロス,アポロドーロス,牡5,,,,,,,,,0
メイショウゾウセン,メイショウゾウセン,牡6,,,,,,,,,0
オウケンブラック,オウケンブラック,牡3,,,,,,,,,0
ラディウス,ラディウス,牡3,,,,,,,,,0
ベストドリーム,ベストドリーム,牡3,,,,,,,,,0
メドウヒルズ,メドウヒルズ,牡3,,,,,,,,,0
ラリングクライ,ラリングクライ,牡3,,,,,,,,,0
ハドソンヤード,ハドソンヤード,牡3,,,,,,,,,0
トシザキミ,トシザキミ,牝3,,,,,,,,,0
ルナフォンターナ,ルナフォンターナ,牝5,,,,,,,,,0
カイシュウコロンボ,カイシュウコロンボ,牡6,,,,,,,,,0
ヴィクトリースター,ヴィクトリースター,牡6,,,,,,,,,0
キョウワダッフィー,キョウワダッフィー,牡6,,,,,,,,,0
サクラレグナム,サクラレグナム,牡5,,,,,,,,,0
マーチャンテイマー,マーチャンテイマー,牝5,,,,,,,,,0
アクティブミノル,アクティブミノル,牡2,,,,,,,,,0
タケデンタイガー,タケデンタイガー,牡2,,,,,,,,,0
トウショウピスト,トウショウピスト,牡2,,,,,,,,,0
トーセンラーク,トーセンラーク,牝2,,,,,,,,,0
マイネルエスパス,マイネルエスパス,牡2,,,,,,,,,0
アンブリカル,アンブリカル,牝2,,,,,,,,,0
キッズライトオン,キッズライトオン,牡2,,,,,,,,,0
クールホタルビ,クールホタルビ,牝2,,,,,,,,,0
グランドポピー,グランドポピー,牝2,,,,,,,,,0
スルターナ,スルターナ,牝2,,,,,,,,,0
カゼノトビラ,カゼノトビラ,牝2,,,,,,,,,0
マコトダッソー,マコトダッソー,牡2,,,,,,,,,0
タケルオウジ,タケルオウジ,牡2,,,,,,,,,0
ディアタイガ,ディアタイガ,牡2,,,,,,,,,0
ティーズアライズ,ティーズアライズ,牝2,,,,,,,,,0
エンターザスフィア,エンターザスフィア,牡2,,,,,,,,,0
クッカーニャ,クッカーニャ,牝5,,,,,,,,,0
アラタマユニバース,アラタマユニバース,牡5,,,,,,,,,0
ドリームチャージ,ドリームチャージ,牡5,,,,,,,,,0
バードバーニング,バードバーニング,牡4,,,,,,,,,0
マイネルガヴロシュ,マイネルガヴロシュ,牡7,,,,,,,,,0
クレバーベスト,クレバーベスト,せん6,,,,,,,,,0
ニライジンク,ニライジンク,牡5,,,,,,,,,0
アンゲネーム,アンゲネーム,せん6,,,,,,,,,0
オツウ,オツウ,牝4,,,,,,,,,0
クライスマイル,クライスマイル,牡3,,,,,,,,,0
ランウェイワルツ,ランウェイワルツ,牡3,,,,,,,,,0
アスカノロマン,アスカノロマン,牡3,,,,,,,,,0
ノースショアビーチ,ノースショアビーチ,牡3,,,,,,,,,0
ファドーグ,ファドーグ,牡3,,,,,,,,,0
ジャッカスバーク,ジャッカスバーク,牡3,,,,,,,,,0
アムールスキー,アムールスキー,牡3,,,,,,,,,0
リサプシュケ,リサプシュケ,牝3,,,,,,,,,0
スピナッチ,スピナッチ,牝3,,,,,,,,,0
メイショウイザヨイ,メイショウイザヨイ,牝5,,,,,,,,,0
アルマリンピア,アルマリンピア,牝6,,,,,,,,,0
スーパームーン,スーパームーン,牡5,,,,,,,,,0
ムーンリットレイク,ムーンリットレイク,牡6,,,,,,,,,0
ホッコーゼニト,ホッコーゼニト,牡5,,,,,,,,,0
メジロサンノウ,メジロサンノウ,牡6,,,,,,,,,0
ショウナンカミング,ショウナンカミング,牡6,,,,,,,,,0
ベロセットレコード,ベロセットレコード,牡4,,,,,,,,,0
ミュゼスルタン,ミュゼスルタン,牡2,,,,,,,,,0
アヴニールマルシェ,アヴニールマルシェ,牡2,,,,,,,,,0
ニシノラッシュ,ニシノラッシュ,牡2,,,,,,,,,0
コメート,コメート,牡2,,,,,,,,,0
ブリクスト,ブリクスト,牡2,,,,,,,,,0
ナヴィオン,ナヴィオン,牡2,,,,,,,,,0
カシノハリウッド,カシノハリウッド,牡2,,,,,,,,,0
ワキノヒビキ,ワキノヒビキ,牡2,,,,,,,,,0
ハナモモ,ハナモモ,牝2,,,,,,,,,0
ヒルノマレット,ヒルノマレット,牡2,,,,,,,,,0
トーホウハニー,トーホウハニー,牝2,,,,,,,,,0
ギンパリ,ギンパリ,牡2,,,,,,,,,0
ディアコンチェルト,ディアコンチェルト,牡2,,,,,,,,,0
テイケイラピッド,テイケイラピッド,牝2,,,,,,,,,0
ゴッドバローズ,ゴッドバローズ,牡2,,,,,,,,,0
ラミーロ,ラミーロ,牡2,,,,,,,,,0
コスモピーコック,コスモピーコック,牝2,,,,,,,,,0
グラスエトワール,グラスエトワール,牝2,,,,,,,,,0
ブランダムール,ブランダムール,牝5,,,,,,,,,0
ブライトエンブレム,ブライトエンブレム,牡2,,,,,,,,,0
マイネルシュバリエ,マイネルシュバリエ,牡2,,,,,,,,,0
レッツゴードンキ,レッツゴードンキ,牝2,,,,,,,,,0
ミュゼエイリアン,ミュゼエイリアン,牡2,,,,,,,,,0
フォワードカフェ,フォワードカフェ,牡2,,,,,,,,,0
アルマワイオリ,アルマワイオリ,牡2,,,,,,,,,0
ミッキーユニバース,ミッキーユニバース,牡2,,,,,,,,,0
アドマイヤガスト,アドマイヤガスト,牡2,,,,,,,,,0
スワーヴジョージ,スワーヴジョージ,牡2,,,,,,,,,0
マイネルサクセサー,マイネルサクセサー,牡2,,,,,,,,,0
シゲルケンカヤマ,シゲルケンカヤマ,牡2,,,,,,,,,0
トウカイバレット,トウカイバレット,牡2,,,,,,,,,0
サウスキャロライナ,サウスキャロライナ,牝2,,,,,,,,,0
オーミアリス,オーミアリス,牝2,,,,,,,,,0
レオパルディナ,レオパルディナ,牝2,,,,,,,,,0
スノーエンジェル,スノーエンジェル,牝2,,,,,,,,,0
ゼンノイザナギ,ゼンノイザナギ,牡2,,,,,,,,,0
リッパーザウィン,リッパーザウィン,牡2,,,,,,,,,0
タガノアザガル,タガノアザガル,牡2,,,,,,,,,0
セカンドテーブル,セカンドテーブル,牡2,,,,,,,,,0
タガノヴェルリー,タガノヴェルリー,牝2,,,,,,,,,0
デイドリーム,デイドリーム,牝2,,,,,,,,,0
ダンツメガヒット,ダンツメガヒット,牡2,,,,,,,,,0
クリノヤクマン,クリノヤクマン,牡2,,,,,,,,,0
オメガタックスマン,オメガタックスマン,牡2,,,,,,,,,0
ノーブルルージュ,ノーブルルージュ,牝2,,,,,,,,,0
メイショウマサカゼ,メイショウマサカゼ,牡2,,,,,,,,,0
ロットリー,ロットリー,牝2,,,,,,,,,0
ヒマラヤテンカ,ヒマラヤテンカ,牝2,,,,,,,,,0
タムロダイチ,タムロダイチ,牡2,,,,,,,,,0
バクシンテイオー,バクシンテイオー,牡5,,,,,,,,,0
レッドキングダム,レッドキングダム,牡5,,,,,,,,,0
マーリンシチー,マーリンシチー,牡8,,,,,,,,,0
シゲルヘビザ,シゲルヘビザ,牡4,,,,,,,,,0
アマクサハイヤ,アマクサハイヤ,牡5,,,,,,,,,0
クリスクリングル,クリスクリングル,牡4,,,,,,,,,0
スリーマーゴーン,スリーマーゴーン,牡4,,,,,,,,,0
クリノテンペスタ,クリノテンペスタ,牡7,,,,,,,,,0
メイクアップ,メイクアップ,牡3,,,,,,,,,0
ダイワリベラル,ダイワリベラル,牡3,,,,,,,,,0
サトノフェラーリ,サトノフェラーリ,牡3,,,,,,,,,0
ヨッヘイ,ヨッヘイ,牡3,,,,,,,,,0
タガノエトワール,タガノエトワール,牝3,,,,,,,,,0
ヒルノマテーラ,ヒルノマテーラ,牝3,,,,,,,,,0
レッドオリヴィア,レッドオリヴィア,牝3,,,,,,,,,0
アドマイヤアロマ,アドマイヤアロマ,牝3,,,,,,,,,0
リリコイパイ,リリコイパイ,牝3,,,,,,,,,0
メイショウラバンド,メイショウラバンド,牝3,,,,,,,,,0
アドマイヤシーマ,アドマイヤシーマ,牝3,,,,,,,,,0
リックタラキチ,リックタラキチ,牝3,,,,,,,,,0
アドマイヤギャラン,アドマイヤギャラン,牝5,,,,,,,,,0
トーホウジャッカル,トーホウジャッカル,牡3,,,,,,,,,0
クロニクルスカイ,クロニクルスカイ,牡3,,,,,,,,,0
マッチボックス,マッチボックス,牡3,,,,,,,,,0
キネオペガサス,キネオペガサス,牡3,,,,,,,,,0
トップボンバー,トップボンバー,牡3,,,,,,,,,0
ジャンナ,ジャンナ,牡6,,,,,,,,,0
イッシンドウタイ,イッシンドウタイ,牡5,,,,,,,,,0
クラリティスカイ,クラリティスカイ,牡2,,,,,,,,,0
ネオルミエール,ネオルミエール,牡2,,,,,,,,,0
オープンザウェイ,オープンザウェイ,牡2,,,,,,,,,0
ニシノクラッチ,ニシノクラッチ,牡2,,,,,,,,,0
グァンチャーレ,グァンチャーレ,牡2,,,,,,,,,0
マイネルグルマン,マイネルグルマン,牡2,,,,,,,,,0
キャピシーヌ,キャピシーヌ,牡2,,,,,,,,,0
サトノフラム,サトノフラム,牡2,,,,,,,,,0
クラウンノキミ,クラウンノキミ,牡2,,,,,,,,,0
ソンブレロ,ソンブレロ,牡4,,,,,,,,,0
ティリアンパープル,ティリアンパープル,牝4,,,,,,,,,0
プレティオラス,プレティオラス,牡5,,,,,,,,,0
セウアズール,セウアズール,牝3,,,,,,,,,0
コスモソーンパーク,コスモソーンパーク,牡6,,,,,,,,,0
シェルビー,シェルビー,牡5,,,,,,,,,0
アドマイヤランディ,アドマイヤランディ,牡3,,,,,,,,,0
ココロノアイ,ココロノアイ,牝2,,,,,,,,,0
フローレスダンサー,フローレスダンサー,牝2,,,,,,,,,0
スマートプラネット,スマートプラネット,牝2,,,,,,,,,0
シングウィズジョイ,シングウィズジョイ,牝2,,,,,,,,,0
アールブリュット,アールブリュット,牝2,,,,,,,,,0
シャルール,シャルール,牝2,,,,,,,,,0
ステラスターライト,ステラスターライト,牝2,,,,,,,,,0
テンダリーヴォイス,テンダリーヴォイス,牝2,,,,,,,,,0
ナイアガラモンロー,ナイアガラモンロー,牝2,,,,,,,,,0
タマモルミエール,タマモルミエール,牝2,,,,,,,,,0
ココロノママニ,ココロノママニ,牝2,,,,,,,,,0
ロゾヴァドリナ,ロゾヴァドリナ,牝2,,,,,,,,,0
メイショウメイゲツ,メイショウメイゲツ,牝2,,,,,,,,,0
リバークルーズ,リバークルーズ,牝2,,,,,,,,,0
プリメラアスール,プリメラアスール,牝2,,,,,,,,,0
サフィロス,サフィロス,牡2,,,,,,,,,0
アポロノシンザン,アポロノシンザン,牡2,,,,,,,,,0
コウソクコーナー,コウソクコーナー,牡2,,,,,,,,,0
ゴールドペガサス,ゴールドペガサス,牡2,,,,,,,,,0
ロンバルディア,ロンバルディア,牡2,,,,,,,,,0
ウォリアーズソウル,ウォリアーズソウル,牡2,,,,,,,,,0
オベロン,オベロン,せん4,,,,,,,,,0
ミヤコデラックス,ミヤコデラックス,牡5,,,,,,,,,0
トウカイルーチェ,トウカイルーチェ,牡4,,,,,,,,,0
テイエムセイリュウ,テイエムセイリュウ,牡5,,,,,,,,,0
リアルブラック,リアルブラック,せん5,,,,,,,,,0
エムエムベレッタ,エムエムベレッタ,牡5,,,,,,,,,0
ダノングラシアス,ダノングラシアス,牝2,,,,,,,,,0
ウインソワレ,ウインソワレ,牝2,,,,,,,,,0
エフェクト,エフェクト,牝2,,,,,,,,,0
ムーンエクスプレス,ムーンエクスプレス,牝2,,,,,,,,,0
ペルフィカ,ペルフィカ,牝2,,,,,,,,,0
オールオブユー,オールオブユー,牝2,,,,,,,,,0
ルアンジュ,ルアンジュ,牝2,,,,,,,,,0
ダイワプロパー,ダイワプロパー,牝2,,,,,,,,,0
ニューエディション,ニューエディション,牝2,,,,,,,,,0
シゲルチャグチャグ,シゲルチャグチャグ,牝2,,,,,,,,,0
シンフォニア,シンフォニア,牝2,,,,,,,,,0
アドマイヤケルソ,アドマイヤケルソ,牡6,,,,,,,,,0
モビール,モビール,牡6,,,,,,,,,0
カシュカシュ,カシュカシュ,牝5,,,,,,,,,0
ヴォーグトルネード,ヴォーグトルネード,牡5,,,,,,,,,0
フィールザスマート,フィールザスマート,牡3,,,,,,,,,0
カチューシャ,カチューシャ,牝5,,,,,,,,,0
タールタン,タールタン,牡6,,,,,,,,,0
タガノエスプレッソ,タガノエスプレッソ,牡2,,,,,,,,,0
アッシュゴールド,アッシュゴールド,牡2,,,,,,,,,0
レザンドゥオール,レザンドゥオール,牡2,,,,,,,,,0
ケツァルテナンゴ,ケツァルテナンゴ,牡2,,,,,,,,,0
グレイスフルワード,グレイスフルワード,牝2,,,,,,,,,0
テイエムダンシング,テイエムダンシング,牡2,,,,,,,,,0
グレイスフラワー,グレイスフラワー,牝5,,,,,,,,,0
フラアンジェリコ,フラアンジェリコ,牡6,,,,,,,,,0
サトノクラウン,サトノクラウン,牡2,,,,,,,,,0
ソールインパクト,ソールインパクト,牡2,,,,,,,,,0
エミネスク,エミネスク,牡2,,,,,,,,,0
クラージュシチー,クラージュシチー,牡2,,,,,,,,,0
グリュイエール,グリュイエール,牡2,,,,,,,,,0
ジャストドゥイング,ジャストドゥイング,牡2,,,,,,,,,0
ストリートキャップ,ストリートキャップ,牡2,,,,,,,,,0
ペガサスボス,ペガサスボス,牡2,,,,,,,,,0
ベルラップ,ベルラップ,牡2,,,,,,,,,0
ダノンメジャー,ダノンメジャー,牡2,,,,,,,,,0
シュヴァルグラン,シュヴァルグラン,牡2,,,,,,,,,0
0001149044,アイオシルケン,牡2,,,,,,0.0,0.0,0.0,1
エイシンライダー,エイシンライダー,牡2,,,,,,,,,0
ティルナノーグ,ティルナノーグ,牡2,,,,,,,,,0
0001194171,アイヴァンホウ,牡4,,,,,,0.0,0.0,0.0,1
アップウィズザバーズ,アップウィズザバーズ,牡4,,,,,,,,,0
トレーディングレザー,トレーディングレザー,牡4,,,,,,,,,0
サカジロロイヤル,サカジロロイヤル,牡6,,,,,,,,,0
ニザエモン,ニザエモン,牡6,,,,,,,,,0
サンビスタ,サンビスタ,牝5,,,,,,,,,0
インペラティヴ,インペラティヴ,せん4,,,,,,,,,0
デウスウルト,デウスウルト,せん6,,,,,,,,,0
エイシンヒカリ,エイシンヒカリ,牡3,,,,,,,,,0
ダノンレジェンド,ダノンレジェンド,牡4,,,,,,,,,0
メイショウノーベル,メイショウノーベル,牡5,,,,,,,,,0
サウンドガガ,サウンドガガ,牝5,,,,,,,,,0
ダッシャーワン,ダッシャーワン,牡6,,,,,,,,,0
エイシンゴージャス,エイシンゴージャス,牝3,,,,,,,,,0
ナンチンノン,ナンチンノン,牡3,,,,,,,,,0
ショウナンアデラ,ショウナンアデラ,牝2,,,,,,,,,0
アルマオンディーナ,アルマオンディーナ,牝2,,,,,,,,,0
ロカ,ロカ,牝2,,,,,,,,,0
コートシャルマン,コートシャルマン,牝2,,,,,,,,,0
カボスチャン,カボスチャン,牝2,,,,,,,,,0
アローシルバー,アローシルバー,牝2,,,,,,,,,0
0000242133,アカリアイドル,牝2,,,,,,0.0,0.0,0.0,1
フレイムコード,フレイムコード,牝5,,,,,,,,,0
コーディリア,コーディリア,牝5,,,,,,,,,0
ケイティバローズ,ケイティバローズ,牝4,,,,,,,,,0
ダノンプラチナ,ダノンプラチナ,牡2,,,,,,,,,0
コスモナインボール,コスモナインボール,牡2,,,,,,,,,0
ペイシャオブロー,ペイシャオブロー,牡2,,,,,,,,,0
ペプチドウォヘッド,ペプチドウォヘッド,牡2,,,,,,,,,0
シャイニングレイ,シャイニングレイ,牡2,,,,,,,,,0
ブラックバゴ,ブラックバゴ,牡2,,,,,,,,,0
エニグマバリエート,エニグマバリエート,牡2,,,,,,,,,0
マサハヤドリーム,マサハヤドリーム,牡2,,,,,,,,,0
タンタアレグリア,タンタアレグリア,牡2,,,,,,,,,0
レトロロック,レトロロック,牡2,,,,,,,,,0
タイセイアプローズ,タイセイアプローズ,牡2,,,,,,,,,0
ジャジャウマナラシ,ジャジャウマナラシ,牡2,,,,,,,,,0
ナンヨーテンプル,ナンヨーテンプル,牡2,,,,,,,,,0
メイプルレインボー,メイプルレインボー,牡2,,,,,,,,,0
ヒュウマ,ヒュウマ,牡5,,,,,,,,,0
マイネルミラノ,マイネルミラノ,牡5,,,,,,,,,0
ミッキーラブソング,ミッキーラブソング,牡4,,,,,,,,,0
ロードフェリーチェ,ロードフェリーチェ,牡3,,,,,,,,,0
ダッシングブレイズ,ダッシングブレイズ,牡3,,,,,,,,,0
レンイングランド,レンイングランド,牡3,,,,,,,,,0
ノースストーム,ノースストーム,牡3,,,,,,,,,0
ヤマニンマンドール,ヤマニンマンドール,牡3,,,,,,,,,0
クイーンズターフ,クイーンズターフ,牝3,,,,,,,,,0
クインズロンペール,クインズロンペール,牡3,,,,,,,,,0
ノットフォーマル,ノットフォーマル,牝3,,,,,,,,,0
ローデッド,ローデッド,牝3,,,,,,,,,0
アドマイヤピンク,アドマイヤピンク,牝3,,,,,,,,,0
カービングパス,カービングパス,牝3,,,,,,,,,0
エヴァンジル,エヴァンジル,牝3,,,,,,,,,0
ギンザヴィクトリア,ギンザヴィクトリア,牝3,,,,,,,,,0
ハナズプルメリア,ハナズプルメリア,牝3,,,,,,,,,0
マラケシュ,マラケシュ,牝3,,,,,,,,,0
ヤマタケマツリ,ヤマタケマツリ,牝3,,,,,,,,,0
トラストレイカ,トラストレイカ,牝3,,,,,,,,,0
ベルーフ,ベルーフ,牡3,,,,,,,,,0
クルーガー,クルーガー,牡3,,,,,,,,,0
ダノンリバティ,ダノンリバティ,牡3,,,,,,,,,0
オトコギイッポン,オトコギイッポン,牡3,,,,,,,,,0
タケルラムセス,タケルラムセス,牡3,,,,,,,,,0
ナスノセイカン,ナスノセイカン,牡3,,,,,,,,,0
イーデンホール,イーデンホール,牡3,,,,,,,,,0
ザイディックメア,ザイディックメア,牡3,,,,,,,,,0
バルビエール,バルビエール,牡3,,,,,,,,,0
ブライトバローズ,ブライトバローズ,牡3,,,,,,,,,0
ビービートレイター,ビービートレイター,牡5,,,,,,,,,0
ゼンノルジェロ,ゼンノルジェロ,牡7,,,,,,,,,0
キクノストーム,キクノストーム,牡6,,,,,,,,,0
ベステゲシェンク,ベステゲシェンク,牡5,,,,,,,,,0
ブルーストーン,ブルーストーン,牝4,,,,,,,,,0
メイショウツガル,メイショウツガル,牡7,,,,,,,,,0
フレイムヘイロー,フレイムヘイロー,せん7,,,,,,,,,0
ルージュバック,ルージュバック,牝3,,,,,,,,,0
ポルトドートウィユ,ポルトドートウィユ,牡3,,,,,,,,,0
ムーンクレスト,ムーンクレスト,牡3,,,,,,,,,0
ネオスターダム,ネオスターダム,牡3,,,,,,,,,0
レガッタ,レガッタ,牡3,,,,,,,,,0
エメラルヒマワリ,エメラルヒマワリ,牝3,,,,,,,,,0
キャットコイン,キャットコイン,牝3,,,,,,,,,0
ミッキークイーン,ミッキークイーン,牝3,,,,,,,,,0
アンドリエッテ,アンドリエッテ,牝3,,,,,,,,,0
ロッカフラベイビー,ロッカフラベイビー,牝3,,,,,,,,,0
ホワイトウインド,ホワイトウインド,牝3,,,,,,,,,0
ブルックデイル,ブルックデイル,牝3,,,,,,,,,0
ラクアミ,ラクアミ,牝3,,,,,,,,,0
ジュエルクイーン,ジュエルクイーン,牝3,,,,,,,,,0
リアルスティール,リアルスティール,牡3,,,,,,,,,0
ドゥラメンテ,ドゥラメンテ,牡3,,,,,,,,,0
アンビシャス,アンビシャス,牡3,,,,,,,,,0
ショウボート,ショウボート,牡3,,,,,,,,,0
カムフィー,カムフィー,牡6,,,,,,,,,0
メジャープレゼンス,メジャープレゼンス,牡5,,,,,,,,,0
ハナノシンノスケ,ハナノシンノスケ,牡8,,,,,,,,,0
ヤングマンパワー,ヤングマンパワー,牡3,,,,,,,,,0
マテンロウハピネス,マテンロウハピネス,牡3,,,,,,,,,0
ヤマカツエース,ヤマカツエース,牡3,,,,,,,,,0
ナリタスターワン,ナリタスターワン,牡3,,,,,,,,,0
ナイトフォックス,ナイトフォックス,牡3,,,,,,,,,0
エイムハイ,エイムハイ,牡3,,,,,,,,,0
ラインスピリット,ラインスピリット,牡4,,,,,,,,,0
フギン,フギン,牝5,,,,,,,,,0
アスカビレン,アスカビレン,牝3,,,,,,,,,0
コンテッサトゥーレ,コンテッサトゥーレ,牝3,,,,,,,,,0
ウインアキレア,ウインアキレア,牝3,,,,,,,,,0
ティーエスクライ,ティーエスクライ,牝3,,,,,,,,,0
タッチングスピーチ,タッチングスピーチ,牝3,,,,,,,,,0
クルミナル,クルミナル,牝3,,,,,,,,,0
マイティティー,マイティティー,牝3,,,,,,,,,0
レッドカーラ,レッドカーラ,牝3,,,,,,,,,0
ブチコ,ブチコ,牝3,,,,,,,,,0
ノーブルリーズン,ノーブルリーズン,牝3,,,,,,,,,0
オデッタ,オデッタ,牝3,,,,,,,,,0
オリエンタルダンス,オリエンタルダンス,牝3,,,,,,,,,0
トーセンバジル,トーセンバジル,牡3,,,,,,,,,0
ジャストフォーユー,ジャストフォーユー,牡3,,,,,,,,,0
サンライズロイヤル,サンライズロイヤル,牡6,,,,,,,,,0
アップトゥデイト,アップトゥデイト,牡5,,,,,,,,,0
テーオーゼウス,テーオーゼウス,牡7,,,,,,,,,0
タマモプラネット,タマモプラネット,牡5,,,,,,,,,0
クイーンズリング,クイーンズリング,牝3,,,,,,,,,0
ラッフォルツァート,ラッフォルツァート,牝3,,,,,,,,,0
ノーブルヴィーナス,ノーブルヴィーナス,牝3,,,,,,,,,0
スマートグレイス,スマートグレイス,牝3,,,,,,,,,0
バチスタ,バチスタ,牝3,,,,,,,,,0
ラホーヤビーチ,ラホーヤビーチ,牝3,,,,,,,,,0
ウィッシュハピネス,ウィッシュハピネス,牝3,,,,,,,,,0
アルビアーノ,アルビアーノ,牝3,,,,,,,,,0
アースライズ,アースライズ,牝3,,,,,,,,,0
ディアマイダーリン,ディアマイダーリン,牝3,,,,,,,,,0
ジャポニカーラ,ジャポニカーラ,牝3,,,,,,,,,0
ジュエルメーカー,ジュエルメーカー,牝3,,,,,,,,,0
ホワイトエレガンス,ホワイトエレガンス,牝3,,,,,,,,,0
カゼルタ,カゼルタ,牝3,,,,,,,,,0
ココ,ココ,牝3,,,,,,,,,0
エグランティーナ,エグランティーナ,牝3,,,,,,,,,0
アフェクシオン,アフェクシオン,牝3,,,,,,,,,0
サトノフラリッシュ,サトノフラリッシュ,牝3,,,,,,,,,0
ホワイトフーガ,ホワイトフーガ,牝3,,,,,,,,,0
フミノムーン,フミノムーン,牡3,,,,,,,,,0
ブラッククローバー,ブラッククローバー,牡3,,,,,,,,,0
コパノハート,コパノハート,牝3,,,,,,,,,0
ビヨンジオール,ビヨンジオール,牡3,,,,,,,,,0
ライドオンウインド,ライドオンウインド,牡3,,,,,,,,,0
マジックシャトル,マジックシャトル,牡3,,,,,,,,,0
キタサンブラック,キタサンブラック,牡3,,,,,,,,,0
ベストミックス,ベストミックス,牡3,,,,,,,,,0
アルバートドック,アルバートドック,牡3,,,,,,,,,0
ジュヒョウ,ジュヒョウ,牡3,,,,,,,,,0
テイエムクロタカ,テイエムクロタカ,牡3,,,,,,,,,0
ルナプロスペクター,ルナプロスペクター,牡3,,,,,,,,,0
マスクトヒーロー,マスクトヒーロー,牡7,,,,,,,,,0
キクノソル,キクノソル,牡5,,,,,,,,,0
ベルゲンクライ,ベルゲンクライ,牡5,,,,,,,,,0
ストロングサウザー,ストロングサウザー,牡4,,,,,,,,,0
サンバビーン,サンバビーン,牝5,,,,,,,,,0
エアロヴェロシティ,エアロヴェロシティ,せん7,,,,,,,,,0
グランシルク,グランシルク,牡3,,,,,,,,,0
ダイトウキョウ,ダイトウキョウ,牡3,,,,,,,,,0
カフェブリリアント,カフェブリリアント,牝5,,,,,,,,,0
ビコーピリラニ,ビコーピリラニ,牡5,,,,,,,,,0
サンマルボス,サンマルボス,牡8,,,,,,,,,0
テンジンキヨモリ,テンジンキヨモリ,牡5,,,,,,,,,0
ダノンバトゥーラ,ダノンバトゥーラ,牡4,,,,,,,,,0
タガノゴールド,タガノゴールド,牡4,,,,,,,,,0
マスクゾロ,マスクゾロ,牡4,,,,,,,,,0
スピリッツミノル,スピリッツミノル,牡3,,,,,,,,,0
ワンダーアツレッタ,ワンダーアツレッタ,牡3,,,,,,,,,0
アルマディヴァン,アルマディヴァン,牝5,,,,,,,,,0
ウエスタンメルシー,ウエスタンメルシー,牝4,,,,,,,,,0
マキシマムドパリ,マキシマムドパリ,牝3,,,,,,,,,0
エバーシャルマン,エバーシャルマン,牝3,,,,,,,,,0
バンゴール,バンゴール,牝3,,,,,,,,,0
ナガラフラワー,ナガラフラワー,牝3,,,,,,,,,0
ゴージャスガール,ゴージャスガール,牝3,,,,,,,,,0
フロレットアレー,フロレットアレー,牝3,,,,,,,,,0
ロックキャンディ,ロックキャンディ,牝3,,,,,,,,,0
サダムブルーハワイ,サダムブルーハワイ,牝3,,,,,,,,,0
グリシーヌシチー,グリシーヌシチー,牝3,,,,,,,,,0
リアンドジュエリー,リアンドジュエリー,牝3,,,,,,,,,0
タマモボレロ,タマモボレロ,牝3,,,,,,,,,0
レーヴミストラル,レーヴミストラル,牡3,,,,,,,,,0
ヴェラヴァルスター,ヴェラヴァルスター,牡3,,,,,,,,,0
ミュゼダルタニアン,ミュゼダルタニアン,牡3,,,,,,,,,0
レッドライジェル,レッドライジェル,牡3,,,,,,,,,0
ウェスタールンド,ウェスタールンド,牡3,,,,,,,,,0
ストレンジクォーク,ストレンジクォーク,牡3,,,,,,,,,0
スモークフリー,スモークフリー,牡3,,,,,,,,,0
トーセンアーネスト,トーセンアーネスト,牡3,,,,,,,,,0
ビクトリーミノル,ビクトリーミノル,牡3,,,,,,,,,0
カカドゥ,カカドゥ,牡3,,,,,,,,,0
センチュリオン,センチュリオン,牡3,,,,,,,,,0
トーセンスパンキー,トーセンスパンキー,牡3,,,,,,,,,0
サトノラーゼン,サトノラーゼン,牡3,,,,,,,,,0
レントラー,レントラー,牡3,,,,,,,,,0
シャッターチャンス,シャッターチャンス,牡3,,,,,,,,,0
ジェネラルゴジップ,ジェネラルゴジップ,牡3,,,,,,,,,0
リベレーター,リベレーター,牡3,,,,,,,,,0
ゼンノブレーメン,ゼンノブレーメン,牡3,,,,,,,,,0
ロードクロムウェル,ロードクロムウェル,牡3,,,,,,,,,0
ネオアトラクション,ネオアトラクション,牡3,,,,,,,,,0
オメガヴェンデッタ,オメガヴェンデッタ,せん4,,,,,,,,,0
ダンスディレクター,ダンスディレクター,牡5,,,,,,,,,0
エノラブエナ,エノラブエナ,牡4,,,,,,,,,0
トーセンナチュラル,トーセンナチュラル,牝3,,,,,,,,,0
ダンツミュータント,ダンツミュータント,牡6,,,,,,,,,0
アルトゥバン,アルトゥバン,牡7,,,,,,,,,0
アダムスブリッジ,アダムスブリッジ,牡3,,,,,,,,,0
レコンダイト,レコンダイト,牡5,,,,,,,,,0
エーティータラント,エーティータラント,牡5,,,,,,,,,0
マリアライト,マリアライト,牝4,,,,,,,,,0
フェリーチェレガロ,フェリーチェレガロ,牝5,,,,,,,,,0
ベリーフィールズ,ベリーフィールズ,牝7,,,,,,,,,0
ノンコノユメ,ノンコノユメ,牡3,,,,,,,,,0
ノボバカラ,ノボバカラ,牡3,,,,,,,,,0
アルタイル,アルタイル,牡3,,,,,,,,,0
ゴールデンバローズ,ゴールデンバローズ,牡3,,,,,,,,,0
マイネルオフィール,マイネルオフィール,牡3,,,,,,,,,0
クワドループル,クワドループル,牡3,,,,,,,,,0
ミッキーシーガル,ミッキーシーガル,牡3,,,,,,,,,0
ラインルーフ,ラインルーフ,牡3,,,,,,,,,0
ダイワインパルス,ダイワインパルス,牡3,,,,,,,,,0
0001156726,アキトクレッセント,牡3,,,,,,0.0,0.0,0.0,1
タップザット,タップザット,牡3,,,,,,,,,0
ピンストライプ,ピンストライプ,牡3,,,,,,,,,0
ダノングッド,ダノングッド,牡3,,,,,,,,,0
サトノデプロマット,サトノデプロマット,牡5,,,,,,,,,0
ヒラボクプリンス,ヒラボクプリンス,牡5,,,,,,,,,0
ウォンテッド,ウォンテッド,牡5,,,,,,,,,0
オジュウチョウサン,オジュウチョウサン,牡4,,,,,,,,,0
カウウェラ,カウウェラ,牡5,,,,,,,,,0
カシノデューク,カシノデューク,牡6,,,,,,,,,0
ミュゼゴースト,ミュゼゴースト,牡3,,,,,,,,,0
マルターズアポジー,マルターズアポジー,牡3,,,,,,,,,0
ロジチャリス,ロジチャリス,牡3,,,,,,,,,0
ブランドベルグ,ブランドベルグ,牡3,,,,,,,,,0
グランアルマダ,グランアルマダ,牡3,,,,,,,,,0
アクセラレート,アクセラレート,牡3,,,,,,,,,0
キャンベルジュニア,キャンベルジュニア,牡3,,,,,,,,,0
レアリスタ,レアリスタ,牡3,,,,,,,,,0
タガノトネール,タガノトネール,せん5,,,,,,,,,0
ナリタスーパーワン,ナリタスーパーワン,牡6,,,,,,,,,0
ゴールドベル,ゴールドベル,牡6,,,,,,,,,0
ブランボヌール,ブランボヌール,牝2,,,,,,,,,0
メジャータイフーン,メジャータイフーン,牝2,,,,,,,,,0
ヒルダ,ヒルダ,牝2,,,,,,,,,0
タイニーダンサー,タイニーダンサー,牝2,,,,,,,,,0
マコトルーメン,マコトルーメン,牡2,,,,,,,,,0
ラッキーボックス,ラッキーボックス,牝2,,,,,,,,,0
メジェルダ,メジェルダ,牝2,,,,,,,,,0
ラプレシオーサ,ラプレシオーサ,牝2,,,,,,,,,0
コスモフレンチ,コスモフレンチ,牡2,,,,,,,,,0
アルマククナ,アルマククナ,牝2,,,,,,,,,0
ドナルチア,ドナルチア,牝2,,,,,,,,,0
コラッジョーゾ,コラッジョーゾ,牡2,,,,,,,,,0
リンダリンダ,リンダリンダ,牝2,,,,,,,,,0
オデュッセウス,オデュッセウス,牡2,,,,,,,,,0
レディトリス,レディトリス,牝2,,,,,,,,,0
ペイシャオトメ,ペイシャオトメ,牝2,,,,,,,,,0
タニノタキシード,タニノタキシード,牡5,,,,,,,,,0
メイショウゼロセン,メイショウゼロセン,牡4,,,,,,,,,0
シンボリディスコ,シンボリディスコ,牡5,,,,,,,,,0
レイヌドネージュ,レイヌドネージュ,牝5,,,,,,,,,0
クロスクリーガー,クロスクリーガー,牡3,,,,,,,,,0
タマノブリュネット,タマノブリュネット,牝3,,,,,,,,,0
カラパナビーチ,カラパナビーチ,牡3,,,,,,,,,0
オールブラッシュ,オールブラッシュ,牡3,,,,,,,,,0
デブリン,デブリン,牡3,,,,,,,,,0
シンゼンガンプ,シンゼンガンプ,牡3,,,,,,,,,0
ラッキープリンス,ラッキープリンス,牡3,,,,,,,,,0
ディアドムス,ディアドムス,牡3,,,,,,,,,0
ウルトラカイザー,ウルトラカイザー,牡7,,,,,,,,,0
ビッグアーサー,ビッグアーサー,牡4,,,,,,,,,0
ハナズリベンジ,ハナズリベンジ,牝4,,,,,,,,,0
スワンボート,スワンボート,牡5,,,,,,,,,0
タイタン,タイタン,牡7,,,,,,,,,0
スマートリバティー,スマートリバティー,牡7,,,,,,,,,0
マイネルアダマス,マイネルアダマス,牡6,,,,,,,,,0
ウメジマダイオー,ウメジマダイオー,牡6,,,,,,,,,0
ドクタールキア,ドクタールキア,牝5,,,,,,,,,0
ロードクエスト,ロードクエスト,牡2,,,,,,,,,0
ウインファビラス,ウインファビラス,牝2,,,,,,,,,0
ペルソナリテ,ペルソナリテ,牝2,,,,,,,,,0
キャプテンペリー,キャプテンペリー,牡2,,,,,,,,,0
ヒプノティスト,ヒプノティスト,牡2,,,,,,,,,0
カミノライデン,カミノライデン,牡2,,,,,,,,,0
ルグランフリソン,ルグランフリソン,牡2,,,,,,,,,0
タニセンビクトリー,タニセンビクトリー,牡2,,,,,,,,,0
シトロン,シトロン,牝2,,,,,,,,,0
トウショウドラフタ,トウショウドラフタ,牡2,,,,,,,,,0
ファド,ファド,牝2,,,,,,,,,0
プリンシパルスター,プリンシパルスター,牡2,,,,,,,,,0
カネノイロ,カネノイロ,牡2,,,,,,,,,0
トモジャクール,トモジャクール,牝2,,,,,,,,,0
ノーフォロワー,ノーフォロワー,牡2,,,,,,,,,0
ウインミレーユ,ウインミレーユ,牝2,,,,,,,,,0
エポック,エポック,牡2,,,,,,,,,0
アドマイヤエイカン,アドマイヤエイカン,牡2,,,,,,,,,0
プロフェット,プロフェット,牡2,,,,,,,,,0
クロコスミア,クロコスミア,牝2,,,,,,,,,0
ラヴアンドポップ,ラヴアンドポップ,牡2,,,,,,,,,0
アラバスター,アラバスター,牡2,,,,,,,,,0
スパーキングジョイ,スパーキングジョイ,牡2,,,,,,,,,0
リッジマン,リッジマン,牡2,,,,,,,,,0
アラモアナワヒネ,アラモアナワヒネ,牝2,,,,,,,,,0
ペイシャフェリシタ,ペイシャフェリシタ,牝2,,,,,,,,,0
ディーズプラネット,ディーズプラネット,牝2,,,,,,,,,0
アフターダーク,アフターダーク,牝2,,,,,,,,,0
リアルキング,リアルキング,牡2,,,,,,,,,0
ペイシャオブマーシ,ペイシャオブマーシ,牝2,,,,,,,,,0
ネコダンサー,ネコダンサー,牡2,,,,,,,,,0
ファントムライト,ファントムライト,牡6,,,,,,,,,0
ロンギングダンサー,ロンギングダンサー,牡6,,,,,,,,,0
メドウラーク,メドウラーク,牡4,,,,,,,,,0
ユキノサムライ,ユキノサムライ,牡6,,,,,,,,,0
シュウジ,シュウジ,牡2,,,,,,,,,0
サイモンゼーレ,サイモンゼーレ,牡2,,,,,,,,,0
レッドラウダ,レッドラウダ,牡2,,,,,,,,,0
レッドカーペット,レッドカーペット,牡2,,,,,,,,,0
コウエイテンマ,コウエイテンマ,牡2,,,,,,,,,0
タガノミルキー,タガノミルキー,牝2,,,,,,,,,0
オフクヒメ,オフクヒメ,牝2,,,,,,,,,0
キンショーユキヒメ,キンショーユキヒメ,牝2,,,,,,,,,0
ブンブンブラウ,ブンブンブラウ,牝2,,,,,,,,,0
ファビラスヒーロー,ファビラスヒーロー,牡2,,,,,,,,,0
ジュンゲル,ジュンゲル,牡2,,,,,,,,,0
ゼンノハーデース,ゼンノハーデース,牡2,,,,,,,,,0
オウケンダイヤ,オウケンダイヤ,牝2,,,,,,,,,0
クリノシャンボール,クリノシャンボール,牡2,,,,,,,,,0
タマモトッププレイ,タマモトッププレイ,牡6,,,,,,,,,0
ケイティープライド,ケイティープライド,牡5,,,,,,,,,0
ルチャドルアスール,ルチャドルアスール,せん6,,,,,,,,,0
マキオボーラー,マキオボーラー,牡5,,,,,,,,,0
メイショウアラワシ,メイショウアラワシ,牡4,,,,,,,,,0
メイショウセイウン,メイショウセイウン,牡4,,,,,,,,,0
ファイアーシチー,ファイアーシチー,牡4,,,,,,,,,0
トーセンビクトリー,トーセンビクトリー,牝3,,,,,,,,,0
ディープジュエリー,ディープジュエリー,牝3,,,,,,,,,0
サンクボヌール,サンクボヌール,牝3,,,,,,,,,0
テルメディカラカラ,テルメディカラカラ,牝3,,,,,,,,,0
レーヌドブリエ,レーヌドブリエ,牝3,,,,,,,,,0
ライトファンタジア,ライトファンタジア,牝3,,,,,,,,,0
プレミオテーラー,プレミオテーラー,牝3,,,,,,,,,0
メジャーガラメキ,メジャーガラメキ,牝3,,,,,,,,,0
ジュンツバサ,ジュンツバサ,牡3,,,,,,,,,0
ウイングチップ,ウイングチップ,牡3,,,,,,,,,0
ロッカフェスタ,ロッカフェスタ,牡3,,,,,,,,,0
リアファル,リアファル,牡3,,,,,,,,,0
バイガエシ,バイガエシ,牡3,,,,,,,,,0
ジュンスパーヒカル,ジュンスパーヒカル,牡3,,,,,,,,,0
レッドソロモン,レッドソロモン,牡3,,,,,,,,,0
サンライズセンス,サンライズセンス,牡3,,,,,,,,,0
サラトガスピリット,サラトガスピリット,牡3,,,,,,,,,0
レッドアルティスタ,レッドアルティスタ,牡3,,,,,,,,,0
マッサビエル,マッサビエル,牡3,,,,,,,,,0
キロハナ,キロハナ,牡3,,,,,,,,,0
キングヒーロー,キングヒーロー,牡6,,,,,,,,,0
リッチタペストリー,リッチタペストリー,せん7,,,,,,,,,0
ブレイブスマッシュ,ブレイブスマッシュ,牡2,,,,,,,,,0
イモータル,イモータル,牡2,,,,,,,,,0
アストラエンブレム,アストラエンブレム,牡2,,,,,,,,,0
リセエンヌ,リセエンヌ,牝2,,,,,,,,,0
ハレルヤボーイ,ハレルヤボーイ,牡2,,,,,,,,,0
クラウンスカイ,クラウンスカイ,牡2,,,,,,,,,0
ゴッドカリビアン,ゴッドカリビアン,牝2,,,,,,,,,0
コスモプロテア,コスモプロテア,牡2,,,,,,,,,0
アポロジョージア,アポロジョージア,牡2,,,,,,,,,0
フォントルロイ,フォントルロイ,牡6,,,,,,,,,0
カレンケカリーナ,カレンケカリーナ,牝5,,,,,,,,,0
サナシオン,サナシオン,牡6,,,,,,,,,0
マックスロノ,マックスロノ,牡6,,,,,,,,,0
クインズミラーグロ,クインズミラーグロ,牝3,,,,,,,,,0
スティーグリッツ,スティーグリッツ,牡3,,,,,,,,,0
ミコラソン,ミコラソン,牡3,,,,,,,,,0
デンコウアンジュ,デンコウアンジュ,牝2,,,,,,,,,0
メジャーエンブレム,メジャーエンブレム,牝2,,,,,,,,,0
ペプチドサプル,ペプチドサプル,牝2,,,,,,,,,0
エスティタート,エスティタート,牝2,,,,,,,,,0
カイザーバル,カイザーバル,牝2,,,,,,,,,0
ウインクルサルーテ,ウインクルサルーテ,牝2,,,,,,,,,0
テイケイレーヴ,テイケイレーヴ,牝2,,,,,,,,,0
ジープルメリア,ジープルメリア,牝2,,,,,,,,,0
クナウ,クナウ,牝2,,,,,,,,,0
ビービーバーレル,ビービーバーレル,牝2,,,,,,,,,0
マシェリガール,マシェリガール,牝2,,,,,,,,,0
ボールライトニング,ボールライトニング,牡2,,,,,,,,,0
アドマイヤモラール,アドマイヤモラール,牡2,,,,,,,,,0
シャドウアプローチ,シャドウアプローチ,牡2,,,,,,,,,0
トップライセンス,トップライセンス,牝2,,,,,,,,,0
フジマサアクトレス,フジマサアクトレス,牝2,,,,,,,,,0
ボーダレス,ボーダレス,牝2,,,,,,,,,0
モーゼス,モーゼス,牡2,,,,,,,,,0
キングライオン,キングライオン,牡2,,,,,,,,,0
フリームーヴメント,フリームーヴメント,牡2,,,,,,,,,0
マザックヤース,マザックヤース,牝2,,,,,,,,,0
コマノドリーム,コマノドリーム,牝2,,,,,,,,,0
アンナトルテ,アンナトルテ,牝2,,,,,,,,,0
キャンディバローズ,キャンディバローズ,牝2,,,,,,,,,0
ワントゥワン,ワントゥワン,牝2,,,,,,,,,0
タガノヴィアーレ,タガノヴィアーレ,牝2,,,,,,,,,0
メイショウスイヅキ,メイショウスイヅキ,牝2,,,,,,,,,0
ピュアコンチェルト,ピュアコンチェルト,牝2,,,,,,,,,0
アドマイヤリード,アドマイヤリード,牝2,,,,,,,,,0
コパノディール,コパノディール,牝2,,,,,,,,,0
キリシマオジョウ,キリシマオジョウ,牝2,,,,,,,,,0
タイセイマライカ,タイセイマライカ,牝2,,,,,,,,,0
セレッソプリマベラ,セレッソプリマベラ,牝2,,,,,,,,,0
ロワジャルダン,ロワジャルダン,牡4,,,,,,,,,0
モンドクラッセ,モンドクラッセ,牡4,,,,,,,,,0
スリータイタン,スリータイタン,せん6,,,,,,,,,0
モーニン,モーニン,牡3,,,,,,,,,0
エアスピネル,エアスピネル,牡2,,,,,,,,,0
ノーブルマーズ,ノーブルマーズ,牡2,,,,,,,,,0
ナイトオブナイツ,ナイトオブナイツ,牡2,,,,,,,,,0
リッチーリッチー,リッチーリッチー,牡2,,,,,,,,,0
ラハトケレブ,ラハトケレブ,牡2,,,,,,,,,0
エイシンギガント,エイシンギガント,牡2,,,,,,,,,0
ウインムート,ウインムート,牡2,,,,,,,,,0
テイエムハヤブサ,テイエムハヤブサ,牡2,,,,,,,,,0
クラウンドジャック,クラウンドジャック,牝2,,,,,,,,,0
デピュティスカイ,デピュティスカイ,牡2,,,,,,,,,0
メイプルキング,メイプルキング,牡2,,,,,,,,,0
ウォーターミリオン,ウォーターミリオン,牡2,,,,,,,,,0
トウケイゴールド,トウケイゴールド,牡5,,,,,,,,,0
シュンドルボン,シュンドルボン,牝4,,,,,,,,,0
バロンドゥフォール,バロンドゥフォール,牡5,,,,,,,,,0
スマートオーディン,スマートオーディン,牡2,,,,,,,,,0
プロディガルサン,プロディガルサン,牡2,,,,,,,,,0
マイネルラフレシア,マイネルラフレシア,牡2,,,,,,,,,0
キラージョー,キラージョー,牡2,,,,,,,,,0
タイセイサミット,タイセイサミット,牡2,,,,,,,,,0
アグレアーブル,アグレアーブル,牝2,,,,,,,,,0
ロスカボス,ロスカボス,牡2,,,,,,,,,0
レインボーライン,レインボーライン,牡2,,,,,,,,,0
ダイワリアクション,ダイワリアクション,牡2,,,,,,,,,0
ドレッドノータス,ドレッドノータス,牡2,,,,,,,,,0
リスペクトアース,リスペクトアース,牡2,,,,,,,,,0
ジョルジュサンク,ジョルジュサンク,牡2,,,,,,,,,0
ケルフロイデ,ケルフロイデ,牡2,,,,,,,,,0
ロライマ,ロライマ,牡2,,,,,,,,,0
キャノンストーム,キャノンストーム,牡2,,,,,,,,,0
ダンツプリウス,ダンツプリウス,牡2,,,,,,,,,0
オンザロックス,オンザロックス,牡2,,,,,,,,,0
ウインテンダネス,ウインテンダネス,牡2,,,,,,,,,0
コパノミライ,コパノミライ,牝2,,,,,,,,,0
イラプト,イラプト,牡3,,,,,,,,,0
ナイトフラワー,ナイトフラワー,牝3,,,,,,,,,0
ショウナンバッハ,ショウナンバッハ,牡4,,,,,,,,,0
トリップトゥパリス,トリップトゥパリス,せん4,,,,,,,,,0
イトウ,イトウ,牡4,,,,,,,,,0
トゥインクル,トゥインクル,牡4,,,,,,,,,0
ゴッドフロアー,ゴッドフロアー,牝5,,,,,,,,,0
ガンピット,ガンピット,せん5,,,,,,,,,0
シベリアンスパーブ,シベリアンスパーブ,牡6,,,,,,,,,0
カジキ,カジキ,牡6,,,,,,,,,0
ミリオンヴォルツ,ミリオンヴォルツ,牡6,,,,,,,,,0
エイシンヴァラー,エイシンヴァラー,牡4,,,,,,,,,0
カーティスバローズ,カーティスバローズ,牡5,,,,,,,,,0
デルマヌラリヒョン,デルマヌラリヒョン,牡5,,,,,,,,,0
アットザシーサイド,アットザシーサイド,牝2,,,,,,,,,0
クードラパン,クードラパン,牝2,,,,,,,,,0
ジェントルハート,ジェントルハート,牝2,,,,,,,,,0
0001149825,アイライン,牝3,,,,,,0.0,0.0,0.0,1
リオンディーズ,リオンディーズ,牡2,,,,,,,,,0
ユウチェンジ,ユウチェンジ,牡2,,,,,,,,,0
ツーエムレジェンド,ツーエムレジェンド,牡2,,,,,,,,,0
スリラーインマニラ,スリラーインマニラ,牡2,,,,,,,,,0
ショウナンライズ,ショウナンライズ,牡2,,,,,,,,,0
ウインオスカー,ウインオスカー,牡2,,,,,,,,,0
エイコーンパス,エイコーンパス,牡6,,,,,,,,,0
タマモショパン,タマモショパン,牡6,,,,,,,,,0
メイショウライナー,メイショウライナー,牡5,,,,,,,,,0
ハートレー,ハートレー,牡2,,,,,,,,,0
バティスティーニ,バティスティーニ,牡2,,,,,,,,,0
ブラックスピネル,ブラックスピネル,牡2,,,,,,,,,0
プランスシャルマン,プランスシャルマン,牡2,,,,,,,,,0
プレイヤーサムソン,プレイヤーサムソン,牡2,,,,,,,,,0
ラブレオ,ラブレオ,牡2,,,,,,,,,0
ディーマジェスティ,ディーマジェスティ,牡2,,,,,,,,,0
ライズトゥフェイム,ライズトゥフェイム,牡6,,,,,,,,,0
ネオリアリズム,ネオリアリズム,牡5,,,,,,,,,0
ロジクライ,ロジクライ,牡3,,,,,,,,,0
ジュエラー,ジュエラー,牝3,,,,,,,,,0
シゲルノコギリザメ,シゲルノコギリザメ,牡3,,,,,,,,,0
レオナルド,レオナルド,牡3,,,,,,,,,0
ドゥーカ,ドゥーカ,牡3,,,,,,,,,0
ショウナンアヴィド,ショウナンアヴィド,牡3,,,,,,,,,0
ファインニードル,ファインニードル,牡3,,,,,,,,,0
ラルク,ラルク,牝3,,,,,,,,,0
ピースマインド,ピースマインド,牡3,,,,,,,,,0
スナークスカイ,スナークスカイ,牡3,,,,,,,,,0
メイショウシャチ,メイショウシャチ,牡3,,,,,,,,,0
ダンツエンペラー,ダンツエンペラー,牡3,,,,,,,,,0
ダイワドレッサー,ダイワドレッサー,牝3,,,,,,,,,0
ダイワダッチェス,ダイワダッチェス,牝3,,,,,,,,,0
コパノマリーン,コパノマリーン,牝3,,,,,,,,,0
ラブリーアモン,ラブリーアモン,牝3,,,,,,,,,0
アルジャンテ,アルジャンテ,牝3,,,,,,,,,0
レッドシルヴィ,レッドシルヴィ,牝3,,,,,,,,,0
ラシーム,ラシーム,牝3,,,,,,,,,0
ボーアムルーズ,ボーアムルーズ,牝3,,,,,,,,,0
ポロス,ポロス,牝3,,,,,,,,,0
ルミナスティアラ,ルミナスティアラ,牝3,,,,,,,,,0
シーブリーズラブ,シーブリーズラブ,牝3,,,,,,,,,0
ハマヒルガオ,ハマヒルガオ,牝3,,,,,,,,,0
メートルダール,メートルダール,牡3,,,,,,,,,0
ウムブルフ,ウムブルフ,牡3,,,,,,,,,0
ナムラシングン,ナムラシングン,牡3,,,,,,,,,0
ルネイション,ルネイション,牝3,,,,,,,,,0
ダイチラディウス,ダイチラディウス,牡3,,,,,,,,,0
アポロナイスジャブ,アポロナイスジャブ,牡3,,,,,,,,,0
ヤマニンボワラクテ,ヤマニンボワラクテ,せん5,,,,,,,,,0
ナリタポセイドン,ナリタポセイドン,牡7,,,,,,,,,0
スターバリオン,スターバリオン,牡7,,,,,,,,,0
プロトコル,プロトコル,牡5,,,,,,,,,0
レッドファルクス,レッドファルクス,牡5,,,,,,,,,0
シンキングマシーン,シンキングマシーン,せん7,,,,,,,,,0
ローレルベローチェ,ローレルベローチェ,牡5,,,,,,,,,0
ヒルノデイバロー,ヒルノデイバロー,牡5,,,,,,,,,0
ヤサカオディール,ヤサカオディール,牝7,,,,,,,,,0
サトノダイヤモンド,サトノダイヤモンド,牡3,,,,,,,,,0
レプランシュ,レプランシュ,牡3,,,,,,,,,0
ロイカバード,ロイカバード,牡3,,,,,,,,,0
ノガロ,ノガロ,牡3,,,,,,,,,0
モウカッテル,モウカッテル,牡3,,,,,,,,,0
ロワアブソリュー,ロワアブソリュー,牡3,,,,,,,,,0
ウルトラバロック,ウルトラバロック,牡3,,,,,,,,,0
フロンテアクイーン,フロンテアクイーン,牝3,,,,,,,,,0
ロッテンマイヤー,ロッテンマイヤー,牝3,,,,,,,,,0
ナックビーナス,ナックビーナス,牝3,,,,,,,,,0
エクラミレネール,エクラミレネール,牝3,,,,,,,,,0
ルフォール,ルフォール,牝3,,,,,,,,,0
ソロフライト,ソロフライト,牝3,,,,,,,,,0
ストライクショット,ストライクショット,牝3,,,,,,,,,0
サプルマインド,サプルマインド,牝3,,,,,,,,,0
ファイアクリスタル,ファイアクリスタル,牝3,,,,,,,,,0
キングオブアームズ,キングオブアームズ,牡3,,,,,,,,,0
ピックミータッチ,ピックミータッチ,牡3,,,,,,,,,0
ダンディーアロー,ダンディーアロー,牡3,,,,,,,,,0
モンドインテロ,モンドインテロ,牡4,,,,,,,,,0
エバーグリーン,エバーグリーン,牡8,,,,,,,,,0
マドリードカフェ,マドリードカフェ,牡5,,,,,,,,,0
スナッチマインド,スナッチマインド,牝5,,,,,,,,,0
スーサンジョイ,スーサンジョイ,牡4,,,,,,,,,0
サノイチ,サノイチ,牡5,,,,,,,,,0
アーバンキッド,アーバンキッド,牡3,,,,,,,,,0
ヒルノマゼラン,ヒルノマゼラン,牡3,,,,,,,,,0
ビップライブリー,ビップライブリー,牡3,,,,,,,,,0
ウェーブヒーロー,ウェーブヒーロー,牡3,,,,,,,,,0
マディディ,マディディ,牡3,,,,,,,,,0
メイショウカネサダ,メイショウカネサダ,牡3,,,,,,,,,0
パールフューチャー,パールフューチャー,牡3,,,,,,,,,0
ロードブレイド,ロードブレイド,牡3,,,,,,,,,0
ブラヴィッシモ,ブラヴィッシモ,牡4,,,,,,,,,0
ケントオー,ケントオー,牡4,,,,,,,,,0
カハラビスティー,カハラビスティー,牝7,,,,,,,,,0
スカイキューティー,スカイキューティー,牝6,,,,,,,,,0
トータルヒート,トータルヒート,牝5,,,,,,,,,0
シンハライト,シンハライト,牝3,,,,,,,,,0
ラベンダーヴァレイ,ラベンダーヴァレイ,牝3,,,,,,,,,0
クィーンズベスト,クィーンズベスト,牝3,,,,,,,,,0
レッドアヴァンセ,レッドアヴァンセ,牝3,,,,,,,,,0
サクレディーヴァ,サクレディーヴァ,牝3,,,,,,,,,0
エルビッシュ,エルビッシュ,牝3,,,,,,,,,0
ヴィブロス,ヴィブロス,牝3,,,,,,,,,0
フォールインラブ,フォールインラブ,牝3,,,,,,,,,0
クリノラホール,クリノラホール,牝3,,,,,,,,,0
マカヒキ,マカヒキ,牡3,,,,,,,,,0
エディクト,エディクト,牡3,,,,,,,,,0
イマジンザット,イマジンザット,牡3,,,,,,,,,0
シャララ,シャララ,牝3,,,,,,,,,0
ケンホファヴァルト,ケンホファヴァルト,牡3,,,,,,,,,0
ヴィガーエッジ,ヴィガーエッジ,牡3,,,,,,,,,0
ヴィーヴァギブソン,ヴィーヴァギブソン,せん9,,,,,,,,,0
クリノダイコクテン,クリノダイコクテン,牡5,,,,,,,,,0
カリスマミッキー,カリスマミッキー,牡8,,,,,,,,,0
アングライフェン,アングライフェン,牡4,,,,,,,,,0
ソルヴェイグ,ソルヴェイグ,牝3,,,,,,,,,0
ダイアナヘイロー,ダイアナヘイロー,牝3,,,,,,,,,0
ソーディヴァイン,ソーディヴァイン,牝3,,,,,,,,,0
リルティングインク,リルティングインク,牝3,,,,,,,,,0
サルドナ,サルドナ,牝3,,,,,,,,,0
カネトシブレス,カネトシブレス,牝3,,,,,,,,,0
ワンダフルラッシュ,ワンダフルラッシュ,牝3,,,,,,,,,0
エイシンピカソ,エイシンピカソ,牝3,,,,,,,,,0
カトルラポール,カトルラポール,牝3,,,,,,,,,0
エターナルユース,エターナルユース,牝3,,,,,,,,,0
ライディングハイ,ライディングハイ,牝3,,,,,,,,,0
ナタリーバローズ,ナタリーバローズ,牝3,,,,,,,,,0
ラズールリッキー,ラズールリッキー,牝3,,,,,,,,,0
バシレウスライオン,バシレウスライオン,牡3,,,,,,,,,0
オーシャンビュー,オーシャンビュー,牡3,,,,,,,,,0
モンスターキング,モンスターキング,牡3,,,,,,,,,0
ミスキララ,ミスキララ,牝3,,,,,,,,,0
キングハート,キングハート,牡3,,,,,,,,,0
メイスンスパート,メイスンスパート,牡3,,,,,,,,,0
マウントロブソン,マウントロブソン,牡3,,,,,,,,,0
マイネルハニー,マイネルハニー,牡3,,,,,,,,,0
ミッキーロケット,ミッキーロケット,牡3,,,,,,,,,0
エンジェルフェイス,エンジェルフェイス,牝3,,,,,,,,,0
ゲッカコウ,ゲッカコウ,牝3,,,,,,,,,0
ギモーヴ,ギモーヴ,牝3,,,,,,,,,0
エテルナミノル,エテルナミノル,牝3,,,,,,,,,0
0001168166,アオイサンシャイン,牝3,,,,,,0.0,0.0,0.0,1
0001170918,アオイプリンセス,牝3,,,,,,0.0,0.0,0.0,1
フェイズベロシティ,フェイズベロシティ,牝3,,,,,,,,,0
カジノクイーン,カジノクイーン,牝3,,,,,,,,,0
レインボーフラッグ,レインボーフラッグ,牡3,,,,,,,,,0
ディープエクシード,ディープエクシード,牡3,,,,,,,,,0
0001167051,アイファープリティ,牝3,,,,,,0.0,0.0,0.0,1
トーアライジン,トーアライジン,牡3,,,,,,,,,0
ショウナンアポロン,ショウナンアポロン,牡6,,,,,,,,,0
バスタータイプ,バスタータイプ,牡4,,,,,,,,,0
キープインタッチ,キープインタッチ,牡6,,,,,,,,,0
モズライジン,モズライジン,牡4,,,,,,,,,0
マイネルバウンス,マイネルバウンス,牡7,,,,,,,,,0
ストーミーシー,ストーミーシー,牡3,,,,,,,,,0
サーブルオール,サーブルオール,牡3,,,,,,,,,0
カープストリーマー,カープストリーマー,牡3,,,,,,,,,0
ダノンスパーク,ダノンスパーク,牡3,,,,,,,,,0
ジュンザワールド,ジュンザワールド,牡3,,,,,,,,,0
マテラアリオン,マテラアリオン,牡3,,,,,,,,,0
メイショウバーズ,メイショウバーズ,牝3,,,,,,,,,0
アッラサルーテ,アッラサルーテ,牝3,,,,,,,,,0
ワンダフルワールド,ワンダフルワールド,牡5,,,,,,,,,0
ブライトボーイ,ブライトボーイ,牡7,,,,,,,,,0
サージェントバッジ,サージェントバッジ,牡4,,,,,,,,,0
トップディーヴォ,トップディーヴォ,牡4,,,,,,,,,0
アドマイヤダイオウ,アドマイヤダイオウ,牡3,,,,,,,,,0
ミライヘノツバサ,ミライヘノツバサ,牡3,,,,,,,,,0
チェッキーノ,チェッキーノ,牝3,,,,,,,,,0
パールコード,パールコード,牝3,,,,,,,,,0
0001174414,アウェイク,牝3,,,,,,0.0,0.0,0.0,1
ビッシュ,ビッシュ,牝3,,,,,,,,,0
トウカイシェーン,トウカイシェーン,牝3,,,,,,,,,0
バレエダンサー,バレエダンサー,牝3,,,,,,,,,0
エマノン,エマノン,牝3,,,,,,,,,0
ショコラーチ,ショコラーチ,牝3,,,,,,,,,0
シークザフューチャ,シークザフューチャ,牝3,,,,,,,,,0
ブルーオリエント,ブルーオリエント,牝3,,,,,,,,,0
ヴァンキッシュラン,ヴァンキッシュラン,牡3,,,,,,,,,0
レッドエルディスト,レッドエルディスト,牡3,,,,,,,,,0
レーヴァテイン,レーヴァテイン,牡3,,,,,,,,,0
アルカサル,アルカサル,牡3,,,,,,,,,0
フレンドミラクル,フレンドミラクル,牡3,,,,,,,,,0
ドンチャブ,ドンチャブ,牡3,,,,,,,,,0
タンサンドール,タンサンドール,牡3,,,,,,,,,0
アグネスフォルテ,アグネスフォルテ,牡3,,,,,,,,,0
エルプシャフト,エルプシャフト,牡3,,,,,,,,,0
エルリストン,エルリストン,牡3,,,,,,,,,0
スワーヴアーサー,スワーヴアーサー,牡3,,,,,,,,,0
ゼンノタヂカラオ,ゼンノタヂカラオ,牡3,,,,,,,,,0
スズカバーディー,スズカバーディー,牡3,,,,,,,,,0
ダンツエイコウ,ダンツエイコウ,牡3,,,,,,,,,0
フォルテミノル,フォルテミノル,牡3,,,,,,,,,0
カルムパシオン,カルムパシオン,牡3,,,,,,,,,0
アドマイヤビスタ,アドマイヤビスタ,牡3,,,,,,,,,0
ハクサンルドルフ,ハクサンルドルフ,牡3,,,,,,,,,0
ティソーナ,ティソーナ,牡3,,,,,,,,,0
エイシンスパルタン,エイシンスパルタン,牡5,,,,,,,,,0
ヴェルステルキング,ヴェルステルキング,牡4,,,,,,,,,0
サザナミ,サザナミ,牝4,,,,,,,,,0
アムールブリエ,アムールブリエ,牝5,,,,,,,,,0
ブライトアイディア,ブライトアイディア,牡6,,,,,,,,,0
ジェラシー,ジェラシー,牝3,,,,,,,,,0
フロムマイハート,フロムマイハート,牝3,,,,,,,,,0
ダンツペンダント,ダンツペンダント,牝3,,,,,,,,,0
ピンクマン,ピンクマン,牡4,,,,,,,,,0
キープトライン,キープトライン,牡6,,,,,,,,,0
アジュールローズ,アジュールローズ,牡3,,,,,,,,,0
クリプトグラム,クリプトグラム,牡4,,,,,,,,,0
リヤンドファミユ,リヤンドファミユ,牡6,,,,,,,,,0
コンテントメント,コンテントメント,せん6,,,,,,,,,0
0001138184,アカネイロ,牝5,,,,,,0.0,0.0,0.0,1
ナムラアン,ナムラアン,牝4,,,,,,,,,0
ゴールドテーラー,ゴールドテーラー,牝6,,,,,,,,,0
ゴールドドリーム,ゴールドドリーム,牡3,,,,,,,,,0
ストロングバローズ,ストロングバローズ,牡3,,,,,,,,,0
グレンツェント,グレンツェント,牡3,,,,,,,,,0
ピットボス,ピットボス,牡3,,,,,,,,,0
クインズサターン,クインズサターン,牡3,,,,,,,,,0
ダノンフェイス,ダノンフェイス,牡3,,,,,,,,,0
レッドウィズダム,レッドウィズダム,牡3,,,,,,,,,0
イーグルフェザー,イーグルフェザー,牡3,,,,,,,,,0
マイネルバサラ,マイネルバサラ,牡3,,,,,,,,,0
ノーモアゲーム,ノーモアゲーム,牡3,,,,,,,,,0
ヒロブレイブ,ヒロブレイブ,牡3,,,,,,,,,0
ヤマイチジャスティ,ヤマイチジャスティ,牝3,,,,,,,,,0
スミレ,スミレ,牝3,,,,,,,,,0
ヴェゼール,ヴェゼール,牡3,,,,,,,,,0
ビービーサレンダー,ビービーサレンダー,牡3,,,,,,,,,0
ファントムロード,ファントムロード,せん8,,,,,,,,,0
ウインヤード,ウインヤード,牡5,,,,,,,,,0
エイシンフランキー,エイシンフランキー,牡5,,,,,,,,,0
アロヒラニ,アロヒラニ,牡7,,,,,,,,,0
ビップハテンコウ,ビップハテンコウ,牡4,,,,,,,,,0
ユキノスライダー,ユキノスライダー,牡6,,,,,,,,,0
トーセンハナミズキ,トーセンハナミズキ,牝6,,,,,,,,,0
ラガーギアチェンジ,ラガーギアチェンジ,牡5,,,,,,,,,0
クラウンデピュティ,クラウンデピュティ,牡5,,,,,,,,,0
ゼーヴィント,ゼーヴィント,牡3,,,,,,,,,0
アップクォーク,アップクォーク,牡3,,,,,,,,,0
ロードヴァンドール,ロードヴァンドール,牡3,,,,,,,,,0
トモトモリバー,トモトモリバー,牝3,,,,,,,,,0
ミエノドリーマー,ミエノドリーマー,牡3,,,,,,,,,0
ジョディーズロマン,ジョディーズロマン,牝6,,,,,,,,,0
オリオンザジャパン,オリオンザジャパン,せん6,,,,,,,,,0
バーディーイーグル,バーディーイーグル,牡6,,,,,,,,,0
ルミナスウォリアー,ルミナスウォリアー,牡5,,,,,,,,,0
キングズガード,キングズガード,牡5,,,,,,,,,0
カフジテイク,カフジテイク,牡4,,,,,,,,,0
ワンダーコロアール,ワンダーコロアール,牡7,,,,,,,,,0
フェイマスエンド,フェイマスエンド,牡5,,,,,,,,,0
レヴァンテライオン,レヴァンテライオン,牡2,,,,,,,,,0
モンドキャンノ,モンドキャンノ,牡2,,,,,,,,,0
タイムトリップ,タイムトリップ,牡2,,,,,,,,,0
メローブリーズ,メローブリーズ,牝2,,,,,,,,,0
ドゥモワゼル,ドゥモワゼル,牝2,,,,,,,,,0
バリンジャー,バリンジャー,牡2,,,,,,,,,0
ロイヤルメジャー,ロイヤルメジャー,牝2,,,,,,,,,0
ガーシュウィン,ガーシュウィン,牡2,,,,,,,,,0
バンドオンザラン,バンドオンザラン,牡2,,,,,,,,,0
ネコワールド,ネコワールド,牡2,,,,,,,,,0
フクノクオリア,フクノクオリア,牡2,,,,,,,,,0
ザベストエバー,ザベストエバー,牡2,,,,,,,,,0
ポッドジーニー,ポッドジーニー,牝2,,,,,,,,,0
ラッシュアウト,ラッシュアウト,牡2,,,,,,,,,0
ラーナアズーラ,ラーナアズーラ,牝2,,,,,,,,,0
ピンクドッグウッド,ピンクドッグウッド,牝2,,,,,,,,,0
リヴゴーシュ,リヴゴーシュ,せん4,,,,,,,,,0
ブレイクアウト,ブレイクアウト,牡5,,,,,,,,,0
ショウリュウバイオ,ショウリュウバイオ,せん6,,,,,,,,,0
プリンセスムーン,プリンセスムーン,牝6,,,,,,,,,0
ローズミラクル,ローズミラクル,牡6,,,,,,,,,0
ブライトチェリー,ブライトチェリー,牝6,,,,,,,,,0
ファンデルワールス,ファンデルワールス,せん7,,,,,,,,,0
ケイティブレイブ,ケイティブレイブ,牡3,,,,,,,,,0
レガーロ,レガーロ,牡3,,,,,,,,,0
エネスク,エネスク,牡3,,,,,,,,,0
ネクストムーブ,ネクストムーブ,牡3,,,,,,,,,0
ラテールプロミーズ,ラテールプロミーズ,牡3,,,,,,,,,0
フォースリッチ,フォースリッチ,牡3,,,,,,,,,0
グランセブルス,グランセブルス,牡3,,,,,,,,,0
コパノリスボン,コパノリスボン,牡3,,,,,,,,,0
ヨシオ,ヨシオ,牡3,,,,,,,,,0
クリノタカラチャン,クリノタカラチャン,牝6,,,,,,,,,0
リッカルド,リッカルド,せん5,,,,,,,,,0
オウノミチ,オウノミチ,牡5,,,,,,,,,0
フルールシチー,フルールシチー,牝5,,,,,,,,,0
ゴールデンヒーロー,ゴールデンヒーロー,せん6,,,,,,,,,0
ポールシッター,ポールシッター,せん6,,,,,,,,,0
マイネルクレイズ,マイネルクレイズ,牡6,,,,,,,,,0
コスモパルダ,コスモパルダ,牡7,,,,,,,,,0
ラステラ,ラステラ,牝5,,,,,,,,,0
ロンギングケイシー,ロンギングケイシー,牡5,,,,,,,,,0
ヴゼットジョリー,ヴゼットジョリー,牝2,,,,,,,,,0
オーバースペック,オーバースペック,牡2,,,,,,,,,0
イブキ,イブキ,牡2,,,,,,,,,0
アピールバイオ,アピールバイオ,牝2,,,,,,,,,0
キャスパリーグ,キャスパリーグ,牝2,,,,,,,,,0
マイネルパラディ,マイネルパラディ,牡2,,,,,,,,,0
サンライズソア,サンライズソア,牡2,,,,,,,,,0
モーヴサファイア,モーヴサファイア,牝2,,,,,,,,,0
クイントゥープル,クイントゥープル,牝2,,,,,,,,,0
アンジュシャルマン,アンジュシャルマン,牝2,,,,,,,,,0
マテラフィールド,マテラフィールド,牡2,,,,,,,,,0
マイネルバールマン,マイネルバールマン,牡2,,,,,,,,,0
チシャーキャット,チシャーキャット,牝2,,,,,,,,,0
ウインシトリン,ウインシトリン,牝2,,,,,,,,,0
ワールドツアラー,ワールドツアラー,牝2,,,,,,,,,0
トラスト,トラスト,牡2,,,,,,,,,0
ブラックオニキス,ブラックオニキス,牝2,,,,,,,,,0
アドマイヤウイナー,アドマイヤウイナー,牡2,,,,,,,,,0
エトルディーニュ,エトルディーニュ,牡2,,,,,,,,,0
フラワープレミア,フラワープレミア,牡2,,,,,,,,,0
ジャコマル,ジャコマル,牡2,,,,,,,,,0
インヴィクタ,インヴィクタ,牡2,,,,,,,,,0
タガノアシュラ,タガノアシュラ,牡2,,,,,,,,,0
アンノートル,アンノートル,牡2,,,,,,,,,0
ディープウォーリア,ディープウォーリア,牡2,,,,,,,,,0
トリオンフ,トリオンフ,牡2,,,,,,,,,0
コリエドール,コリエドール,牡2,,,,,,,,,0
コパノカーニバル,コパノカーニバル,牡2,,,,,,,,,0
エーシンマックス,エーシンマックス,牡6,,,,,,,,,0
レーヌミノル,レーヌミノル,牝2,,,,,,,,,0
ダイイチターミナル,ダイイチターミナル,牡2,,,,,,,,,0
カシノマスト,カシノマスト,牡2,,,,,,,,,0
キョウヘイ,キョウヘイ,牡2,,,,,,,,,0
シゲルベンガルトラ,シゲルベンガルトラ,牡2,,,,,,,,,0
クインズサリナ,クインズサリナ,牝2,,,,,,,,,0
オールポッシブル,オールポッシブル,牝2,,,,,,,,,0
ビーカーリー,ビーカーリー,牝2,,,,,,,,,0
メイソンジュニア,メイソンジュニア,牡2,,,,,,,,,0
ドリームアロー,ドリームアロー,牡2,,,,,,,,,0
ハルクンノテソーロ,ハルクンノテソーロ,牡2,,,,,,,,,0
テイエムヒッタマゲ,テイエムヒッタマゲ,牡2,,,,,,,,,0
ナムラアイドル,ナムラアイドル,牝2,,,,,,,,,0
パーシーズベスト,パーシーズベスト,牝3,,,,,,,,,0
スマートルビー,スマートルビー,牝3,,,,,,,,,0
ファータグリーン,ファータグリーン,牝3,,,,,,,,,0
ベアインマインド,ベアインマインド,牝3,,,,,,,,,0
エミノマユアク,エミノマユアク,牝3,,,,,,,,,0
テイエムシシーポス,テイエムシシーポス,牡6,,,,,,,,,0
ツイセキシャ,ツイセキシャ,牡3,,,,,,,,,0
リスヴェリアート,リスヴェリアート,牡6,,,,,,,,,0
ウインアーマー,ウインアーマー,牡4,,,,,,,,,0
バトルボンネビル,バトルボンネビル,牡4,,,,,,,,,0
ネイチャーレット,ネイチャーレット,牡3,,,,,,,,,0
ステイパーシスト,ステイパーシスト,牡3,,,,,,,,,0
キークラッカー,キークラッカー,牡3,,,,,,,,,0
クリノサンスーシ,クリノサンスーシ,牝3,,,,,,,,,0
ヘイハチハピネス,ヘイハチハピネス,牝3,,,,,,,,,0
カフジプリンス,カフジプリンス,牡3,,,,,,,,,0
ロードランウェイ,ロードランウェイ,牡3,,,,,,,,,0
ワンスインアライフ,ワンスインアライフ,牡3,,,,,,,,,0
トゥルーハート,トゥルーハート,牡3,,,,,,,,,0
アポロケンタッキー,アポロケンタッキー,牡4,,,,,,,,,0
ミツバ,ミツバ,牡4,,,,,,,,,0
キョウエイギア,キョウエイギア,牡3,,,,,,,,,0
ジュンファイトクン,ジュンファイトクン,牡4,,,,,,,,,0
ブレスジャーニー,ブレスジャーニー,牡2,,,,,,,,,0
ダンビュライト,ダンビュライト,牡2,,,,,,,,,0
クライムメジャー,クライムメジャー,牡2,,,,,,,,,0
ウィンドライジズ,ウィンドライジズ,牡2,,,,,,,,,0
セイウングロリアス,セイウングロリアス,牡2,,,,,,,,,0
ロジムーン,ロジムーン,牡2,,,,,,,,,0
サクセスムーン,サクセスムーン,牝2,,,,,,,,,0
シャイニードライヴ,シャイニードライヴ,牡2,,,,,,,,,0
ヤマカツライデン,ヤマカツライデン,牡4,,,,,,,,,0
シゲルヒノクニ,シゲルヒノクニ,牡4,,,,,,,,,0
マイネルアイザック,マイネルアイザック,牡7,,,,,,,,,0
マイネルゼーラフ,マイネルゼーラフ,牡5,,,,,,,,,0
ラグジードライブ,ラグジードライブ,せん5,,,,,,,,,0
ミエノサクシード,ミエノサクシード,牝3,,,,,,,,,0
ネオヴェルザンディ,ネオヴェルザンディ,牝3,,,,,,,,,0
ワンダーピルエット,ワンダーピルエット,牝3,,,,,,,,,0
ブラックムーン,ブラックムーン,牡4,,,,,,,,,0
シュペルミエール,シュペルミエール,牡3,,,,,,,,,0
ジュンヴァルカン,ジュンヴァルカン,牡3,,,,,,,,,0
コスモジャーベ,コスモジャーベ,牡3,,,,,,,,,0
サトノエトワール,サトノエトワール,牡3,,,,,,,,,0
リスグラシュー,リスグラシュー,牝2,,,,,,,,,0
フローレスマジック,フローレスマジック,牝2,,,,,,,,,0
シグルーン,シグルーン,牝2,,,,,,,,,0
サトノアリシア,サトノアリシア,牝2,,,,,,,,,0
ハートオブスワロー,ハートオブスワロー,牝2,,,,,,,,,0
ヒストリア,ヒストリア,牝2,,,,,,,,,0
コーラルプリンセス,コーラルプリンセス,牝2,,,,,,,,,0
ヴィーナスフローラ,ヴィーナスフローラ,牝2,,,,,,,,,0
マルモレイナ,マルモレイナ,牝2,,,,,,,,,0
ツヅク,ツヅク,牝2,,,,,,,,,0
トーホウアイレス,トーホウアイレス,牝2,,,,,,,,,0
ライジングリーズン,ライジングリーズン,牝2,,,,,,,,,0
パフォーム,パフォーム,牝2,,,,,,,,,0
トワイライトライフ,トワイライトライフ,牝2,,,,,,,,,0
ラインハート,ラインハート,牝5,,,,,,,,,0
ランドクイーン,ランドクイーン,牝6,,,,,,,,,0
ディバインコード,ディバインコード,牡2,,,,,,,,,0
コウソクストレート,コウソクストレート,牡2,,,,,,,,,0
タイセイブレーク,タイセイブレーク,牡2,,,,,,,,,0
ジョーストリクトリ,ジョーストリクトリ,牡2,,,,,,,,,0
マテラスカイ,マテラスカイ,牡2,,,,,,,,,0
ダノンハイパワー,ダノンハイパワー,牡2,,,,,,,,,0
スズカゼ,スズカゼ,牝2,,,,,,,,,0
ドウディ,ドウディ,牡2,,,,,,,,,0
ミスエルテ,ミスエルテ,牝2,,,,,,,,,0
ショーウェイ,ショーウェイ,牝2,,,,,,,,,0
ディアドラ,ディアドラ,牝2,,,,,,,,,0
ゴールドケープ,ゴールドケープ,牝2,,,,,,,,,0
ドロウアカード,ドロウアカード,牝2,,,,,,,,,0
0001191051,アオアラシ,牝2,,,,,,0.0,0.0,0.0,1
ヤマカツグレース,ヤマカツグレース,牝2,,,,,,,,,0
メイショウカリン,メイショウカリン,牝2,,,,,,,,,0
クールファンタジー,クールファンタジー,牝2,,,,,,,,,0
モンロー,モンロー,牝2,,,,,,,,,0
フェスティヴイェル,フェスティヴイェル,牡5,,,,,,,,,0
プレストウィック,プレストウィック,牡5,,,,,,,,,0
トレジャーマップ,トレジャーマップ,牡5,,,,,,,,,0
メイショウヒコボシ,メイショウヒコボシ,牡5,,,,,,,,,0
モルトベーネ,モルトベーネ,牡4,,,,,,,,,0
タムロミラクル,タムロミラクル,牡4,,,,,,,,,0
ラニ,ラニ,牡3,,,,,,,,,0
ドリームキラリ,ドリームキラリ,牡4,,,,,,,,,0
ロンドンタウン,ロンドンタウン,牡3,,,,,,,,,0
ソルティコメント,ソルティコメント,牡4,,,,,,,,,0
ブラゾンドゥリス,ブラゾンドゥリス,牡4,,,,,,,,,0
スズカセクレターボ,スズカセクレターボ,牡8,,,,,,,,,0
ジューヌエコール,ジューヌエコール,牝2,,,,,,,,,0
ボンセルヴィーソ,ボンセルヴィーソ,牡2,,,,,,,,,0
サングレーザー,サングレーザー,牡2,,,,,,,,,0
ディーパワンサ,ディーパワンサ,牝2,,,,,,,,,0
ベルカプリ,ベルカプリ,牝2,,,,,,,,,0
リナーテ,リナーテ,牝2,,,,,,,,,0
タイセイスターリー,タイセイスターリー,牡2,,,,,,,,,0
ユノディエール,ユノディエール,牡2,,,,,,,,,0
プロレタリアト,プロレタリアト,牝5,,,,,,,,,0
ウインインスパイア,ウインインスパイア,牡5,,,,,,,,,0
スワーヴリチャード,スワーヴリチャード,牡2,,,,,,,,,0
ムーヴザワールド,ムーヴザワールド,牡2,,,,,,,,,0
キングズラッシュ,キングズラッシュ,牡2,,,,,,,,,0
ジュンヴァリアス,ジュンヴァリアス,牡2,,,,,,,,,0
ショワドゥロワ,ショワドゥロワ,牡2,,,,,,,,,0
エルデュクラージュ,エルデュクラージュ,牡2,,,,,,,,,0
マイネルエパティカ,マイネルエパティカ,牡2,,,,,,,,,0
カデナ,カデナ,牡2,,,,,,,,,0
ヴァナヘイム,ヴァナヘイム,牡2,,,,,,,,,0
ベストアプローチ,ベストアプローチ,牡2,,,,,,,,,0
ワンダープチュック,ワンダープチュック,牡2,,,,,,,,,0
ソーグリッタリング,ソーグリッタリング,牡2,,,,,,,,,0
プラチナヴォイス,プラチナヴォイス,牡2,,,,,,,,,0
マイネルザウバア,マイネルザウバア,牡2,,,,,,,,,0
ダノンディスタンス,ダノンディスタンス,牡2,,,,,,,,,0
エーティーラッセン,エーティーラッセン,牡2,,,,,,,,,0
アダムバローズ,アダムバローズ,牡2,,,,,,,,,0
イキートス,イキートス,牡4,,,,,,,,,0
アンナミルト,アンナミルト,牝5,,,,,,,,,0
メラグラーナ,メラグラーナ,牝4,,,,,,,,,0
シルクドリーマー,シルクドリーマー,牡7,,,,,,,,,0
スウィープアウェイ,スウィープアウェイ,牡5,,,,,,,,,0
キタサンミカヅキ,キタサンミカヅキ,牡6,,,,,,,,,0
テムジン,テムジン,牡7,,,,,,,,,0
フラットライナーズ,フラットライナーズ,牡4,,,,,,,,,0
ルックスザットキル,ルックスザットキル,牡4,,,,,,,,,0
ソウルスターリング,ソウルスターリング,牝2,,,,,,,,,0
アリンナ,アリンナ,牝2,,,,,,,,,0
フェルトベルク,フェルトベルク,牝2,,,,,,,,,0
ジャストザマリン,ジャストザマリン,牝2,,,,,,,,,0
ポンポン,ポンポン,牝2,,,,,,,,,0
エムオービーナス,エムオービーナス,牝2,,,,,,,,,0
サンソヴール,サンソヴール,牝5,,,,,,,,,0
サトノアレス,サトノアレス,牡2,,,,,,,,,0
トリリオネア,トリリオネア,牡2,,,,,,,,,0
クリアザトラック,クリアザトラック,牡2,,,,,,,,,0
レッドアンシェル,レッドアンシェル,牡2,,,,,,,,,0
アメリカズカップ,アメリカズカップ,牡2,,,,,,,,,0
アシャカリアン,アシャカリアン,牡2,,,,,,,,,0
トーホウドミンゴ,トーホウドミンゴ,牡2,,,,,,,,,0
リンクスゼロ,リンクスゼロ,牡2,,,,,,,,,0
ブルベアバブーン,ブルベアバブーン,牡2,,,,,,,,,0
ルペールノエル,ルペールノエル,牡6,,,,,,,,,0
ルートヴィヒコード,ルートヴィヒコード,牡4,,,,,,,,,0
レイデオロ,レイデオロ,牡2,,,,,,,,,0
マイネルスフェーン,マイネルスフェーン,牡2,,,,,,,,,0
グローブシアター,グローブシアター,牡2,,,,,,,,,0
ベストリゾート,ベストリゾート,牡2,,,,,,,,,0
メリオラ,メリオラ,牡2,,,,,,,,,0
ビルズトレジャー,ビルズトレジャー,牝2,,,,,,,,,0
ディアシューター,ディアシューター,牡2,,,,,,,,,0
コスモス,コスモス,牡2,,,,,,,,,0
エンドゲーム,エンドゲーム,牡2,,,,,,,,,0
ニシノアップルパイ,ニシノアップルパイ,牡2,,,,,,,,,0
ミスディレクション,ミスディレクション,牡2,,,,,,,,,0
シャドウパーティー,シャドウパーティー,せん8,,,,,,,,,0
トミケンスラーヴァ,トミケンスラーヴァ,牡7,,,,,,,,,0
ストロングタイタン,ストロングタイタン,牡4,,,,,,,,,0
ミッキージョイ,ミッキージョイ,牡5,,,,,,,,,0
ダイシンサンダー,ダイシンサンダー,牡6,,,,,,,,,0
0001192790,アエロリット,牝3,,,,,,0.0,0.0,0.0,1
モリトシラユリ,モリトシラユリ,牝3,,,,,,,,,0
アルミューテン,アルミューテン,牝3,,,,,,,,,0
アマノガワ,アマノガワ,牝3,,,,,,,,,0
キュイキュイ,キュイキュイ,牝3,,,,,,,,,0
スノードーナツ,スノードーナツ,牝3,,,,,,,,,0
ペルシアンナイト,ペルシアンナイト,牡3,,,,,,,,,0
マイスタイル,マイスタイル,牡3,,,,,,,,,0
アルアイン,アルアイン,牡3,,,,,,,,,0
ブレイヴバローズ,ブレイヴバローズ,牡3,,,,,,,,,0
エテレインミノル,エテレインミノル,牡3,,,,,,,,,0
メイショウソウビ,メイショウソウビ,牡3,,,,,,,,,0
ケンシン,ケンシン,牡3,,,,,,,,,0
イエローマジック,イエローマジック,牡3,,,,,,,,,0
ミルトプリンス,ミルトプリンス,牡3,,,,,,,,,0
テイエムアニマンテ,テイエムアニマンテ,牡3,,,,,,,,,0
アンジェリック,アンジェリック,牝6,,,,,,,,,0
コマノインパルス,コマノインパルス,牡3,,,,,,,,,0
ガンサリュート,ガンサリュート,牡3,,,,,,,,,0
ジュニエーブル,ジュニエーブル,牡3,,,,,,,,,0
アサギリジョー,アサギリジョー,牡3,,,,,,,,,0
バリングラ,バリングラ,牡3,,,,,,,,,0
サンティール,サンティール,牝3,,,,,,,,,0
ニシノアモーレ,ニシノアモーレ,牝3,,,,,,,,,0
アダマンティン,アダマンティン,牡3,,,,,,,,,0
ポポカテペトル,ポポカテペトル,牡3,,,,,,,,,0
サーベラージュ,サーベラージュ,牡3,,,,,,,,,0
シャケトラ,シャケトラ,牡4,,,,,,,,,0
テイエムナナヒカリ,テイエムナナヒカリ,牡4,,,,,,,,,0
メイショウウタゲ,メイショウウタゲ,牡6,,,,,,,,,0
カラクプア,カラクプア,牡4,,,,,,,,,0
エイシンバッケン,エイシンバッケン,牡5,,,,,,,,,0
ラストダンサー,ラストダンサー,牡6,,,,,,,,,0
ラブバレット,ラブバレット,牡6,,,,,,,,,0
ブルミラコロ,ブルミラコロ,牡5,,,,,,,,,0
ベストマッチョ,ベストマッチョ,牡4,,,,,,,,,0
セイウンコウセイ,セイウンコウセイ,牡4,,,,,,,,,0
サトノアーサー,サトノアーサー,牡3,,,,,,,,,0
エスピリトゥオーゾ,エスピリトゥオーゾ,牡3,,,,,,,,,0
マテラレックス,マテラレックス,牡3,,,,,,,,,0
スズカメジャー,スズカメジャー,牡3,,,,,,,,,0
アドマイヤミヤビ,アドマイヤミヤビ,牝3,,,,,,,,,0
ハナレイムーン,ハナレイムーン,牝3,,,,,,,,,0
ヴィーナスアロー,ヴィーナスアロー,牝3,,,,,,,,,0
コマノレジーナ,コマノレジーナ,牝3,,,,,,,,,0
ディヴァインハイツ,ディヴァインハイツ,牝3,,,,,,,,,0
セイウンキラビヤカ,セイウンキラビヤカ,牝3,,,,,,,,,0
サクセスライン,サクセスライン,牝3,,,,,,,,,0
スズカグラーテ,スズカグラーテ,牝3,,,,,,,,,0
エアウィンザー,エアウィンザー,牡3,,,,,,,,,0
チャロネグロ,チャロネグロ,牡3,,,,,,,,,0
サイバーエレキング,サイバーエレキング,牡3,,,,,,,,,0
キングルアウ,キングルアウ,牡5,,,,,,,,,0
ワンスインナムーン,ワンスインナムーン,牝4,,,,,,,,,0
トウカイセンス,トウカイセンス,牝6,,,,,,,,,0
フィドゥーシア,フィドゥーシア,牝5,,,,,,,,,0
ナンヨーマーズ,ナンヨーマーズ,牡3,,,,,,,,,0
ミラアイトーン,ミラアイトーン,牡3,,,,,,,,,0
スーパーモリオン,スーパーモリオン,牡3,,,,,,,,,0
カロス,カロス,牡3,,,,,,,,,0
サクラアンプルール,サクラアンプルール,牡6,,,,,,,,,0
トーキングドラム,トーキングドラム,牡7,,,,,,,,,0
コスモドーム,コスモドーム,牡6,,,,,,,,,0
ミスパンテール,ミスパンテール,牝3,,,,,,,,,0
ミリッサ,ミリッサ,牝3,,,,,,,,,0
カワキタエンカ,カワキタエンカ,牝3,,,,,,,,,0
ダノンディーヴァ,ダノンディーヴァ,牝3,,,,,,,,,0
アロンザモナ,アロンザモナ,牝3,,,,,,,,,0
レッドリボン,レッドリボン,牝3,,,,,,,,,0
ビップキャッツアイ,ビップキャッツアイ,牝3,,,,,,,,,0
エントリーチケット,エントリーチケット,牝3,,,,,,,,,0
ワールドフォーラブ,ワールドフォーラブ,牝3,,,,,,,,,0
アンバーミニー,アンバーミニー,牝3,,,,,,,,,0
サトノマックス,サトノマックス,牡3,,,,,,,,,0
テーオーフォルテ,テーオーフォルテ,牡3,,,,,,,,,0
ダイワキャグニー,ダイワキャグニー,牡3,,,,,,,,,0
スマートエレメンツ,スマートエレメンツ,牡3,,,,,,,,,0
キャッスルクラウン,キャッスルクラウン,牡3,,,,,,,,,0
グッドスカイ,グッドスカイ,牝4,,,,,,,,,0
テイエムオドロキ,テイエムオドロキ,牝6,,,,,,,,,0
カラクレナイ,カラクレナイ,牝3,,,,,,,,,0
フラウティスタ,フラウティスタ,牝3,,,,,,,,,0
ステラルージュ,ステラルージュ,牝3,,,,,,,,,0
スリーミスヨハネス,スリーミスヨハネス,牝3,,,,,,,,,0
0001188252,アカカ,牝3,,,,,,0.0,0.0,0.0,1
アンジュデジール,アンジュデジール,牝3,,,,,,,,,0
タガノカトレア,タガノカトレア,牝3,,,,,,,,,0
アズールムーン,アズールムーン,牝3,,,,,,,,,0
デスティニーソング,デスティニーソング,牝3,,,,,,,,,0
メイショウオワラ,メイショウオワラ,牝3,,,,,,,,,0
ラニカイサンデー,ラニカイサンデー,牡3,,,,,,,,,0
ナイトバナレット,ナイトバナレット,牡3,,,,,,,,,0
ジャッキー,ジャッキー,牡3,,,,,,,,,0
ライズスクリュー,ライズスクリュー,牝3,,,,,,,,,0
マンカストラップ,マンカストラップ,牡3,,,,,,,,,0
レジーナフォルテ,レジーナフォルテ,牝3,,,,,,,,,0
ラニカイシチー,ラニカイシチー,牡3,,,,,,,,,0
ウインブライト,ウインブライト,牡3,,,,,,,,,0
アウトライアーズ,アウトライアーズ,牡3,,,,,,,,,1
トリコロールブルー,トリコロールブルー,牡3,,,,,,,,,0
オールザゴー,オールザゴー,牡3,,,,,,,,,0
ストロングレヴィル,ストロングレヴィル,牡3,,,,,,,,,0
ダノンケンリュウ,ダノンケンリュウ,牡3,,,,,,,,,0
サウンドテーブル,サウンドテーブル,牡3,,,,,,,,,0
ウインスペクトル,ウインスペクトル,牡5,,,,,,,,,0
ファンディーナ,ファンディーナ,牝3,,,,,,,,,0
シーズララバイ,シーズララバイ,牝3,,,,,,,,,0
エバープリンセス,エバープリンセス,牝3,,,,,,,,,0
サクレエクスプレス,サクレエクスプレス,牝3,,,,,,,,,0
デアレガーロ,デアレガーロ,牝3,,,,,,,,,0
ブライトムーン,ブライトムーン,牝3,,,,,,,,,0
マイネルサージュ,マイネルサージュ,牡5,,,,,,,,,0
キセキ,キセキ,牡3,,,,,,,,,0
プラチナムバレット,プラチナムバレット,牡3,,,,,,,,,0
コクスイセン,コクスイセン,牡4,,,,,,,,,0
コスモカナディアン,コスモカナディアン,牡4,,,,,,,,,0
カリビアンゴールド,カリビアンゴールド,牝3,,,,,,,,,0
イノバティブ,イノバティブ,牡3,,,,,,,,,0
ランガディア,ランガディア,牡3,,,,,,,,,0
セイカチトセ,セイカチトセ,牡3,,,,,,,,,0
ジュールポレール,ジュールポレール,牝4,,,,,,,,,0
サロニカ,サロニカ,牝3,,,,,,,,,0
0001093922,アイティテイオー,牡9,,,,,,0.0,0.0,0.0,1
ナムラアラシ,ナムラアラシ,牡4,,,,,,,,,0
クリンチャー,クリンチャー,牡3,,,,,,,,,0
ブリガアルタ,ブリガアルタ,牝4,,,,,,,,,0
モズカッチャン,モズカッチャン,牝3,,,,,,,,,0
タガノアスワド,タガノアスワド,牝3,,,,,,,,,0
レッドコルディス,レッドコルディス,牝3,,,,,,,,,0
アドマイヤローザ,アドマイヤローザ,牝3,,,,,,,,,0
ホウオウパフューム,ホウオウパフューム,牝3,,,,,,,,,0
ザクイーン,ザクイーン,牝3,,,,,,,,,0
キャナルストリート,キャナルストリート,牝3,,,,,,,,,0
ドリームマジック,ドリームマジック,牝3,,,,,,,,,0
レッドミラベル,レッドミラベル,牝3,,,,,,,,,0
ピスカデーラ,ピスカデーラ,牝3,,,,,,,,,0
ラユロット,ラユロット,牝3,,,,,,,,,0
メイショウササユリ,メイショウササユリ,牝3,,,,,,,,,0
アドミラブル,アドミラブル,牡3,,,,,,,,,0
サーレンブラント,サーレンブラント,牡3,,,,,,,,,0
ダノンキングダム,ダノンキングダム,牡3,,,,,,,,,0
スズカロング,スズカロング,牡3,,,,,,,,,0
アグネスウイン,アグネスウイン,牡3,,,,,,,,,0
サトノクロニクル,サトノクロニクル,牡3,,,,,,,,,0
サトノリュウガ,サトノリュウガ,牡3,,,,,,,,,0
ミッキースワロー,ミッキースワロー,牡3,,,,,,,,,0
ゴールドハット,ゴールドハット,牡3,,,,,,,,,0
メルヴィンカズマ,メルヴィンカズマ,牡3,,,,,,,,,0
ウインベラシアス,ウインベラシアス,牡3,,,,,,,,,0
ハギノアレス,ハギノアレス,牡3,,,,,,,,,0
カケルテソーロ,カケルテソーロ,牡3,,,,,,,,,0
ユキノタイガ,ユキノタイガ,牡3,,,,,,,,,0
リエノテソーロ,リエノテソーロ,牝3,,,,,,,,,0
サンデーウィザード,サンデーウィザード,牡5,,,,,,,,,0
パリカラノテガミ,パリカラノテガミ,牡6,,,,,,,,,0
シャドウウィザード,シャドウウィザード,せん7,,,,,,,,,0
トーセンデューク,トーセンデューク,牡6,,,,,,,,,0
オートクレール,オートクレール,牝6,,,,,,,,,0
グレイトパール,グレイトパール,牡4,,,,,,,,,0
コパノチャーリー,コパノチャーリー,牡5,,,,,,,,,0
マナローラ,マナローラ,牝3,,,,,,,,,0
ブラックスビーチ,ブラックスビーチ,牝3,,,,,,,,,0
ハローユニコーン,ハローユニコーン,牝3,,,,,,,,,0
スズカプレスト,スズカプレスト,牡5,,,,,,,,,0
アズマタックン,アズマタックン,牡4,,,,,,,,,0
アルター,アルター,せん5,,,,,,,,,0
グレーターロンドン,グレーターロンドン,牡5,,,,,,,,,0
ビューティーオンリー,ビューティーオンリー,せん6,,,,,,,,,0
ローズウィスパー,ローズウィスパー,牝4,,,,,,,,,0
サンライズノヴァ,サンライズノヴァ,牡3,,,,,,,,,0
サンオークランド,サンオークランド,牡3,,,,,,,,,0
ウォーターマーズ,ウォーターマーズ,牡3,,,,,,,,,0
アンティノウス,アンティノウス,牡3,,,,,,,,,0
トラネコ,トラネコ,牡3,,,,,,,,,0
サヴィ,サヴィ,牡3,,,,,,,,,0
トロピカルスパート,トロピカルスパート,牝3,,,,,,,,,0
シゲルコング,シゲルコング,牡3,,,,,,,,,0
イッテツ,イッテツ,牡5,,,,,,,,,0
シンキングダンサー,シンキングダンサー,牡4,,,,,,,,,0
ビットアレグロ,ビットアレグロ,牡8,,,,,,,,,0
ハギノパトリオット,ハギノパトリオット,せん5,,,,,,,,,0
ピースメーカー,ピースメーカー,牡6,,,,,,,,,0
セダブリランテス,セダブリランテス,牡3,,,,,,,,,0
ウインガナドル,ウインガナドル,牡3,,,,,,,,,0
ロードリベラル,ロードリベラル,牡3,,,,,,,,,0
バルベーラ,バルベーラ,牝3,,,,,,,,,0
ビービーガウディ,ビービーガウディ,牡3,,,,,,,,,0
グランドボヌール,グランドボヌール,牡3,,,,,,,,,0
マイブルーヘブン,マイブルーヘブン,牡3,,,,,,,,,0
アルティマブラッド,アルティマブラッド,牝5,,,,,,,,,0
タツゴウゲキ,タツゴウゲキ,牡5,,,,,,,,,0
ヴォージュ,ヴォージュ,牡4,,,,,,,,,0
ゴーインググレート,ゴーインググレート,牡7,,,,,,,,,0
トウケイタイガー,トウケイタイガー,牡6,,,,,,,,,0
ウォータールルド,ウォータールルド,牡9,,,,,,,,,0
マヤノオントロジー,マヤノオントロジー,牡8,,,,,,,,,0
ナリタハリケーン,ナリタハリケーン,牡8,,,,,,,,,0
ウインガニオン,ウインガニオン,牡5,,,,,,,,,0
ピンポン,ピンポン,牡7,,,,,,,,,0
カシアス,カシアス,牡2,,,,,,,,,0
ウインジェルベーラ,ウインジェルベーラ,牝2,,,,,,,,,0
アリア,アリア,牝2,,,,,,,,,0
デルマキセキ,デルマキセキ,牝2,,,,,,,,,0
パッセ,パッセ,牝2,,,,,,,,,0
ナンヨープランタン,ナンヨープランタン,牡2,,,,,,,,,0
リンガラポップス,リンガラポップス,牡2,,,,,,,,,0
スズカマンサク,スズカマンサク,牝2,,,,,,,,,0
ダンツクレイオー,ダンツクレイオー,牝2,,,,,,,,,0
ジェッシージェニー,ジェッシージェニー,牝2,,,,,,,,,0
ガウラミディ,ガウラミディ,牝2,,,,,,,,,0
ベイビーキャズ,ベイビーキャズ,牡2,,,,,,,,,0
ヤマノファイト,ヤマノファイト,牡2,,,,,,,,,0
サンダベンポート,サンダベンポート,牝2,,,,,,,,,0
キタノユウキ,キタノユウキ,牡2,,,,,,,,,0
モルトアレグロ,モルトアレグロ,牝2,,,,,,,,,0
メリーモナーク,メリーモナーク,せん5,,,,,,,,,0
クリノキングムーン,クリノキングムーン,牡6,,,,,,,,,0
メイショウヤギリ,メイショウヤギリ,牡5,,,,,,,,,0
ウインレーベン,ウインレーベン,牡6,,,,,,,,,0
アースエンジェル,アースエンジェル,牝5,,,,,,,,,0
キープレイヤー,キープレイヤー,牝6,,,,,,,,,0
ダンシングワンダー,ダンシングワンダー,牝5,,,,,,,,,0
イオラニ,イオラニ,せん6,,,,,,,,,0
ローズプリンスダム,ローズプリンスダム,牡3,,,,,,,,,0
サルサディオーネ,サルサディオーネ,牝3,,,,,,,,,0
エピカリス,エピカリス,牡3,,,,,,,,,0
ブライトンロック,ブライトンロック,牡3,,,,,,,,,0
ノーブルサターン,ノーブルサターン,牡3,,,,,,,,,0
テンザワールド,テンザワールド,牡3,,,,,,,,,0
スターストラック,スターストラック,牡3,,,,,,,,,0
タガノグルナ,タガノグルナ,牡3,,,,,,,,,0
タガノディグオ,タガノディグオ,牡3,,,,,,,,,0
テイエムアンムート,テイエムアンムート,牝3,,,,,,,,,0
サンマルティン,サンマルティン,せん5,,,,,,,,,0
テイエムジンソク,テイエムジンソク,牡5,,,,,,,,,0
オヤコダカ,オヤコダカ,牡5,,,,,,,,,0
タマモホルン,タマモホルン,牡6,,,,,,,,,0
マイネルレハイム,マイネルレハイム,牡5,,,,,,,,,0
ツジスーパーサクラ,ツジスーパーサクラ,牝5,,,,,,,,,0
トーアヒミコ,トーアヒミコ,牝4,,,,,,,,,0
マイネルポルトゥス,マイネルポルトゥス,牡5,,,,,,,,,0
フロンティア,フロンティア,牡2,,,,,,,,,0
コーディエライト,コーディエライト,牝2,,,,,,,,,0
テンクウ,テンクウ,牡2,,,,,,,,,0
エングローサー,エングローサー,牡2,,,,,,,,,0
キボウノダイチ,キボウノダイチ,牡2,,,,,,,,,0
オーデットエール,オーデットエール,牡2,,,,,,,,,0
プレトリア,プレトリア,牡2,,,,,,,,,0
マイネルサイルーン,マイネルサイルーン,牡2,,,,,,,,,0
シンデレラメイク,シンデレラメイク,牝2,,,,,,,,,0
トッカータ,トッカータ,牡2,,,,,,,,,0
ムスコローソ,ムスコローソ,牡2,,,,,,,,,0
ダンツセイケイ,ダンツセイケイ,牡2,,,,,,,,,0
ラインギャラント,ラインギャラント,牝2,,,,,,,,,0
グランデウィーク,グランデウィーク,牡2,,,,,,,,,0
ライトフェアリー,ライトフェアリー,牝5,,,,,,,,,0
ロックディスタウン,ロックディスタウン,牝2,,,,,,,,,0
ファストアプローチ,ファストアプローチ,牡2,,,,,,,,,0
ダブルシャープ,ダブルシャープ,牡2,,,,,,,,,0
シスターフラッグ,シスターフラッグ,牝2,,,,,,,,,0
コスモインザハート,コスモインザハート,牡2,,,,,,,,,0
クリノクーニング,クリノクーニング,牡2,,,,,,,,,0
ミスマンマミーア,ミスマンマミーア,牝2,,,,,,,,,0
ロードトレジャー,ロードトレジャー,牡2,,,,,,,,,0
マツカゼ,マツカゼ,牡2,,,,,,,,,0
カレンシリエージョ,カレンシリエージョ,牝2,,,,,,,,,0
ディバインブリーズ,ディバインブリーズ,牡2,,,,,,,,,0
ヴィオトポス,ヴィオトポス,牝2,,,,,,,,,0
ロジャージーニアス,ロジャージーニアス,牡2,,,,,,,,,0
サージュミノル,サージュミノル,牡2,,,,,,,,,0
アサクサゲンキ,アサクサゲンキ,牡2,,,,,,,,,0
0000208468,アイアンクロー,牡2,,,,,,0.0,0.0,0.0,1
バーニングペスカ,バーニングペスカ,牡2,,,,,,,,,0
ヴァイザー,ヴァイザー,牡2,,,,,,,,,0
イイコトズクシ,イイコトズクシ,牡2,,,,,,,,,0
ペイシャルアス,ペイシャルアス,牝2,,,,,,,,,0
モズスーパーフレア,モズスーパーフレア,牝2,,,,,,,,,0
スーサンドン,スーサンドン,牡2,,,,,,,,,0
タイセイソニック,タイセイソニック,牡2,,,,,,,,,0
オーロスターキス,オーロスターキス,牝2,,,,,,,,,0
ルリハリ,ルリハリ,牝2,,,,,,,,,0
シトリカ,シトリカ,牝2,,,,,,,,,0
ナムラアッパレ,ナムラアッパレ,牡2,,,,,,,,,0
テイエムスグレモン,テイエムスグレモン,牡2,,,,,,,,,0
ナムラバンザイ,ナムラバンザイ,牡2,,,,,,,,,0
ジュンドリーム,ジュンドリーム,牝2,,,,,,,,,0
ニシノダンテ,ニシノダンテ,牡2,,,,,,,,,0
フローラルシトラス,フローラルシトラス,牝2,,,,,,,,,0
ポールヴァンドル,ポールヴァンドル,牝3,,,,,,,,,0
ルヴォワール,ルヴォワール,牝3,,,,,,,,,0
ミッシングリンク,ミッシングリンク,牝3,,,,,,,,,0
プリンセスルーラー,プリンセスルーラー,牝3,,,,,,,,,0
ナムラムラサキ,ナムラムラサキ,牝3,,,,,,,,,0
フレスコパスト,フレスコパスト,牝3,,,,,,,,,0
ワラッチャウヨネ,ワラッチャウヨネ,牝3,,,,,,,,,0
ジッパーレーン,ジッパーレーン,牝3,,,,,,,,,0
ガジュマル,ガジュマル,牝3,,,,,,,,,0
シンボリジュネス,シンボリジュネス,牝3,,,,,,,,,0
アドマイヤゴッド,アドマイヤゴッド,牡5,,,,,,,,,0
ラビットラン,ラビットラン,牝3,,,,,,,,,0
クイーンマンボ,クイーンマンボ,牝3,,,,,,,,,0
メイズオブオナー,メイズオブオナー,牝3,,,,,,,,,0
スティッフェリオ,スティッフェリオ,牡3,,,,,,,,,0
サンデームーティエ,サンデームーティエ,牡3,,,,,,,,,0
クレッシェンドラヴ,クレッシェンドラヴ,牡3,,,,,,,,,0
サンシロウ,サンシロウ,牡3,,,,,,,,,0
ローリングタワー,ローリングタワー,牡3,,,,,,,,,0
インペリアルフィズ,インペリアルフィズ,牡3,,,,,,,,,0
ブラックギムレット,ブラックギムレット,牡3,,,,,,,,,0
ブラックロード,ブラックロード,牡3,,,,,,,,,0
メイショウテンシャ,メイショウテンシャ,牡3,,,,,,,,,0
ホウオウドリーム,ホウオウドリーム,牡3,,,,,,,,,0
タガノシャルドネ,タガノシャルドネ,牡3,,,,,,,,,0
タガノヤグラ,タガノヤグラ,牡3,,,,,,,,,0
ドラゴンバローズ,ドラゴンバローズ,牡5,,,,,,,,,0
マインシャッツ,マインシャッツ,牡4,,,,,,,,,0
ブリザード,ブリザード,せん6,,,,,,,,,0
ダノンプレミアム,ダノンプレミアム,牡2,,,,,,,,,0
ステルヴィオ,ステルヴィオ,牡2,,,,,,,,,0
カーボナード,カーボナード,牡2,,,,,,,,,0
シュバルツボンバー,シュバルツボンバー,牡2,,,,,,,,,0
ルッジェーロ,ルッジェーロ,牡2,,,,,,,,,0
ソイルトゥザソウル,ソイルトゥザソウル,牡2,,,,,,,,,0
ボウルズ,ボウルズ,牝2,,,,,,,,,0
バイオレントブロー,バイオレントブロー,牡2,,,,,,,,,0
メイショウドウドウ,メイショウドウドウ,牡2,,,,,,,,,0
ハクサンフエロ,ハクサンフエロ,牡2,,,,,,,,,0
メルムサール,メルムサール,牡2,,,,,,,,,0
スワーヴエドワード,スワーヴエドワード,牡2,,,,,,,,,0
スターリバー,スターリバー,牝2,,,,,,,,,0
マッチレスヒーロー,マッチレスヒーロー,牡6,,,,,,,,,0
ハッピーユニバンス,ハッピーユニバンス,牝5,,,,,,,,,0
ワンブレスアウェイ,ワンブレスアウェイ,牝4,,,,,,,,,0
ユウキビバワンダー,ユウキビバワンダー,せん4,,,,,,,,,0
リカビトス,リカビトス,牝3,,,,,,,,,0
タガノヴェローナ,タガノヴェローナ,牝3,,,,,,,,,0
マイネルヴンシュ,マイネルヴンシュ,牡3,,,,,,,,,0
クリノヤマトノオー,クリノヤマトノオー,牡3,,,,,,,,,0
ラッキーライラック,ラッキーライラック,牝2,,,,,,,,,0
サヤカチャン,サヤカチャン,牝2,,,,,,,,,0
ラテュロス,ラテュロス,牝2,,,,,,,,,0
トロワゼトワル,トロワゼトワル,牝2,,,,,,,,,0
スカーレットカラー,スカーレットカラー,牝2,,,,,,,,,0
トーセンブレス,トーセンブレス,牝2,,,,,,,,,0
ハイヒール,ハイヒール,牝2,,,,,,,,,0
ダノングレース,ダノングレース,牝2,,,,,,,,,0
ウラヌスチャーム,ウラヌスチャーム,牝2,,,,,,,,,0
タイドオーバー,タイドオーバー,牝2,,,,,,,,,0
グランドピルエット,グランドピルエット,牝2,,,,,,,,,0
ベステンダンク,ベステンダンク,牡5,,,,,,,,,0
アマルフィコースト,アマルフィコースト,牝2,,,,,,,,,0
スズカフェラリー,スズカフェラリー,牝2,,,,,,,,,0
アルモニカ,アルモニカ,牝2,,,,,,,,,0
アーデルワイゼ,アーデルワイゼ,牝2,,,,,,,,,0
レグルドール,レグルドール,牝2,,,,,,,,,0
トンボイ,トンボイ,牝2,,,,,,,,,0
スノーガーデン,スノーガーデン,牝2,,,,,,,,,0
ダイシンステルラ,ダイシンステルラ,牝2,,,,,,,,,0
タワーオブロンドン,タワーオブロンドン,牡2,,,,,,,,,0
ピースユニヴァース,ピースユニヴァース,牡2,,,,,,,,,0
ニシノウララ,ニシノウララ,牝2,,,,,,,,,0
トーセンアンバー,トーセンアンバー,牝2,,,,,,,,,0
エントシャイデン,エントシャイデン,牡2,,,,,,,,,0
タイセイプライド,タイセイプライド,牡2,,,,,,,,,0
マイティーワークス,マイティーワークス,牝2,,,,,,,,,0
モリノラスボス,モリノラスボス,牡2,,,,,,,,,0
トキノメガミ,トキノメガミ,牝2,,,,,,,,,0
シホウ,シホウ,牡6,,,,,,,,,0
ルールソヴァール,ルールソヴァール,せん5,,,,,,,,,0
シャイニービーム,シャイニービーム,牡5,,,,,,,,,0
タガノヴェリテ,タガノヴェリテ,せん5,,,,,,,,,0
ゼンノトライブ,ゼンノトライブ,牡4,,,,,,,,,0
ステージジャンプ,ステージジャンプ,牡7,,,,,,,,,0
マサノハヤテ,マサノハヤテ,牡3,,,,,,,,,0
ジャンダルム,ジャンダルム,牡2,,,,,,,,,0
カツジ,カツジ,牡2,,,,,,,,,0
ケイアイノーテック,ケイアイノーテック,牡2,,,,,,,,,0
ロードイヒラニ,ロードイヒラニ,牡2,,,,,,,,,0
カクリョウ,カクリョウ,牡2,,,,,,,,,0
ヒシコスマー,ヒシコスマー,牡2,,,,,,,,,0
メガリージョン,メガリージョン,牡2,,,,,,,,,0
ワグネリアン,ワグネリアン,牡2,,,,,,,,,0
ルーカス,ルーカス,牡2,,,,,,,,,0
シャルルマーニュ,シャルルマーニュ,牡2,,,,,,,,,0
カフジバンガード,カフジバンガード,牡2,,,,,,,,,0
ゴールドギア,ゴールドギア,牡2,,,,,,,,,0
コスモイグナーツ,コスモイグナーツ,牡2,,,,,,,,,0
ケワロス,ケワロス,牝2,,,,,,,,,0
グレイル,グレイル,牡2,,,,,,,,,0
タイムフライヤー,タイムフライヤー,牡2,,,,,,,,,0
ケイティクレバー,ケイティクレバー,牡2,,,,,,,,,0
0000130312,アイトーン,牡2,,,,,,0.0,0.0,0.0,1
マイハートビート,マイハートビート,牡2,,,,,,,,,0
スラッシュメタル,スラッシュメタル,牡2,,,,,,,,,0
ランリーナ,ランリーナ,牝2,,,,,,,,,0
0000000563,アイダホ,牡4,,,,,,0.0,0.0,0.0,1
ギニョール,ギニョール,牡5,,,,,,,,,0
ブームタイム,ブームタイム,牡6,,,,,,,,,0
タマモブリリアン,タマモブリリアン,牝4,,,,,,,,,0
スーパーマックス,スーパーマックス,牡3,,,,,,,,,0
ニシノジャーニー,ニシノジャーニー,牡4,,,,,,,,,0
クィーンチャーム,クィーンチャーム,牝5,,,,,,,,,0
ストーンウェア,ストーンウェア,牡5,,,,,,,,,0
ディオスコリダー,ディオスコリダー,牡3,,,,,,,,,0
ブルドッグボス,ブルドッグボス,牡5,,,,,,,,,0
ドラゴンゲート,ドラゴンゲート,牡5,,,,,,,,,0
ニットウスバル,ニットウスバル,牡5,,,,,,,,,0
キタサンサジン,キタサンサジン,牡5,,,,,,,,,0
ショコラブラン,ショコラブラン,牡5,,,,,,,,,0
キャプテンシップ,キャプテンシップ,牡5,,,,,,,,,0
サイタスリーレッド,サイタスリーレッド,牡4,,,,,,,,,0
リリーノーブル,リリーノーブル,牝2,,,,,,,,,0
マウレア,マウレア,牝2,,,,,,,,,0
グリエルマ,グリエルマ,牝2,,,,,,,,,0
ソシアルクラブ,ソシアルクラブ,牝2,,,,,,,,,0
マドモアゼル,マドモアゼル,牝2,,,,,,,,,0
ノーブルアース,ノーブルアース,牝2,,,,,,,,,0
ラスエモーショネス,ラスエモーショネス,牝2,,,,,,,,,0
ナディア,ナディア,牝2,,,,,,,,,0
ダノンスマッシュ,ダノンスマッシュ,牡2,,,,,,,,,0
ライトオンキュー,ライトオンキュー,牡2,,,,,,,,,0
イシマツ,イシマツ,牡2,,,,,,,,,0
サムライフォンテン,サムライフォンテン,牡4,,,,,,,,,0
クラシックマーク,クラシックマーク,牝6,,,,,,,,,0
モズアスコット,モズアスコット,牡3,,,,,,,,,0
ステイフーリッシュ,ステイフーリッシュ,牡2,,,,,,,,,0
サンリヴァル,サンリヴァル,牡2,,,,,,,,,0
ナスノシンフォニー,ナスノシンフォニー,牝2,,,,,,,,,0
ウォーターパルフェ,ウォーターパルフェ,牡2,,,,,,,,,0
ロードアクシス,ロードアクシス,牡2,,,,,,,,,0
シャフトオブライト,シャフトオブライト,牡2,,,,,,,,,0
リュヌルージュ,リュヌルージュ,牝2,,,,,,,,,0
フラットレー,フラットレー,牡2,,,,,,,,,0
ジュンヴァルロ,ジュンヴァルロ,牡2,,,,,,,,,0
トーセンクリーガー,トーセンクリーガー,牡2,,,,,,,,,0
ワークアンドラブ,ワークアンドラブ,牡2,,,,,,,,,0
トライン,トライン,牡2,,,,,,,,,0
トーセンマタコイヤ,トーセンマタコイヤ,牡7,,,,,,,,,0
ショウナンマルシェ,ショウナンマルシェ,せん7,,,,,,,,,0
プリモシーン,プリモシーン,牝3,,,,,,,,,0
レッドベルローズ,レッドベルローズ,牝3,,,,,,,,,0
ハトホル,ハトホル,牝3,,,,,,,,,0
テトラドラクマ,テトラドラクマ,牝3,,,,,,,,,0
ライレローズ,ライレローズ,牝3,,,,,,,,,0
ジョブックコメン,ジョブックコメン,牝3,,,,,,,,,0
レネット,レネット,牝3,,,,,,,,,0
デュッセルドルフ,デュッセルドルフ,牝3,,,,,,,,,0
ジーナスイート,ジーナスイート,牝3,,,,,,,,,0
シスル,シスル,牝3,,,,,,,,,0
アントルシャ,アントルシャ,牝3,,,,,,,,,0
アーモンドアイ,アーモンドアイ,牝3,,,,,,,,,0
ツヅミモン,ツヅミモン,牝3,,,,,,,,,0
スターリーステージ,スターリーステージ,牝3,,,,,,,,,0
ベルガド,ベルガド,牡3,,,,,,,,,0
プリュス,プリュス,牝3,,,,,,,,,0
ブランモンストル,ブランモンストル,牡3,,,,,,,,,0
マイネルエメ,マイネルエメ,牡3,,,,,,,,,0
レイホーロマンス,レイホーロマンス,牝5,,,,,,,,,0
タニノアーバンシー,タニノアーバンシー,牝5,,,,,,,,,0
ジェネラーレウーノ,ジェネラーレウーノ,牡3,,,,,,,,,0
コズミックフォース,コズミックフォース,牡3,,,,,,,,,0
イェッツト,イェッツト,牡3,,,,,,,,,0
ライトカラカゼ,ライトカラカゼ,牡3,,,,,,,,,0
サクステッド,サクステッド,牡3,,,,,,,,,0
ロジティナ,ロジティナ,牡3,,,,,,,,,0
タイキフェルヴール,タイキフェルヴール,牡3,,,,,,,,,0
エイムアンドエンド,エイムアンドエンド,牡3,,,,,,,,,0
ヤマノグラップル,ヤマノグラップル,牡3,,,,,,,,,0
デルタバローズ,デルタバローズ,牡3,,,,,,,,,0
ジョリルミエール,ジョリルミエール,牝3,,,,,,,,,0
ギャンブラー,ギャンブラー,牡3,,,,,,,,,0
パフォーマプロミス,パフォーマプロミス,牡6,,,,,,,,,0
ガンコ,ガンコ,牡5,,,,,,,,,0
サンタフェチーフ,サンタフェチーフ,牝6,,,,,,,,,0
カラビナ,カラビナ,牡5,,,,,,,,,0
レジェンドセラー,レジェンドセラー,牡4,,,,,,,,,0
オールマンリバー,オールマンリバー,牡6,,,,,,,,,0
グレイトチャーター,グレイトチャーター,牡6,,,,,,,,,0
アレスバローズ,アレスバローズ,牡6,,,,,,,,,0
ユキノアイオロス,ユキノアイオロス,せん10,,,,,,,,,0
サトノフェイバー,サトノフェイバー,牡3,,,,,,,,,0
グローリーヴェイズ,グローリーヴェイズ,牡3,,,,,,,,,0
ラセット,ラセット,牡3,,,,,,,,,0
レッドレオン,レッドレオン,牡3,,,,,,,,,0
ダノンマジェスティ,ダノンマジェスティ,牡3,,,,,,,,,0
ニホンピロタイド,ニホンピロタイド,牡3,,,,,,,,,0
オウケンムーン,オウケンムーン,牡3,,,,,,,,,0
サトノソルタス,サトノソルタス,牡3,,,,,,,,,0
ゴーフォザサミット,ゴーフォザサミット,牡3,,,,,,,,,0
ブラゾンダムール,ブラゾンダムール,牡3,,,,,,,,,0
アメリカンワールド,アメリカンワールド,牡3,,,,,,,,,0
リュウノユキナ,リュウノユキナ,牡3,,,,,,,,,0
フィニフティ,フィニフティ,牝3,,,,,,,,,0
アルーシャ,アルーシャ,牝3,,,,,,,,,0
オハナ,オハナ,牝3,,,,,,,,,0
モデレイト,モデレイト,牝3,,,,,,,,,0
ロフティフレーズ,ロフティフレーズ,牝3,,,,,,,,,0
キャッチミーアップ,キャッチミーアップ,牝3,,,,,,,,,0
アトムアストレア,アトムアストレア,牝3,,,,,,,,,0
ナラトゥリス,ナラトゥリス,牝3,,,,,,,,,0
マルターズルーメン,マルターズルーメン,牝3,,,,,,,,,0
ダウンザライン,ダウンザライン,牡4,,,,,,,,,0
オーヴィレール,オーヴィレール,牝5,,,,,,,,,0
ララベル,ララベル,牝6,,,,,,,,,0
サトノスティング,サトノスティング,牡7,,,,,,,,,0
コロマンデル,コロマンデル,牡6,,,,,,,,,0
ダイメイフジ,ダイメイフジ,牡4,,,,,,,,,0
サラキア,サラキア,牝3,,,,,,,,,0
レッドランディーニ,レッドランディーニ,牝3,,,,,,,,,0
シグナライズ,シグナライズ,牝3,,,,,,,,,0
ウインラナキラ,ウインラナキラ,牝3,,,,,,,,,0
リビーリング,リビーリング,牡3,,,,,,,,,0
トラストケンシン,トラストケンシン,牡3,,,,,,,,,0
オブセッション,オブセッション,牡3,,,,,,,,,0
アラウン,アラウン,牡3,,,,,,,,,0
アサクサスポット,アサクサスポット,牡3,,,,,,,,,0
ヘヴィータンク,ヘヴィータンク,牡3,,,,,,,,,0
トーアディラン,トーアディラン,せん5,,,,,,,,,0
カシノカーム,カシノカーム,牡7,,,,,,,,,0
リバティハイツ,リバティハイツ,牝3,,,,,,,,,0
アンコールプリュ,アンコールプリュ,牝3,,,,,,,,,0
デルニエオール,デルニエオール,牝3,,,,,,,,,0
アンヴァル,アンヴァル,牝3,,,,,,,,,0
ギンコイエレジー,ギンコイエレジー,牝3,,,,,,,,,0
レッドシャーロット,レッドシャーロット,牝3,,,,,,,,,0
ビリーバー,ビリーバー,牝3,,,,,,,,,0
ラブカンプー,ラブカンプー,牝3,,,,,,,,,0
イサチルルンルン,イサチルルンルン,牝3,,,,,,,,,0
メイショウコゴミ,メイショウコゴミ,牝3,,,,,,,,,0
スウォナーレ,スウォナーレ,牝3,,,,,,,,,0
カンタービレ,カンタービレ,牝3,,,,,,,,,0
ノームコア,ノームコア,牝3,,,,,,,,,0
ウスベニノキミ,ウスベニノキミ,牝3,,,,,,,,,0
ファストライフ,ファストライフ,牝3,,,,,,,,,0
メサルティム,メサルティム,牝3,,,,,,,,,0
ノーブルカリナン,ノーブルカリナン,牝3,,,,,,,,,0
モルフェオルフェ,モルフェオルフェ,牝3,,,,,,,,,0
カラリエーヴァ,カラリエーヴァ,牝3,,,,,,,,,0
バケットリスト,バケットリスト,牝3,,,,,,,,,0
インヴィジブルワン,インヴィジブルワン,牝3,,,,,,,,,0
キープシークレット,キープシークレット,牝3,,,,,,,,,0
ミスターメロディ,ミスターメロディ,牡3,,,,,,,,,0
アンブロジオ,アンブロジオ,牡3,,,,,,,,,0
ドラグーンシチー,ドラグーンシチー,牡3,,,,,,,,,0
タイセイアベニール,タイセイアベニール,牡3,,,,,,,,,0
カイザーメランジェ,カイザーメランジェ,牡3,,,,,,,,,0
ダークリパルサー,ダークリパルサー,牡3,,,,,,,,,0
アシャカデッシュ,アシャカデッシュ,牡3,,,,,,,,,0
エールショー,エールショー,牡3,,,,,,,,,0
エポカドーロ,エポカドーロ,牡3,,,,,,,,,0
マイネルファンロン,マイネルファンロン,牡3,,,,,,,,,0
バールドバイ,バールドバイ,牡3,,,,,,,,,0
レノヴァール,レノヴァール,牡3,,,,,,,,,0
ハッピーグリン,ハッピーグリン,牡3,,,,,,,,,0
ビッグスモーキー,ビッグスモーキー,牡3,,,,,,,,,0
フォルツァエフ,フォルツァエフ,牡3,,,,,,,,,0
ムイトオブリガード,ムイトオブリガード,牡4,,,,,,,,,0
チェスナットコート,チェスナットコート,牡4,,,,,,,,,0
ブラストワンピース,ブラストワンピース,牡3,,,,,,,,,0
ギベオン,ギベオン,牡3,,,,,,,,,0
インディチャンプ,インディチャンプ,牡3,,,,,,,,,0
ノストラダムス,ノストラダムス,牡3,,,,,,,,,0
ユーキャンスマイル,ユーキャンスマイル,牡3,,,,,,,,,0
シャルドネゴールド,シャルドネゴールド,牡3,,,,,,,,,0
アルムフォルツァ,アルムフォルツァ,牡3,,,,,,,,,0
テイエムディラン,テイエムディラン,牡3,,,,,,,,,0
サクラルコール,サクラルコール,牡7,,,,,,,,,0
ハイランドピーク,ハイランドピーク,牡4,,,,,,,,,0
ブレスアロット,ブレスアロット,牡5,,,,,,,,,0
ヒーズインラブ,ヒーズインラブ,牡5,,,,,,,,,0
テオドール,テオドール,牡5,,,,,,,,,0
ゴールドサーベラス,ゴールドサーベラス,牡6,,,,,,,,,0
0001207712,アイスフィヨルド,牡3,,,,,,0.0,0.0,0.0,1
リョーノテソーロ,リョーノテソーロ,牡3,,,,,,,,,0
ラムセスバローズ,ラムセスバローズ,牡3,,,,,,,,,0
レッドサクヤ,レッドサクヤ,牝3,,,,,,,,,0
ハーレムライン,ハーレムライン,牝3,,,,,,,,,0
レッドレグナント,レッドレグナント,牝3,,,,,,,,,0
トーセンメリッサ,トーセンメリッサ,牝6,,,,,,,,,0
パクスアメリカーナ,パクスアメリカーナ,牡3,,,,,,,,,0
レッドヴェイロン,レッドヴェイロン,牡3,,,,,,,,,0
イルルーメ,イルルーメ,牡3,,,,,,,,,0
エアアルマス,エアアルマス,牡3,,,,,,,,,0
キタノコマンドール,キタノコマンドール,牡3,,,,,,,,,0
スリーヘリオス,スリーヘリオス,牡3,,,,,,,,,0
ユラノト,ユラノト,牡4,,,,,,,,,0
サトノワルキューレ,サトノワルキューレ,牝3,,,,,,,,,0
パイオニアバイオ,パイオニアバイオ,牝3,,,,,,,,,0
ヴェロニカグレース,ヴェロニカグレース,牝3,,,,,,,,,0
ディアジラソル,ディアジラソル,牝3,,,,,,,,,0
オスカールビー,オスカールビー,牝3,,,,,,,,,0
カーサデルシエロ,カーサデルシエロ,牝3,,,,,,,,,0
ラブラブラブ,ラブラブラブ,牝3,,,,,,,,,0
エタリオウ,エタリオウ,牡3,,,,,,,,,0
スーパーフェザー,スーパーフェザー,牡3,,,,,,,,,0
モンテグロッソ,モンテグロッソ,牡3,,,,,,,,,0
ミッキーポジション,ミッキーポジション,牡3,,,,,,,,,0
ディープインラヴ,ディープインラヴ,牡3,,,,,,,,,0
スズカテイオー,スズカテイオー,牡3,,,,,,,,,0
ユウセイフラッシュ,ユウセイフラッシュ,牡3,,,,,,,,,0
テトラルキア,テトラルキア,牡3,,,,,,,,,0
マイネルサリューエ,マイネルサリューエ,牡3,,,,,,,,,0
クレディブル,クレディブル,牡3,,,,,,,,,0
ダブルフラット,ダブルフラット,牡3,,,,,,,,,0
アドマイヤアルバ,アドマイヤアルバ,牡3,,,,,,,,,0
メイショウテッコン,メイショウテッコン,牡3,,,,,,,,,0
インターセクション,インターセクション,牡3,,,,,,,,,0
フランツ,フランツ,牡3,,,,,,,,,0
レイエスプランドル,レイエスプランドル,牡3,,,,,,,,,0
リシュブール,リシュブール,牡3,,,,,,,,,0
アールスター,アールスター,牡3,,,,,,,,,0
タニノフランケル,タニノフランケル,牡3,,,,,,,,,0
カレンラストショー,カレンラストショー,牡6,,,,,,,,,0
ムーンクエイク,ムーンクエイク,せん5,,,,,,,,,0
リライアブルエース,リライアブルエース,牡5,,,,,,,,,0
フィアーノロマーノ,フィアーノロマーノ,牡4,,,,,,,,,0
アスターサムソン,アスターサムソン,せん5,,,,,,,,,0
タガノアーバニティ,タガノアーバニティ,牡5,,,,,,,,,0
ヨカグラ,ヨカグラ,せん5,,,,,,,,,0
プリンシアコメータ,プリンシアコメータ,牝5,,,,,,,,,0
オールフォーラヴ,オールフォーラヴ,牝3,,,,,,,,,0
ロサグラウカ,ロサグラウカ,牝3,,,,,,,,,0
ランドネ,ランドネ,牝3,,,,,,,,,0
トーホウアルテミス,トーホウアルテミス,牝3,,,,,,,,,0
ゴールドクイーン,ゴールドクイーン,牝3,,,,,,,,,0
トゥラヴェスーラ,トゥラヴェスーラ,牡3,,,,,,,,,0
ウィズ,ウィズ,牡3,,,,,,,,,0
ミッキーワイルド,ミッキーワイルド,牡3,,,,,,,,,0
セイウンクールガイ,セイウンクールガイ,牡3,,,,,,,,,0
オジョーノキセキ,オジョーノキセキ,牝3,,,,,,,,,0
テーオーエナジー,テーオーエナジー,牡3,,,,,,,,,0
コウキチョウサン,コウキチョウサン,牡5,,,,,,,,,0
ウエスタンエクスプレス,ウエスタンエクスプレス,せん6,,,,,,,,,0
ヴァフラーム,ヴァフラーム,牝6,,,,,,,,,0
スティルウォーター,スティルウォーター,牝5,,,,,,,,,0
ルヴァンスレーヴ,ルヴァンスレーヴ,牡3,,,,,,,,,0
グレートタイム,グレートタイム,牡3,,,,,,,,,0
ホウショウナウ,ホウショウナウ,牡3,,,,,,,,,0
トキノパイレーツ,トキノパイレーツ,牡3,,,,,,,,,0
コマビショウ,コマビショウ,牡3,,,,,,,,,0
グリム,グリム,牡3,,,,,,,,,0
プロスパラスデイズ,プロスパラスデイズ,牡3,,,,,,,,,0
ミックベンハー,ミックベンハー,牡3,,,,,,,,,0
ダンケシェーン,ダンケシェーン,牡3,,,,,,,,,0
ハーベストムーン,ハーベストムーン,牡3,,,,,,,,,0
バイラ,バイラ,牡3,,,,,,,,,0
ベストマイウェイ,ベストマイウェイ,牡3,,,,,,,,,0
サーストンコラルド,サーストンコラルド,牡7,,,,,,,,,0
ミュートエアー,ミュートエアー,牡5,,,,,,,,,0
サトノアッシュ,サトノアッシュ,牡6,,,,,,,,,0
シャインレッド,シャインレッド,せん5,,,,,,,,,0
ワーザー,ワーザー,せん7,,,,,,,,,0
フィエールマン,フィエールマン,牡3,,,,,,,,,0
グレンガリー,グレンガリー,牡3,,,,,,,,,0
キューグレーダー,キューグレーダー,牡3,,,,,,,,,0
シセイヒテン,シセイヒテン,牡3,,,,,,,,,0
ロードライト,ロードライト,牝3,,,,,,,,,0
レーヴムーン,レーヴムーン,牡5,,,,,,,,,0
ダイメイプリンセス,ダイメイプリンセス,牝5,,,,,,,,,0
コウエイタケル,コウエイタケル,牡7,,,,,,,,,0
パワーポケット,パワーポケット,牡6,,,,,,,,,0
サクセスエナジー,サクセスエナジー,牡4,,,,,,,,,0
ナムラミラクル,ナムラミラクル,牡5,,,,,,,,,0
ドライヴナイト,ドライヴナイト,牡5,,,,,,,,,0
クラウンディバイダ,クラウンディバイダ,牡5,,,,,,,,,0
アスターペガサス,アスターペガサス,牡2,,,,,,,,,0
ラブミーファイン,ラブミーファイン,牝2,,,,,,,,,0
カルリーノ,カルリーノ,牡2,,,,,,,,,0
エムティアン,エムティアン,牝2,,,,,,,,,0
トーセンオパール,トーセンオパール,牝2,,,,,,,,,0
ガイセン,ガイセン,牡2,,,,,,,,,0
ロードワンダー,ロードワンダー,牡2,,,,,,,,,0
スズカカナロア,スズカカナロア,牡2,,,,,,,,,0
ナンヨーイザヨイ,ナンヨーイザヨイ,牡2,,,,,,,,,0
イチゴミルフィーユ,イチゴミルフィーユ,牝2,,,,,,,,,0
ヒストリコ,ヒストリコ,牝2,,,,,,,,,0
ラブリロンリロンス,ラブリロンリロンス,牡2,,,,,,,,,0
レコードチェイサー,レコードチェイサー,牝2,,,,,,,,,0
ホールドユアハンド,ホールドユアハンド,牡2,,,,,,,,,0
ニヴィアン,ニヴィアン,牝2,,,,,,,,,0
ラブミーリッキー,ラブミーリッキー,牝2,,,,,,,,,0
アグリッパーバイオ,アグリッパーバイオ,牡7,,,,,,,,,0
タマモワカサマ,タマモワカサマ,牡6,,,,,,,,,0
シゲルスズキ,シゲルスズキ,牡5,,,,,,,,,0
マイネルプロンプト,マイネルプロンプト,せん6,,,,,,,,,0
シゲルクーガー,シゲルクーガー,せん4,,,,,,,,,0
ナインテイルズ,ナインテイルズ,牡7,,,,,,,,,0
アペルトゥーラ,アペルトゥーラ,牡7,,,,,,,,,0
クラウンルシフェル,クラウンルシフェル,牡7,,,,,,,,,0
クラウンアイリス,クラウンアイリス,牝7,,,,,,,,,0
ダノンアイリス,ダノンアイリス,牝5,,,,,,,,,0
ブロワ,ブロワ,牝5,,,,,,,,,0
ヒラボクラターシュ,ヒラボクラターシュ,牡3,,,,,,,,,0
ドンフォルティス,ドンフォルティス,牡3,,,,,,,,,0
アルクトス,アルクトス,牡3,,,,,,,,,0
オノリス,オノリス,牡3,,,,,,,,,0
フロリアヌス,フロリアヌス,牡3,,,,,,,,,0
アドマイヤビクター,アドマイヤビクター,牡3,,,,,,,,,0
バクハツ,バクハツ,牡3,,,,,,,,,0
イダペガサス,イダペガサス,牡3,,,,,,,,,0
マウントゴールド,マウントゴールド,牡5,,,,,,,,,0
エーティーサンダー,エーティーサンダー,牡5,,,,,,,,,0
エイシンティンクル,エイシンティンクル,牝5,,,,,,,,,0
スターオブペルシャ,スターオブペルシャ,せん5,,,,,,,,,0
ショウナンアンセム,ショウナンアンセム,牡5,,,,,,,,,0
チャンピオンルパン,チャンピオンルパン,牡7,,,,,,,,,0
スカイパッション,スカイパッション,牝6,,,,,,,,,0
コンコード,コンコード,牡6,,,,,,,,,0
トラキアンコード,トラキアンコード,せん6,,,,,,,,,0
ショウナンアリスト,ショウナンアリスト,牡4,,,,,,,,,0
コスモストレンジ,コスモストレンジ,牡4,,,,,,,,,0
ヤマタケジャイアン,ヤマタケジャイアン,せん5,,,,,,,,,0
ケイデンスコール,ケイデンスコール,牡2,,,,,,,,,0
アンブロークン,アンブロークン,牡2,,,,,,,,,0
スティルネス,スティルネス,牝2,,,,,,,,,0
ジョディー,ジョディー,牝2,,,,,,,,,0
エイシンゾーン,エイシンゾーン,牝2,,,,,,,,,0
エルモンストロ,エルモンストロ,牡2,,,,,,,,,0
オーパキャマラード,オーパキャマラード,牝2,,,,,,,,,0
エンパイアシュアー,エンパイアシュアー,牡2,,,,,,,,,0
ロードアクア,ロードアクア,牡2,,,,,,,,,0
エイカイキャロル,エイカイキャロル,牝2,,,,,,,,,0
ヤサカリベルテ,ヤサカリベルテ,牡2,,,,,,,,,0
クリーンファンキー,クリーンファンキー,牝5,,,,,,,,,0
オールインワン,オールインワン,牡5,,,,,,,,,0
ニシノデイジー,ニシノデイジー,牡2,,,,,,,,,0
ナイママ,ナイママ,牡2,,,,,,,,,0
クラージュゲリエ,クラージュゲリエ,牡2,,,,,,,,,0
エメラルファイト,エメラルファイト,牡2,,,,,,,,,0
アフランシール,アフランシール,牝2,,,,,,,,,0
クリスタルバローズ,クリスタルバローズ,牡2,,,,,,,,,0
ウィクトーリア,ウィクトーリア,牝2,,,,,,,,,0
ダディーズマインド,ダディーズマインド,牡2,,,,,,,,,0
トーセンギムレット,トーセンギムレット,牡2,,,,,,,,,0
テイエムバリバリ,テイエムバリバリ,牡2,,,,,,,,,0
セントセシリア,セントセシリア,牝2,,,,,,,,,0
ラバストーン,ラバストーン,牡2,,,,,,,,,0
エンジニア,エンジニア,牡5,,,,,,,,,0
スズカディープ,スズカディープ,せん6,,,,,,,,,0
ファンタジスト,ファンタジスト,牡2,,,,,,,,,0
アズマヘリテージ,アズマヘリテージ,牝2,,,,,,,,,0
ミヤジシルフィード,ミヤジシルフィード,牡2,,,,,,,,,0
アーデントリー,アーデントリー,牡2,,,,,,,,,0
チュウワフライヤー,チュウワフライヤー,牝2,,,,,,,,,0
シングルアップ,シングルアップ,牡2,,,,,,,,,0
タガノジェロディ,タガノジェロディ,牡2,,,,,,,,,0
ルチアーナミノル,ルチアーナミノル,牝2,,,,,,,,,0
ブルベアオーロ,ブルベアオーロ,牡2,,,,,,,,,0
ジャカランダシティ,ジャカランダシティ,牡2,,,,,,,,,0
エイシンノホシ,エイシンノホシ,牝2,,,,,,,,,0
タムロドリーム,タムロドリーム,牝2,,,,,,,,,0
カシノティーダ,カシノティーダ,牝2,,,,,,,,,0
セプタリアン,セプタリアン,牡2,,,,,,,,,0
アヴィオール,アヴィオール,牝3,,,,,,,,,0
クイーングラス,クイーングラス,牝3,,,,,,,,,0
ロマンテソーロ,ロマンテソーロ,牝3,,,,,,,,,0
サラス,サラス,牝3,,,,,,,,,0
ホクセンジョウオー,ホクセンジョウオー,牝3,,,,,,,,,0
ミッキーグローリー,ミッキーグローリー,牡5,,,,,,,,,0
メイショウダッサイ,メイショウダッサイ,牡5,,,,,,,,,0
シゲルクロカジキ,シゲルクロカジキ,牡5,,,,,,,,,0
リノリオ,リノリオ,牡7,,,,,,,,,0
ハルキストン,ハルキストン,牡3,,,,,,,,,0
ゴージャスランチ,ゴージャスランチ,牝3,,,,,,,,,0
センテリュオ,センテリュオ,牝3,,,,,,,,,0
レオコックブルー,レオコックブルー,牝3,,,,,,,,,0
レイエンダ,レイエンダ,牡3,,,,,,,,,0
ブレステイキング,ブレステイキング,牡3,,,,,,,,,0
ショウナンラーゼン,ショウナンラーゼン,牡3,,,,,,,,,0
ゼーゲン,ゼーゲン,牡3,,,,,,,,,0
メイショウロセツ,メイショウロセツ,牡3,,,,,,,,,0
オメガパフューム,オメガパフューム,牡3,,,,,,,,,0
ミキノトランペット,ミキノトランペット,牡4,,,,,,,,,0
ストライクイーグル,ストライクイーグル,牡5,,,,,,,,,0
ラッキーバブルズ,ラッキーバブルズ,せん7,,,,,,,,,0
グランアレグリア,グランアレグリア,牝2,,,,,,,,,0
ドゴール,ドゴール,牡2,,,,,,,,,0
アマーティ,アマーティ,牝2,,,,,,,,,0
ドラウプニル,ドラウプニル,牡2,,,,,,,,,0
シャドウエンペラー,シャドウエンペラー,牡2,,,,,,,,,0
トーラスジェミニ,トーラスジェミニ,牡2,,,,,,,,,0
セグレドスペリオル,セグレドスペリオル,牡2,,,,,,,,,0
サムシングジャスト,サムシングジャスト,牝2,,,,,,,,,0
レッドジェノヴァ,レッドジェノヴァ,牝4,,,,,,,,,0
サンエイゴールド,サンエイゴールド,牡5,,,,,,,,,0
キョウワゼノビア,キョウワゼノビア,牝5,,,,,,,,,0
バイオンディップス,バイオンディップス,牡6,,,,,,,,,0
スマートガルーダ,スマートガルーダ,牡5,,,,,,,,,0
ゴールドバンカー,ゴールドバンカー,牡6,,,,,,,,,0
ミッキーチャーム,ミッキーチャーム,牝3,,,,,,,,,0
サトノガーネット,サトノガーネット,牝3,,,,,,,,,0
ダンサール,ダンサール,牝3,,,,,,,,,0
アフリカンゴールド,アフリカンゴールド,牡3,,,,,,,,,0
グロンディオーズ,グロンディオーズ,牡3,,,,,,,,,0
シェーングランツ,シェーングランツ,牝2,,,,,,,,,0
ビーチサンバ,ビーチサンバ,牝2,,,,,,,,,0
エールヴォア,エールヴォア,牝2,,,,,,,,,0
ウインゼノビア,ウインゼノビア,牝2,,,,,,,,,0
トスアップ,トスアップ,牝2,,,,,,,,,0
ミディオーサ,ミディオーサ,牝2,,,,,,,,,0
ライデンシャフト,ライデンシャフト,牝2,,,,,,,,,0
レディードリー,レディードリー,牝2,,,,,,,,,0
グレイシア,グレイシア,牝2,,,,,,,,,0
キタイ,キタイ,牝2,,,,,,,,,0
ヘリンヌリング,ヘリンヌリング,牝2,,,,,,,,,0
ブラックダンサー,ブラックダンサー,牝2,,,,,,,,,0
ドルチャーリオ,ドルチャーリオ,牡5,,,,,,,,,0
サフランハート,サフランハート,牡5,,,,,,,,,0
0001218817,アウィルアウェイ,牝2,,,,,,0.0,0.0,0.0,1
ココフィーユ,ココフィーユ,牝2,,,,,,,,,0
メイショウオニテ,メイショウオニテ,牡2,,,,,,,,,0
ダノンファンタジー,ダノンファンタジー,牝2,,,,,,,,,0
ベルスール,ベルスール,牝2,,,,,,,,,0
ジュランビル,ジュランビル,牝2,,,,,,,,,0
レッドベレーザ,レッドベレーザ,牝2,,,,,,,,,0
エレナレジーナ,エレナレジーナ,牝2,,,,,,,,,0
ヴァニラアイス,ヴァニラアイス,牝2,,,,,,,,,0
レーヴドカナロア,レーヴドカナロア,牝2,,,,,,,,,0
マコトガラハッド,マコトガラハッド,せん5,,,,,,,,,0
ルックトゥワイス,ルックトゥワイス,牡5,,,,,,,,,0
テーオーヘリオス,テーオーヘリオス,牡6,,,,,,,,,0
アンサンブルライフ,アンサンブルライフ,牡5,,,,,,,,,0
ノブワイルド,ノブワイルド,牡6,,,,,,,,,0
カツゲキキトキト,カツゲキキトキト,牡5,,,,,,,,,0
シュテルングランツ,シュテルングランツ,牡7,,,,,,,,,0
ファッショニスタ,ファッショニスタ,牝4,,,,,,,,,0
アンデスクイーン,アンデスクイーン,牝4,,,,,,,,,0
ビスカリア,ビスカリア,牝6,,,,,,,,,0
フォンターナリーリ,フォンターナリーリ,牝5,,,,,,,,,0
0001184512,アイアンテーラー,牝4,,,,,,0.0,0.0,0.0,1
ブランシェクール,ブランシェクール,牝5,,,,,,,,,0
ディアマルコ,ディアマルコ,牝5,,,,,,,,,0
ラインシュナイダー,ラインシュナイダー,牡6,,,,,,,,,0
パルトネルラーフ,パルトネルラーフ,牡5,,,,,,,,,0
エルゼロ,エルゼロ,牡5,,,,,,,,,0
キズナエンドレス,キズナエンドレス,牝7,,,,,,,,,0
アドマイヤマーズ,アドマイヤマーズ,牡2,,,,,,,,,0
メイショウショウブ,メイショウショウブ,牝2,,,,,,,,,0
ハッピーアワー,ハッピーアワー,牡2,,,,,,,,,0
ダノンジャスティス,ダノンジャスティス,牡2,,,,,,,,,0
ドナウデルタ,ドナウデルタ,牝2,,,,,,,,,0
ヤマニンマヒア,ヤマニンマヒア,牡2,,,,,,,,,0
マイネルフラップ,マイネルフラップ,牡2,,,,,,,,,0
コルコバード,コルコバード,牝5,,,,,,,,,0
0001217941,アガラス,牡2,,,,,,0.0,0.0,0.0,1
ヴァンドギャルド,ヴァンドギャルド,牡2,,,,,,,,,0
ヴェロックス,ヴェロックス,牡2,,,,,,,,,0
ダノンラスター,ダノンラスター,牡2,,,,,,,,,0
ホウオウサーベル,ホウオウサーベル,牡2,,,,,,,,,0
クリノガウディー,クリノガウディー,牡2,,,,,,,,,0
アドマイヤスコール,アドマイヤスコール,牡2,,,,,,,,,0
ルヴォルグ,ルヴォルグ,牡2,,,,,,,,,0
ハクサンタイヨウ,ハクサンタイヨウ,牡2,,,,,,,,,0
カテドラル,カテドラル,牡2,,,,,,,,,0
ゴータイミング,ゴータイミング,牡2,,,,,,,,,0
メイスンハナフブキ,メイスンハナフブキ,牝2,,,,,,,,,0
ブレイキングドーン,ブレイキングドーン,牡2,,,,,,,,,0
ワールドプレミア,ワールドプレミア,牡2,,,,,,,,,0
ミッキーブラック,ミッキーブラック,牡2,,,,,,,,,0
ショウリュウイクゾ,ショウリュウイクゾ,牡2,,,,,,,,,0
ペルソナデザイン,ペルソナデザイン,牡2,,,,,,,,,0
ミヤケ,ミヤケ,牡2,,,,,,,,,0
セイカヤマノ,セイカヤマノ,牡2,,,,,,,,,0
サンダリングブルー,サンダリングブルー,せん5,,,,,,,,,0
カプリ,カプリ,牡4,,,,,,,,,0
カルヴァリオ,カルヴァリオ,せん5,,,,,,,,,0
マサハヤダイヤ,マサハヤダイヤ,牡5,,,,,,,,,0
ララエクラテール,ララエクラテール,牡6,,,,,,,,,0
パヴェル,パヴェル,牡4,,,,,,,,,0
