horse_id,horse_name,sire_id,sire_name,dam_id,dam_name,grandsire_id,grandsire_name,dam_sire_id,dam_sire_name
02-07,02-07,,,,,,,,
02-11,02-11,,,,,,,,
0000467314,10,0000466893,Alaa El Din,0000467311,Mona,0000466887,Nazeer,0000466889,Badr
0000467320,12,0000466901,Gassir,0000467319,Inas,0000466900,Kheir,0000466894,Morafic
0000467329,13,0000466904,Anter,0000467328,Nazeera,0000466946,Hamdan,0000466887,Nazeer
0000467315,14,0000466895,Tuhotmos(USA),0000467313,Azza I,0000466888,El Sareei,0000466891,Sameh
0000467331,15,0000466897,Ghalion,0000467329,13 Bint Nazeera,0000466894,Morafic,0000466904,Anter
6,6,,,,,,,,
7,7,,,,,,,,
8,8,,,,,,,,
9,9,,,,,,,,
0000730343,アイアイサクラ,0000263174,ペンタイア(GB),0000166002,ラウレルシーダー,0000335936,Be My Guest(USA),0000077016,サクラシヨウリ
0000612735,アイアドベンチャー,0000130523,ミスターシービー,0000221750,ゲイトウェイヒット,0000061253,トウシヨウボーイ,0000333722,ラシアンルーブル(USA)
0000230111,アイアムアクトレス,0000166681,タマモクロス,0000100779,ベリーグランド,0000082169,シービークロス,0000333359,ヴエンチア(GB)
0000756890,アイアムエンジェル,0000365330,ボストンハーバー(USA),0000275577,アイアムザウィナー(USA),0000336568,Capote(USA),0000337425,Danzig Connection(USA)
0000989334,アイアムカミノマゴ,0000324933,アグネスタキオン,0000275577,アイアムザウィナー(USA),0000333862,サンデーサイレンス(USA),0000337425,Danzig Connection(USA)
0000619603,アイアムツヨシ,0000262437,タヤスツヨシ,0000275577,アイアムザウィナー(USA),0000333862,サンデーサイレンス(USA),0000337425,Danzig Connection(USA)
0000993893,アイアムネオ,0000701577,ネオユニヴァース,0000384278,イクスペクトトゥシャイン(USA),0000333862,サンデーサイレンス(USA),0000335975,Mr. Prospector(USA)
0000994286,アイアムピカイチ,0000729458,キングカメハメハ,0000448807,シェンク(GB),0000347989,Kingmambo(USA),0000347622,Zafonic(USA)
0000995383,アイアムマリリン,0000324971,マンハッタンカフェ,0000634651,ヒシシルバーメイド(USA),0000333862,サンデーサイレンス(USA),0000347814,Silver Deputy(CAN)
0000208468,アイアンクロー,0000333766,ロードザキヤノンズ(USA),0000127423,ヒロノダイリン,0000336130,Cannonade(USA),0000333605,シヤンペンチヤーリー(USA)
0001184512,アイアンテーラー,0000619768,ゴールドアリュール,0000325102,オータムブリーズ,0000333862,サンデーサイレンス(USA),0000333901,ティンバーカントリー(USA)
0000989862,アイアンデューク,0000375505,スウェプトオーヴァーボード(USA),0000286881,テンペストケース,0000361855,エンドスウィープ(USA),0000333862,サンデーサイレンス(USA)
0000316536,アイアンリアリティ,0000333862,サンデーサイレンス(USA),0000383289,デビルズブライド(USA),0000335154,Halo(USA),0000334731,Caro(IRE)
0000991309,アイアンルック,0000316565,アドマイヤボス,0000309147,ルカダンス,0000333862,サンデーサイレンス(USA),0000333887,ヘクタープロテクター(USA)
0001149044,アイオシルケン,0000774786,ヴリル(AUS),0000292302,メモリージュエル,0000333862,サンデーサイレンス(USA),0000347636,アーミジャー(GB)
0000708203,アイシースズカ,0000333862,サンデーサイレンス(USA),0000263075,アイシングスズカ(USA),0000335154,Halo(USA),0000341551,Dayjur(USA)
0000238960,アイスドール,0000333695,サラ　ホツトスパーク(IRE),0000464795,ミスチラデイト,0000334285,Habitat(USA),0000466760,アラ　ゴールデンフユーチヤフアイア(USA)
0001207712,アイスフィヨルド,0000321282,クリストワイニング(USA),0001107185,ラトーヌインパクト,0000359332,トワイニング(USA),0000742976,ディープインパクト
0000327963,アイスフォーリス,0000214562,スターオブコジーン(USA),0000254337,マジックタッチ,0000337423,Cozzene(USA),0000182479,キャロルハウス(IRE)
0000988523,アイズオブゾロ,0000700008,シンボリクリスエス(USA),0000258043,ミスティックアイズ,0000336209,Kris S.(USA),0000337552,Eastern Echo(USA)
0000000563,アイダホ,0000333158,ダイオライト(GB),0000000096,第二カナデアンガール,0000334791,Diophon(GB),0000332990,トウルヌソル(GB)
0001089072,アイティゴールド,0000286968,ステイゴールド,0000294725,トウキュウアビー,0000333862,サンデーサイレンス(USA),0000333894,コマンダーインチーフ(GB)
0001093922,アイティテイオー,0000743734,ムーンバラッド(IRE),0000705734,ローレルデフィー,0000263172,Singspiel(IRE),0000362599,ラムタラ(USA)
0000885696,アイティトップ,0000255813,マヤノトップガン,0000294725,トウキュウアビー,0000333844,ブライアンズタイム(USA),0000333894,コマンダーインチーフ(GB)
0000320781,アイティースワロー,0000333873,マークオブディスティンクション(GB),0000217635,スイフトクイン,0000335911,Known Fact(USA),0000333677,スイフトスワロー(USA)
0000240854,アイノグレース,0000333785,カーホワイト(IRE),0000180703,アイノプリンセス,0000334731,Caro(IRE),0000069360,マルゼンスキー
0000613150,アイノブリーズ,0000340630,ブラックタイアフェアー(IRE),0000237605,ソヨカゼ(USA),0000336395,Miswaki(USA),0000336769,Topsider(USA)
0001094329,アイファーソング,0000760831,ソングオブウインド,0000722290,アイファーペガサス,0000299155,エルコンドルパサー(USA),0000337848,デヒア(USA)
0000888086,アイファーハクオー,0000275436,バトルライン(USA),0000323682,アイファーユキ,0000337527,オジジアン(USA),0000358543,カーネギー(IRE)
0000722138,アイファーフクオー,0000192967,カコイーシーズ(USA),0000315764,アイファールミ,0000336305,Alydar(USA),0000340413,シャンハイ(USA)
0001167051,アイファープリティ,0000801496,アドマイヤオーラ,0000317503,ヤマノラヴリー,0000324933,アグネスタキオン,0000340413,シャンハイ(USA)
0001047963,アイファーマーチス,0000621944,マリエンバード(IRE),0000702675,ブリッジヘッド,0000336202,Caerleon(USA),0000333769,パークリージエント(CAN)
0000701724,アイポッパー,0000179021,サツカーボーイ,0000286926,サンデーアイ,0000333664,デイクタス(FR),0000333862,サンデーサイレンス(USA)
0001090426,アイムヒアー,0000372825,プリサイスエンド(USA),0000316845,イケイケモンチッチ,0000361855,エンドスウィープ(USA),0000337424,デインヒル(USA)
0001109443,アイムユアーズ,0000626942,ファルブラヴ(IRE),0000755955,セシルブルース,0000337427,Fairy King(USA),0000299155,エルコンドルパサー(USA)
0001149825,アイライン,0000805347,ローレルゲレイロ,0000317332,ローレルシャイン,0000294840,キングヘイロー,0000333894,コマンダーインチーフ(GB)
0001108047,アイラブリリ,0000369639,ストラヴィンスキー(USA),0000728517,チーキーガールズ,0000336085,Nureyev(USA),0000359332,トワイニング(USA)
0000302921,アイランドオオジャ,0000161740,トニービン(IRE),0000144163,アイランドビーナス,0000336378,カンパラ(GB),0000333635,リイフオー(GB)
0000852618,アイランドファッション,0000362890,Petionville(USA),0000852619,Danzigs Fashion(USA),0000337444,Seeking the Gold(USA),0000849832,A Native Danzig(USA)
0000891170,アイリスモレア,0000325977,ショウナンカンプ,0000701191,ユアアディクト,0000225628,サクラバクシンオー,0000340653,ハウスバスター(USA)
0001089097,アイルトンバローズ,0000324933,アグネスタキオン,0000295365,プリマ,0000333862,サンデーサイレンス(USA),0000161740,トニービン(IRE)
0000708823,アイルビーバック,0000179021,サツカーボーイ,0000199902,ブラツドスペンサー,0000333664,デイクタス(FR),0000333582,コインドシルバー(USA)
0000742986,アイルラヴァゲイン,0000299155,エルコンドルパサー(USA),0000287775,トキオリアリティー(USA),0000347989,Kingmambo(USA),0000337483,Meadowlake(USA)
0000988704,アイレンベルク,0000314130,ゴールドヘイロー,0000262211,トップアイレン,0000333862,サンデーサイレンス(USA),0000161740,トニービン(IRE)
0000730517,アインオーセン,0000337436,ラストタイクーン(IRE),0000187020,リアルドリーム,0000336129,トライマイベスト(USA),0000333707,リアルシヤダイ(USA)
0000613386,アインクライマー,0000333886,スキャン(USA),0000246188,ハローウエスト,0000335975,Mr. Prospector(USA),0000333665,モガミ(FR)
0000801459,アインファスター,0000337421,アフリート(CAN),0000274880,スプラッシュクイン,0000335975,Mr. Prospector(USA),0000161740,トニービン(IRE)
0000891980,アインラクス,0000274883,ダンスインザダーク,0000808411,スターズインハーアイズ(IRE),0000333862,サンデーサイレンス(USA),0000337445,Woodman(USA)
0001194171,アイヴァンホウ,0000769391,Soldier Hollow(GB),0001194169,Indigo Girl(GER),0000341850,In The Wings(GB),0000361135,Sternkonig(IRE)
0001095571,アイヴィーリーグ,0000701712,リンカーン,0000737205,キャラット,0000333862,サンデーサイレンス(USA),0000362799,フレンチデピュティ(USA)
0001218817,アウィルアウェイ,0001106251,ジャスタウェイ,0001042633,ウィルパワー,0000722158,ハーツクライ,0000729458,キングカメハメハ
0001174414,アウェイク,0000742976,ディープインパクト,0001051964,オールザウェイベイビー(USA),0000333862,サンデーサイレンス(USA),0000369314,Grand Slam(USA)
0001122413,アウォーディー,0000325200,ジャングルポケット,0000706207,ヘヴンリーロマンス,0000161740,トニービン(IRE),0000333862,サンデーサイレンス(USA)
0000736868,アウトオブサイト,0000333862,サンデーサイレンス(USA),0000248772,シスターソノ,0000335154,Halo(USA),0000333848,ナスルエルアラブ(USA)
0001126615,アウトオブシャドウ,0000722158,ハーツクライ,0000899516,ルンバロッカ(IRE),0000333862,サンデーサイレンス(USA),0000361698,Sri Pekan(USA)
0000888273,アウトクラトール,0000225628,サクラバクシンオー,0000325073,ツァリーヌ,0000145106,サクラユタカオー,0000201489,メジロライアン
0000119530,アウトディスタンス,0000061253,トウシヨウボーイ,0000379196,ダイゴハクリユウ,0000333299,テスコボーイ(GB),0000333242,ガバドール(FR)
アウトライアーズ,アウトライアーズ,,,,,,,,
アウヤンテプイ,アウヤンテプイ,,,,,,,,
0001192790,アエロリット,0000615577,クロフネ(USA),0001120903,アステリックス,0000362799,フレンチデピュティ(USA),0000701577,ネオユニヴァース
0000760204,アエローザ,0000362799,フレンチデピュティ(USA),0000316262,アスペンリーフ,0000338072,Deputy Minister(CAN),0000333862,サンデーサイレンス(USA)
0001191051,アオアラシ,0000714301,アルデバランⅡ(USA),0001094388,ハリケーンタマ,0000335975,Mr. Prospector(USA),0000615577,クロフネ(USA)
0001168166,アオイサンシャイン,0000725485,ダイワメジャー,0000619915,ツーオブハート,0000333862,サンデーサイレンス(USA),0000203356,メジロマックイーン
0001170918,アオイプリンセス,0000729458,キングカメハメハ,0000769578,シルバートレイン,0000347989,Kingmambo(USA),0000263172,Singspiel(IRE)
0001188252,アカカ,0000615577,クロフネ(USA),0000853130,クイーンカアフマヌ,0000362799,フレンチデピュティ(USA),0000372784,キングズベスト(USA)
0001138184,アカネイロ,0000615577,クロフネ(USA),0000729239,マチカネエンジイロ,0000362799,フレンチデピュティ(USA),0000333862,サンデーサイレンス(USA)
0000242923,アカリ,0000333737,リーフアーマツドネス(GB),0000119206,ホーライレデー,0000334047,Mill Reef(USA),0000333513,ダイアトム(GB)
0000242133,アカリアイドル,0000333640,ブレイヴエストローマン(USA),0000155623,ウオーターアイドル,0000334001,Never Bend(USA),0000333667,ターゴワイス(USA)
0000453788,アカンサス,0000004481,サラ　ウイルデイール,0000004013,ミスセカイ,0000334586,Wilwyn(GB),0000333082,サラ　トシシロ
0001313023,アガサ,0001141719,ミッキーアイル,0001124062,マイネハッピー,0000742976,ディープインパクト,0000333844,ブライアンズタイム(USA)
0001217941,アガラス,0000722797,ブラックタイド,0000989875,ロッシェノワール,0000333862,サンデーサイレンス(USA),0000287600,ブラックホーク(GB)
0000798792,アキクサクイン,0000294840,キングヘイロー,0000224648,アキクサ,0000336853,ダンシングブレーヴ(USA),0000333707,リアルシヤダイ(USA)
0001156726,アキトクレッセント,0000731452,ウォーエンブレム(USA),0000996967,ティックルピンク,0000362883,Our Emblem(USA),0000362799,フレンチデピュティ(USA)
0001140078,アキノクリンチ,0000615577,クロフネ(USA),0000788431,タイトーク(USA),0000362799,フレンチデピュティ(USA),0000340630,ブラックタイアフェアー(IRE)
0001045196,アキノグローブ,0000256512,マーベラスサンデー,0000326667,ウメノコトブキ,0000333862,サンデーサイレンス(USA),0000336862,グルームダンサー(USA)
0000885955,アキノジャブ,0000333874,ジェイドロバリー(USA),0000298304,ハッピードリーマー,0000335975,Mr. Prospector(USA),0000333544,ノーザンテースト(CAN)
0000805785,アキノパンチ,0000333846,キンググローリアス(USA),0000328095,レッドブレイズ,0000336724,Naevus(USA),0000333757,ノーリユート(FR)
0000880954,アキノレッドスター,0000361387,Swain(IRE),0000406252,Absurde(FR),0000342649,Nashwan(USA),0000336430,Green Desert(USA)
0000730960,アクイレジア,0000337550,フォーティナイナー(USA),0000187154,ロジータ,0000335975,Mr. Prospector(USA),0000333608,ミルジヨージ(USA)
0000756067,アクシオン,0000333862,サンデーサイレンス(USA),0000263087,グレイテストヒッツ(USA),0000335154,Halo(USA),0000336397,Dixieland Band(USA)
0000201737,アクションスター,0000098122,アンバーシヤダイ,0000125467,ダイナスキツパー,0000333544,ノーザンテースト(CAN),0000333492,エルセンタウロ(ARG)
0000304805,アクセラレート,0000333870,フェアジャッジメント(USA),0000130235,タケノクリネツク,0000335203,Alleged(USA),0000333299,テスコボーイ(GB)
0000804256,アクセルカフェ,0000324971,マンハッタンカフェ,0000310644,グリーンエラン(USA),0000333862,サンデーサイレンス(USA),0000337848,デヒア(USA)
0001042216,アクティビューティ,0000849057,バゴ(FR),0000279165,ファンドリオボッコ,0000342649,Nashwan(USA),0000333770,ワツスルタツチ(USA)
0000732965,アクティブアクト,0000274883,ダンスインザダーク,0000213963,アクティブレディー,0000333862,サンデーサイレンス(USA),0000333544,ノーザンテースト(CAN)
0000318808,アクティブバイオ,0000339572,オペラハウス(GB),0000242697,ロイヤルバイオ,0000336572,Sadler's Wells(USA),0000140567,シンボリルドルフ
0001157375,アクティブミノル,0000743908,スタチューオブリバティ(USA),0001050119,ピエナアマゾン,0000337102,Storm Cat(USA),0000324933,アグネスタキオン
0000619859,アクトナチュラリー,0000333862,サンデーサイレンス(USA),0000158545,ダイナアクトレス,0000335154,Halo(USA),0000333544,ノーザンテースト(CAN)
0000742929,アクレイム,0000293624,スペシャルウィーク,0000298384,アカンプリッシュ,0000333862,サンデーサイレンス(USA),0000161740,トニービン(IRE)
0000754970,アクロスザヘイブン,0000262443,フジキセキ,0000247152,タックスヘイブン,0000333862,サンデーサイレンス(USA),0000336305,Alydar(USA)
0000316280,アグネスアラシ,0000333862,サンデーサイレンス(USA),0000404767,エイリーンズモーメント(USA),0000335154,Halo(USA),0000339620,For the Moment(USA)
0000754953,アグネスアーク,0000324933,アグネスタキオン,0000247092,ベルセゾン,0000333862,サンデーサイレンス(USA),0000333809,ベリフア(IRE)
0001093456,アグネスウイッシュ,0000225628,サクラバクシンオー,0000701451,アグネスシスター,0000145106,サクラユタカオー,0000274883,ダンスインザダーク
0000061406,アグネスウイン,0000333374,フアバージ(FR),0000002130,ラ・フウドル,0000334436,Princely Gift(GB),0000333075,プリメロ(GB)
0000242409,アグネスウイング,0000333830,アウザール(USA),0000124921,アグネスチーフ,0000336154,Shergar(GB),0000333535,トライバルチーフ(GB)
0001123667,アグネスキズナ,0000324933,アグネスタキオン,0000733285,アグネスバラード,0000333862,サンデーサイレンス(USA),0000362819,ヘネシー(USA)
0000988179,アグネスクイック,0000299078,アグネスワールド(USA),0000247243,メローフルーツ,0000336082,Danzig(USA),0000335154,Halo(USA)
0001033846,アグネスクリスタル,0000337444,Seeking the Gold(USA),0001003786,Shawklit Mint(USA),0000335975,Mr. Prospector(USA),0000340067,Air Forbes Won(USA)
0000634449,アグネスシラヌイ,0000333862,サンデーサイレンス(USA),0000233121,アイリッシュダンス,0000335154,Halo(USA),0000161740,トニービン(IRE)
0000732130,アグネスジェダイ,0000299078,アグネスワールド(USA),0000424554,ラッキーパイシーズ(CAN),0000336082,Danzig(USA),0000336770,Crafty Prospector(USA)
0000882983,アグネススターチ,0000274914,バブルガムフェロー,0000242410,アグネスリブ,0000333862,サンデーサイレンス(USA),0000333821,リヴリア(USA)
0000325753,アグネスストーム,0000340556,ジョリーズヘイロー(USA),0000223021,アグネスドレス,0000335154,Halo(USA),0000147426,ミルグロリー
0001048607,アグネススペクトル,0000321138,アグネスデジタル(USA),0000722213,アグネスチャームズ,0000336770,Crafty Prospector(USA),0000340630,ブラックタイアフェアー(IRE)
0000316387,アグネススペシャル,0000333862,サンデーサイレンス(USA),0000383129,ミルレーサー(USA),0000335154,Halo(USA),0000334064,Le Fabuleux(FR)
0000626086,アグネスソニック,0000361396,Unbridled's Song(USA),0000395454,Shelia Dacre(USA),0000340629,Unbridled(USA),0000336085,Nureyev(USA)
0000298397,アグネスチャンプ,0000333862,サンデーサイレンス(USA),0000383365,アルタニア(CAN),0000335154,Halo(USA),0000335224,Ruritania(USA)
0001100822,アグネスティンクル,0000372708,Giant's Causeway(USA),0000419962,Morning Devotion(USA),0000337102,Storm Cat(USA),0000336350,Affirmed(USA)
0000321138,アグネスデジタル,0000336770,Crafty Prospector(USA),0000397887,Chancey Squaw(USA),0000335975,Mr. Prospector(USA),0000337339,Chief's Crown(USA)
0000750255,アグネストレジャー,0000333862,サンデーサイレンス(USA),0000308929,アグネスセレーネー,0000335154,Halo(USA),0000161740,トニービン(IRE)
0000262333,アグネスドリーム,0000333856,ボーザム(NZ),0000125452,ダイナキヤンデイ,0000333962,Zamazaan(FR),0000333374,フアバージ(FR)
0000988734,アグネスハイヤー,0000324933,アグネスタキオン,0000262337,アグネスヒロイン,0000333862,サンデーサイレンス(USA),0000098122,アンバーシヤダイ
0000733991,アグネスハット,0000274883,ダンスインザダーク,0000384275,ノコナ(FR),0000333862,サンデーサイレンス(USA),0000337427,Fairy King(USA)
0000308943,アグネスパートナー,0000333862,サンデーサイレンス(USA),0000404767,エイリーンズモーメント(USA),0000335154,Halo(USA),0000339620,For the Moment(USA)
0001173438,アグネスフォルテ,0001115148,ハービンジャー(GB),0000995536,アグネスリース,0000372531,Dansili(GB),0000362799,フレンチデピュティ(USA)
0000316266,アグネスフライト,0000333862,サンデーサイレンス(USA),0000199926,アグネスフローラ,0000335154,Halo(USA),0000333637,ロイヤルスキー(USA)
0000618551,アグネスブレイブ,0000362599,ラムタラ(USA),0000168213,アグネスシヤレード,0000333996,Nijinsky(CAN),0000333667,ターゴワイス(USA)
0000619921,アグネスプラネット,0000333862,サンデーサイレンス(USA),0000383827,ポインテッドパス(GB),0000335154,Halo(USA),0000336087,Kris(GB)
0000750288,アグネスヘルメス,0000299155,エルコンドルパサー(USA),0000242410,アグネスリブ,0000347989,Kingmambo(USA),0000333821,リヴリア(USA)
0000619788,アグネスポイント,0000237704,ホワイトマズル(GB),0000241990,アグネスパレード,0000336853,ダンシングブレーヴ(USA),0000114852,バンブーアトラス
0000799881,アグネスマクシマム,0000324933,アグネスタキオン,0000247094,エアシャロン,0000333862,サンデーサイレンス(USA),0000333544,ノーザンテースト(CAN)
0001139529,アグネスミニッツ,0000299089,グラスワンダー(USA),0000757230,アグネスマジカル,0000336890,Silver Hawk(USA),0000324933,アグネスタキオン
0000891192,アグネスミヌエット,0000316266,アグネスフライト,0000701452,アグネスシルキー,0000333862,サンデーサイレンス(USA),0000237704,ホワイトマズル(GB)
0000722221,アグネスラズベリ,0000298391,エアジハード,0000286847,アグネスミネルバ,0000145106,サクラユタカオー,0000161740,トニービン(IRE)
0000887573,アグネスラナップ,0000324933,アグネスタキオン,0000316864,フォーティエース,0000333862,サンデーサイレンス(USA),0000337550,フォーティナイナー(USA)
0001043796,アグネスワルツ,0000701668,ゼンノロブロイ,0000309035,メルロースウィート,0000333862,サンデーサイレンス(USA),0000333887,ヘクタープロテクター(USA)
0001140660,アグリッパーバイオ,0000626923,チチカステナンゴ(FR),0000806271,ソングバード,0000361696,Smadoun(FR),0000274883,ダンスインザダーク
0000801562,アグレアーブル,0000324933,アグネスタキオン,0000275639,ファビラスラフイン(FR),0000333862,サンデーサイレンス(USA),0000336184,Fabulous Dancer(USA)
0001143346,アグン,0000369336,Indian Charlie(USA),0001143109,Mama Tia(USA),0000339710,In Excess(IRE),0000341849,Carson City(USA)
0000323729,アサカディフィート,0000225913,パラダイスクリーク(USA),0000383352,スプリームクィーン(USA),0000336421,Irish River(FR),0000336305,Alydar(USA)
0000326156,アサカブレイヴリー,0000336853,ダンシングブレーヴ(USA),0000211455,ミスベイブリッジ,0000334968,Lyphard(USA),0000333722,ラシアンルーブル(USA)
0000703716,アサカマグマ,0000340630,ブラックタイアフェアー(IRE),0000186956,キョウワマグマ,0000336395,Miswaki(USA),0000333544,ノーザンテースト(CAN)
0000704376,アサギヌ,0000340528,ジェネラス(IRE),0000383903,シートゥシャイニングシー(USA),0000336202,Caerleon(USA),0000337092,Devil's Bag(USA)
0000198366,アサギリジョー,0000333686,ウオロー(IRE),0000124699,ヒリウフブキ,0000334681,Wolver Hollow(GB),0000333485,ドン(ITY)
0000626082,アサクサキニナル,0000347989,Kingmambo(USA),0000431550,Jump With Joy(USA),0000335975,Mr. Prospector(USA),0000336208,Linkage(USA)
0000804024,アサクサキングス,0000237704,ホワイトマズル(GB),0000308952,クルーピアスター,0000336853,ダンシングブレーヴ(USA),0000333862,サンデーサイレンス(USA)
0001228768,アサクサゲンキ,0000749811,Stormy Atlantic(USA),0000792062,Amelia(USA),0000337102,Storm Cat(USA),0000336397,Dixieland Band(USA)
0000730871,アサクササイレン,0000333862,サンデーサイレンス(USA),0000444467,レンⅡ(IRE),0000335154,Halo(USA),0000340183,Bob Back(USA)
0000224308,アサクサスポット,0000114852,バンブーアトラス,0000157430,タイロス,0000333578,ジムフレンチ(USA),0000333597,ヤマニン(USA)
0000758656,アサクサゼットキ,0000287925,タイキシャトル(USA),0000298461,エアインセンス,0000337092,Devil's Bag(USA),0000333862,サンデーサイレンス(USA)
0000890842,アサクサダンディ,0000262443,フジキセキ,0000619834,ヘルスウォール,0000333862,サンデーサイレンス(USA),0000365099,エリシオ(FR)
0001119914,アサクサティアラ,0000742976,ディープインパクト,0000321305,ミルグレイン(GB),0000333862,サンデーサイレンス(USA),0000342688,Polish Precedent(USA)
0000704212,アサクサデンエン,0000263172,Singspiel(IRE),0000439039,ホワイトウォーターアフェア(GB),0000341850,In The Wings(GB),0000337496,Machiavellian(USA)
0001043128,アサクサマリンバ,0000701668,ゼンノロブロイ,0000298415,コールミースーン,0000333862,サンデーサイレンス(USA),0000336348,リファーズウィッシュ(FR)
0000723458,アサクサムスタング,0000365957,ドリームウェル(FR),0000210605,カクテルドレス,0000336572,Sadler's Wells(USA),0000333664,デイクタス(FR)
0000727917,アサクサユートピア,0000274883,ダンスインザダーク,0000307255,ビツキーロイヤル,0000333862,サンデーサイレンス(USA),0000225913,パラダイスクリーク(USA)
0000804596,アサティスボーイ,0000182480,アサティス(USA),0000315593,ホクトリベルテ,0000336769,Topsider(USA),0000339572,オペラハウス(GB)
0000027810,アサヒライジング,0000006957,ライジングマサル,0000008183,ツルホマレ,0000333115,ライジングフレーム(IRE),0000003053,ゴールドアロー
0001206152,アシャカデッシュ,0000885246,アーネストリー,0001042208,ユメノトキメキ,0000299089,グラスワンダー(USA),0000256512,マーベラスサンデー
0001187382,アシャカリアン,0001114985,サマーバード(USA),0000762428,シックファイター,0000852542,Birdstone(USA),0000333887,ヘクタープロテクター(USA)
0000743962,アシュダウンエクスプレス,0000362536,Ashkalani(IRE),0000743963,Indian Express(GB),0000337101,ソヴィエトスター(USA),0000342656,Indian Ridge(IRE)
0000737055,アシュヴィン,0000284831,シルクジャスティス,0000286523,フルブラッド,0000333844,ブライアンズタイム(USA),0000115432,ラツキーキヤスト
0001177896,アジアエクスプレス,0001028940,ヘニーヒューズ(USA),0001069254,ランニングボブキャッツ(USA),0000362819,ヘネシー(USA),0000369565,Running Stag(USA)
0000755284,アジアンティック,0000333769,パークリージエント(CAN),0000253476,フジノバンナ,0000336132,Vice Regent(CAN),0000333593,ラツキーソブリン(USA)
0001117334,アジャストメント,0000298971,マイネルラヴ(USA),0000212695,ブルーベイブリッジ,0000337444,Seeking the Gold(USA),0000333737,リーフアーマツドネス(GB)
0000723355,アジュディミツオー,0000333872,アジュディケーティング(USA),0000280312,オリミツキネン,0000336082,Danzig(USA),0000333822,ジヤツジアンジエルーチ(USA)
0001173612,アジュールローズ,0001046333,ヴィクトワールピサ,0000999178,ヴィアンローズ(FR),0000701577,ネオユニヴァース,0000714374,Sevres Rose(IRE)
0001043365,アスカクリチャン,0000319426,スターリングローズ,0000303246,ローレルワルツ,0000337421,アフリート(CAN),0000169443,ダイナレター
0001042007,アスカトップレディ,0000316565,アドマイヤボス,0000273943,タガノシャーディ,0000333862,サンデーサイレンス(USA),0000337447,シャーディー(USA)
0001139940,アスカノロマン,0000321138,アグネスデジタル(USA),0000762632,アスカノヒミコ,0000336770,Crafty Prospector(USA),0000361351,タバスコキャット(USA)
0001154897,アスカビレン,0000722797,ブラックタイド,0000806647,スウェプトレジーナ,0000333862,サンデーサイレンス(USA),0000375505,スウェプトオーヴァーボード(USA)
0000328153,アスクコマンダー,0000333894,コマンダーインチーフ(GB),0000260767,エイブルカグラ,0000336853,ダンシングブレーヴ(USA),0000333874,ジェイドロバリー(USA)
0000705564,アスクジュビリー,0000333894,コマンダーインチーフ(GB),0000284129,アスクファンタジー,0000336853,ダンシングブレーヴ(USA),0000161740,トニービン(IRE)
0000803117,アスクデピュティ,0000362799,フレンチデピュティ(USA),0000298451,マルカコマチ,0000338072,Deputy Minister(CAN),0000333862,サンデーサイレンス(USA)
0001096044,アスターウィング,0000321282,クリストワイニング(USA),0000755622,ヒサクィーン,0000359332,トワイニング(USA),0000324933,アグネスタキオン
0001169996,アスターサムソン,0000760084,メイショウサムソン,0000742734,アドマイヤマダム,0000339572,オペラハウス(GB),0000333862,サンデーサイレンス(USA)
0000901660,アスタートリッピー,0000621146,Trippi(USA),0000775998,Chi Sa(CAN),0000361855,エンドスウィープ(USA),0000339781,Bold Ruckus(USA)
0001252433,アスターペガサス,0000372708,Giant's Causeway(USA),0001244428,R Heat Lightning(USA),0000337102,Storm Cat(USA),0000621146,Trippi(USA)
0001172231,アストラエンブレム,0000725485,ダイワメジャー,0000886892,ブラックエンブレム,0000333862,サンデーサイレンス(USA),0000731452,ウォーエンブレム(USA)
0001096863,アストロロジー,0000324933,アグネスタキオン,0000982262,アーキオロジー(USA),0000333862,サンデーサイレンス(USA),0000337444,Seeking the Gold(USA)
0000801522,アストンマーチャン,0000308300,アドマイヤコジーン,0000275434,ラスリングカプス(USA),0000337423,Cozzene(USA),0000337445,Woodman(USA)
0000885348,アスドゥクール,0000325200,ジャングルポケット,0000287818,アイリッシュカーリ(IRE),0000161740,トニービン(IRE),0000336202,Caerleon(USA)
0000750359,アスピリンスノー,0000299155,エルコンドルパサー(USA),0000237705,スキーパラダイス(USA),0000347989,Kingmambo(USA),0000334968,Lyphard(USA)
0000117253,アスペクト,0000333470,ラム(USA),0000381913,サニートツプ,0000334258,Fleet Nasrullah(USA),0000333447,ボンモー(FR)
0001142088,アスペンツリー,0000293624,スペシャルウィーク,0000993632,アスペンアベニュー,0000333862,サンデーサイレンス(USA),0000359332,トワイニング(USA)
0000723210,アズマサンダース,0000333862,サンデーサイレンス(USA),0000234049,オースミシャイン,0000335154,Halo(USA),0000140567,シンボリルドルフ
0001133748,アズマシャトル,0000701668,ゼンノロブロイ,0000281169,ブレッシング,0000333862,サンデーサイレンス(USA),0000069360,マルゼンスキー
0000986744,アズマタイショウ,0000729458,キングカメハメハ,0000188283,フアーストラブ,0000347989,Kingmambo(USA),0000333603,ナイスダンサー(CAN)
0001170712,アズマタックン,0000722797,ブラックタイド,0000761752,ネイチャーガイド,0000333862,サンデーサイレンス(USA),0000299155,エルコンドルパサー(USA)
0000614808,アズマビヨンド,0000274883,ダンスインザダーク,0000383936,フロムビヨンド(GB),0000333862,サンデーサイレンス(USA),0000336087,Kris(GB)
0001217464,アズマヘリテージ,0000991898,トーセンジョーダン,0000889312,ヘリテージゴールド,0000325200,ジャングルポケット,0000262443,フジキセキ
0001193393,アズールムーン,0000776823,Malibu Moon(USA),0001177865,ターシャズスター(USA),0000339653,A.P. Indy(USA),0000794780,Spanish Steps(USA)
0000714290,アタゴタイショウ,0000347814,Silver Deputy(CAN),0000713968,Soaring Sultana(USA),0000338072,Deputy Minister(CAN),0000336380,Northjet(IRE)
0001186863,アダマンティン,0001115148,ハービンジャー(GB),0000750331,キラリダイヤモンド,0000372531,Dansili(GB),0000262443,フジキセキ
0001110632,アダムスピーク,0000742976,ディープインパクト,0000876771,シンハリーズ(GB),0000333862,サンデーサイレンス(USA),0000263172,Singspiel(IRE)
0001155265,アダムスブリッジ,0000701668,ゼンノロブロイ,0000876771,シンハリーズ(GB),0000333862,サンデーサイレンス(USA),0000263172,Singspiel(IRE)
0001187496,アダムバローズ,0000722158,ハーツクライ,0000775192,チャチャリーノ,0000333862,サンデーサイレンス(USA),0000361396,Unbridled's Song(USA)
0001149766,アッシュゴールド,0000286968,ステイゴールド,0000316406,オリエンタルアート,0000333862,サンデーサイレンス(USA),0000203356,メジロマックイーン
0001122281,アットウィル,0000760877,アドマイヤムーン,0000704565,アフレタータ,0000361855,エンドスウィープ(USA),0000287925,タイキシャトル(USA)
0001171117,アットザシーサイド,0000729458,キングカメハメハ,0000799898,ルミナスハーバー,0000347989,Kingmambo(USA),0000324933,アグネスタキオン
0000617670,アッパレアッパレ,0000274914,バブルガムフェロー,0000242311,ガイドブック,0000333862,サンデーサイレンス(USA),0000159311,ラグビーボール
0001092055,アッパーイースト,0000324971,マンハッタンカフェ,0000432605,ココパシオン(FR),0000333862,サンデーサイレンス(USA),0000336862,グルームダンサー(USA)
0001177338,アップウィズザバーズ,0000749811,Stormy Atlantic(USA),0000899425,Song of the Lark(CAN),0000337102,Storm Cat(USA),0000337444,Seeking the Gold(USA)
0001173301,アップクォーク,0001148419,ベーカバド(FR),0000993928,フェルミオン,0000363470,Cape Cross(IRE),0000324933,アグネスタキオン
0000799561,アップステージ,0000310442,メイショウドトウ(IRE),0000241234,テンドラー,0000353279,Bigstone(IRE),0000333851,インイクストリーミス(USA)
0000270788,アップトゥデイト,0000333796,リフアーズスペシヤル(USA),0000149473,ハーバーリーガル,0000334968,Lyphard(USA),0000333376,インターメゾ(GB)
0000742579,アップドラフト,0000299155,エルコンドルパサー(USA),0000383894,マクダヴィア(USA),0000347989,Kingmambo(USA),0000342372,ブラッシングジョン(USA)
0000611575,アップポイント,0000337101,ソヴィエトスター(USA),0000243929,アイアムフェアリー,0000336085,Nureyev(USA),0000127142,ウインザーノツト
0000803952,アップルサイダー,0000268975,エイシンサンディ,0000308314,タイキアルテミス,0000333862,サンデーサイレンス(USA),0000225905,ドクターデヴィアス(IRE)
0001089069,アップルジャック,0000766346,アポインテッドデイ(USA),0000294681,アラマササイダー,0000337563,Red Ransom(USA),0000182480,アサティス(USA)
0000313435,アッミラーレ,0000333862,サンデーサイレンス(USA),0000406483,ダジルミージョリエ(USA),0000335154,Halo(USA),0000340490,Carr de Naskra(USA)
0001167584,アッラサルーテ,0000725485,ダイワメジャー,0000332981,ラタフィア(USA),0000333862,サンデーサイレンス(USA),0000337423,Cozzene(USA)
0000757352,アテスト,0000337550,フォーティナイナー(USA),0000282713,アプローズフラワー,0000335975,Mr. Prospector(USA),0000333637,ロイヤルスキー(USA)
0000990308,アディアフォーン,0000274883,ダンスインザダーク,0000295505,ファレノプシス,0000333862,サンデーサイレンス(USA),0000333844,ブライアンズタイム(USA)
0001139720,アデイインザライフ,0000742976,ディープインパクト,0000759897,ラッシュライフ,0000333862,サンデーサイレンス(USA),0000225628,サクラバクシンオー
0000177197,アトム,0000090138,トウシヨウイレブン,0000127285,ネモフイラ,0000333299,テスコボーイ(GB),0000333620,マラケート(USA)
0001205314,アトムアストレア,0000611525,タニノギムレット,0000990409,アトムスパンカー,0000333844,ブライアンズタイム(USA),0000262275,ジェニュイン
0000319316,アトラクティーボ,0000336202,Caerleon(USA),0000396526,フォーミド(IRE),0000333996,Nijinsky(CAN),0000337461,Trempolino(USA)
0000707183,アドニスシチー,0000256512,マーベラスサンデー,0000198916,ヤスコデビル,0000333862,サンデーサイレンス(USA),0000130523,ミスターシービー
0000988281,アドバンスウェイ,0000701577,ネオユニヴァース,0000250109,シアトルフェアー(USA),0000333862,サンデーサイレンス(USA),0000336568,Capote(USA)
0000993829,アドバンスヘイロー,0000294840,キングヘイロー,0000384186,デヴィルズフラート(USA),0000336853,ダンシングブレーヴ(USA),0000337092,Devil's Bag(USA)
0000198602,アドバンテージ,0000333750,ロイヤルコーチ(IRE),0000139511,デイープクイン,0000334047,Mill Reef(USA),0000333634,ソーブレスド(GB)
0001207926,アドマイヤアルバ,0000722158,ハーツクライ,0001113009,エリドゥバビロン(USA),0000333862,サンデーサイレンス(USA),0000372597,Bernstein(USA)
0001134894,アドマイヤアロマ,0000701577,ネオユニヴァース,0000316530,ピンクプルメリア,0000333862,サンデーサイレンス(USA),0000336202,Caerleon(USA)
0001123057,アドマイヤイバマ,0000615577,クロフネ(USA),0000725733,スペシャライズ,0000362799,フレンチデピュティ(USA),0000293624,スペシャルウィーク
0000760881,アドマイヤウイナー,0000615577,クロフネ(USA),0000325190,フローリッドコート,0000362799,フレンチデピュティ(USA),0000333862,サンデーサイレンス(USA)
0001171517,アドマイヤエイカン,0000722158,ハーツクライ,0000806451,ペルヴィアンリリー,0000333862,サンデーサイレンス(USA),0000362799,フレンチデピュティ(USA)
0001127089,アドマイヤオウジャ,0000742976,ディープインパクト,0001111253,シーズオールエルティッシュ(USA),0000333862,サンデーサイレンス(USA),0000356574,Eltish(USA)
0000801496,アドマイヤオーラ,0000324933,アグネスタキオン,0000275176,ビワハイジ,0000333862,サンデーサイレンス(USA),0000336202,Caerleon(USA)
0000310611,アドマイヤカイザー,0000337286,Rainbow Quest(USA),0000393780,Alexandrie(USA),0000335274,Blushing Groom(FR),0000335803,Val de l'Orne(FR)
0000757791,アドマイヤカリブ,0000225628,サクラバクシンオー,0000287601,ルビーマイディア(USA),0000145106,サクラユタカオー,0000337432,Gone West(USA)
0000324174,アドマイヤガスト,0000333894,コマンダーインチーフ(GB),0000187418,シルビアワン,0000336853,ダンシングブレーヴ(USA),0000333642,キヤタオラ(USA)
0000756830,アドマイヤキッス,0000333862,サンデーサイレンス(USA),0000274974,キッスパシオン,0000335154,Halo(USA),0000333874,ジェイドロバリー(USA)
0001103893,アドマイヤギャラン,0000722158,ハーツクライ,0000316818,マイダイナマイト,0000333862,サンデーサイレンス(USA),0000213946,ダイナマイトダディ
0000713851,アドマイヤグルーヴ,0000333862,サンデーサイレンス(USA),0000274849,エアグルーヴ,0000335154,Halo(USA),0000161740,トニービン(IRE)
0000752025,アドマイヤグローリ,0000274883,ダンスインザダーク,0000190883,メインゲスト,0000333862,サンデーサイレンス(USA),0000333667,ターゴワイス(USA)
0001092497,アドマイヤケルソ,0000620131,アドマイヤドン,0000613013,ロイヤルカード,0000333901,ティンバーカントリー(USA),0000333862,サンデーサイレンス(USA)
0000308300,アドマイヤコジーン,0000337423,Cozzene(USA),0000244682,アドマイヤマカディ,0000334731,Caro(IRE),0000333544,ノーザンテースト(CAN)
0001041669,アドマイヤコスモス,0000620083,アドマイヤマックス,0000262978,アドマイヤラピス(IRE),0000333862,サンデーサイレンス(USA),0000335936,Be My Guest(USA)
0000887530,アドマイヤコマンド,0000324933,アグネスタキオン,0000316551,トコア,0000333862,サンデーサイレンス(USA),0000358543,カーネギー(IRE)
0001090511,アドマイヤコリン,0000742976,ディープインパクト,0000318070,シルクプリマドンナ,0000333862,サンデーサイレンス(USA),0000333844,ブライアンズタイム(USA)
0000325173,アドマイヤゴッド,0000333844,ブライアンズタイム(USA),0000169374,サクラハゴロモ,0000335167,Roberto(USA),0000333544,ノーザンテースト(CAN)
0001087633,アドマイヤサイモン,0000722158,ハーツクライ,0000249839,ノーザンプリンセス,0000333862,サンデーサイレンス(USA),0000333544,ノーザンテースト(CAN)
0001095178,アドマイヤサガス,0000262443,フジキセキ,0000731696,ベルベットローブ(USA),0000333862,サンデーサイレンス(USA),0000337432,Gone West(USA)
0000994266,アドマイヤサムライ,0000701577,ネオユニヴァース,0000446913,シマリングゲージ(GB),0000333862,サンデーサイレンス(USA),0000336430,Green Desert(USA)
0000742966,アドマイヤサンサン,0000274883,ダンスインザダーク,0000233153,ラテルネ,0000333862,サンデーサイレンス(USA),0000161740,トニービン(IRE)
0000730808,アドマイヤシェイク,0000361855,エンドスウィープ(USA),0000382736,レツツキツス(USA),0000337550,フォーティナイナー(USA),0000334968,Lyphard(USA)
0000993694,アドマイヤシャトル,0000325200,ジャングルポケット,0000383998,レース(USA),0000161740,トニービン(IRE),0000339836,Gulch(USA)
0001142463,アドマイヤシーマ,0000742976,ディープインパクト,0001035873,ショアー(GER),0000333862,サンデーサイレンス(USA),0000343943,Acatenango(GER)
0000325089,アドマイヤジャック,0000337550,フォーティナイナー(USA),0000125457,グローバルダイナ,0000335975,Mr. Prospector(USA),0000333544,ノーザンテースト(CAN)
0000737164,アドマイヤジャパン,0000333862,サンデーサイレンス(USA),0000275176,ビワハイジ,0000335154,Halo(USA),0000336202,Caerleon(USA)
0000758596,アドマイヤジュピタ,0000362799,フレンチデピュティ(USA),0000298278,ジェイズジュエリー,0000338072,Deputy Minister(CAN),0000333707,リアルシヤダイ(USA)
0001089174,アドマイヤスコール,0000362799,フレンチデピュティ(USA),0000297087,アズサユミ,0000338072,Deputy Minister(CAN),0000333862,サンデーサイレンス(USA)
0000756919,アドマイヤスバル,0000316565,アドマイヤボス,0000275675,アドマイヤエール(IRE),0000333862,サンデーサイレンス(USA),0000340528,ジェネラス(IRE)
0001122038,アドマイヤスピカ,0000729458,キングカメハメハ,0000701702,エルダンジュ,0000347989,Kingmambo(USA),0000333862,サンデーサイレンス(USA)
0000805453,アドマイヤスペース,0000308300,アドマイヤコジーン,0000325154,アドマイヤキセキ,0000337423,Cozzene(USA),0000161740,トニービン(IRE)
0000881637,アドマイヤスワット,0000615577,クロフネ(USA),0000201784,ビーバップ,0000362799,フレンチデピュティ(USA),0000098122,アンバーシヤダイ
0001094211,アドマイヤセプター,0000729458,キングカメハメハ,0000713851,アドマイヤグルーヴ,0000347989,Kingmambo(USA),0000333862,サンデーサイレンス(USA)
0001051635,アドマイヤタイシ,0000263172,Singspiel(IRE),0000880824,ミズナ(USA),0000341850,In The Wings(GB),0000372664,Dubai Millennium(GB)
0000733245,アドマイヤタイトル,0000309184,アドマイヤベガ,0000287822,アドマイヤモンロー(IRE),0000333862,サンデーサイレンス(USA),0000336202,Caerleon(USA)
0000316539,アドマイヤタッチ,0000333901,ティンバーカントリー(USA),0000383908,ドルスク(GB),0000337445,Woodman(USA),0000336082,Danzig(USA)
0001174277,アドマイヤダイオウ,0000742976,ディープインパクト,0001049320,アドマイヤマリン,0000333862,サンデーサイレンス(USA),0000615577,クロフネ(USA)
0000807460,アドマイヤダンク,0000362799,フレンチデピュティ(USA),0000613013,ロイヤルカード,0000338072,Deputy Minister(CAN),0000333862,サンデーサイレンス(USA)
0000723795,アドマイヤダンサー,0000299155,エルコンドルパサー(USA),0000409632,キャサリーンパー(USA),0000347989,Kingmambo(USA),0000335664,Riverman(USA)
0001045035,アドマイヤツバサ,0000848478,ロージズインメイ(USA),0000325187,ローカス,0000339820,Devil His Due(USA),0000161740,トニービン(IRE)
0001119979,アドマイヤツヨシ,0000760877,アドマイヤムーン,0000324097,タイムフェアレディ,0000361855,エンドスウィープ(USA),0000203356,メジロマックイーン
0000701777,アドマイヤテレサ,0000365099,エリシオ(FR),0000427094,ヒード(USA),0000337427,Fairy King(USA),0000339758,Caveat(USA)
0001047835,アドマイヤテンクウ,0000729458,キングカメハメハ,0000701702,エルダンジュ,0000347989,Kingmambo(USA),0000333862,サンデーサイレンス(USA)
0001048502,アドマイヤテンバ,0000615577,クロフネ(USA),0000713851,アドマイヤグルーヴ,0000362799,フレンチデピュティ(USA),0000333862,サンデーサイレンス(USA)
0000762948,アドマイヤディーノ,0000362799,フレンチデピュティ(USA),0000620124,アドマイヤセラヴィ,0000338072,Deputy Minister(CAN),0000333862,サンデーサイレンス(USA)
0001136231,アドマイヤデウス,0000620131,アドマイヤドン,0000613013,ロイヤルカード,0000333901,ティンバーカントリー(USA),0000333862,サンデーサイレンス(USA)
0001107328,アドマイヤトライ,0000700008,シンボリクリスエス(USA),0000713851,アドマイヤグルーヴ,0000336209,Kris S.(USA),0000333862,サンデーサイレンス(USA)
0001121184,アドマイヤドバイ,0000760877,アドマイヤムーン,0000613013,ロイヤルカード,0000361855,エンドスウィープ(USA),0000333862,サンデーサイレンス(USA)
0000620131,アドマイヤドン,0000333901,ティンバーカントリー(USA),0000232957,ベガ,0000337445,Woodman(USA),0000161740,トニービン(IRE)
0001102429,アドマイヤバラード,0000722158,ハーツクライ,0000286866,プロモーション,0000333862,サンデーサイレンス(USA),0000333887,ヘクタープロテクター(USA)
0000743117,アドマイヤヒラリー,0000342649,Nashwan(USA),0000719873,ダリンダ(USA),0000335274,Blushing Groom(FR),0000336085,Nureyev(USA)
0001202154,アドマイヤビクター,0001042049,ルーラーシップ,0000726519,ツィンクルヴェール,0000729458,キングカメハメハ,0000333862,サンデーサイレンス(USA)
0001142201,アドマイヤビジン,0000615577,クロフネ(USA),0000995759,スマイルビジン,0000362799,フレンチデピュティ(USA),0000314130,ゴールドヘイロー
0001174910,アドマイヤビスタ,0000701577,ネオユニヴァース,0001099010,レインボークォーツ,0000333862,サンデーサイレンス(USA),0000362868,Mr. Greeley(USA)
0000725233,アドマイヤビッグ,0000333862,サンデーサイレンス(USA),0000411003,ジェドゥーザムール(FR),0000335154,Halo(USA),0000336543,Top Ville(IRE)
0001157773,アドマイヤピンク,0000729458,キングカメハメハ,0001142878,ストゥデンテッサ(ARG),0000347989,Kingmambo(USA),0000372677,High Yield(USA)
0000885361,アドマイヤフォース,0000287925,タイキシャトル(USA),0000287864,アイアンドユー(USA),0000337092,Devil's Bag(USA),0000336890,Silver Hawk(USA)
0000733246,アドマイヤフジ,0000309184,アドマイヤベガ,0000262978,アドマイヤラピス(IRE),0000333862,サンデーサイレンス(USA),0000335936,Be My Guest(USA)
0001104400,アドマイヤフライト,0000324971,マンハッタンカフェ,0000325154,アドマイヤキセキ,0000333862,サンデーサイレンス(USA),0000161740,トニービン(IRE)
0001103405,アドマイヤブルー,0000729458,キングカメハメハ,0000309083,ジェイズミラクル,0000347989,Kingmambo(USA),0000262443,フジキセキ
0000807774,アドマイヤプルート,0000308300,アドマイヤコジーン,0000618354,スプリングハーレー,0000337423,Cozzene(USA),0000333846,キンググローリアス(USA)
0000797794,アドマイヤヘッド,0000308300,アドマイヤコジーン,0000199019,スイートミトゥーナ,0000337423,Cozzene(USA),0000130523,ミスターシービー
0000804731,アドマイヤホクト,0000225628,サクラバクシンオー,0000316472,リドルミー,0000145106,サクラユタカオー,0000358543,カーネギー(IRE)
0000722341,アドマイヤホープ,0000337550,フォーティナイナー(USA),0000262978,アドマイヤラピス(IRE),0000335975,Mr. Prospector(USA),0000335936,Be My Guest(USA)
0000726802,アドマイヤマジック,0000274914,バブルガムフェロー,0000286889,トキオクレバー,0000333862,サンデーサイレンス(USA),0000333887,ヘクタープロテクター(USA)
アドマイヤマジン,アドマイヤマジン,,,,,,,,
0000620083,アドマイヤマックス,0000333862,サンデーサイレンス(USA),0000145823,ダイナシユート,0000335154,Halo(USA),0000333544,ノーザンテースト(CAN)
0001221956,アドマイヤマーズ,0000725485,ダイワメジャー,0001209459,ヴィアメディチ(IRE),0000333862,サンデーサイレンス(USA),0000621128,Medicean(GB)
0001190477,アドマイヤミヤビ,0000722158,ハーツクライ,0001047829,レディスキッパー,0000333862,サンデーサイレンス(USA),0000615577,クロフネ(USA)
0000802818,アドマイヤミリオン,0000731452,ウォーエンブレム(USA),0000295365,プリマ,0000362883,Our Emblem(USA),0000161740,トニービン(IRE)
0000738520,アドマイヤムサシ,0000333862,サンデーサイレンス(USA),0000281525,ビワプリムラ,0000335154,Halo(USA),0000337445,Woodman(USA)
0000760877,アドマイヤムーン,0000361855,エンドスウィープ(USA),0000325165,マイケイティーズ,0000337550,フォーティナイナー(USA),0000333862,サンデーサイレンス(USA)
0000757705,アドマイヤメイン,0000333862,サンデーサイレンス(USA),0000286866,プロモーション,0000335154,Halo(USA),0000333887,ヘクタープロテクター(USA)
0000743029,アドマイヤメガミ,0000299155,エルコンドルパサー(USA),0000298377,アドマイヤサンデー,0000347989,Kingmambo(USA),0000333862,サンデーサイレンス(USA)
0000992392,アドマイヤメジャー,0000324933,アグネスタキオン,0000321410,ティエッチマンボ(USA),0000333862,サンデーサイレンス(USA),0000347989,Kingmambo(USA)
0001139021,アドマイヤメテオ,0000729458,キングカメハメハ,0000743043,ジェダイト,0000347989,Kingmambo(USA),0000333862,サンデーサイレンス(USA)
0000725711,アドマイヤモナーク,0000365957,ドリームウェル(FR),0000298305,スプリットザナイト,0000336572,Sadler's Wells(USA),0000161740,トニービン(IRE)
0001167300,アドマイヤモラール,0000901749,キンシャサノキセキ(AUS),0000325215,カツラドライバー,0000262443,フジキセキ,0000129863,ニホンピロウイナー
0001136946,アドマイヤヤング,0000262443,フジキセキ,0000701518,コックニー,0000333862,サンデーサイレンス(USA),0000361387,Swain(IRE)
0001093542,アドマイヤラクティ,0000722158,ハーツクライ,0000701777,アドマイヤテレサ,0000333862,サンデーサイレンス(USA),0000365099,エリシオ(FR)
0001136565,アドマイヤランディ,0000286968,ステイゴールド,0000619547,ゴーオンマイウェイ,0000333862,サンデーサイレンス(USA),0000340556,ジョリーズヘイロー(USA)
0000325274,アドマイヤリッチ,0000333862,サンデーサイレンス(USA),0000383998,レース(USA),0000335154,Halo(USA),0000339836,Gulch(USA)
0001110009,アドマイヤリリーフ,0000262443,フジキセキ,0000795842,マイベストスター(AUS),0000333862,サンデーサイレンス(USA),0000337424,デインヒル(USA)
0001174899,アドマイヤリード,0000286968,ステイゴールド,0001098942,ベルアリュールⅡ(IRE),0000333862,サンデーサイレンス(USA),0000361929,Numerous(USA)
0001104214,アドマイヤレイ,0000725485,ダイワメジャー,0000321410,ティエッチマンボ(USA),0000333862,サンデーサイレンス(USA),0000347989,Kingmambo(USA)
0000701674,アドマイヤロイヤル,0000161740,トニービン(IRE),0000298377,アドマイヤサンデー,0000336378,カンパラ(GB),0000333862,サンデーサイレンス(USA)
0000883908,アドマイヤローザ,0000362799,フレンチデピュティ(USA),0000262330,ロザヴィア,0000338072,Deputy Minister(CAN),0000333862,サンデーサイレンス(USA)
0000325233,アドマイヤロード,0000333862,サンデーサイレンス(USA),0000406863,フランクアーギュメント(USA),0000335154,Halo(USA),0000340721,Argument(FR)
0001188522,アドミラブル,0000742976,ディープインパクト,0000885256,スカーレット,0000333862,サンデーサイレンス(USA),0000700008,シンボリクリスエス(USA)
0001134580,アドミラルシップ,0000701668,ゼンノロブロイ,0000309189,アドマイヤライト,0000333862,サンデーサイレンス(USA),0000336209,Kris S.(USA)
0001109045,アナスタシアブルー,0000626942,ファルブラヴ(IRE),0000743066,ライラプス,0000337427,Fairy King(USA),0000362799,フレンチデピュティ(USA)
0001268757,アナマリー,0001085636,パイロ(USA),0001140524,カオール,0000337958,Pulpit(USA),0000626815,コマンズ(AUS)
0001126499,アニマトゥール,0000237704,ホワイトマズル(GB),0000890829,リュートフルシティ,0000336853,ダンシングブレーヴ(USA),0000731452,ウォーエンブレム(USA)
0001049652,アニメイトバイオ,0000701668,ゼンノロブロイ,0000738328,レーゲンボーゲン,0000333862,サンデーサイレンス(USA),0000362799,フレンチデピュティ(USA)
0001091668,アバウト,0000743734,ムーンバラッド(IRE),0000383793,ビューティフルゴールド(USA),0000263172,Singspiel(IRE),0000335975,Mr. Prospector(USA)
0001049318,アパパネ,0000729458,キングカメハメハ,0000731694,ソルティビッド(USA),0000347989,Kingmambo(USA),0000339861,Salt Lake(USA)
0000245227,アピールバイオ,0000333848,ナスルエルアラブ(USA),0000119933,エビスリジヨウ,0000336336,Al Nasr(FR),0000333480,サンシー(FR)
0001150785,アフェクシオン,0001099904,コンデュイット(IRE),0000612189,マイネミモーゼ,0000745340,Dalakhani(IRE),0000333844,ブライアンズタイム(USA)
0001092770,アフォード,0000225628,サクラバクシンオー,0000616491,プリティメイズ,0000145106,サクラユタカオー,0000275462,ゼネラリスト(GB)
0000293550,アフターダーク,0000147048,ミホシンザン,0000178432,ラブリーワイス,0000008661,シンザン,0000333667,ターゴワイス(USA)
0001218382,アフランシール,0000722158,ハーツクライ,0000996247,ルシュクル,0000333862,サンデーサイレンス(USA),0000225628,サクラバクシンオー
0001203503,アフリカンゴールド,0000286968,ステイゴールド,0000766898,ブリクセン(USA),0000333862,サンデーサイレンス(USA),0000337432,Gone West(USA)
0001088008,アフリカンハンター,0000324933,アグネスタキオン,0000263157,チーター(USA),0000333862,サンデーサイレンス(USA),0000337444,Seeking the Gold(USA)
0000750208,アフリカンビート,0000333862,サンデーサイレンス(USA),0000449259,レディオブチャド(IRE),0000335154,Halo(USA),0000337436,ラストタイクーン(IRE)
0000704565,アフレタータ,0000287925,タイキシャトル(USA),0000384119,チャイナブリーズ(USA),0000337092,Devil's Bag(USA),0000336568,Capote(USA)
0000291647,アフロディーテ,0000146959,ランドヒリュウ,0000187495,サンアートー,0000333640,ブレイヴエストローマン(USA),0000333654,スポーツキー(USA)
0001104161,アブシンベル,0000777071,ルールオブロー(USA),0000321146,デフィニット(USA),0000347989,Kingmambo(USA),0000337848,デヒア(USA)
0000221164,アブソリュート,0000333735,リーガルステツプ(USA),0000105497,スズジンジヤー,0000334002,Northern Dancer(CAN),0000333545,ダンデイルート(FR)
0001048199,アブラハムダービー,0000848478,ロージズインメイ(USA),0000705586,カメリアローズ,0000339820,Devil His Due(USA),0000237704,ホワイトマズル(GB)
0000365440,アブリーズ,0000336082,Danzig(USA),0000411806,Priceless Pearl(USA),0000334002,Northern Dancer(CAN),0000336305,Alydar(USA)
0001048811,アプリコットフィズ,0000325200,ジャングルポケット,0000724693,マンハッタンフィズ,0000161740,トニービン(IRE),0000333862,サンデーサイレンス(USA)
0000995317,アプレザンレーヴ,0000700008,シンボリクリスエス(USA),0000626108,レーヴドスカー(FR),0000336209,Kris S.(USA),0000336571,Highest Honor(FR)
0000175502,アペリティフ,0000333674,フロステイエスキモー(USA),0000028238,ベルコウセイ,0000334378,Nearctic(CAN),0000003337,ヒカルメイジ
0001140416,アペルトゥーラ,0000762445,マツリダゴッホ,0000802368,フサイチリニモ,0000333862,サンデーサイレンス(USA),0000325200,ジャングルポケット
0000766346,アポインテッドデイ,0000337563,Red Ransom(USA),0000434222,Appointed One(USA),0000335167,Roberto(USA),0000336082,Danzig(USA)
0001123279,アポロオラクル,0000900065,アポロキングダム(USA),0000728341,ベルビオラ,0000369832,Lemon Drop Kid(USA),0000342675,ウォーニング(GB)
0001119640,アポロカーネル,0000900065,アポロキングダム(USA),0000316572,トランクイリティー,0000369832,Lemon Drop Kid(USA),0000161740,トニービン(IRE)
0000886214,アポロクイック,0000615577,クロフネ(USA),0000302437,ユキノトップレディ,0000362799,フレンチデピュティ(USA),0000333887,ヘクタープロテクター(USA)
0001193283,アポロケンタッキー,0000365186,Langfuhr(CAN),0001193134,Dixiana Delight(USA),0000336082,Danzig(USA),0000337432,Gone West(USA)
0001093624,アポロジェニー,0000737164,アドマイヤジャパン,0000702393,キャサリンクリスタ,0000333862,サンデーサイレンス(USA),0000337265,クリスタルグリツターズ(USA)
0001169833,アポロジョージア,0001128968,ロッコウオロシ(USA),0000737037,ヒミノオトヒメ,0000983423,Hurricane Run(IRE),0000333894,コマンダーインチーフ(GB)
0001142622,アポロスターズ,0000900065,アポロキングダム(USA),0001051905,ハチノヨウニサス(USA),0000369832,Lemon Drop Kid(USA),0000621154,War Chant(USA)
0001162704,アポロソニック,0001083497,Big Brown(USA),0001162684,Purely Surprized(USA),0000337863,Boundary(USA),0000745154,Pure Prize(USA)
0000801568,アポロティアラ,0000225913,パラダイスクリーク(USA),0000275662,タイキフレグランス(USA),0000336421,Irish River(FR),0000336769,Topsider(USA)
0001051755,アポロドルチェ,0000719773,Officer(USA),0000867259,サマータイムヴァル(USA),0000339972,Bertrando(USA),0000340714,Summer Squall(USA)
0001110906,アポロドーロス,0000900065,アポロキングダム(USA),0000997284,アポロファンタジー(USA),0000369832,Lemon Drop Kid(USA),0000337563,Red Ransom(USA)
0001168973,アポロナイスジャブ,0000900065,アポロキングダム(USA),0000723117,リトルマーメード,0000369832,Lemon Drop Kid(USA),0000359332,トワイニング(USA)
0000900064,アポロノサトリ,0000337423,Cozzene(USA),0000452688,Mississippi Queen(USA),0000334731,Caro(IRE),0000336397,Dixieland Band(USA)
0001157806,アポロノシンザン,0000225628,サクラバクシンオー,0001113131,アポロジャスミン(USA),0000145106,サクラユタカオー,0000847881,Saint Liam(USA)
0000889543,アポロフェニックス,0000337421,アフリート(CAN),0000384124,カトリア(IRE),0000335975,Mr. Prospector(USA),0000336202,Caerleon(USA)
0001037174,アポロマハル,0000337423,Cozzene(USA),0000788455,Laurentine(USA),0000334731,Caro(IRE),0000336504,Private Account(USA)
0001107998,アポロマーベリック,0000900065,アポロキングダム(USA),0000728074,オメガファスター,0000369832,Lemon Drop Kid(USA),0000337450,Theatrical(IRE)
0000032683,アポロムーン,0000455663,リキスベビー,0000458730,クマサカエ,0000333109,サラ　クラツクセフト,0000003446,セイユウ
0000890288,アポロラムセス,0000314130,ゴールドヘイロー,0000612840,ロングモニュメント,0000333862,サンデーサイレンス(USA),0000361977,サンダーガルチ(USA)
0001102158,アマクサハイヤ,0000777071,ルールオブロー(USA),0000278712,メイクアスメリー,0000347989,Kingmambo(USA),0000341713,Easy Goer(USA)
0001140506,アマノウインジー,0000719054,ヨハネスブルグ(USA),0000803947,タイキシャイン,0000362819,ヘネシー(USA),0000287925,タイキシャトル(USA)
0000300525,アマノガワ,0000121374,トキテンリユウ,0000163104,カシワクレール,0000455881,アサテンリユウ,0000032673,スカレー
0000729805,アマノサクシード,0000359332,トワイニング(USA),0000249904,メイアイグディー,0000337550,フォーティナイナー(USA),0000161740,トニービン(IRE)
0000806661,アマノチェリーラン,0000365324,デザートキング(IRE),0000384040,ニキトート(GB),0000337424,デインヒル(USA),0000337561,Mtoto(GB)
0000752819,アマノトレンディー,0000369310,クロコルージュ(IRE),0000209732,ホリノセレタ,0000337286,Rainbow Quest(USA),0000333544,ノーザンテースト(CAN)
0000704684,アマノブレイブリー,0000340556,ジョリーズヘイロー(USA),0000160852,マチカネエルベ,0000335154,Halo(USA),0000019148,アローエクスプレス
0001093440,アマノレインジャー,0000287925,タイキシャトル(USA),0000701285,アルフィーネ,0000337092,Devil's Bag(USA),0000362599,ラムタラ(USA)
0001047430,アマファソン,0000362799,フレンチデピュティ(USA),0000620124,アドマイヤセラヴィ,0000338072,Deputy Minister(CAN),0000333862,サンデーサイレンス(USA)
0001208400,アマルフィコースト,0000725485,ダイワメジャー,0001176238,ジプシーハイウェイ(IRE),0000333862,サンデーサイレンス(USA),0000719408,High Chaparral(IRE)
0001396292,アマーティ,0001226963,サンダースノー(IRE),0001234355,ステラモナーク,0001143755,Helmet(AUS),0000888832,エスポワールシチー
0001106453,アミカブルナンバー,0000725485,ダイワメジャー,0000634651,ヒシシルバーメイド(USA),0000333862,サンデーサイレンス(USA),0000347814,Silver Deputy(CAN)
0000733751,アミリス,0000362799,フレンチデピュティ(USA),0000222614,ミスティーグリーン,0000338072,Deputy Minister(CAN),0000061253,トウシヨウボーイ
0001108588,アムールクエスト,0000262437,タヤスツヨシ,0000735184,サンエムラヴ,0000333862,サンデーサイレンス(USA),0000362599,ラムタラ(USA)
0001136420,アムールスキー,0000701668,ゼンノロブロイ,0000616559,ビワパシフィカス,0000333862,サンデーサイレンス(USA),0000333844,ブライアンズタイム(USA)
0001163957,アムールブリエ,0000365210,Smart Strike(CAN),0000706207,ヘヴンリーロマンス,0000335975,Mr. Prospector(USA),0000333862,サンデーサイレンス(USA)
0001119576,アムールポエジー,0000701577,ネオユニヴァース,0000316279,ハッピーリクエスト,0000333862,サンデーサイレンス(USA),0000161740,トニービン(IRE)
0001263072,アムールマルルー,0000722158,ハーツクライ,0000761752,ネイチャーガイド,0000333862,サンデーサイレンス(USA),0000299155,エルコンドルパサー(USA)
0000701805,アメイジングバイオ,0000274914,バブルガムフェロー,0000262438,ボンヌシャンス,0000333862,サンデーサイレンス(USA),0000333707,リアルシヤダイ(USA)
0000807003,アメジストリング,0000262443,フジキセキ,0000421636,インフェイヴァー(USA),0000333862,サンデーサイレンス(USA),0000335868,General Assembly(USA)
0000179012,アメリカズカップ,0000333707,リアルシヤダイ(USA),0000382647,セイリングビユーテイ(FR),0000335167,Roberto(USA),0000334968,Lyphard(USA)
0001129803,アメリカンウィナー,0000999168,Bernardini(USA),0000868076,Zappeuse(USA),0000339653,A.P. Indy(USA),0000347989,Kingmambo(USA)
0000299015,アメリカンボス,0000347989,Kingmambo(USA),0000396524,Redeemer(USA),0000335975,Mr. Prospector(USA),0000336397,Dixieland Band(USA)
0001228763,アメリカンワールド,0000979726,Kitten's Joy(USA),0001147484,Limonar(IRE),0000340508,El Prado(IRE),0000621983,Street Cry(IRE)
0001119998,アメージングムーン,0000760877,アドマイヤムーン,0000324318,ビッグテンビー,0000361855,エンドスウィープ(USA),0000347983,テンビー(GB)
0000890338,アモーレヴォレ,0000321138,アグネスデジタル(USA),0000613233,ダンシングハピネス,0000336770,Crafty Prospector(USA),0000274883,ダンスインザダーク
0000993078,アヤナベル,0000298971,マイネルラヴ(USA),0000328553,ナイスエンジェル,0000337444,Seeking the Gold(USA),0000274883,ダンスインザダーク
0000158849,アヤナミ,0000333671,シンバー(IRE),0000078383,ムーンウエー,0000333969,Shantung(FR),0000333415,グレートホワイトウエー(USA)
0001126009,アユサン,0000742976,ディープインパクト,0000839850,バイザキャット(USA),0000333862,サンデーサイレンス(USA),0000337102,Storm Cat(USA)
0001208319,アラウン,0001090360,オルフェーヴル,0001143492,アリアプーラ(AUS),0000286968,ステイゴールド,0000363038,Flying Spur(AUS)
0000993697,アラシヲヨブオトコ,0000324971,マンハッタンカフェ,0000384001,シェリーザ(IRE),0000333862,サンデーサイレンス(USA),0000336202,Caerleon(USA)
0000319957,アラタマインディ,0000339653,A.P. Indy(USA),0000384016,アセルティンズエンジェルス(USA),0000335964,Seattle Slew(USA),0000336225,Fappiano(USA)
0000738946,アラタマサモンズ,0000361351,タバスコキャット(USA),0000384016,アセルティンズエンジェルス(USA),0000337102,Storm Cat(USA),0000336225,Fappiano(USA)
0000994742,アラタマポケット,0000325200,ジャングルポケット,0000615017,アラタマオペラ,0000161740,トニービン(IRE),0000339572,オペラハウス(GB)
0001107454,アラタマユニバース,0000701577,ネオユニヴァース,0000722312,アラタマサーチャー,0000333862,サンデーサイレンス(USA),0000287925,タイキシャトル(USA)
0001106210,アラドヴァル,0000700008,シンボリクリスエス(USA),0000619786,エメラルドアイル,0000336209,Kris S.(USA),0000333862,サンデーサイレンス(USA)
0000007333,アラバスター,0000333115,ライジングフレーム(IRE),0000001157,マルイケ,0000334531,The Phoenix(GB),0000333165,シゲハヤ
0000131946,アラフネ,0000032819,タイムライン,0000039495,ヤマイチホマレ,0000455785,タガミホマレ,0000333247,サラ　ユアハイネス(GB)
0001138743,アラマサクロフネ,0000615577,クロフネ(USA),0000736657,サイレンスマンボウ,0000362799,フレンチデピュティ(USA),0000333862,サンデーサイレンス(USA)
0000996875,アラマサローズ,0000319426,スターリングローズ,0000736657,サイレンスマンボウ,0000337421,アフリート(CAN),0000333862,サンデーサイレンス(USA)
0001170722,アラモアナワヒネ,0000299089,グラスワンダー(USA),0000761824,プリティタヤス,0000336890,Silver Hawk(USA),0000256512,マーベラスサンデー
0000303506,アラームコール,0000333844,ブライアンズタイム(USA),0000237634,インワンズジョイ(GB),0000335167,Roberto(USA),0000337286,Rainbow Quest(USA)
0001207363,アリア,0000725485,ダイワメジャー,0001096771,ラプターセイハート,0000333862,サンデーサイレンス(USA),0000359332,トワイニング(USA)
0000323718,アリシバキング,0000237622,キョウワアリシバ(USA),0000284280,カカアテンカ,0000337283,Alysheba(USA),0000333821,リヴリア(USA)
0001045010,アリゼオ,0000700008,シンボリクリスエス(USA),0000325099,スクエアアウェイ,0000336209,Kris S.(USA),0000262443,フジキセキ
0000755778,アリババシチー,0000316565,アドマイヤボス,0000260355,リアルラヴ,0000333862,サンデーサイレンス(USA),0000333707,リアルシヤダイ(USA)
0001189298,アリンナ,0000762445,マツリダゴッホ,0000989303,ヴンダーゾンネ,0000333862,サンデーサイレンス(USA),0000299089,グラスワンダー(USA)
0000705154,アルアイン,0000337008,ダハール(USA),0000210493,カシワズビューティ,0000334968,Lyphard(USA),0000333762,ゲイメセン(USA)
0000303880,アルアラン,0000340457,アルカング(USA),0000236317,ユーワジョイナー,0000340193,Sagace(FR),0000333608,ミルジヨージ(USA)
0001173681,アルカサル,0000804714,ドリームジャーニー,0001003731,アビラ(GB),0000286968,ステイゴールド,0000714421,ロックオブジブラルタル(IRE)
0000889729,アルカザン,0000274883,ダンスインザダーク,0000404994,サラトガデュー(USA),0000333862,サンデーサイレンス(USA),0000336340,Cormorant(USA)
0000872979,アルカセット,0000347989,Kingmambo(USA),0000406129,チェサプラナ(GB),0000335975,Mr. Prospector(USA),0000336870,Niniski(USA)
0000612669,アルカネット,0000274883,ダンスインザダーク,0000384134,パーフェクション(IRE),0000333862,サンデーサイレンス(USA),0000337496,Machiavellian(USA)
0000030016,アルキメデス,0000333290,グレイモナーク(GB),0000012373,フエアハツト,0000333952,Grey Sovereign(GB),0000333400,ハイハツト(GB)
0001207641,アルクトス,0000801496,アドマイヤオーラ,0001105329,ホシニイノリヲ,0000324933,アグネスタキオン,0000700008,シンボリクリスエス(USA)
0000800945,アルコセニョーラ,0000286968,ステイゴールド,0000266725,サイレーン,0000333862,サンデーサイレンス(USA),0000337439,モガンボ(USA)
0000999097,アルシラート,0000721176,Orientate(USA),0000837822,Haleys Fury(USA),0000336553,Mt. Livermore(USA),0000337527,オジジアン(USA)
0000757066,アルジェナー,0000274915,フサイチコンコルド,0000279229,ニワノスズラン,0000336202,Caerleon(USA),0000333843,オウインスパイアリング(USA)
0001169501,アルジャンテ,0000742976,ディープインパクト,0000731684,ナイキフェイバー(USA),0000333862,サンデーサイレンス(USA),0000369033,Favorite Trick(USA)
0000612385,アルスブランカ,0000337436,ラストタイクーン(IRE),0000383655,チカリー(IRE),0000336129,トライマイベスト(USA),0000336572,Sadler's Wells(USA)
0000129355,アルタイル,0000009239,ゴールデンパス,0000078380,ゴールドタイランツ,0000333982,Sovereign Path(GB),0000333362,ネプテユーヌス(FR)
0001373393,アルター,0001157711,リアルスティール,0001202764,チャームザワールド,0000742976,ディープインパクト,0001089850,ロードカナロア
0000127742,アルテ,0000333571,ホープフリーオン(USA),0000030514,テツコン,0000334066,Raise a Native(USA),0000333311,ターキン(FR)
0001090366,アルティシムス,0000742976,ディープインパクト,0000316421,アルーリングアクト,0000333862,サンデーサイレンス(USA),0000361855,エンドスウィープ(USA)
0000804688,アルティマトゥーレ,0000262443,フジキセキ,0000316322,エアトゥーレ,0000333862,サンデーサイレンス(USA),0000161740,トニービン(IRE)
0001154765,アルティマブラッド,0000700008,シンボリクリスエス(USA),0000804688,アルティマトゥーレ,0000336209,Kris S.(USA),0000262443,フジキセキ
0000990970,アルテマイスター,0000321138,アグネスデジタル(USA),0000305477,ビクトリアウインク,0000336770,Crafty Prospector(USA),0000333544,ノーザンテースト(CAN)
0000321877,アルテミシア,0000205617,カミガモライデン,0000103500,リバーエース,0000093587,キタノトウザイ,0000455697,センジユ
0000887335,アルトップラン,0000255813,マヤノトップガン,0000315223,ロマンスプレゼント,0000333844,ブライアンズタイム(USA),0000333901,ティンバーカントリー(USA)
0000726970,アルドラゴン,0000333844,ブライアンズタイム(USA),0000384156,ドラゴンティーナ(USA),0000335167,Roberto(USA),0000336082,Danzig(USA)
0000611093,アルハンブラパレス,0000359081,Peruvian(USA),0000397849,Shamrock Boat(USA),0000336424,Conquistador Cielo(USA),0000336178,Sauce Boat(USA)
0000224832,アルバタックス,0000088727,リキアイオー,0000380415,シアトル(FR),0000333421,タンデイ(GB),0000333483,ダツパーダン(USA)
0000722870,アルバート,0000262437,タヤスツヨシ,0000225605,ウメノホワイト,0000333862,サンデーサイレンス(USA),0000333621,マグニテユード(IRE)
0001157747,アルバートドック,0000742976,ディープインパクト,0001131136,ゴールデンドックエー(USA),0000333862,サンデーサイレンス(USA),0000361780,Unusual Heat(USA)
0001000731,アルビアン,0000337423,Cozzene(USA),0000303071,プリモディーネ,0000334731,Caro(IRE),0000337421,アフリート(CAN)
0001193373,アルビアーノ,0000719305,Harlan's Holiday(USA),0000975205,Antics(USA),0000361873,Harlan(USA),0000340629,Unbridled(USA)
0000028130,アルビレオ,0000333270,セダン(FR),0000010567,タイヤス,0000335650,Prince Bio(FR),0000333220,ガルカドール(FR)
0001119684,アルファアリア,0000701712,リンカーン,0000317310,アルファラフィーネ,0000333862,サンデーサイレンス(USA),0000339534,ロドリゴデトリアーノ(USA)
0000615821,アルファダンジグ,0000337447,シャーディー(USA),0000148868,アルフアローズ,0000336082,Danzig(USA),0000036106,ハイセイコー
0000701539,アルファフォーレス,0000333862,サンデーサイレンス(USA),0000441613,ディフェレンテ(ARG),0000335154,Halo(USA),0000367715,Propicio(ARG)
0000743097,アルフォンシーヌ,0000333862,サンデーサイレンス(USA),0000286885,ラトラヴィアータ,0000335154,Halo(USA),0000145106,サクラユタカオー
0001108213,アルフレード,0000700008,シンボリクリスエス(USA),0000730394,プリンセスカメリア,0000336209,Kris S.(USA),0000333862,サンデーサイレンス(USA)
0001109245,アルベルトバローズ,0000611101,ディクタット(GB),0000750738,ダムドコンパニー(USA),0000342675,ウォーニング(GB),0000347989,Kingmambo(USA)
0001140025,アルマエルナト,0000701577,ネオユニヴァース,0000763917,キャメロンガール(USA),0000333862,サンデーサイレンス(USA),0000337554,With Approval(CAN)
0001149851,アルマオンディーナ,0000901749,キンシャサノキセキ(AUS),0000317828,ナイストレビアン,0000262443,フジキセキ,0000333544,ノーザンテースト(CAN)
0001170323,アルマククナ,0000298971,マイネルラヴ(USA),0000754276,トップキララ,0000337444,Seeking the Gold(USA),0000286968,ステイゴールド
0001120883,アルマシャウラ,0000760877,アドマイヤムーン,0000441091,ティリオブストラッフォード(USA),0000361855,エンドスウィープ(USA),0000338072,Deputy Minister(CAN)
0000210061,アルマダ,0000101018,ペキンリユウエン(USA),0000028017,ジエステイーヌ,0000333945,Gallant Man(GB),0000001245,アサクニ
0001120106,アルマディヴァン,0000324876,メジロベイリー,0000325188,ゲームコンパイラ,0000333862,サンデーサイレンス(USA),0000201489,メジロライアン
0001088896,アルマリンピア,0000287925,タイキシャトル(USA),0000291092,テイクザレインズ,0000337092,Devil's Bag(USA),0000333844,ブライアンズタイム(USA)
0001152277,アルマワイオリ,0000762445,マツリダゴッホ,0000725482,イナズマローレル,0000333862,サンデーサイレンス(USA),0000263178,ピルサドスキー(IRE)
0001191580,アルミューテン,0000801447,スクリーンヒーロー,0001128965,デラセーラ(USA),0000299089,グラスワンダー(USA),0000362857,Maria's Mon(USA)
0001122677,アルムダプタ,0000293624,スペシャルウィーク,0000717513,リベラノ(USA),0000333862,サンデーサイレンス(USA),0000339712,Rubiano(USA)
0001205160,アルムフォルツァ,0000722158,ハーツクライ,0000988169,タガノスティード,0000333862,サンデーサイレンス(USA),0000365159,チーフベアハート(CAN)
0001208142,アルモニカ,0001089850,ロードカナロア,0001126985,アフリカンピアノ,0000729458,キングカメハメハ,0000742976,ディープインパクト
0001124354,アルヴェロン,0000725485,ダイワメジャー,0000745656,アルヴァーダ(GB),0000333862,サンデーサイレンス(USA),0000361055,Hernando(FR)
0001208384,アルーシャ,0000742976,ディープインパクト,0001162416,ザズー(USA),0000333862,サンデーサイレンス(USA),0000849372,Tapit(USA)
0000760242,アルーリングボイス,0000362799,フレンチデピュティ(USA),0000316421,アルーリングアクト,0000338072,Deputy Minister(CAN),0000361855,エンドスウィープ(USA)
0000309075,アレグラール,0000145106,サクラユタカオー,0000179066,リオデラプラタ,0000333299,テスコボーイ(GB),0000333544,ノーザンテースト(CAN)
0001151891,アレスバローズ,0000742976,ディープインパクト,0000708102,タイセイエトワール,0000333862,サンデーサイレンス(USA),0000161740,トニービン(IRE)
0001107984,アロヒラニ,0000729458,キングカメハメハ,0000727968,ファインセラ,0000347989,Kingmambo(USA),0000333862,サンデーサイレンス(USA)
0001044912,アロマカフェ,0000324971,マンハッタンカフェ,0000324493,カリーノカフェ,0000333862,サンデーサイレンス(USA),0000250238,ハートレイク(GB)
0000312750,アロマキャンドル,0000183841,アキヒロホマレ,0000113061,レデイドラゴン,0000102634,マルケンダイドウ,0000455785,タガミホマレ
0001109303,アロマティコ,0000729458,キングカメハメハ,0000752040,ナスカ,0000347989,Kingmambo(USA),0000333862,サンデーサイレンス(USA)
0000805886,アロマンシェス,0000310618,ザカリヤ(GB),0000329096,レパーティー,0000347622,Zafonic(USA),0000333894,コマンダーインチーフ(GB)
0001183813,アロンザモナ,0001031979,ストリートセンス(USA),0000291270,リザーブシート,0000621983,Street Cry(IRE),0000333864,クリエイター(GB)
0000762374,アロンダイト,0000299155,エルコンドルパサー(USA),0000409632,キャサリーンパー(USA),0000347989,Kingmambo(USA),0000335664,Riverman(USA)
0000612440,アローキャリー,0000337436,ラストタイクーン(IRE),0000244414,アロールーシー,0000336129,トライマイベスト(USA),0000333816,サンキリコ(USA)
0000189834,アローシルバー,0000333582,コインドシルバー(USA),0000120195,アローエントリー,0000334293,Herbager(FR),0000019148,アローエクスプレス
0000807415,アロープラネット,0000333844,ブライアンズタイム(USA),0000612440,アローキャリー,0000335167,Roberto(USA),0000337436,ラストタイクーン(IRE)
0000994171,アローベアタキオン,0000324933,アグネスタキオン,0000439260,アイレスバリーヒル(USA),0000333862,サンデーサイレンス(USA),0000337445,Woodman(USA)
0001143451,アンアヴェンジド,0000749845,エンパイアメーカー(USA),0000745455,Naughty Natisha(USA),0000340629,Unbridled(USA),0000335911,Known Fact(USA)
0000313498,アンクルスーパー,0000337424,デインヒル(USA),0000176848,サークルシヨウワ,0000336082,Danzig(USA),0000095495,モンテプリンス
0000890672,アンクルトップ,0000255813,マヤノトップガン,0000617530,ウインクルアーリー,0000333844,ブライアンズタイム(USA),0000361977,サンダーガルチ(USA)
0000763901,アンクルリーサム,0000371863,Exploit(USA),0000763235,Two Punch Lil(USA),0000337102,Storm Cat(USA),0000347573,Two Punch(USA)
0001153091,アングライフェン,0000286968,ステイゴールド,0000737138,レッドスレッド,0000333862,サンデーサイレンス(USA),0000365262,パントレセレブル(USA)
0001096495,アンゲネーム,0000225628,サクラバクシンオー,0000796879,エミナ(IRE),0000145106,サクラユタカオー,0000337424,デインヒル(USA)
0001143457,アンコイルド,0000372708,Giant's Causeway(USA),0000859843,Tanzania(IRE),0000337102,Storm Cat(USA),0000339659,Alzao(USA)
0001200882,アンコールプリュ,0000742976,ディープインパクト,0000326014,オイスターチケット,0000333862,サンデーサイレンス(USA),0000230809,ウイニングチケット
0001194496,アンサンブルライフ,0000333872,アジュディケーティング(USA),0000731217,ゲイリーエンジェル(USA),0000336082,Danzig(USA),0000336853,ダンシングブレーヴ(USA)
0001046214,アンシェルブルー,0000324971,マンハッタンカフェ,0000421491,バードキャット(USA),0000333862,サンデーサイレンス(USA),0000337102,Storm Cat(USA)
0000270464,アンジェリック,0000177650,オグリキャップ,0000096739,キンコーアロー,0000333452,ダンシングキヤツプ(USA),0000019148,アローエクスプレス
0000993834,アンジュアイル,0000225628,サクラバクシンオー,0000384194,ソフトパイン(USA),0000145106,サクラユタカオー,0000337445,Woodman(USA)
0000731359,アンジュガブリエル,0000361734,Kaldounevees(FR),0000731360,Mount Gable(GB),0000336817,Kaldoun(FR),0000337223,Head for Heights(GB)
0001184847,アンジュシャルマン,0000324971,マンハッタンカフェ,0000449274,シーズアン(IRE),0000333862,サンデーサイレンス(USA),0000237708,Zieten(USA)
0001189814,アンジュデジール,0000742976,ディープインパクト,0000996967,ティックルピンク,0000333862,サンデーサイレンス(USA),0000362799,フレンチデピュティ(USA)
0001142007,アンジュデュバン,0000722158,ハーツクライ,0000991148,マイネレーヌ,0000333862,サンデーサイレンス(USA),0000298971,マイネルラヴ(USA)
0001137819,アンズチャン,0000362799,フレンチデピュティ(USA),0000724547,パラダイスバード,0000338072,Deputy Minister(CAN),0000299155,エルコンドルパサー(USA)
0001050370,アンダーカウンター,0000369639,ストラヴィンスキー(USA),0001037173,Counter Cat(USA),0000336085,Nureyev(USA),0000362819,ヘネシー(USA)
0001110997,アンチュラス,0000742976,ディープインパクト,0001032378,アンチョ(CAN),0000333862,サンデーサイレンス(USA),0000237718,Wild Zone(USA)
0001189647,アンティノウス,0000615577,クロフネ(USA),0000994222,ミクロコスモス,0000362799,フレンチデピュティ(USA),0000701577,ネオユニヴァース
0001050023,アンティフリーズ,0000321156,タップダンスシチー(USA),0000769578,シルバートレイン,0000339742,Pleasant Tap(USA),0000263172,Singspiel(IRE)
0000749487,アンティークコイン,0000337450,Theatrical(IRE),0000420343,Antique Auction(CAN),0000336085,Nureyev(USA),0000340357,Geiger Counter(USA)
0001191098,アンデスクイーン,0000905163,タートルボウル(IRE),0001095956,レイナカスターニャ,0000365089,Dyhim Diamond(IRE),0000729458,キングカメハメハ
0000996215,アントニオバローズ,0000324971,マンハッタンカフェ,0000717208,リトルアロー(USA),0000333862,サンデーサイレンス(USA),0000347989,Kingmambo(USA)
0001102029,アントニオピサ,0000611525,タニノギムレット,0000274792,サンデーエイコーン,0000333844,ブライアンズタイム(USA),0000333862,サンデーサイレンス(USA)
0000765832,アントニオマグナム,0000368668,Sea of Secrets(USA),0000625816,Sparring(USA),0000337102,Storm Cat(USA),0000336428,Fit to Fight(USA)
0000308934,アントルシャ,0000145106,サクラユタカオー,0000233000,アンドゥトロア,0000333299,テスコボーイ(GB),0000333544,ノーザンテースト(CAN)
0001156894,アンドリエッテ,0000742976,ディープインパクト,0001018914,アナバシュドチャーム(USA),0000333862,サンデーサイレンス(USA),0000347814,Silver Deputy(CAN)
0001171280,アンナトルテ,0000749845,エンパイアメーカー(USA),0000802602,クーヴェルチュール,0000340629,Unbridled(USA),0000287600,ブラックホーク(GB)
0001141744,アンナミルト,0000324971,マンハッタンカフェ,0000899865,アンナモンダ(GER),0000333862,サンデーサイレンス(USA),0000361091,Monsun(GER)
0000728217,アンナヴァン,0000361855,エンドスウィープ(USA),0000309166,フサイチミニヨン,0000337550,フォーティナイナー(USA),0000333862,サンデーサイレンス(USA)
0000887216,アンノルーチェ,0000179021,サツカーボーイ,0000314074,レモンバーム,0000333664,デイクタス(FR),0000262443,フジキセキ
0001187861,アンノートル,0001163245,アイルハヴアナザー(USA),0000803947,タイキシャイン,0001002331,Flower Alley(USA),0000287925,タイキシャトル(USA)
0000762798,アンバージャック,0000225913,パラダイスクリーク(USA),0000613102,フィールソーナイス,0000336421,Irish River(FR),0000347636,アーミジャー(GB)
0001191613,アンバーミニー,0000725485,ダイワメジャー,0001142866,ラブーム(GER),0000333862,サンデーサイレンス(USA),0000361091,Monsun(GER)
0000805887,アンパサンド,0000299250,フィガロ(USA),0000329099,アビエント,0000405852,Future Storm(USA),0000342675,ウォーニング(GB)
0000019083,アンビシャス,0000333194,トサミドリ,0000377924,ガイタ(FR),0000333075,プリメロ(GB),0000333263,フイリユース(FR)
0000281466,アンブラスモア,0000333840,ラシアンボンド(USA),0000209493,クリスタルデュー,0000336082,Danzig(USA),0000098122,アンバーシヤダイ
0001156021,アンブリカル,0000324971,マンハッタンカフェ,0000899376,ディアマンティナ(USA),0000333862,サンデーサイレンス(USA),0000337444,Seeking the Gold(USA)
0001207889,アンブロジオ,0001045066,ローズキングダム,0001111151,アンティフォナ(USA),0000729458,キングカメハメハ,0000628952,Songandaprayer(USA)
0000743081,アンブロワーズ,0000362799,フレンチデピュティ(USA),0000309166,フサイチミニヨン,0000338072,Deputy Minister(CAN),0000333862,サンデーサイレンス(USA)
0000891258,アンブロークン,0000700008,シンボリクリスエス(USA),0000702101,グディニア,0000336209,Kris S.(USA),0000333862,サンデーサイレンス(USA)
0000991847,アンプレショニスト,0000298391,エアジハード,0000316314,アグネスチーアフル,0000145106,サクラユタカオー,0000337561,Mtoto(GB)
0000993502,アンライバルド,0000701577,ネオユニヴァース,0000383657,バレークイーン(IRE),0000333862,サンデーサイレンス(USA),0000336572,Sadler's Wells(USA)
0001124729,アンルーリー,0000365159,チーフベアハート(CAN),0000756808,サイレントベッド,0000337339,Chief's Crown(USA),0000361344,ソウルオブザマター(USA)
0001203279,アンヴァル,0001089850,ロードカナロア,0000760242,アルーリングボイス,0000729458,キングカメハメハ,0000362799,フレンチデピュティ(USA)
0001211836,アヴィオール,0000375619,Redoute's Choice(AUS),0001194528,ヴェルダ(GB),0000337424,デインヒル(USA),0000621122,Observatory(USA)
0001089242,アヴェンチュラ,0000325200,ジャングルポケット,0000298377,アドマイヤサンデー,0000161740,トニービン(IRE),0000333862,サンデーサイレンス(USA)
0001153336,アヴニールマルシェ,0000742976,ディープインパクト,0000743120,ヴィートマルシェ,0000333862,サンデーサイレンス(USA),0000362799,フレンチデピュティ(USA)
0001111017,アーカイブ,0000742976,ディープインパクト,0001039721,データ(ARG),0000333862,サンデーサイレンス(USA),0000337993,Roy(USA)
0001155210,アースエンジェル,0000901749,キンシャサノキセキ(AUS),0000853223,スズカエンジェル,0000262443,フジキセキ,0000372677,High Yield(USA)
0001307639,アースガルド,0001128881,マクフィ(GB),0001090037,エリモエクレール,0001111493,Dubawi(IRE),0000324933,アグネスタキオン
0001112993,アースサウンド,0000369586,Yes It's True(USA),0001112853,Leilani's Song(USA),0000342487,Is It True(USA),0000336428,Fit to Fight(USA)
0000886965,アースシンボル,0000207623,トウカイテイオー,0000310029,トリプルタイム,0000140567,シンボリルドルフ,0000333707,リアルシヤダイ(USA)
0001041230,アースステップ,0000318327,ニューイングランド,0000249416,サンバデオルフェ,0000333862,サンデーサイレンス(USA),0000333640,ブレイヴエストローマン(USA)
0001102557,アースソニック,0000615577,クロフネ(USA),0000290809,ダイヤモンドピアス,0000362799,フレンチデピュティ(USA),0000145106,サクラユタカオー
0000612781,アースライズ,0000237393,サクラチトセオー,0000272873,サンレモン,0000161740,トニービン(IRE),0000333812,ゴライタス(USA)
0001206143,アーデルワイゼ,0001052586,エイシンフラッシュ,0001042084,アーデルハイト,0000372784,キングズベスト(USA),0000324933,アグネスタキオン
0001396737,アーデント,0001346357,ヴァンゴッホ(USA),0001267692,チャペルレーン,0001238289,アメリカンファラオ(USA),0001028940,ヘニーヒューズ(USA)
0001221202,アーデントリー,0001052586,エイシンフラッシュ,0001123980,パリュール,0000372784,キングズベスト(USA),0000701712,リンカーン
0001101565,アートサハラ,0000324971,マンハッタンカフェ,0000254879,アートロマン,0000333862,サンデーサイレンス(USA),0000333722,ラシアンルーブル(USA)
0000614241,アートレータ,0000347983,テンビー(GB),0000151015,アローローゼツト,0000336202,Caerleon(USA),0000019148,アローエクスプレス
0000885246,アーネストリー,0000299089,グラスワンダー(USA),0000286900,レットルダムール,0000336890,Silver Hawk(USA),0000161740,トニービン(IRE)
0000806119,アーバニティ,0000324971,マンハッタンカフェ,0000382802,レガシーオブストレングス(USA),0000333862,サンデーサイレンス(USA),0000336350,Affirmed(USA)
0001041077,アーバンウィナー,0000262437,タヤスツヨシ,0000245191,ジョウノエンジェル,0000333862,サンデーサイレンス(USA),0000061253,トウシヨウボーイ
0000725871,アーバンエスケープ,0000333862,サンデーサイレンス(USA),0000166831,セブンレツトウ,0000335154,Halo(USA),0000333257,パーソロン(IRE)
0001168408,アーバンキッド,0000722158,ハーツクライ,0000701518,コックニー,0000333862,サンデーサイレンス(USA),0000361387,Swain(IRE)
0000804248,アーバンストリート,0000375505,スウェプトオーヴァーボード(USA),0000310600,タイキクリスティー(USA),0000361855,エンドスウィープ(USA),0000337450,Theatrical(IRE)
0000763787,アーマターク,0000336567,Baby Turk(IRE),0000763788,Armalita(FR),0000335989,Northern Baby(CAN),0000351003,Goodland(FR)
0001124945,アーマークラッド,0000324933,アグネスタキオン,0000760242,アルーリングボイス,0000333862,サンデーサイレンス(USA),0000362799,フレンチデピュティ(USA)
0000179122,アーモンドアイ,0000333374,フアバージ(FR),0000071487,ミヨウジンアサヒ,0000334436,Princely Gift(GB),0000333245,ダイハード(GB)
0000759301,アーリーデイズ,0000166681,タマモクロス,0000306306,アイウェイトスター,0000082169,シービークロス,0000333889,タイトスポット(USA)
0000997026,アーリーロブスト,0000274914,バブルガムフェロー,0000769595,クワイエットアース(USA),0000333862,サンデーサイレンス(USA),0000371953,Mazel Trick(USA)
0000028121,アールスター,0000008514,ハクズイコウ,0000003657,フアストヒメ,0000334308,Imbros(USA),0000333173,ヒロサクラ
0001162899,アールブリュット,0001128881,マクフィ(GB),0001024038,イグジビットワン(USA),0001111493,Dubawi(IRE),0000336890,Silver Hawk(USA)
0001112193,アーヴェイ,0000362560,Danehill Dancer(IRE),0000793853,Anna Amalia(IRE),0000337424,デインヒル(USA),0000341850,In The Wings(GB)
0000299280,イアラハリケーン,0000336568,Capote(USA),0000406653,Cheerful Spree(USA),0000335964,Seattle Slew(USA),0000336834,Spend a Buck(USA)
0001200888,イイコトズクシ,0000901749,キンシャサノキセキ(AUS),0000326105,モットヒカリヲ,0000262443,フジキセキ,0000337421,アフリート(CAN)
0000996938,イイデエース,0000293624,スペシャルウィーク,0000745585,ウージャ(USA),0000333862,サンデーサイレンス(USA),0000337445,Woodman(USA)
0000901444,イイデケンシン,0000361977,サンダーガルチ(USA),0000448897,ヘヴンリーアドヴァイス(USA),0000339836,Gulch(USA),0000337450,Theatrical(IRE)
0001040627,イイデサンドラ,0000702412,サクラプレジデント,0000225129,ロマンスレディー,0000333862,サンデーサイレンス(USA),0000334731,Caro(IRE)
0000885683,イイデシンゲン,0000333844,ブライアンズタイム(USA),0000294507,ミラーズミガ,0000335167,Roberto(USA),0000333637,ロイヤルスキー(USA)
0001093872,イイデステップ,0000369753,ファンタスティックライト(USA),0000705151,パレガルニエ,0000337553,Rahy(USA),0000336880,シアトルダンサーⅡ(USA)
0000307151,イイデタイガー,0000333757,ノーリユート(FR),0000127078,シヨウフウシルバー,0000334060,Luthier(FR),0000333435,シルバーシヤーク(IRE)
0001208095,イェッツト,0000728492,カンパニー,0001124913,イスタンブール,0000298352,ミラクルアドマイヤ,0000729458,キングカメハメハ
0000737903,イエローパピヨン,0000299078,アグネスワールド(USA),0000319098,ゴールデンシービー,0000336082,Danzig(USA),0000130523,ミスターシービー
0000611903,イエローボイス,0000214564,ミシル(USA),0000192164,イエローハット,0000336395,Miswaki(USA),0000333257,パーソロン(IRE)
0000149939,イエローマジック,0000333484,イエローゴツド(GB),0000008648,フラミンゴ,0000334068,Red God(USA),0000333121,ゲイタイム(GB)
0000758598,イオラニ,0000615577,クロフネ(USA),0000298282,ワイルドフラワー,0000362799,フレンチデピュティ(USA),0000336574,Wild Again(USA)
0000702844,イクエイター,0000362599,ラムタラ(USA),0000244198,ダイヤモンドロッチ,0000333996,Nijinsky(CAN),0000171987,シエイデイハイツ(GB)
0000806918,イクスキューズ,0000365330,ボストンハーバー(USA),0000404819,クリスティキャット(USA),0000336568,Capote(USA),0000336090,Majestic Light(USA)
0000159685,イグアス,0000333299,テスコボーイ(GB),0000078636,ホクエイトレイサー,0000334436,Princely Gift(GB),0000333451,クロケツト(GB)
0000986849,イグゼキュティヴ,0000365159,チーフベアハート(CAN),0000196999,ミホグレース,0000337339,Chief's Crown(USA),0000115349,アスワン
0000801969,イケトップガン,0000255813,マヤノトップガン,0000282929,オークスピリッツ,0000333844,ブライアンズタイム(USA),0000333862,サンデーサイレンス(USA)
0000882087,イケドラゴン,0000318327,ニューイングランド,0000219020,キクカフローラル,0000333862,サンデーサイレンス(USA),0000145106,サクラユタカオー
0000330256,イケハヤブサ,0000339534,ロドリゴデトリアーノ(USA),0000147873,ハヤルビー,0000336924,El Gran Senor(USA),0000333611,ヴアイスリーガル(CAN)
0000886440,イコールパートナー,0000372284,カリズマティック(USA),0000304799,グレートキャティ,0000340714,Summer Squall(USA),0000145106,サクラユタカオー
0000325016,イサオヒート,0000333862,サンデーサイレンス(USA),0000225206,ディスコホール,0000335154,Halo(USA),0000333544,ノーザンテースト(CAN)
0001202441,イサチルルンルン,0001085636,パイロ(USA),0000733025,テンセイフジ,0000337958,Pulpit(USA),0000340653,ハウスバスター(USA)
0000015471,イサベル,0000006096,サラ　エムローン,0000465493,ツタエ,0000333191,ブツフラー(GB),,
0000027712,イサミゴマ,0000455675,アア　バラテスタ,0000461921,アア　カンダクイン,0000455635,ニユーバラツケー,0000002887,カンダオー
0000319800,イシノグレイス,0000341457,ロイヤルアカデミーⅡ(USA),0000224904,フラッシュグレイス,0000333996,Nijinsky(CAN),0000333758,パドスール(GB)
0000707859,イシノヒメボタル,0000337436,ラストタイクーン(IRE),0000261152,マリンスター,0000336129,トライマイベスト(USA),0000333846,キンググローリアス(USA)
0000329719,イシノミューズ,0000362599,ラムタラ(USA),0000237056,インターアルテミス,0000333996,Nijinsky(CAN),0000333740,タツプオンウツド(IRE)
0000000123,イシマツ,0000333083,ステーツマン(GB),0000000052,第弐パザザ,0000334784,Blandford(IRE),0000335321,Ultimatum(USA)
0000328876,イシヤクマッハ,0000337421,アフリート(CAN),0000383530,ヴェルシエンカ(USA),0000335975,Mr. Prospector(USA),0000333996,Nijinsky(CAN)
0000612442,イシヤクロマン,0000203356,メジロマックイーン,0000383246,オンリーワンダンス(IRE),0000110447,メジロテイターン,0000336572,Sadler's Wells(USA)
0001143450,イジゲン,0000749845,エンパイアメーカー(USA),0001019539,コズミックウィッシュ(USA),0000340629,Unbridled(USA),0000336397,Dixieland Band(USA)
0000743730,イズリントン,0000336572,Sadler's Wells(USA),0000409166,Hellenic(IRE),0000334002,Northern Dancer(CAN),0000336887,Darshaan(GB)
0000996864,イセノスバル,0000372825,プリサイスエンド(USA),0000735965,ソーラーヴィジョン,0000361855,エンドスウィープ(USA),0000361351,タバスコキャット(USA)
0001139950,イタリアンネオ,0000701577,ネオユニヴァース,0000762665,プラジェラート,0000333862,サンデーサイレンス(USA),0000299155,エルコンドルパサー(USA)
0000994235,イタリアンレッド,0000701577,ネオユニヴァース,0000444815,バルドネキア(IRE),0000333862,サンデーサイレンス(USA),0000342656,Indian Ridge(IRE)
0001138910,イダス,0000801447,スクリーンヒーロー,0000738699,テンザンローズ,0000299089,グラスワンダー(USA),0000362799,フレンチデピュティ(USA)
0001205865,イダペガサス,0000619768,ゴールドアリュール,0001000674,カロンセギュール(USA),0000333862,サンデーサイレンス(USA),0000372808,Forest Camp(USA)
0001110530,イチオクノホシ,0000701668,ゼンノロブロイ,0000851957,レディイン(FR),0000333862,サンデーサイレンス(USA),0000337435,Kendor(FR)
0000272626,イチゴイチエ,0000171990,イブンベイ(GB),0000191793,リアルスカイスター,0000334047,Mill Reef(USA),0000333707,リアルシヤダイ(USA)
0001214700,イチゴミルフィーユ,0000719054,ヨハネスブルグ(USA),0000702512,ホシノメガミ,0000362819,ヘネシー(USA),0000333862,サンデーサイレンス(USA)
0001101822,イッシンドウタイ,0000725727,スズカマンボ,0000266169,ラストヒット,0000333862,サンデーサイレンス(USA),0000333880,スラヴィック(USA)
0000216836,イッテツ,0000075480,スイセイガバナー,0000113081,センジユレーデ,0000032673,スカレー,0000455697,センジユ
0000247519,イデア,0000333620,マラケート(USA),0000138180,サブアーサー,0000334724,Lucky Debonair(USA),0000333583,オーバーサーブ(USA)
0001356821,イトウ,0001181460,デクラレーションオブウォー(USA),0001155066,アモーレエテルノ,0001032583,War Front(USA),0000701668,ゼンノロブロイ
0001090123,イトククリ,0000225628,サクラバクシンオー,0000313881,フォーリアクイーン,0000145106,サクラユタカオー,0000333862,サンデーサイレンス(USA)
0000994806,イナズマアマリリス,0000294881,スエヒロコマンダー,0000616073,イナズマラム,0000333894,コマンダーインチーフ(GB),0000362599,ラムタラ(USA)
0000297493,イナリコンコルド,0000171237,イナリワン,0000383324,マッチペニイー(USA),0000333608,ミルジヨージ(USA),0000337379,Yu Wipi(USA)
0000990106,イネオレオ,0000274883,ダンスインザダーク,0000292026,リトルハーモニー,0000333862,サンデーサイレンス(USA),0000333894,コマンダーインチーフ(GB)
0001192844,イノバティブ,0001110554,ディープブリランテ,0001131148,ケイティーズミスト(USA),0000742976,ディープインパクト,0000744027,Posse(USA)
0000004716,イブキ,0000000199,サラ　ツバサ,0000456843,おく,0000333164,トキノチカラ,,
0000303155,イブキガバメント,0000333894,コマンダーインチーフ(GB),0000187154,ロジータ,0000336853,ダンシングブレーヴ(USA),0000333608,ミルジヨージ(USA)
0000281833,イブキマンパワー,0000337441,ポリッシュネイビー(USA),0000383587,ジュエルドクラウン(USA),0000336082,Danzig(USA),0000335964,Seattle Slew(USA)
0000323552,イブキリムジンオー,0000333844,ブライアンズタイム(USA),0000248306,ナイスジュノー,0000335167,Roberto(USA),0000333603,ナイスダンサー(CAN)
0000738866,イブキレボルシオン,0000333862,サンデーサイレンス(USA),0000256516,イブキニュースター,0000335154,Halo(USA),0000333996,Nijinsky(CAN)
0000852730,イブロン,0000337496,Machiavellian(USA),0000384171,デザートビューティー(IRE),0000335975,Mr. Prospector(USA),0000336430,Green Desert(USA)
0001167628,イマジンザット,0000742976,ディープインパクト,0000384193,シャンラン(IRE),0000333862,サンデーサイレンス(USA),0000341683,Great Commotion(USA)
0001173787,イモータル,0000324971,マンハッタンカフェ,0001035873,ショアー(GER),0000333862,サンデーサイレンス(USA),0000343943,Acatenango(GER)
0001133019,イモータルヴァース,0000365118,Pivotal(GB),0000719018,Side of Paradise(IRE),0000341066,Polar Falcon(USA),0000336572,Sadler's Wells(USA)
0001209832,イラプト,0001111493,Dubawi(IRE),0000714584,Mare Nostrum(GB),0000372664,Dubai Millennium(GB),0000336202,Caerleon(USA)
0000743922,イリジスティブルジュエル,0000337424,デインヒル(USA),0000621233,In Anticipation(IRE),0000336082,Danzig(USA),0000336572,Sadler's Wells(USA)
0001120086,イリュミナンス,0000324971,マンハッタンカフェ,0000325096,スキッフル,0000333862,サンデーサイレンス(USA),0000161740,トニービン(IRE)
0000713856,イルデパン,0000274883,ダンスインザダーク,0000287601,ルビーマイディア(USA),0000333862,サンデーサイレンス(USA),0000337432,Gone West(USA)
0000995117,イルドロール,0000619768,ゴールドアリュール,0000619759,イルネージュ,0000333862,サンデーサイレンス(USA),0000161740,トニービン(IRE)
0000317475,イルバチオ,0000341457,ロイヤルアカデミーⅡ(USA),0000206796,サーファーガール,0000333996,Nijinsky(CAN),0000333702,マナード(IRE)
0001201727,イルルーメ,0001052586,エイシンフラッシュ,0000704884,フランチェスカ,0000372784,キングズベスト(USA),0000340630,ブラックタイアフェアー(IRE)
0001125177,イレプレイスブル,0000729458,キングカメハメハ,0000762716,ライブリーダンス,0000347989,Kingmambo(USA),0000333862,サンデーサイレンス(USA)
0001037187,インオラリオ,0000361247,Holy Bull(USA),0000432371,Knight Prospector(USA),0000337135,Great Above(USA),0000339724,Native Prospector(USA)
0000142292,インカム,0000046380,サンコオーテツト,0000459543,ヒロリユウ,0000007212,フルヒカル,0000003446,セイユウ
0001126608,インカンテーション,0001025279,シニスターミニスター(USA),0000899503,オリジナルスピン(IRE),0000369550,Old Trieste(USA),0000337496,Machiavellian(USA)
0001120829,インカンデセンス,0000369753,ファンタスティックライト(USA),0000434275,ゴールドサンライズ(USA),0000337553,Rahy(USA),0000337550,フォーティナイナー(USA)
0000619928,イングランディーレ,0000237704,ホワイトマズル(GB),0000190928,マリリンモモコ,0000336853,ダンシングブレーヴ(USA),0000333707,リアルシヤダイ(USA)
0001096930,イングリッド,0000742976,ディープインパクト,0001032378,アンチョ(CAN),0000333862,サンデーサイレンス(USA),0000237718,Wild Zone(USA)
0000726406,インゴット,0000333862,サンデーサイレンス(USA),0000275649,ダンシングレヴュー(IRE),0000335154,Halo(USA),0000336572,Sadler's Wells(USA)
0000890185,インステップキック,0000321292,ゼンノエルシド(IRE),0000611910,キャッチフレーズ,0000336202,Caerleon(USA),0000333844,ブライアンズタイム(USA)
0000728412,インセンティブガイ,0000361855,エンドスウィープ(USA),0000298422,ブライダルスイート,0000337550,フォーティナイナー(USA),0000333862,サンデーサイレンス(USA)
0001040478,インタレスティング,0000275264,ダンディコマンド,0000217635,スイフトクイン,0000129863,ニホンピロウイナー,0000333677,スイフトスワロー(USA)
0000124831,インターサクセス,0000333296,フアラモンド(FR),0000008313,パシオネポーラ,0000334487,Sicambre(FR),0000000882,リンボー(USA)
0001209624,インターセクション,0000621983,Street Cry(IRE),0001113376,ヴァインストリート(IRE),0000337496,Machiavellian(USA),0000263172,Singspiel(IRE)
0000071620,インタータイヨウ,0000333463,モンテセロ(GB),0000380789,ホイスパーリング(NZ),0000333967,Charlottesville(GB),0000333396,ジヤストホイツスル(IRE)
0000983832,インターパテイション,0000365186,Langfuhr(CAN),0000445484,Idealistic Cause(USA),0000336082,Danzig(USA),0000333644,ハビトニー(IRE)
0000328829,インタープレジャー,0000333544,ノーザンテースト(CAN),0000383560,サボンネリエ(USA),0000334002,Northern Dancer(CAN),0000336421,Irish River(FR)
0000328835,インターレジェンダ,0000333862,サンデーサイレンス(USA),0000383990,パンチョズコロニー(USA),0000335154,Halo(USA),0000337440,Pancho Villa(USA)
0000742988,インティライミ,0000293624,スペシャルウィーク,0000190937,アンデスレディー,0000333862,サンデーサイレンス(USA),0000333544,ノーザンテースト(CAN)
0001046448,インテグラルヘッド,0000225628,サクラバクシンオー,0000447656,インテグレート(AUS),0000145106,サクラユタカオー,0000342050,Integra(AUS)
0000755989,インテレット,0000309184,アドマイヤベガ,0000262438,ボンヌシャンス,0000333862,サンデーサイレンス(USA),0000333707,リアルシヤダイ(USA)
0000375637,インディジェナス,0000341019,Marju(IRE),0000451631,Sea Port(GB),0000337436,ラストタイクーン(IRE),0000340210,Averof(GB)
0001206175,インディチャンプ,0000286968,ステイゴールド,0001042633,ウィルパワー,0000333862,サンデーサイレンス(USA),0000729458,キングカメハメハ
0001129255,インディーズゲーム,0000369336,Indian Charlie(USA),0000997944,Bellini Sunrise(USA),0000339710,In Excess(IRE),0000337496,Machiavellian(USA)
0000722894,イントゥザグルーヴ,0000333862,サンデーサイレンス(USA),0000274849,エアグルーヴ,0000335154,Halo(USA),0000161740,トニービン(IRE)
0001110856,イントゥザストーム,0000742976,ディープインパクト,0000903609,バイユーストーム(USA),0000333862,サンデーサイレンス(USA),0000337102,Storm Cat(USA)
0001137572,イントロダクション,0000619835,デュランダル,0000719752,ダークエンディング(USA),0000333862,サンデーサイレンス(USA),0000361855,エンドスウィープ(USA)
0001090393,インナージョイ,0000293624,スペシャルウィーク,0000316551,トコア,0000333862,サンデーサイレンス(USA),0000358543,カーネギー(IRE)
0001055974,インバルコ,0000621167,Fusaichi Pegasus(USA),0000903446,Personal Delight(USA),0000335975,Mr. Prospector(USA),0000339554,Personal Flag(USA)
0001119606,インパラトール,0000742976,ディープインパクト,0000316384,エジード,0000333862,サンデーサイレンス(USA),0000337102,Storm Cat(USA)
0001118404,インパルスヒーロー,0000615577,クロフネ(USA),0000286810,クラシカルテースト,0000362799,フレンチデピュティ(USA),0000333862,サンデーサイレンス(USA)
0000799949,インパーフェクト,0000304230,ナリタトップロード,0000247714,ブルールミナール,0000179021,サツカーボーイ,0000333845,アイシーグルーム(USA)
0001050322,インプレスウィナー,0000274915,フサイチコンコルド,0000727933,ケリーズビューティ,0000336202,Caerleon(USA),0000333844,ブライアンズタイム(USA)
0000177109,インプレッション,0000333484,イエローゴツド(GB),0000023331,ヤマイサム,0000334068,Red God(USA),0000333224,チヤイナロツク(GB)
0001121659,インプロヴァイズ,0000731452,ウォーエンブレム(USA),0000619987,カデンツァ,0000362883,Our Emblem(USA),0000333862,サンデーサイレンス(USA)
0001194170,インペラティヴ,0000999168,Bernardini(USA),0000867212,Call Her(USA),0000339653,A.P. Indy(USA),0000340571,Caller I. D.(USA)
0000707916,インペリアルナイト,0000287925,タイキシャトル(USA),0000383700,メイトリアーク(USA),0000337092,Devil's Bag(USA),0000337546,Wavering Monarch(USA)
0001185924,インペリアルフィズ,0000325200,ジャングルポケット,0000724693,マンハッタンフィズ,0000161740,トニービン(IRE),0000333862,サンデーサイレンス(USA)
0001042602,インペリアルマーチ,0000701577,ネオユニヴァース,0000287403,キョウエイマーチ,0000333862,サンデーサイレンス(USA),0000336853,ダンシングブレーヴ(USA)
0000724821,インマイアイズ,0000225628,サクラバクシンオー,0000286926,サンデーアイ,0000145106,サクラユタカオー,0000333862,サンデーサイレンス(USA)
0001190505,インヴィクタ,0001115148,ハービンジャー(GB),0001048484,ラスティングソング,0000372531,Dansili(GB),0000262443,フジキセキ
0001202880,インヴィジブルワン,0000742976,ディープインパクト,0000749245,ワールドリープレジャー(USA),0000333862,サンデーサイレンス(USA),0000339820,Devil His Due(USA)
0001091358,イーグルカザン,0000321231,イーグルカフェ(USA),0000328723,ユウジンカザン,0000339836,Gulch(USA),0000340528,ジェネラス(IRE)
0000321231,イーグルカフェ,0000339836,Gulch(USA),0000397020,Net Dancer(USA),0000335975,Mr. Prospector(USA),0000336085,Nureyev(USA)
0000704081,イーグルスウォード,0000340350,Sword Dance(IRE),0000450459,Heavenly Shadow(USA),0000333996,Nijinsky(CAN),0000336773,Valid Appeal(USA)
0000726397,イーグルドライバー,0000255813,マヤノトップガン,0000268482,ダンシングエルフ,0000333844,ブライアンズタイム(USA),0000336853,ダンシングブレーヴ(USA)
0000805147,イーグルビスティー,0000299015,アメリカンボス(USA),0000320544,スプリングプリティ,0000347989,Kingmambo(USA),0000262437,タヤスツヨシ
0001173679,イーグルフェザー,0000701577,ネオユニヴァース,0001003715,アーリーアメリカン,0000333862,サンデーサイレンス(USA),0000621962,El Corredor(USA)
0001125710,イーサンヘイロー,0000314130,ゴールドヘイロー,0000805024,ロングビクトリア,0000333862,サンデーサイレンス(USA),0000611525,タニノギムレット
0000990423,イーサンヘモス,0000298971,マイネルラヴ(USA),0000297125,サテライトセー,0000337444,Seeking the Gold(USA),0000333872,アジュディケーティング(USA)
0000323297,イージーウイン,0000203807,ヨドノチカラ,0000182648,マルシゲミクニ,0000111401,ゴールデンゲイト,0000056658,ミクニノホマレ
0001155202,イーデンホール,0000619768,ゴールドアリュール,0000853200,シーリーコート,0000333862,サンデーサイレンス(USA),0000365171,Distorted Humor(USA)
0001217323,ウィクトーリア,0001046333,ヴィクトワールピサ,0000886892,ブラックエンブレム,0000701577,ネオユニヴァース,0000731452,ウォーエンブレム(USA)
0000861710,ウィジャボード,0000363470,Cape Cross(IRE),0000781818,Selection Board(GB),0000336430,Green Desert(USA),0000335805,Welsh Pageant(FR)
0000245224,ウィズ,0000333799,フオテイテン(USA),0000090737,パスコフローラ,0000336085,Nureyev(USA),0000333323,パーシア(GB)
0000797309,ウィッシュハピネス,0000333901,ティンバーカントリー(USA),0000178960,リメンバーユー,0000337445,Woodman(USA),0000333544,ノーザンテースト(CAN)
0000806769,ウィルビーキング,0000299089,グラスワンダー(USA),0000384181,ゲーリックキャット(USA),0000336890,Silver Hawk(USA),0000337102,Storm Cat(USA)
0000616484,ウィルビーゼア,0000333862,サンデーサイレンス(USA),0000250137,スターモイラ(USA),0000335154,Halo(USA),0000336085,Nureyev(USA)
0001186539,ウィンドライジズ,0000725485,ダイワメジャー,0000736639,タッソーニー,0000333862,サンデーサイレンス(USA),0000347983,テンビー(GB)
0000806218,ウィンナワルツ,0000324933,アグネスタキオン,0000383247,ダンシングキイ(USA),0000333862,サンデーサイレンス(USA),0000333996,Nijinsky(CAN)
0000252199,ウイニングウインド,0000131489,ボールドマン,0000195776,コダマモンクール,0000333596,サラ　ボールドラツド(USA),0000455862,モンクール(FR)
0001152907,ウインアキレア,0001099904,コンデュイット(IRE),0000734894,コスモヴァレンチ,0000745340,Dalakhani(IRE),0000298971,マイネルラヴ(USA)
0001120912,ウインアルザス,0000700008,シンボリクリスエス(USA),0000445128,シシーダルザス(FR),0000336209,Kris S.(USA),0000340368,Sicyos(USA)
0000853242,ウインアンジェラス,0000369590,Bertolini(USA),0000808423,エシュクアルバー(USA),0000336082,Danzig(USA),0000335664,Riverman(USA)
0001149459,ウインアーマー,0000611525,タニノギムレット,0000308932,ピサノサンデー,0000333844,ブライアンズタイム(USA),0000333862,サンデーサイレンス(USA)
0001133441,ウインイルソーレ,0000372610,ファスリエフ(USA),0000262373,アンブレラ,0000336085,Nureyev(USA),0000333862,サンデーサイレンス(USA)
0001137462,ウインインスパイア,0000611525,タニノギムレット,0000708789,ハギノオマージュ,0000333844,ブライアンズタイム(USA),0000333862,サンデーサイレンス(USA)
0001169174,ウインオスカー,0000801447,スクリーンヒーロー,0000726340,グローリサンディ,0000299089,グラスワンダー(USA),0000268975,エイシンサンディ
0000736636,ウインカーディナル,0000333844,ブライアンズタイム(USA),0000198065,スロクルージュ,0000335167,Roberto(USA),0000115349,アスワン
0001184453,ウインガナドル,0000286968,ステイゴールド,0000324097,タイムフェアレディ,0000333862,サンデーサイレンス(USA),0000203356,メジロマックイーン
0001149530,ウインガニオン,0000286968,ステイゴールド,0000309752,チャンネルワン,0000333862,サンデーサイレンス(USA),0000337441,ポリッシュネイビー(USA)
0001050093,ウインクリアビュー,0000729458,キングカメハメハ,0000808423,エシュクアルバー(USA),0000347989,Kingmambo(USA),0000335664,Riverman(USA)
0000708926,ウインクリューガー,0000287925,タイキシャトル(USA),0000421618,インヴァイト(IRE),0000337092,Devil's Bag(USA),0000335936,Be My Guest(USA)
0000807480,ウインクルウィナー,0000316565,アドマイヤボス,0000613264,ウインクルビーナス,0000333862,サンデーサイレンス(USA),0000333874,ジェイドロバリー(USA)
0001169591,ウインクルサルーテ,0001115148,ハービンジャー(GB),0000733456,パッショナルダンス,0000372531,Dansili(GB),0000333862,サンデーサイレンス(USA)
0000736633,ウインクルセイド,0000294840,キングヘイロー,0000231283,ロイヤルクロス,0000336853,ダンシングブレーヴ(USA),0000333792,スリルシヨー(USA)
0000321130,ウインクロワール,0000337450,Theatrical(IRE),0000444524,Lady Clever Trick(USA),0000336085,Nureyev(USA),0000336401,Clever Trick(USA)
0000291452,ウイングアロー,0000182480,アサティス(USA),0000211322,サンヨウアロー,0000336769,Topsider(USA),0000130523,ミスターシービー
0001110786,ウイングザムーン,0000760877,アドマイヤムーン,0000897685,ウイングドキャット(USA),0000361855,エンドスウィープ(USA),0000337102,Storm Cat(USA)
0000180827,ウイングシチー,0000082169,シービークロス,0000118013,モナークホーク,0000333346,フオルテイノ(FR),0000333476,シーホーク(FR)
0001152087,ウイングチップ,0000700008,シンボリクリスエス(USA),0000722892,ウイングレット,0000336209,Kris S.(USA),0000287925,タイキシャトル(USA)
0001107511,ウイングドウィール,0000700008,シンボリクリスエス(USA),0000722892,ウイングレット,0000336209,Kris S.(USA),0000287925,タイキシャトル(USA)
0000612252,ウイングブライアン,0000249114,ナリタブライアン,0000211322,サンヨウアロー,0000333844,ブライアンズタイム(USA),0000130523,ミスターシービー
0000708985,ウイングランツ,0000274883,ダンスインザダーク,0000432040,アリシーナ(USA),0000333862,サンデーサイレンス(USA),0000337283,Alysheba(USA)
0000722892,ウイングレット,0000287925,タイキシャトル(USA),0000286798,エアウイングス,0000337092,Devil's Bag(USA),0000333862,サンデーサイレンス(USA)
0000732472,ウインサウザー,0000207667,ヤマニンゼファー,0000383450,フォートルーラヴ(USA),0000129863,ニホンピロウイナー,0000335154,Halo(USA)
0001189302,ウインシトリン,0000286968,ステイゴールド,0000989317,コスモクリスタル,0000333862,サンデーサイレンス(USA),0000298971,マイネルラヴ(USA)
0000325026,ウインシュナイト,0000333862,サンデーサイレンス(USA),0000422094,バブルプロスペクター(USA),0000335154,Halo(USA),0000336395,Miswaki(USA)
0000754116,ウインシンシア,0000274883,ダンスインザダーク,0000233049,ラッキーダイアリー,0000333862,サンデーサイレンス(USA),0000333822,ジヤツジアンジエルーチ(USA)
0000704890,ウインジェネラーレ,0000166681,タマモクロス,0000269578,マヤノカンパネラ,0000082169,シービークロス,0000077996,ヤマニンスキー
0001202510,ウインジェルベーラ,0001163245,アイルハヴアナザー(USA),0000734662,コスモマーベラス,0001002331,Flower Alley(USA),0000262443,フジキセキ
0000701496,ウインジーニアス,0000274914,バブルガムフェロー,0000158464,サクラギヤル,0000333862,サンデーサイレンス(USA),0000333544,ノーザンテースト(CAN)
0000732065,ウインストライダー,0000299089,グラスワンダー(USA),0000312871,サクラサクⅡ,0000336890,Silver Hawk(USA),0000337424,デインヒル(USA)
0001140784,ウインスプラッシュ,0000762445,マツリダゴッホ,0000807211,デルフィーネ,0000333862,サンデーサイレンス(USA),0000337550,フォーティナイナー(USA)
0001152182,ウインスペクトル,0000365159,チーフベアハート(CAN),0000724083,レインボーロマンス,0000337339,Chief's Crown(USA),0000298391,エアジハード
0001216407,ウインゼノビア,0000801447,スクリーンヒーロー,0000797593,ゴシップクイーン,0000299089,グラスワンダー(USA),0000362799,フレンチデピュティ(USA)
0001154210,ウインソワレ,0000848478,ロージズインメイ(USA),0000763132,コスモダンスナイト,0000339820,Devil His Due(USA),0000274883,ダンスインザダーク
0001172022,ウインテンダネス,0000728492,カンパニー,0000883718,モエレメルシー,0000298352,ミラクルアドマイヤ,0000333850,マジックマイルズ(USA)
0000727948,ウインディグニティ,0000293624,スペシャルウィーク,0000383916,ビューティフルベーシック(USA),0000333862,サンデーサイレンス(USA),0000333978,Secretariat(USA)
0000614261,ウインデュエル,0000333862,サンデーサイレンス(USA),0000219937,ミヤビサクラコ,0000335154,Halo(USA),0000333544,ノーザンテースト(CAN)
0000619404,ウイントラスト,0000201489,メジロライアン,0000286631,メジロスパニエル,0000098122,アンバーシヤダイ,0000192975,ゴールデンフェザント(USA)
0000885751,ウイントリガー,0000214562,スターオブコジーン(USA),0000295551,エピーメロン,0000337423,Cozzene(USA),0000333862,サンデーサイレンス(USA)
0001045280,ウインドジャズ,0000225628,サクラバクシンオー,0000327325,キタノシラユリ,0000145106,サクラユタカオー,0000274883,ダンスインザダーク
0000701591,ウインドヴェイン,0000365099,エリシオ(FR),0000275434,ラスリングカプス(USA),0000337427,Fairy King(USA),0000337445,Woodman(USA)
0001088803,ウインバリアシオン,0000722158,ハーツクライ,0000287743,スーパーバレリーナ(CAN),0000333862,サンデーサイレンス(USA),0000336177,Storm Bird(CAN)
0001172048,ウインファビラス,0000286968,ステイゴールド,0000884155,サマーエタニティ,0000333862,サンデーサイレンス(USA),0000308300,アドマイヤコジーン
0000759107,ウインフェニックス,0000340413,シャンハイ(USA),0000304293,ゴールドシェーバー,0000337055,Procida(USA),0000214492,リンドシェーバー(USA)
0001133895,ウインフルブルーム,0000293624,スペシャルウィーク,0000287154,ハナノメガミ,0000333862,サンデーサイレンス(USA),0000145106,サクラユタカオー
0001104432,ウインフロレゾン,0000262443,フジキセキ,0000325260,ブランシェリー,0000333862,サンデーサイレンス(USA),0000161740,トニービン(IRE)
0000304030,ウインブライト,0000179021,サツカーボーイ,0000245155,グレイスシャーリー,0000333664,デイクタス(FR),0000171987,シエイデイハイツ(GB)
0000318033,ウインブレイズ,0000201489,メジロライアン,0000187380,スーパーセブン,0000098122,アンバーシヤダイ,0000097532,ブラビオー
0001121561,ウインプリメーラ,0000286968,ステイゴールド,0000619001,エリモプリティー,0000333862,サンデーサイレンス(USA),0000337550,フォーティナイナー(USA)
0001189868,ウインベラシアス,0000801447,スクリーンヒーロー,0000998975,アイアムトゥルー(USA),0000299089,グラスワンダー(USA),0000369586,Yes It's True(USA)
0000990368,ウインペンタゴン,0000700008,シンボリクリスエス(USA),0000296344,ペンタルビー,0000336209,Kris S.(USA),0000333862,サンデーサイレンス(USA)
0000798304,ウインボールド,0000274883,ダンスインザダーク,0000212759,ミノリスパークル,0000333862,サンデーサイレンス(USA),0000333724,プルラリズム(USA)
0001044976,ウインマリアベール,0000615577,クロフネ(USA),0000324989,ダイヤモンドビコー,0000362799,フレンチデピュティ(USA),0000333862,サンデーサイレンス(USA)
0000319149,ウインマーベラス,0000333862,サンデーサイレンス(USA),0000219937,ミヤビサクラコ,0000335154,Halo(USA),0000333544,ノーザンテースト(CAN)
0001141774,ウインマーレライ,0000762445,マツリダゴッホ,0000901762,コスモチェーロ(AUS),0000333862,サンデーサイレンス(USA),0000621167,Fusaichi Pegasus(USA)
0001166580,ウインミレーユ,0000286968,ステイゴールド,0000303506,アラームコール,0000333862,サンデーサイレンス(USA),0000333844,ブライアンズタイム(USA)
0001169677,ウインムート,0000848478,ロージズインメイ(USA),0000734894,コスモヴァレンチ,0000339820,Devil His Due(USA),0000298971,マイネルラヴ(USA)
0001136310,ウインヤード,0000339572,オペラハウス(GB),0000614406,レディルナ,0000336572,Sadler's Wells(USA),0000337550,フォーティナイナー(USA)
0000329108,ウインラディウス,0000333862,サンデーサイレンス(USA),0000233588,ジョウノマチエール,0000335154,Halo(USA),0000069360,マルゼンスキー
0001203241,ウインラナキラ,0000729458,キングカメハメハ,0000759453,コスモプラチナ,0000347989,Kingmambo(USA),0000286968,ステイゴールド
0000616522,ウインレガート,0000333844,ブライアンズタイム(USA),0000384020,エクセレントギフト(USA),0000335167,Roberto(USA),0000335964,Seattle Slew(USA)
0000758727,ウインレジェンド,0000333862,サンデーサイレンス(USA),0000299097,シンコウノビー(USA),0000335154,Halo(USA),0000342649,Nashwan(USA)
0000240990,ウインレックス,0000166409,ジヨージレツクス,0000177088,タカノジエニアス,0000333608,ミルジヨージ(USA),0000077016,サクラシヨウリ
0001133211,ウインレーベン,0000722158,ハーツクライ,0000236317,ユーワジョイナー,0000333862,サンデーサイレンス(USA),0000333608,ミルジヨージ(USA)
0001150637,ウェスタールンド,0000701577,ネオユニヴァース,0000443636,ユーアンミー(USA),0000333862,サンデーサイレンス(USA),0000339829,Marquetry(USA)
0000766320,ウェディングバレー,0000361933,Peaks and Valleys(USA),0000449353,Dime Queen(USA),0000336553,Mt. Livermore(USA),0000335985,Sham(USA)
0000739059,ウェディングヒミコ,0000333894,コマンダーインチーフ(GB),0000293939,ウェディングシルク,0000336853,ダンシングブレーヴ(USA),0000333862,サンデーサイレンス(USA)
0000801062,ウェディングフジコ,0000262443,フジキセキ,0000268600,ウェディングハニー,0000333862,サンデーサイレンス(USA),0000161740,トニービン(IRE)
0000728133,ウェルフェア,0000337550,フォーティナイナー(USA),0000260890,フェアダンス,0000335975,Mr. Prospector(USA),0000333870,フェアジャッジメント(USA)
0001173100,ウェーブヒーロー,0001046333,ヴィクトワールピサ,0000991181,ブルーレイ,0000701577,ネオユニヴァース,0000359332,トワイニング(USA)
0000804703,ウエイクアイランド,0000369765,ムタファーウエク(USA),0000316373,アグネスヴァーチ,0000336890,Silver Hawk(USA),0000362599,ラムタラ(USA)
0001296414,ウエスタンエクスプレス,0000368799,Encosta De Lago(AUS),0001296413,Alsatia(AUS),0000337427,Fairy King(USA),0000340260,Marauding(NZ)
0000150111,ウエスタンダンサー,0000333655,ウエスタンウインド(USA),0000011313,カネツヨーキヒ,0000333945,Gallant Man(GB),0000333194,トサミドリ
0000089154,ウエスタンビーナス,0000333397,ペトロス(GB),0000020314,トツプワイ,0000334416,Petition(GB),0000333273,アークテイツクヴエイル(IRE)
0001141399,ウエスタンメルシー,0000287600,ブラックホーク(GB),0000887377,ウエスタンバリア,0000336085,Nureyev(USA),0000321138,アグネスデジタル(USA)
0000736180,ウエスタンリジ,0000337421,アフリート(CAN),0000383583,トップウィッシュ(CAN),0000335975,Mr. Prospector(USA),0000336769,Topsider(USA)
0001120342,ウエスタンレベッカ,0000701668,ゼンノロブロイ,0000328186,ウエスタンデンコー,0000333862,サンデーサイレンス(USA),0000340528,ジェネラス(IRE)
0000727890,ウエストエンド,0000361855,エンドスウィープ(USA),0000305477,ビクトリアウインク,0000337550,フォーティナイナー(USA),0000333544,ノーザンテースト(CAN)
0000616500,ウエノマルクン,0000179021,サツカーボーイ,0000284773,フラワーケープ,0000333664,デイクタス(FR),0000077996,ヤマニンスキー
0001179427,ウォリアーズソウル,0001113423,Warrior's Reward(USA),0001178398,I Luv U Nani,0000721553,Medaglia d'Oro(USA),0000745249,Vindication(USA)
0000723110,ウォンテッド,0000333894,コマンダーインチーフ(GB),0000312884,エリモキャロル,0000336853,ダンシングブレーヴ(USA),0000182479,キャロルハウス(IRE)
0001086776,ウォークラウン,0000621154,War Chant(USA),0000796000,Last Crown(USA),0000336082,Danzig(USA),0000340508,El Prado(IRE)
0000800766,ウォーゲーム,0000731452,ウォーエンブレム(USA),0000262458,エナジーストーン,0000362883,Our Emblem(USA),0000333874,ジェイドロバリー(USA)
0000745420,ウォーサン,0000336202,Caerleon(USA),0000419929,Lucayan Princess(IRE),0000333996,Nijinsky(CAN),0000336666,High Line(GB)
0000888298,ウォータクティクス,0000731452,ウォーエンブレム(USA),0000325159,アドマイヤハッピー,0000362883,Our Emblem(USA),0000161740,トニービン(IRE)
0000738970,ウォーターダッシュ,0000333846,キンググローリアス(USA),0000229214,オンワードロリエ,0000336724,Naevus(USA),0000130523,ミスターシービー
0000751467,ウォータートリトン,0000261478,ダイタクサージャン,0000171975,ダイタクジーニアス,0000333862,サンデーサイレンス(USA),0000333608,ミルジヨージ(USA)
0001207549,ウォーターパルフェ,0001042049,ルーラーシップ,0001103003,ウォータープレミア,0000729458,キングカメハメハ,0000701577,ネオユニヴァース
0001000726,ウォーターポピンズ,0000337102,Storm Cat(USA),0000714994,Christmas in Aiken(USA),0000336177,Storm Bird(CAN),0000336350,Affirmed(USA)
0000756804,ウォーターポロ,0000324933,アグネスタキオン,0000274880,スプラッシュクイン,0000333862,サンデーサイレンス(USA),0000161740,トニービン(IRE)
0001191761,ウォーターマーズ,0000700008,シンボリクリスエス(USA),0000321345,ウォーターポラリス(USA),0000336209,Kris S.(USA),0000340508,El Prado(IRE)
0001173583,ウォーターミリオン,0000722158,ハーツクライ,0000998980,セーフアズロック(USA),0000333862,サンデーサイレンス(USA),0000714421,ロックオブジブラルタル(IRE)
0000891889,ウォーターリメイン,0000304230,ナリタトップロード,0000743993,ウォーターリボーン(USA),0000179021,サツカーボーイ,0000361813,Alphabet Soup(USA)
0001094222,ウォータールルド,0000615799,ウォーターリーグ(USA),0000713952,ウォーターエナン(USA),0000337848,デヒア(USA),0000365330,ボストンハーバー(USA)
0000705098,ウォーターワイルド,0000337101,ソヴィエトスター(USA),0000139100,ウオーターメロデイ,0000336085,Nureyev(USA),0000333544,ノーザンテースト(CAN)
0000880031,ウォートルベリー,0000369253,Starborough(GB),0000880016,Rotina(FR),0000337101,ソヴィエトスター(USA),0000337265,クリスタルグリツターズ(USA)
0000888326,ウォーボネット,0000626942,ファルブラヴ(IRE),0000325250,ピンクパピヨン,0000337427,Fairy King(USA),0000333862,サンデーサイレンス(USA)
0000265881,ウオッカ,0000333864,クリエイター(GB),0000382855,シーズオレア(USA),0000334047,Mill Reef(USA),0000335975,Mr. Prospector(USA)
0001124735,ウキヨノカゼ,0000762497,オンファイア,0000756893,アドマイヤダッシュ,0000333862,サンデーサイレンス(USA),0000274915,フサイチコンコルド
0000701770,ウシュアイア,0000274914,バブルガムフェロー,0000233138,ノーザンマイア,0000333862,サンデーサイレンス(USA),0000333544,ノーザンテースト(CAN)
0001203188,ウスベニノキミ,0001052586,エイシンフラッシュ,0000757994,ソリッドプラチナム,0000372784,キングズベスト(USA),0000286968,ステイゴールド
0000798843,ウッドウインド,0000333901,ティンバーカントリー(USA),0000225216,ポールトゥウィン,0000337445,Woodman(USA),0000333707,リアルシヤダイ(USA)
0001091856,ウッドシップ,0000615577,クロフネ(USA),0000384184,ブライドウッド(USA),0000362799,フレンチデピュティ(USA),0000336082,Danzig(USA)
0001045116,ウネントリッヒ,0000321138,アグネスデジタル(USA),0000325966,タケイチイチホース,0000336770,Crafty Prospector(USA),0000262443,フジキセキ
0001175133,ウムブルフ,0000742976,ディープインパクト,0001127184,ウミラージ(GB),0000333862,サンデーサイレンス(USA),0000361091,Monsun(GER)
0001108973,ウメジマダイオー,0000287600,ブラックホーク(GB),0000742597,フレンチティー,0000336085,Nureyev(USA),0000362799,フレンチデピュティ(USA)
0001204040,ウラヌスチャーム,0001042049,ルーラーシップ,0000807003,アメジストリング,0000729458,キングカメハメハ,0000262443,フジキセキ
0001125960,ウリウリ,0000742976,ディープインパクト,0000808344,ウィキウィキ,0000333862,サンデーサイレンス(USA),0000362799,フレンチデピュティ(USA)
0001089481,ウルトラカイザー,0000317768,レギュラーメンバー,0000303246,ローレルワルツ,0000333894,コマンダーインチーフ(GB),0000169443,ダイナレター
0001167712,ウルトラバロック,0001046333,ヴィクトワールピサ,0000444467,レンⅡ(IRE),0000701577,ネオユニヴァース,0000340183,Bob Back(USA)
0001129422,ウルトラファンタジー,0000368799,Encosta De Lago(AUS),0001038188,Belle Anglaise,0000337427,Fairy King(USA),0000333957,Sir Ivor(USA)
0000800533,ウルワシノハナ,0000372848,キャプテンスティーヴ(USA),0000259451,マジックガール,0000339929,Fly So Free(USA),0000145875,サクラテルノオー
0000293929,ウンプテンプ,0000192975,ゴールデンフェザント(USA),0000223146,キリハツハナ,0000334731,Caro(IRE),0000333600,ノーザンディクテイター(USA)
0000732546,エアアドニス,0000247220,エアダブリン,0000298396,エアジャスミン,0000161740,トニービン(IRE),0000335911,Known Fact(USA)
0001241256,エアアルマス,0001083691,マジェスティックウォリアー(USA),0001178920,Nokaze(USA),0000339653,A.P. Indy(USA),0000749845,エンパイアメーカー(USA)
0001139620,エアアンセム,0000700008,シンボリクリスエス(USA),0000758630,エアマグダラ,0000336209,Kris S.(USA),0000333862,サンデーサイレンス(USA)
0001186847,エアウィンザー,0000729458,キングカメハメハ,0000750289,エアメサイア,0000347989,Kingmambo(USA),0000333862,サンデーサイレンス(USA)
0000181579,エアウルフ,0000100252,トウシヨウルチエー,0000127178,エイブルワンダー,0000333545,ダンデイルート(FR),0000333439,ボールドアンドエイブル(USA)
0000617479,エアエミネム,0000337424,デインヒル(USA),0000396388,Kissagram(USA),0000336082,Danzig(USA),0000337283,Alysheba(USA)
0000308984,エアギャングスター,0000333862,サンデーサイレンス(USA),0000383247,ダンシングキイ(USA),0000335154,Halo(USA),0000333996,Nijinsky(CAN)
0000308933,エアコルサバード,0000333862,サンデーサイレンス(USA),0000383837,アリレイナ(USA),0000335154,Halo(USA),0000336305,Alydar(USA)
0000750219,エアサバス,0000333862,サンデーサイレンス(USA),0000383728,アイドリームドアドリーム(USA),0000335154,Halo(USA),0000337277,Well Decorated(USA)
0000722900,エアシェイディ,0000333862,サンデーサイレンス(USA),0000298392,エアデジャヴー,0000335154,Halo(USA),0000333544,ノーザンテースト(CAN)
0000316264,エアシャカール,0000333862,サンデーサイレンス(USA),0000383728,アイドリームドアドリーム(USA),0000335154,Halo(USA),0000337277,Well Decorated(USA)
0000883514,エアシャトゥーシュ,0000372284,カリズマティック(USA),0000255320,リボンストライプ,0000340714,Summer Squall(USA),0000161740,トニービン(IRE)
0001106706,エアジェルブロワ,0000725485,ダイワメジャー,0000701841,アルバローズ,0000333862,サンデーサイレンス(USA),0000365099,エリシオ(FR)
0000756900,エアジパング,0000299155,エルコンドルパサー(USA),0000275619,エアパッション(USA),0000347989,Kingmambo(USA),0000335154,Halo(USA)
0000327186,エアジューク,0000333901,ティンバーカントリー(USA),0000384054,イクテリーナ(USA),0000337445,Woodman(USA),0000333891,セクレト(USA)
0000325004,エアスヌープ,0000333901,ティンバーカントリー(USA),0000148834,ダイナエトワール,0000337445,Woodman(USA),0000333599,ノーザリー(USA)
0001170160,エアスピネル,0000729458,キングカメハメハ,0000750289,エアメサイア,0000347989,Kingmambo(USA),0000333862,サンデーサイレンス(USA)
0000299351,エアスマップ,0000337424,デインヒル(USA),0000429438,サトルチェンジ(IRE),0000336082,Danzig(USA),0000336203,Law Society(USA)
0000702853,エアセレソン,0000365159,チーフベアハート(CAN),0000255320,リボンストライプ,0000337339,Chief's Crown(USA),0000161740,トニービン(IRE)
0001104340,エアソミュール,0000325200,ジャングルポケット,0000324931,エアラグーン,0000161740,トニービン(IRE),0000333862,サンデーサイレンス(USA)
0000316322,エアトゥーレ,0000161740,トニービン(IRE),0000237705,スキーパラダイス(USA),0000336378,カンパラ(GB),0000334968,Lyphard(USA)
0001143343,エアハリファ,0000985381,ディスクリートキャット(USA),0001052600,Chez La Femme(USA),0000372671,Forestry(USA),0000361794,Afternoon Deelites(USA)
0000888294,エアパスカル,0000731452,ウォーエンブレム(USA),0000325155,ラフィカ,0000362883,Our Emblem(USA),0000333862,サンデーサイレンス(USA)
0000308940,エアピエール,0000262443,フジキセキ,0000247094,エアシャロン,0000333862,サンデーサイレンス(USA),0000333544,ノーザンテースト(CAN)
0000995546,エアペイシェンス,0000274883,ダンスインザダーク,0000701497,エアシャキーラ,0000333862,サンデーサイレンス(USA),0000337421,アフリート(CAN)
0001091742,エアポートメサ,0000325098,タイムパラドックス,0000383976,リミウッド(USA),0000333844,ブライアンズタイム(USA),0000337445,Woodman(USA)
0001033839,エアマックール,0000372708,Giant's Causeway(USA),0000445590,Macarena Macarena(CAN),0000337102,Storm Cat(USA),0000337432,Gone West(USA)
0000750289,エアメサイア,0000333862,サンデーサイレンス(USA),0000298392,エアデジャヴー,0000335154,Halo(USA),0000333544,ノーザンテースト(CAN)
0000743069,エアラニア,0000299078,アグネスワールド(USA),0000383916,ビューティフルベーシック(USA),0000336082,Danzig(USA),0000333978,Secretariat(USA)
0001045057,エアラフォン,0000619835,デュランダル,0000325253,プリティタイディ,0000333862,サンデーサイレンス(USA),0000333874,ジェイドロバリー(USA)
0001209535,エアロヴェロシティ,0000718137,Pins(AUS),0001209534,Exodus(NZ),0000343464,Snippets(AUS),0000337515,Kaapstad(NZ)
0001218720,エイカイキャロル,0001089850,ロードカナロア,0001041064,ラフェクレール,0000729458,キングカメハメハ,0000293624,スペシャルウィーク
0000291887,エイキューガッツ,0000333881,ガダボート(USA),0000200540,アートギャラリー,0000335975,Mr. Prospector(USA),0000098122,アンバーシヤダイ
0001109000,エイコーンパス,0000325098,タイムパラドックス,0000742755,エイコーンリング,0000333844,ブライアンズタイム(USA),0000333874,ジェイドロバリー(USA)
0001100475,エイシンアポロン,0000372708,Giant's Causeway(USA),0000879741,Silk And Scarlet(GB),0000337102,Storm Cat(USA),0000336572,Sadler's Wells(USA)
0000759662,エイシンアモーレ,0000250154,エイシンワシントン(USA),0000309252,エイシンアイノウタ,0000337527,オジジアン(USA),0000333862,サンデーサイレンス(USA)
0000179807,エイシンイッキ,0000333684,ノノアルコ(USA),0000071574,ベルフアム,0000334378,Nearctic(CAN),0000333323,パーシア(GB)
0000807858,エイシンイッテン,0000372848,キャプテンスティーヴ(USA),0000619687,メジロベツァーリ,0000339929,Fly So Free(USA),0000340633,アラジ(USA)
0000808461,エイシンイーデン,0000336875,Phone Trick(USA),0000777157,Sioux City(CAN),0000336401,Clever Trick(USA),0000341849,Carson City(USA)
0001165015,エイシンエルヴィン,0000858233,Shamardal(USA),0001020645,La Ina(GER),0000372708,Giant's Causeway(USA),0000361091,Monsun(GER)
0000310650,エイシンエーケン,0000337863,Boundary(USA),0000397810,Math(USA),0000336082,Danzig(USA),0000337092,Devil's Bag(USA)
0001096491,エイシンオスマン,0000714421,ロックオブジブラルタル(IRE),0000796873,ゲルニカ(ARG),0000337424,デインヒル(USA),0000360626,Luhuk(USA)
0001142285,エイシンオルドス,0000262443,フジキセキ,0000998974,アルカイックレディ(USA),0000333862,サンデーサイレンス(USA),0000362868,Mr. Greeley(USA)
0000325950,エイシンカガヤキ,0000145106,サクラユタカオー,0000225865,エイシンモモ(USA),0000333299,テスコボーイ(GB),0000336769,Topsider(USA)
0001164978,エイシンキサナドゥ,0000365171,Distorted Humor(USA),0001113939,River's Prayer(USA),0000337550,フォーティナイナー(USA),0000850448,Devon Lane
0000732002,エイシンキンダー,0000339656,Belong to Me(USA),0000427523,Double Smooth(USA),0000336082,Danzig(USA),0000337064,Overskate(CAN)
0001110920,エイシンキンチェム,0000262443,フジキセキ,0000998974,アルカイックレディ(USA),0000333862,サンデーサイレンス(USA),0000362868,Mr. Greeley(USA)
0001174890,エイシンギガント,0000700008,シンボリクリスエス(USA),0001098783,エーシンフラクタル(USA),0000336209,Kris S.(USA),0000714411,ケイムホーム(USA)
0000189478,エイシンクエスト,0000333539,サーペンフロ(GB),0000105131,エイシンオヤマ,0000333957,Sir Ivor(USA),0000333484,イエローゴツド(GB)
0000731999,エイシンクッシング,0000338072,Deputy Minister(CAN),0000432823,Stormy Blues(USA),0000336132,Vice Regent(CAN),0000335907,Cure the Blues(USA)
0000321358,エイシンコジーン,0000337423,Cozzene(USA),0000397824,Rain Symphony(USA),0000334731,Caro(IRE),0000336225,Fappiano(USA)
0000224006,エイシンゴージャス,0000333749,ナグルスキー(CAN),0000108153,シルバーナイキ,0000333996,Nijinsky(CAN),0000333485,ドン(ITY)
0000990422,エイシンサクセス,0000339572,オペラハウス(GB),0000297116,スナークサクセス,0000336572,Sadler's Wells(USA),0000333844,ブライアンズタイム(USA)
0000853061,エイシンサリヴァン,0000340508,El Prado(IRE),0000768951,Swimmingly(USA),0000336572,Sadler's Wells(USA),0000342649,Nashwan(USA)
0000240580,エイシンシャイアン,0000161740,トニービン(IRE),0000192364,エイシンクラウン,0000336378,カンパラ(GB),0000069360,マルゼンスキー
0001164981,エイシンスパルタン,0001127398,Zensational(USA),0000769380,Lady Tak(USA),0000361396,Unbridled's Song(USA),0000362626,Mutakddim(USA)
0000612587,エイシンスペイン,0000263174,ペンタイア(GB),0000221581,エイシンアテイン,0000335936,Be My Guest(USA),0000333757,ノーリユート(FR)
0000615795,エイシンスペンサー,0000362819,ヘネシー(USA),0000615698,Cherry a La Mode(USA),0000337102,Storm Cat(USA),0000336350,Affirmed(USA)
0000268985,エイシンセイテン,0000333740,タツプオンウツド(IRE),0000189495,エイシンコオハク,0000335962,Sallust(GB),0000333257,パーソロン(IRE)
0001220812,エイシンゾーン,0001106251,ジャスタウェイ,0001110775,エーシンブランシュ,0000722158,ハーツクライ,0000615577,クロフネ(USA)
0000136004,エイシンタイガー,0000333614,ゼダーン(GB),0000070420,エイシンパール,0000333952,Grey Sovereign(GB),0000335961,ミステリー(GB)
0000160534,エイシンダッシュ,0000333363,リマンド(GB),0000071445,ポートライン,0000333914,Alcide(GB),0000333270,セダン(FR)
0000321394,エイシンダンズビル,0000355911,Rizzi(CAN),0000398078,Timber Ghost(USA),0000337421,アフリート(CAN),0000337135,Great Above(USA)
0000897653,エイシンチャンドラ,0000372662,Dixie Union(USA),0000879967,Dream Away(USA),0000336397,Dixieland Band(USA),0000339552,St. Jovite(USA)
0000634849,エイシンチャンプ,0000347531,ミシエロ(USA),0000225867,エイシンミシガン(USA),0000336424,Conquistador Cielo(USA),0000337274,Manila(USA)
0000758044,エイシンチャーム,0000250154,エイシンワシントン(USA),0000291906,エイシンメッチェン,0000337527,オジジアン(USA),0000145106,サクラユタカオー
0000714142,エイシンツルギザン,0000225628,サクラバクシンオー,0000384201,ヴィデオピアノ(USA),0000145106,サクラユタカオー,0000336225,Fappiano(USA)
0001168828,エイシンティンクル,0000742976,ディープインパクト,0000714092,キャタリナ(USA),0000333862,サンデーサイレンス(USA),0000337102,Storm Cat(USA)
0000732799,エイシンテンダー,0000268975,エイシンサンディ,0000263010,エイシンララミー(USA),0000333862,サンデーサイレンス(USA),0000336398,Time for a Change(USA)
0000755586,エイシンテンリュー,0000333862,サンデーサイレンス(USA),0000257825,エイシンサンサン,0000335154,Halo(USA),0000182479,キャロルハウス(IRE)
0000732785,エイシンデピュティ,0000362799,フレンチデピュティ(USA),0000299162,エイシンマッカレン(USA),0000338072,Deputy Minister(CAN),0000337445,Woodman(USA)
0000858067,エイシンドーバー,0000369047,Victory Gallop(CAN),0000250114,エイシンジョージア(USA),0000342433,Cryptoclearance(USA),0000336209,Kris S.(USA)
0000275796,エイシンニュートン,0000335964,Seattle Slew(USA),0000408924,High Schemes(USA),0000335859,Bold Reasoning(USA),0000339810,High Echelon(USA)
0000732786,エイシンニーザン,0000337550,フォーティナイナー(USA),0000257825,エイシンサンサン,0000335975,Mr. Prospector(USA),0000182479,キャロルハウス(IRE)
0001220468,エイシンノホシ,0000287925,タイキシャトル(USA),0001104185,エーシンスピカ,0000337092,Devil's Bag(USA),0000324933,アグネスタキオン
0000238434,エイシンハッピー,0000131063,エイシンムサシ,0000161913,ヒロタケサニー,0000056658,ミクニノホマレ,0000056582,ヒロタケ
0000325935,エイシンハリマオー,0000207623,トウカイテイオー,0000200565,エイシンサニー,0000140567,シンボリルドルフ,0000333608,ミルジヨージ(USA)
0000731998,エイシンハンプトン,0000342430,Dynaformer(USA),0000731529,Sedona Berry(USA),0000335167,Roberto(USA),0000120594,Strawberry Road(AUS)
0001156384,エイシンバッケン,0000719054,ヨハネスブルグ(USA),0000990671,エーシンラージシー,0000362819,ヘネシー(USA),0000700008,シンボリクリスエス(USA)
0000888415,エイシンパンサー,0000368659,コロナドズクエスト(USA),0000326147,ナナコフレスコ,0000337550,フォーティナイナー(USA),0000201489,メジロライアン
0000722921,エイシンヒエイザン,0000250154,エイシンワシントン(USA),0000221581,エイシンアテイン,0000337527,オジジアン(USA),0000333757,ノーリユート(FR)
0000111387,エイシンヒカリ,0000046389,ヤングジヨオー,0000046295,オオナミフブキ,0000010208,ゴルトエース,0000455705,チヤンピオン
0000287851,エイシンビンセンス,0000337275,Relaunch(USA),0000406551,Telescopica(ARG),0000334720,In Reality(USA),0000337095,Table Play(USA)
0001209413,エイシンピカソ,0001132523,Drosselmeyer(USA),0000982193,R Lady Joy(USA),0000365171,Distorted Humor(USA),0000371968,Vicar(USA)
0001052586,エイシンフラッシュ,0000372784,キングズベスト(USA),0000621652,ムーンレディ(GER),0000347989,Kingmambo(USA),0000225910,Platini(GER)
0001134446,エイシンフランキー,0000615577,クロフネ(USA),0000306885,マサコチャン,0000362799,フレンチデピュティ(USA),0000333862,サンデーサイレンス(USA)
0000889937,エイシンブイダンス,0000274883,ダンスインザダーク,0000436411,クレアコート(IRE),0000333862,サンデーサイレンス(USA),0000336429,Glint of Gold(GB)
0001178046,エイシンブルズアイ,0001040048,Belgravia(USA),0000986306,Miss Fear Factor(USA),0000362868,Mr. Greeley(USA),0000622228,Siphon(BRZ)
0000731244,エイシンブーン,0000361247,Holy Bull(USA),0000435877,P. C. J. Relaxer(USA),0000337135,Great Above(USA),0000334708,Hawaii(SAF)
0000321274,エイシンプレストン,0000335293,Green Dancer(USA),0000409944,Warranty Applied(USA),0000333996,Nijinsky(CAN),0000340670,Monteverdi(IRE)
0000722925,エイシンヘーベ,0000250154,エイシンワシントン(USA),0000298693,エイシンオープン,0000337527,オジジアン(USA),0000333862,サンデーサイレンス(USA)
0000763252,エイシンペキン,0000336350,Affirmed(USA),0000225864,エイシンテネシー(USA),0000334242,Exclusive Native(USA),0000336132,Vice Regent(CAN)
0000732797,エイシンホリデイ,0000268975,エイシンサンディ,0000200565,エイシンサニー,0000333862,サンデーサイレンス(USA),0000333608,ミルジヨージ(USA)
0000263014,エイシンボストン,0000336428,Fit to Fight(USA),0000393950,Think Blue(USA),0000334166,Chieftain(USA),0000333954,Cornish Prince(USA)
0000763260,エイシンボーダン,0000369621,Tale of the Cat(USA),0000763162,Workout Wonder(USA),0000337102,Storm Cat(USA),0000340813,Morning Bob(USA)
0000763914,エイシンマルカム,0000362868,Mr. Greeley(USA),0000438925,Sweetest Gal(USA),0000337432,Gone West(USA),0000335866,Honest Pleasure(USA)
0000225168,エイシンライダー,0000333707,リアルシヤダイ(USA),0000169471,ダイナシルエツト,0000335167,Roberto(USA),0000333544,ノーザンテースト(CAN)
0000310556,エイシンラグランジ,0000339836,Gulch(USA),0000433209,Glimmer of Gold(USA),0000335975,Mr. Prospector(USA),0000336883,Slew o' Gold(USA)
0001144178,エイシンラトゥナ,0000372667,Exchange Rate(USA),0001129557,Queen's Play(USA),0000336082,Danzig(USA),0000347989,Kingmambo(USA)
0000739708,エイシンラージヒル,0000299155,エルコンドルパサー(USA),0000287906,エイシンブライドル(USA),0000347989,Kingmambo(USA),0000340629,Unbridled(USA)
0001310784,エイシンルバーン,0001137511,エイシンヒカリ,0001150941,エイシンマカロン,0000742976,ディープインパクト,0000749845,エンパイアメーカー(USA)
0000301791,エイシンルーデンス,0000333862,サンデーサイレンス(USA),0000169917,エイシングレシャス,0000335154,Halo(USA),0000061253,トウシヨウボーイ
0000853060,エイシンロンバード,0000369047,Victory Gallop(CAN),0000625470,Pacific City(USA),0000342433,Cryptoclearance(USA),0000341849,Carson City(USA)
0000301903,エイシンワンシャン,0000161740,トニービン(IRE),0000225864,エイシンテネシー(USA),0000336378,カンパラ(GB),0000336132,Vice Regent(CAN)
0000796887,エイシンヴァイデン,0000365218,Touch Gold(USA),0000321276,バーモントガール(USA),0000338072,Deputy Minister(CAN),0000347531,ミシエロ(USA)
0001141999,エイシンヴァラー,0000310467,サウスヴィグラス(USA),0000990671,エーシンラージシー,0000361855,エンドスウィープ(USA),0000700008,シンボリクリスエス(USA)
0000804295,エイジアンウインズ,0000262443,フジキセキ,0000312871,サクラサクⅡ,0000333862,サンデーサイレンス(USA),0000337424,デインヒル(USA)
0000993867,エイブルインレース,0000262443,フジキセキ,0000384244,フサイチエイブル(USA),0000333862,サンデーサイレンス(USA),0000338072,Deputy Minister(CAN)
0001091889,エイブルブラッド,0000701577,ネオユニヴァース,0000384244,フサイチエイブル(USA),0000333862,サンデーサイレンス(USA),0000338072,Deputy Minister(CAN)
0000882798,エイブルベガ,0000309184,アドマイヤベガ,0000236502,カネヤマシカダ,0000333862,サンデーサイレンス(USA),0000333608,ミルジヨージ(USA)
0000306807,エイブルワン,0000333788,ノーパスノーセール(IRE),0000211250,ミスロマニイ,0000334003,Northfields(USA),0000333640,ブレイヴエストローマン(USA)
0000884804,エイムアットビップ,0000321138,アグネスデジタル(USA),0000279986,ドリームクロス,0000336770,Crafty Prospector(USA),0000161740,トニービン(IRE)
0001202765,エイムアンドエンド,0001052586,エイシンフラッシュ,0000742603,ロフティーエイム,0000372784,キングズベスト(USA),0000333862,サンデーサイレンス(USA)
0001153720,エイムハイ,0000742976,ディープインパクト,0000756494,サンドリオン,0000333862,サンデーサイレンス(USA),0000333894,コマンダーインチーフ(GB)
0000727382,エイユーハーデイ,0000298391,エアジハード,0000181379,ハーバーハーデイ,0000145106,サクラユタカオー,0000333638,ニゾン(USA)
0000989832,エオリアンハープ,0000729458,キングカメハメハ,0000286798,エアウイングス,0000347989,Kingmambo(USA),0000333862,サンデーサイレンス(USA)
0001105315,エキストラエンド,0000742976,ディープインパクト,0000432603,カーリング(FR),0000333862,サンデーサイレンス(USA),0000341356,Garde Royale(IRE)
0000284502,エキセントリック,0000069360,マルゼンスキー,0000118269,キンコーハロー,0000333996,Nijinsky(CAN),0000333444,タカウオーク(USA)
0001134944,エキマエ,0000727032,メイショウボーラー,0000317332,ローレルシャイン,0000287925,タイキシャトル(USA),0000333894,コマンダーインチーフ(GB)
0000705012,エクスアタック,0000362818,ホークアタック(USA),0000275542,メイショウキロロ(IRE),0000336890,Silver Hawk(USA),0000336202,Caerleon(USA)
0001108546,エクスクライム,0000722158,ハーツクライ,0000734614,フェアリーブレス,0000333862,サンデーサイレンス(USA),0000362799,フレンチデピュティ(USA)
0000705556,エクススピーディ,0000256512,マーベラスサンデー,0000166704,スピーディシルク,0000333862,サンデーサイレンス(USA),0000333702,マナード(IRE)
0001123782,エクスパーシヴ,0000700008,シンボリクリスエス(USA),0000734614,フェアリーブレス,0000336209,Kris S.(USA),0000362799,フレンチデピュティ(USA)
0000270049,エクスプロイト,0000333812,ゴライタス(USA),0000090423,ポーロニアヒバナ,0000333996,Nijinsky(CAN),0000020713,ダテテンリユウ
0001045811,エクスペディション,0000286968,ステイゴールド,0000383773,ビーモル(USA),0000333862,サンデーサイレンス(USA),0000334968,Lyphard(USA)
0001142642,エクスペリエンス,0000286968,ステイゴールド,0001052430,ラーナック(NZ),0000333862,サンデーサイレンス(USA),0000369845,Montjeu(IRE)
0000319554,エクセシヴワード,0000333874,ジェイドロバリー(USA),0000197520,ザラストワード,0000335975,Mr. Prospector(USA),0000333544,ノーザンテースト(CAN)
0001103480,エクセラントカーヴ,0000725485,ダイワメジャー,0000310355,インディアナカーヴ(USA),0000333862,サンデーサイレンス(USA),0000339653,A.P. Indy(USA)
0001045670,エクセルサス,0000293624,スペシャルウィーク,0000332981,ラタフィア(USA),0000333862,サンデーサイレンス(USA),0000337423,Cozzene(USA)
0000127301,エクセルシオール,0000333613,サンプリンス(IRE),0000059140,アランフエス,0000334436,Princely Gift(GB),0000333254,ネヴアービート(GB)
0001140332,エクセレントビュー,0000626923,チチカステナンゴ(FR),0000800978,トップエクセレント,0000361696,Smadoun(FR),0000324933,アグネスタキオン
0000165368,エクメーネ,0000333702,マナード(IRE),0000079502,ヨシノグランツ,0000334852,Captain's Gig(USA),0000333457,ヴイエナ(GB)
0001166695,エクラミレネール,0000762445,マツリダゴッホ,0000307368,シャトーサウザンド,0000333862,サンデーサイレンス(USA),0000333807,プラウドデボネア(USA)
0000721596,エグジットスウィン,0000340449,Exit to Nowhere(USA),0000721597,Morganella,0000336421,Irish River(FR),0000343824,D'Arras(FR)
0001151462,エグランティーナ,0000700008,シンボリクリスエス(USA),0000701513,ステラマリス,0000336209,Kris S.(USA),0000333862,サンデーサイレンス(USA)
0000731678,エコルプレイス,0000365179,Grindstone(USA),0000430646,Tropico Cielo(USA),0000340629,Unbridled(USA),0000333891,セクレト(USA)
0000731435,エコーエディ,0000341730,Restless Con(USA),0000731436,Geri's Princess(USA),0000334456,Restless Native(USA),0000343235,Siyah Kalem(USA)
0000990945,エジソン,0000333901,ティンバーカントリー(USA),0000305111,ワールドマジック,0000337445,Woodman(USA),0000179021,サツカーボーイ
0001096604,エスカナール,0000293624,スペシャルウィーク,0000808389,エスカニア(CHI),0000333862,サンデーサイレンス(USA),0000777204,Edgy Diplomat(USA)
0001045213,エスカーダ,0000849057,バゴ(FR),0000326766,ベーシックフジ,0000342649,Nashwan(USA),0000339572,オペラハウス(GB)
0000707292,エスケーアパッチ,0000333849,エブロス(USA),0000247873,ビンゴアズサ,0000335975,Mr. Prospector(USA),0000333769,パークリージエント(CAN)
0000803338,エスケーカントリー,0000333901,ティンバーカントリー(USA),0000302360,ホクトブルーバード,0000337445,Woodman(USA),0000182480,アサティス(USA)
0001099003,エスケープマジック,0000362857,Maria's Mon(USA),0000719406,マジックストーム(USA),0000337546,Wavering Monarch(USA),0000337102,Storm Cat(USA)
0000763795,エスコートボーイ,0000357751,Dare and Go(USA),0000407067,Exactly Like You(IRE),0000336305,Alydar(USA),0000333959,Sassafras(FR)
0000613014,エスジービーム,0000333844,ブライアンズタイム(USA),0000222083,エスジービアンカ,0000335167,Roberto(USA),0000069360,マルゼンスキー
0001167276,エスティタート,0000804714,ドリームジャーニー,0000325096,スキッフル,0000286968,ステイゴールド,0000161740,トニービン(IRE)
0001044903,エステーラブ,0000298971,マイネルラヴ(USA),0000324398,ザフェイツ,0000337444,Seeking the Gold(USA),0000333844,ブライアンズタイム(USA)
0000704073,エストレーノ,0000361247,Holy Bull(USA),0000432371,Knight Prospector(USA),0000337135,Great Above(USA),0000339724,Native Prospector(USA)
0001047875,エスピナアスール,0000262443,フジキセキ,0000701868,リメインフォレスト,0000333862,サンデーサイレンス(USA),0000333872,アジュディケーティング(USA)
0001186220,エスピリトゥオーゾ,0000725485,ダイワメジャー,0000730575,ポポラス,0000333862,サンデーサイレンス(USA),0000337550,フォーティナイナー(USA)
0000888832,エスポワールシチー,0000619768,ゴールドアリュール,0000329435,エミネントシチー,0000333862,サンデーサイレンス(USA),0000333844,ブライアンズタイム(USA)
0001177871,エスメラルディーナ,0000719305,Harlan's Holiday(USA),0001177865,ターシャズスター(USA),0000361873,Harlan(USA),0000794780,Spanish Steps(USA)
0000763919,エスユーグランド,0000369314,Grand Slam(USA),0000449156,Charlotte Augusta(USA),0000337432,Gone West(USA),0000337339,Chief's Crown(USA)
0000730819,エスワンスペクター,0000340413,シャンハイ(USA),0000211057,レディープロスパー,0000337055,Procida(USA),0000105218,ミナガワマンナ
0000050885,エゾノタイセツ,0000333257,パーソロン(IRE),0000016233,ミドリジヨオー,0000334048,Milesian(GB),0000333248,シプリアニ(ITY)
0001208403,エタリオウ,0000286968,ステイゴールド,0001177658,ホットチャチャ(USA),0000333862,サンデーサイレンス(USA),0000875746,Cactus Ridge(USA)
0000128019,エタンダール,0000333331,エタン(USA),0000019636,オーゴンヒダカ,0000334375,Native Dancer(USA),0000333252,ワラビー(FR)
0001118998,エターナルムーン,0000298971,マイネルラヴ(USA),0000304247,ノーブルエターナル,0000337444,Seeking the Gold(USA),0000337421,アフリート(CAN)
0001169226,エターナルユース,0000615577,クロフネ(USA),0000727326,アマランス,0000362799,フレンチデピュティ(USA),0000333862,サンデーサイレンス(USA)
0001093482,エチゴイチエ,0000701577,ネオユニヴァース,0000701555,ダンスフォーママ,0000333862,サンデーサイレンス(USA),0000365099,エリシオ(FR)
0000886883,エックスダンス,0000309184,アドマイヤベガ,0000309147,ルカダンス,0000333862,サンデーサイレンス(USA),0000333887,ヘクタープロテクター(USA)
0001111007,エックスマーク,0000742976,ディープインパクト,0001035873,ショアー(GER),0000333862,サンデーサイレンス(USA),0000343943,Acatenango(GER)
0001171061,エテルナミノル,0000749845,エンパイアメーカー(USA),0000798827,ダイワジェラート,0000340629,Unbridled(USA),0000262443,フジキセキ
0001190647,エテレインミノル,0001110554,ディープブリランテ,0001051624,シルキーブライド,0000742976,ディープインパクト,0000861793,Rock Hard Ten(USA)
0001172426,エディクト,0000729458,キングカメハメハ,0000889529,サンクスノート,0000347989,Kingmambo(USA),0000225628,サクラバクシンオー
0001107096,エディン,0000325200,ジャングルポケット,0000706214,ナインミューズ,0000161740,トニービン(IRE),0000287925,タイキシャトル(USA)
0001119223,エデンロック,0000362799,フレンチデピュティ(USA),0000309027,ボーンスター,0000338072,Deputy Minister(CAN),0000333862,サンデーサイレンス(USA)
0001186119,エトルディーニュ,0000268975,エイシンサンディ,0000728622,リスペクトスコール,0000333862,サンデーサイレンス(USA),0000339572,オペラハウス(GB)
0001041291,エドノヤマト,0000324971,マンハッタンカフェ,0000253240,ヘイワンリーフ,0000333862,サンデーサイレンス(USA),0000129264,スズカコバン
0000703169,エドモンダンテス,0000333874,ジェイドロバリー(USA),0000212730,ホワイトシルバー,0000335975,Mr. Prospector(USA),0000147452,ミルコウジ
0000885571,エナージバイオ,0000324933,アグネスタキオン,0000292754,ブリスクバイオ,0000333862,サンデーサイレンス(USA),0000333844,ブライアンズタイム(USA)
0001149991,エニグマバリエート,0000722158,ハーツクライ,0000321409,ティエッチグレース(USA),0000333862,サンデーサイレンス(USA),0000336568,Capote(USA)
0001107401,エネアド,0000742976,ディープインパクト,0000719779,キュー(USA),0000333862,サンデーサイレンス(USA),0000362799,フレンチデピュティ(USA)
0001168686,エネスク,0001148419,ベーカバド(FR),0000705967,エルフィン,0000363470,Cape Cross(IRE),0000336853,ダンシングブレーヴ(USA)
0000733810,エネルマオー,0000214492,リンドシェーバー(USA),0000316832,タカノバレリーナ,0000336305,Alydar(USA),0000337527,オジジアン(USA)
0000799198,エノク,0000615577,クロフネ(USA),0000233038,カーリーエンジェル,0000362799,フレンチデピュティ(USA),0000333822,ジヤツジアンジエルーチ(USA)
0001135263,エノラブエナ,0000700008,シンボリクリスエス(USA),0000324973,マルカサワヤカ,0000336209,Kris S.(USA),0000333862,サンデーサイレンス(USA)
0000023922,エバーグリーン,0000008514,ハクズイコウ,0000001608,ミスタカヨシ,0000334308,Imbros(USA),0000333079,ミルトン
0001157732,エバーシャルマン,0000722158,ハーツクライ,0001127296,ラシャルマンテ(ARG),0000333862,サンデーサイレンス(USA),0000622004,Indygo Shiner(USA)
0001119361,エバーブロッサム,0000742976,ディープインパクト,0000312871,サクラサクⅡ,0000333862,サンデーサイレンス(USA),0000337424,デインヒル(USA)
0001186584,エバープリンセス,0001115148,ハービンジャー(GB),0000737189,プリンセスルシータ,0000372531,Dansili(GB),0000333862,サンデーサイレンス(USA)
0000899521,エヒテンヴィーゼ,0000365186,Langfuhr(CAN),0000880033,Irish Class Miss(USA),0000336082,Danzig(USA),0000336615,Irish Tower(USA)
0001124839,エピカ,0000298971,マイネルラヴ(USA),0000758358,ティンクルハート,0000337444,Seeking the Gold(USA),0000333862,サンデーサイレンス(USA)
0000730501,エピカリス,0000274914,バブルガムフェロー,0000247296,リープ,0000333862,サンデーサイレンス(USA),0000333544,ノーザンテースト(CAN)
0000321116,エピグラフ,0000337444,Seeking the Gold(USA),0000404643,Via Borghese(USA),0000335975,Mr. Prospector(USA),0000336880,シアトルダンサーⅡ(USA)
0001104943,エピセアローム,0000725485,ダイワメジャー,0000332981,ラタフィア(USA),0000333862,サンデーサイレンス(USA),0000337423,Cozzene(USA)
0000719805,エピソードシチー,0000333901,ティンバーカントリー(USA),0000219652,ミヤノスカーレット,0000337445,Woodman(USA),0000333769,パークリージエント(CAN)
0001124297,エピファネイア,0000700008,シンボリクリスエス(USA),0000743110,シーザリオ,0000336209,Kris S.(USA),0000293624,スペシャルウィーク
0000738734,エフェクト,0000365159,チーフベアハート(CAN),0000237556,ハリスンマリー,0000337339,Chief's Crown(USA),0000158547,ダイナガリバー
0000756923,エフセイコー,0000333862,サンデーサイレンス(USA),0000275701,スコールイ(USA),0000335154,Halo(USA),0000337444,Seeking the Gold(USA)
0000804029,エフティイカロス,0000324933,アグネスタキオン,0000308963,オークミード,0000333862,サンデーサイレンス(USA),0000161740,トニービン(IRE)
0001117775,エフティチャーミー,0000722797,ブラックタイド,0000258234,フラワーブリーズ,0000333862,サンデーサイレンス(USA),0000333870,フェアジャッジメント(USA)
0000888318,エフティマイア,0000262443,フジキセキ,0000325215,カツラドライバー,0000333862,サンデーサイレンス(USA),0000129863,ニホンピロウイナー
0000611877,エプソムアクトレス,0000274915,フサイチコンコルド,0000245248,エプソムカラー,0000336202,Caerleon(USA),0000179021,サツカーボーイ
0000730422,エプソムアルテマ,0000207623,トウカイテイオー,0000179888,ラブリーエプソム,0000140567,シンボリルドルフ,0000115349,アスワン
0000799778,エプソムアーロン,0000365099,エリシオ(FR),0000245248,エプソムカラー,0000337427,Fairy King(USA),0000179021,サツカーボーイ
0000723071,エプソムデザイアー,0000274883,ダンスインザダーク,0000260791,エプソムフローリー,0000333862,サンデーサイレンス(USA),0000171990,イブンベイ(GB)
0000733504,エプソムドン,0000274914,バブルガムフェロー,0000302587,プリンセスコウベ,0000333862,サンデーサイレンス(USA),0000337436,ラストタイクーン(IRE)
0000614757,エプソムフォース,0000333901,ティンバーカントリー(USA),0000433436,スーティー(IRE),0000337445,Woodman(USA),0000336202,Caerleon(USA)
0000723067,エプソムボス,0000333901,ティンバーカントリー(USA),0000245248,エプソムカラー,0000337445,Woodman(USA),0000179021,サツカーボーイ
0001048851,エベレストオー,0000337421,アフリート(CAN),0000725367,ヒカリバンダ,0000335975,Mr. Prospector(USA),0000166681,タマモクロス
0000749483,エボニービジョン,0000336574,Wild Again(USA),0000713968,Soaring Sultana(USA),0000334747,Icecapade(USA),0000336380,Northjet(IRE)
0001203083,エポカドーロ,0001090360,オルフェーヴル,0000755684,ダイワパッション,0000286968,ステイゴールド,0000337550,フォーティナイナー(USA)
0000302606,エポック,0000333770,ワツスルタツチ(USA),0000202896,マンモスラッチー,0000334002,Northern Dancer(CAN),0000116978,ゴールドレツト
0001090345,エポワス,0000626942,ファルブラヴ(IRE),0000316360,マニックサンデー,0000337427,Fairy King(USA),0000333862,サンデーサイレンス(USA)
0001173783,エマノン,0000722158,ハーツクライ,0001033844,ピラミマ(USA),0000333862,サンデーサイレンス(USA),0000361396,Unbridled's Song(USA)
0001149744,エミネスク,0000701577,ネオユニヴァース,0000316299,エミネントピークス,0000333862,サンデーサイレンス(USA),0000333901,ティンバーカントリー(USA)
0000801676,エミネンツァベルタ,0000287925,タイキシャトル(USA),0000278975,ニシオマジョリック,0000337092,Devil's Bag(USA),0000337424,デインヒル(USA)
0001168615,エミノマユアク,0000749845,エンパイアメーカー(USA),0000704623,エミリア,0000340629,Unbridled(USA),0000333862,サンデーサイレンス(USA)
0000804027,エミーズスマイル,0000324933,アグネスタキオン,0000308955,エミスフェール,0000333862,サンデーサイレンス(USA),0000237704,ホワイトマズル(GB)
0001110236,エミーズパラダイス,0000274915,フサイチコンコルド,0000804027,エミーズスマイル,0000336202,Caerleon(USA),0000324933,アグネスタキオン
0000753333,エムエスワールド,0000286968,ステイゴールド,0000219608,トップワールド,0000333862,サンデーサイレンス(USA),0000069360,マルゼンスキー
0000618561,エムエフファルコン,0000333872,アジュディケーティング(USA),0000255457,サクラセローナ,0000336082,Danzig(USA),0000176226,サクラチヨノオー
0001101594,エムエムベレッタ,0000255813,マヤノトップガン,0000256311,キクカエンプレス,0000333844,ブライアンズタイム(USA),0000333776,ミルフオード(GB)
0000729723,エムオーウイナー,0000129863,ニホンピロウイナー,0000266105,ミラクルムテキ,0000333618,ステイールハート(IRE),0000182479,キャロルハウス(IRE)
0000987964,エムオービーナス,0000179021,サツカーボーイ,0000242330,ユーワレイホー,0000333664,デイクタス(FR),0000145106,サクラユタカオー
0001213728,エムティアン,0001044310,パドトロワ,0000306413,サンドハーブ,0000375505,スウェプトオーヴァーボード(USA),0000333898,エルハーブ(USA)
0000735812,エムティーエアー,0000250204,タイキブリザード(USA),0000275611,エアバーニング(USA),0000335964,Seattle Slew(USA),0000337554,With Approval(CAN)
0000723339,エムティーダイオー,0000274883,ダンスインザダーク,0000241323,オリエンタルビート,0000333862,サンデーサイレンス(USA),0000140567,シンボリルドルフ
0000614687,エムテスカイ,0000256512,マーベラスサンデー,0000281537,メイショウセレジャ,0000333862,サンデーサイレンス(USA),0000333842,スマコバクリーク(USA)
0000619786,エメラルドアイル,0000333862,サンデーサイレンス(USA),0000233121,アイリッシュダンス,0000335154,Halo(USA),0000161740,トニービン(IRE)
0000881185,エメラルドワン,0000321292,ゼンノエルシド(IRE),0000177152,エメラルドセイザン,0000336202,Caerleon(USA),0000333640,ブレイヴエストローマン(USA)
0001118697,エメラルハヤブサ,0000287925,タイキシャトル(USA),0000296056,トウヨウロイヤル,0000337092,Devil's Bag(USA),0000341457,ロイヤルアカデミーⅡ(USA)
0001156065,エメラルヒマワリ,0000298971,マイネルラヴ(USA),0000899895,セトウチフラワー,0000337444,Seeking the Gold(USA),0000263172,Singspiel(IRE)
0001219360,エメラルファイト,0000615577,クロフネ(USA),0001050121,セトウチソーラー,0000362799,フレンチデピュティ(USA),0000293624,スペシャルウィーク
0000987479,エリザベスムーン,0000274883,ダンスインザダーク,0000225219,エリザベスローズ,0000333862,サンデーサイレンス(USA),0000333544,ノーザンテースト(CAN)
0000761150,エリモエクスパイア,0000626597,スキャターザゴールド(CAN),0000328469,エリモブラウニー,0000335975,Mr. Prospector(USA),0000333894,コマンダーインチーフ(GB)
0001043977,エリモエポナ,0000701668,ゼンノロブロイ,0000312886,エリモロマンス,0000333862,サンデーサイレンス(USA),0000337446,サンシャインフォーエヴァー(USA)
0000700109,エリモカントリー,0000333901,ティンバーカントリー(USA),0000275006,チョウカイルビー,0000337445,Woodman(USA),0000333821,リヴリア(USA)
0000618997,エリモシャルマン,0000161740,トニービン(IRE),0000253045,エリモパッション,0000336378,カンパラ(GB),0000069360,マルゼンスキー
0000700106,エリモハリアー,0000340528,ジェネラス(IRE),0000206790,エリモハスラー,0000336202,Caerleon(USA),0000333640,ブレイヴエストローマン(USA)
0000803713,エリモハルカ,0000304230,ナリタトップロード,0000306007,エリモメロディー,0000179021,サツカーボーイ,0000339534,ロドリゴデトリアーノ(USA)
0000330325,エリモピクシー,0000336853,ダンシングブレーヴ(USA),0000167989,エリモシユーテング,0000334968,Lyphard(USA),0000333299,テスコボーイ(GB)
0000732461,エリモファイナル,0000339572,オペラハウス(GB),0000295915,エリモセントラル,0000336572,Sadler's Wells(USA),0000225905,ドクターデヴィアス(IRE)
0000312881,エリモブライアン,0000333844,ブライアンズタイム(USA),0000253045,エリモパッション,0000335167,Roberto(USA),0000069360,マルゼンスキー
0000098794,エリモプリンセス,0000333498,イースタンフリート(USA),0000380631,フレンチスリツパー(GB),0000334258,Fleet Nasrullah(USA),0000333371,セントクレスピン(GB)
0000618990,エリモマキシム,0000333844,ブライアンズタイム(USA),0000253050,エリモアメジスト,0000335167,Roberto(USA),0000335964,Seattle Slew(USA)
0001087661,エリンコート,0000619835,デュランダル,0000250237,エリンバード(FR),0000333862,サンデーサイレンス(USA),0000337486,Bluebird(USA)
0001137075,エリーザベスト,0000615577,クロフネ(USA),0000702471,フローレス,0000362799,フレンチデピュティ(USA),0000333862,サンデーサイレンス(USA)
0001096527,エルウェーオージャ,0000620275,マイネルセレクト,0000801057,ブルーハピネス,0000337550,フォーティナイナー(USA),0000268975,エイシンサンディ
0000082050,エルカミーノ,0000333433,ライオンハーテツド(GB),0000029680,ベルダード,0000334000,Never Say Die(USA),0000334071,Worden(FR)
0000306947,エルカミーノレアル,0000333707,リアルシヤダイ(USA),0000382723,レイクレイム(USA),0000335167,Roberto(USA),0000335975,Mr. Prospector(USA)
0000995406,エルジャンクション,0000700008,シンボリクリスエス(USA),0000634822,ライヴ(USA),0000336209,Kris S.(USA),0000337102,Storm Cat(USA)
0001174218,エルゼロ,0001129430,ワークフォース(GB),0001048119,ゴールドマッシモ,0000372784,キングズベスト(USA),0000701577,ネオユニヴァース
0000799883,エルソルダード,0000293624,スペシャルウィーク,0000247097,ポピーデイ,0000333862,サンデーサイレンス(USA),0000161740,トニービン(IRE)
0000701702,エルダンジュ,0000333862,サンデーサイレンス(USA),0000441714,ガゼルロワイヤル(FR),0000335154,Halo(USA),0000341356,Garde Royale(IRE)
0000996894,エルチョコレート,0000318327,ニューイングランド,0000737632,ナムラブルネイ,0000333862,サンデーサイレンス(USA),0000299155,エルコンドルパサー(USA)
0001185394,エルデュクラージュ,0000615577,クロフネ(USA),0000701702,エルダンジュ,0000362799,フレンチデピュティ(USA),0000333862,サンデーサイレンス(USA)
0000254617,エルノルテ,0000333775,イルドブルボン(USA),0000124205,ムツミクラウン,0000333996,Nijinsky(CAN),0000333299,テスコボーイ(GB)
0000614409,エルノヴァ,0000333862,サンデーサイレンス(USA),0000275543,シンコウエルメス(IRE),0000335154,Halo(USA),0000336572,Sadler's Wells(USA)
0001175065,エルビッシュ,0000729458,キングカメハメハ,0001111253,シーズオールエルティッシュ(USA),0000347989,Kingmambo(USA),0000356574,Eltish(USA)
0001166194,エルプシャフト,0000742976,ディープインパクト,0000275176,ビワハイジ,0000333862,サンデーサイレンス(USA),0000336202,Caerleon(USA)
0000801729,エルベレス,0000274883,ダンスインザダーク,0000279679,ジアーダ,0000333862,サンデーサイレンス(USA),0000333874,ジェイドロバリー(USA)
0001216619,エルモンストロ,0001042049,ルーラーシップ,0000803182,ミンティエアー,0000729458,キングカメハメハ,0000324933,アグネスタキオン
0001173272,エルリストン,0000324971,マンハッタンカフェ,0000993632,アスペンアベニュー,0000333862,サンデーサイレンス(USA),0000359332,トワイニング(USA)
0000800499,エルヴィス,0000293624,スペシャルウィーク,0000258972,マークプロミス,0000333862,サンデーサイレンス(USA),0000061253,トウシヨウボーイ
0000304296,エレガントレガーロ,0000129863,ニホンピロウイナー,0000383006,ジヤンブリーガール(USA),0000333618,ステイールハート(IRE),0000335293,Green Dancer(USA)
0000738110,エレスサール,0000365262,パントレセレブル(USA),0000275693,ゴールデンカラーズ(USA),0000336085,Nureyev(USA),0000335975,Mr. Prospector(USA)
0001222746,エレナレジーナ,0001178418,ノヴェリスト(IRE),0001102843,フェニーチェ,0000361091,Monsun(GER),0000626942,ファルブラヴ(IRE)
0000015920,エロイカ,0000333269,ボウプリンス(GB),0000376871,クニビキ(AUS),0000334433,Prince Chevalier(FR),0000334385,Nice Day(GB)
0000620134,エローグ,0000203356,メジロマックイーン,0000201728,ペッパーキャロル,0000110447,メジロテイターン,0000088791,ニチドウアラシ
0001203668,エングローサー,0000989072,トランセンド,0000800081,エンブレイス,0000369358,ワイルドラッシュ(USA),0000337421,アフリート(CAN)
0000315658,エンゲルグレーセ,0000333807,プラウドデボネア(USA),0000230917,エンゲルリーゼン,0000334968,Lyphard(USA),0000127142,ウインザーノツト
0000722299,エンシェントヒル,0000361855,エンドスウィープ(USA),0000429026,アズテックヒル(USA),0000337550,フォーティナイナー(USA),0000339632,Proud Truth(USA)
0000730722,エンジェルクルー,0000262443,フジキセキ,0000287734,レーブドグランパ(GB),0000333862,サンデーサイレンス(USA),0000337496,Machiavellian(USA)
0000212650,エンジェルフェイス,0000333667,ターゴワイス(USA),0000116870,デイオーネ,0000345057,Round Table(USA),0000333374,フアバージ(FR)
0000751368,エンジェルローブ,0000309184,アドマイヤベガ,0000169374,サクラハゴロモ,0000333862,サンデーサイレンス(USA),0000333544,ノーザンテースト(CAN)
0001178250,エンジニア,0001113706,Sea The Stars(IRE),0001165009,ロリーフォードリー(IRE),0000363470,Cape Cross(IRE),0000862148,Oratorio(IRE)
0001150036,エンターザスフィア,0000742999,ヴァーミリアン,0000324324,トーワマドンナ,0000299155,エルコンドルパサー(USA),0000362599,ラムタラ(USA)
0001205725,エントシャイデン,0000742976,ディープインパクト,0000996247,ルシュクル,0000333862,サンデーサイレンス(USA),0000225628,サクラバクシンオー
0001187668,エントリーチケット,0000762445,マツリダゴッホ,0000800261,コスモエンドレス,0000333862,サンデーサイレンス(USA),0000214562,スターオブコジーン(USA)
0001187243,エンドゲーム,0000372784,キングズベスト(USA),0000759812,タイキクラリティ,0000347989,Kingmambo(USA),0000293624,スペシャルウィーク
0000704076,エンドレスデザート,0000361855,エンドスウィープ(USA),0000700079,Sweet Nena(USA),0000337550,フォーティナイナー(USA),0000339671,Gate Dancer(USA)
0001221102,エンパイアシュアー,0001164976,トビーズコーナー(USA),0001120924,チェリーシェル,0001127392,Bellamy Road(USA),0000225628,サクラバクシンオー
0000996683,エンブリオ,0000299089,グラスワンダー(USA),0000729569,ブルーフェリシア,0000336890,Silver Hawk(USA),0000256512,マーベラスサンデー
0001113553,エヴァズリクエスト,0000337101,ソヴィエトスター(USA),0000411231,Ingabelle(IRE),0000336085,Nureyev(USA),0000340382,Taufan(USA)
0000324994,エヴァンジル,0000237704,ホワイトマズル(GB),0000213923,セーヌリバー,0000336853,ダンシングブレーヴ(USA),0000333757,ノーリユート(FR)
0001089979,エーシンイグアス,0000274883,ダンスインザダーク,0000310459,エイシンマリアンナ(USA),0000333862,サンデーサイレンス(USA),0000337432,Gone West(USA)
0001113000,エーシンウェズン,0000621146,Trippi(USA),0001065727,Xtra Emblem(USA),0000361855,エンドスウィープ(USA),0000362883,Our Emblem(USA)
0000805222,エーシンウェーブス,0000268975,エイシンサンディ,0000321277,ワイオミングガール(USA),0000333862,サンデーサイレンス(USA),0000361971,Supremo(USA)
0000801471,エーシンエスヴィー,0000375505,スウェプトオーヴァーボード(USA),0000274932,エイシンビーナス,0000361855,エンドスウィープ(USA),0000333862,サンデーサイレンス(USA)
0000986515,エーシンエフダンズ,0000372671,Forestry(USA),0000383986,レディダンズ(USA),0000337102,Storm Cat(USA),0000336082,Danzig(USA)
0001055965,エーシンクールディ,0000365171,Distorted Humor(USA),0000714092,キャタリナ(USA),0000337550,フォーティナイナー(USA),0000337102,Storm Cat(USA)
0001102896,エーシングングン,0000325200,ジャングルポケット,0000298698,エイシンブイブイ,0000161740,トニービン(IRE),0000333862,サンデーサイレンス(USA)
0001031995,エーシンコンファー,0000342430,Dynaformer(USA),0000299168,エイシンシンシアナ(USA),0000335167,Roberto(USA),0000337102,Storm Cat(USA)
0001144185,エーシンゴールド,0000721553,Medaglia d'Oro(USA),0001097481,ホームフロムオズ(USA),0000340508,El Prado(IRE),0000337958,Pulpit(USA)
0000800413,エーシンサーフィン,0000362799,フレンチデピュティ(USA),0000257825,エイシンサンサン,0000338072,Deputy Minister(CAN),0000182479,キャロルハウス(IRE)
0001128613,エーシンジェイワン,0000719250,Speightstown(USA),0000860038,Motel Lass(USA),0000337432,Gone West(USA),0000336850,Bates Motel(USA)
0001090058,エーシンジャッカル,0000262443,フジキセキ,0000313222,エイシンリョンサン,0000333862,サンデーサイレンス(USA),0000337421,アフリート(CAN)
0001031984,エーシンジーライン,0000372708,Giant's Causeway(USA),0000383986,レディダンズ(USA),0000337102,Storm Cat(USA),0000336082,Danzig(USA)
0001129435,エーシンスピーダー,0000372708,Giant's Causeway(USA),0000790654,Myhrr(USA),0000337102,Storm Cat(USA),0000335975,Mr. Prospector(USA)
0001126577,エーシンセノーテ,0000362799,フレンチデピュティ(USA),0000897671,セントルイスガール(USA),0000338072,Deputy Minister(CAN),0000336890,Silver Hawk(USA)
0001049283,エーシンダックマン,0000225628,サクラバクシンオー,0000731121,エイシンチタニア,0000145106,サクラユタカオー,0000362681,スピニングワールド(USA)
0000803195,エーシンダードマン,0000274883,ダンスインザダーク,0000299162,エイシンマッカレン(USA),0000333862,サンデーサイレンス(USA),0000337445,Woodman(USA)
0000986573,エーシンダームスン,0000336499,Diesis(GB),0000310539,ミッションガール(USA),0000336086,Sharpen Up(GB),0000338072,Deputy Minister(CAN)
0000883639,エーシンディーエス,0000337848,デヒア(USA),0000257825,エイシンサンサン,0000338072,Deputy Minister(CAN),0000182479,キャロルハウス(IRE)
0001144181,エーシントップ,0000369621,Tale of the Cat(USA),0000875292,Ecology(USA),0000337102,Storm Cat(USA),0000361396,Unbridled's Song(USA)
0001128615,エーシンハーバー,0000337423,Cozzene(USA),0000874298,Echo Harbor(USA),0000334731,Caro(IRE),0000365330,ボストンハーバー(USA)
0000986514,エーシンパーティー,0000369621,Tale of the Cat(USA),0000299167,エイシンパリス(USA),0000337102,Storm Cat(USA),0000336421,Irish River(FR)
0001094389,エーシンヒットマン,0000729458,キングカメハメハ,0000722925,エイシンヘーベ,0000347989,Kingmambo(USA),0000250154,エイシンワシントン(USA)
0000803196,エーシンビーエル,0000225628,サクラバクシンオー,0000299169,エイシンリンデン(USA),0000145106,サクラユタカオー,0000339757,Alydeed(CAN)
0000988033,エーシンビーセルズ,0000225628,サクラバクシンオー,0000244086,エイシンカトリーヌ,0000145106,サクラユタカオー,0000069360,マルゼンスキー
0000986571,エーシンピーシー,0000621167,Fusaichi Pegasus(USA),0000714092,キャタリナ(USA),0000335975,Mr. Prospector(USA),0000337102,Storm Cat(USA)
0001051916,エーシンフォワード,0000349487,Forest Wildcat(USA),0000791820,Wake Up Kiss(USA),0000337102,Storm Cat(USA),0000335907,Cure the Blues(USA)
0001143130,エーシンブラスター,0001003260,Scat Daddy(USA),0001055848,Madagascat(USA),0000719054,ヨハネスブルグ(USA),0000369621,Tale of the Cat(USA)
0001092440,エーシンブラン,0000375505,スウェプトオーヴァーボード(USA),0000612609,エイシンジョアンナ,0000361855,エンドスウィープ(USA),0000161740,トニービン(IRE)
0000887107,エーシンプリリード,0000321274,エイシンプレストン(USA),0000313222,エイシンリョンサン,0000335293,Green Dancer(USA),0000337421,アフリート(CAN)
0001045337,エーシンホワイティ,0000225628,サクラバクシンオー,0000327814,ライジングサンデー,0000145106,サクラユタカオー,0000333862,サンデーサイレンス(USA)
0001055966,エーシンマイトップ,0000362868,Mr. Greeley(USA),0000225864,エイシンテネシー(USA),0000337432,Gone West(USA),0000336132,Vice Regent(CAN)
0001144104,エーシンマックス,0000745340,Dalakhani(IRE),0000743748,Midnight Angel(GER),0000336887,Darshaan(GB),0000343943,Acatenango(GER)
0001096786,エーシンミズーリ,0000324971,マンハッタンカフェ,0000897671,セントルイスガール(USA),0000333862,サンデーサイレンス(USA),0000336890,Silver Hawk(USA)
0001089399,エーシンミラージュ,0000615577,クロフネ(USA),0000301903,エイシンワンシャン,0000362799,フレンチデピュティ(USA),0000161740,トニービン(IRE)
0001098866,エーシンメンフィス,0000721553,Medaglia d'Oro(USA),0000321191,テネシーガール(USA),0000340508,El Prado(IRE),0000339623,Pine Bluff(USA)
0000992363,エーシンモアオバー,0000324971,マンハッタンカフェ,0000321278,オレゴンガール(CAN),0000333862,サンデーサイレンス(USA),0000339712,Rubiano(USA)
0001043265,エーシンリジル,0000362799,フレンチデピュティ(USA),0000301791,エイシンルーデンス,0000338072,Deputy Minister(CAN),0000333862,サンデーサイレンス(USA)
0001041444,エーシンリターンズ,0000729458,キングカメハメハ,0000257825,エイシンサンサン,0000347989,Kingmambo(USA),0000182479,キャロルハウス(IRE)
0001161977,エーシンレンジャー,0000853001,Read the Footnotes(USA),0001161942,Dixie Talent(USA),0000368103,Smoke Glacken(USA),0000372662,Dixie Union(USA)
0000990557,エーシンワンダーズ,0000321274,エイシンプレストン(USA),0000298695,エイシンワンダフル,0000335293,Green Dancer(USA),0000333862,サンデーサイレンス(USA)
0001047483,エーシンヴァーゴウ,0000626942,ファルブラヴ(IRE),0000620716,カンザスガール(USA),0000337427,Fairy King(USA),0000361977,サンダーガルチ(USA)
0000707513,エースインザレース,0000340066,ディアブロ(USA),0000260601,レインボーファスト,0000337092,Devil's Bag(USA),0000188424,レインボーアンバー
0000706400,エースオブハート,0000358543,カーネギー(IRE),0000287604,ゲイリーレディ(USA),0000336572,Sadler's Wells(USA),0000336890,Silver Hawk(USA)
0001051918,エーソングフォー,0000372626,More Than Ready(USA),0000422498,Miss Garland(USA),0000344537,サザンヘイロー(USA),0000337576,パレスミュージック(USA)
0001170924,エーティーサンダー,0000324971,マンハッタンカフェ,0000769609,ラヴリーハントレス(IRE),0000333862,サンデーサイレンス(USA),0000336890,Silver Hawk(USA)
0001121589,エーティータラント,0000619835,デュランダル,0000619629,ヒカルカリーナ,0000333862,サンデーサイレンス(USA),0000203356,メジロマックイーン
0000617765,エーティーダイオー,0000237393,サクラチトセオー,0000186530,ロマンシラオキ,0000161740,トニービン(IRE),0000139946,ビゼンニシキ
0000725753,エーティーテイオー,0000342675,ウォーニング(GB),0000384012,スマッシングヘイロー(USA),0000335911,Known Fact(USA),0000335154,Halo(USA)
0000734495,エーティーホーオー,0000369310,クロコルージュ(IRE),0000298320,シャコージュノー,0000337286,Rainbow Quest(USA),0000333544,ノーザンテースト(CAN)
0000807384,エーティーボス,0000304230,ナリタトップロード,0000612007,クリサンテーム,0000179021,サツカーボーイ,0000333894,コマンダーインチーフ(GB)
0001188839,エーティーラッセン,0001114985,サマーバード(USA),0000889776,チャームレディ,0000852542,Birdstone(USA),0000324933,アグネスタキオン
0000327184,エーピークロー,0000333879,デュラブ(USA),0000241623,オオシマアルフィー,0000336769,Topsider(USA),0000130523,ミスターシービー
0000292953,エーピーグリード,0000333870,フェアジャッジメント(USA),0000212227,エーピーロイヤル,0000335203,Alleged(USA),0000333637,ロイヤルスキー(USA)
0000725747,エーピースピリット,0000243723,サクラローレル,0000179591,スマイルバンブー,0000337286,Rainbow Quest(USA),0000333653,ジヨンテイオンブル(GB)
0000700748,エーピーフラッシュ,0000266932,ロイヤルタッチ,0000253943,リュウダイヤモンド,0000333862,サンデーサイレンス(USA),0000159702,ウインドストース
0000991961,エーブダッチマン,0000337421,アフリート(CAN),0000316947,フェルメールブルー,0000335975,Mr. Prospector(USA),0000333544,ノーザンテースト(CAN)
0001047655,エーブチェアマン,0000729458,キングカメハメハ,0000700180,ビックリバコ,0000347989,Kingmambo(USA),0000333862,サンデーサイレンス(USA)
0001208658,エールショー,0000615577,クロフネ(USA),0001090504,シェルエメール,0000362799,フレンチデピュティ(USA),0000325200,ジャングルポケット
0001118486,エールブリーズ,0000262443,フジキセキ,0000287818,アイリッシュカーリ(IRE),0000333862,サンデーサイレンス(USA),0000336202,Caerleon(USA)
0001218144,エールヴォア,0001046333,ヴィクトワールピサ,0000992623,フィーリングトーン,0000701577,ネオユニヴァース,0000369358,ワイルドラッシュ(USA)
0001140000,オイダシダイコ,0000760877,アドマイヤムーン,0000763153,モロウジュ(USA),0000361855,エンドスウィープ(USA),0000337432,Gone West(USA)
0000314481,オイワケダイモン,0000203356,メジロマックイーン,0000202368,ハシノフレンド,0000110447,メジロテイターン,0000333697,ノーアテンシヨン(FR)
0000727441,オイワケヒエン,0000255813,マヤノトップガン,0000244783,ハシノホホエミ,0000333844,ブライアンズタイム(USA),0000333808,テンパレートシル(USA)
0001093283,オウエイロブロイ,0000701668,ゼンノロブロイ,0000634396,フェストネ(FR),0000333862,サンデーサイレンス(USA),0000341373,Balleroy(USA)
0001095877,オウケンウッド,0000308300,アドマイヤコジーン,0000750313,リーフィーウッド,0000337423,Cozzene(USA),0000237704,ホワイトマズル(GB)
0001042437,オウケンサクラ,0000849057,バゴ(FR),0000284508,ランフォザドリーム,0000342649,Nashwan(USA),0000333707,リアルシヤダイ(USA)
0001174655,オウケンダイヤ,0000994820,オウケンマジック,0001090832,オウケンハート,0000611525,タニノギムレット,0000325200,ジャングルポケット
0001110627,オウケンハナミズキ,0000849057,バゴ(FR),0000875958,デュプレ(GB),0000342649,Nashwan(USA),0000263172,Singspiel(IRE)
0001139076,オウケンブラック,0000321138,アグネスデジタル(USA),0000743241,メジロバーミューズ,0000336770,Crafty Prospector(USA),0000182480,アサティス(USA)
0000890061,オウケンブルースリ,0000325200,ジャングルポケット,0000448628,シルバージョイ(CAN),0000161740,トニービン(IRE),0000347814,Silver Deputy(CAN)
0000994820,オウケンマジック,0000611525,タニノギムレット,0000616252,オウケンガール,0000333844,ブライアンズタイム(USA),0000256512,マーベラスサンデー
0001201955,オウケンムーン,0000890061,オウケンブルースリ,0000722364,ムーンフェイズ,0000325200,ジャングルポケット,0000365099,エリシオ(FR)
0000744294,オウタヒア,0000337848,デヒア(USA),0000744295,Just Out(USA),0000338072,Deputy Minister(CAN),0000337550,フォーティナイナー(USA)
0001135575,オウノミチ,0000701701,オレハマッテルゼ,0000328851,ナゾ,0000333862,サンデーサイレンス(USA),0000248076,スターマン
0000996693,オオトリオウジャ,0000619768,ゴールドアリュール,0000729722,オオトリヘプバーン,0000333862,サンデーサイレンス(USA),0000333874,ジェイドロバリー(USA)
0000705076,オカノハーモニー,0000339534,ロドリゴデトリアーノ(USA),0000269794,トライトップゴール,0000336924,El Gran Senor(USA),0000333608,ミルジヨージ(USA)
0000628858,オカノプレイヤー,0000337380,マイニング(USA),0000262823,ヤマノトウショウ,0000335975,Mr. Prospector(USA),0000061253,トウシヨウボーイ
0000806312,オカールノキセキ,0000270771,ダイワテキサス,0000383501,オカール(USA),0000333855,トロメオ(IRE),0000333996,Nijinsky(CAN)
0000884425,オグリオトメ,0000268975,エイシンサンディ,0000273180,オグリシャダイ,0000333862,サンデーサイレンス(USA),0000333707,リアルシヤダイ(USA)
0001141176,オジュウチョウサン,0000286968,ステイゴールド,0000882793,シャドウシルエット,0000333862,サンデーサイレンス(USA),0000700008,シンボリクリスエス(USA)
0001209204,オジョーノキセキ,0000901749,キンシャサノキセキ(AUS),0001125357,キャプテンガール,0000262443,フジキセキ,0000372848,キャプテンスティーヴ(USA)
0001201025,オスカールビー,0000722158,ハーツクライ,0000330472,リキセレナード,0000333862,サンデーサイレンス(USA),0000333874,ジェイドロバリー(USA)
0001097129,オセアニアボス,0000337563,Red Ransom(USA),0000774645,Touched By God(AUS),0000335167,Roberto(USA),0000333862,サンデーサイレンス(USA)
0001124583,オツウ,0000722158,ハーツクライ,0000754140,デライトポイント,0000333862,サンデーサイレンス(USA),0000207623,トウカイテイオー
0000159696,オディール,0000333603,ナイスダンサー(CAN),0000099696,シナノカオリ,0000334002,Northern Dancer(CAN),0000333478,ロンバード(GB)
0001152731,オデッタ,0000729458,キングカメハメハ,0000732198,マチルド,0000347989,Kingmambo(USA),0000309184,アドマイヤベガ
0000285268,オデュッセウス,0000333772,メンデス(FR),0000167207,プシケ,0000333809,ベリフア(IRE),0000333637,ロイヤルスキー(USA)
0001150771,オトコギイッポン,0000294840,キングヘイロー,0000611941,ビクトリーステップ,0000336853,ダンシングブレーヴ(USA),0000337527,オジジアン(USA)
0001140883,オトコギマサムネ,0000325200,ジャングルポケット,0000808366,レッドベリル,0000161740,トニービン(IRE),0000293624,スペシャルウィーク
0000326906,オトコノユウジョウ,0000237704,ホワイトマズル(GB),0000229404,アスターナノース,0000336853,ダンシングブレーヴ(USA),0000114852,バンブーアトラス
0000287240,オニタイジ,0000337265,クリスタルグリツターズ(USA),0000126966,スイートダラス,0000335274,Blushing Groom(FR),0000333557,フイデイオン(FR)
0001207930,オノリス,0001103854,トーセンホマレボシ,0001113105,フェリスタス,0000742976,ディープインパクト,0000372531,Dansili(GB)
0000463897,オハナ,0000455692,玲景,0000461491,センナリ,0000333115,サラ　ライジングフレーム(IRE),0000333182,サラ　サチハヤ
0001105967,オビーディエント,0000700008,シンボリクリスエス(USA),0000616484,ウィルビーゼア,0000336209,Kris S.(USA),0000333862,サンデーサイレンス(USA)
0000742498,オフィサー,0000621167,Fusaichi Pegasus(USA),0000714104,サークリング(USA),0000335975,Mr. Prospector(USA),0000336421,Irish River(FR)
0001171543,オフクヒメ,0000901749,キンシャサノキセキ(AUS),0000806719,シーソング,0000262443,フジキセキ,0000333894,コマンダーインチーフ(GB)
0000316549,オブセッション,0000225905,ドクターデヴィアス(IRE),0000383441,パイソン(USA),0000336322,Ahonoora(GB),0000336225,Fappiano(USA)
0000011096,オベロン,0000333207,パールダイヴアー(FR),0000376878,テイプトン(JPN),0000334901,Vatellor(FR),0000335232,Sabu
0000618462,オペラカスタム,0000339572,オペラハウス(GB),0000186147,トウワリンドウ,0000336572,Sadler's Wells(USA),0000333613,サンプリンス(IRE)
0000708017,オペラコロナリー,0000333802,グランドオペラ(USA),0000165358,サクラヤマビコ,0000333996,Nijinsky(CAN),0000019148,アローエクスプレス
0000725030,オペラシチー,0000339572,オペラハウス(GB),0000235533,シャルムマイヤー,0000336572,Sadler's Wells(USA),0000333640,ブレイヴエストローマン(USA)
0000310114,オペラセリア,0000333802,グランドオペラ(USA),0000182199,イージスグリーン,0000333996,Nijinsky(CAN),0000333474,アレツ(FR)
0001106956,オペラダンシング,0000339572,オペラハウス(GB),0000704761,セイントリープレア,0000336572,Sadler's Wells(USA),0000336853,ダンシングブレーヴ(USA)
0000802828,オペラブラーボ,0000339572,オペラハウス(GB),0000295431,ワルツダンサー,0000336572,Sadler's Wells(USA),0000333862,サンデーサイレンス(USA)
0000619607,オペラボーイ,0000339572,オペラハウス(GB),0000169308,カラタチ,0000336572,Sadler's Wells(USA),0000333667,ターゴワイス(USA)
0000880158,オミクロン,0000362578,Germany(USA),0000880115,Ost Tycoon(GER),0000337461,Trempolino(USA),0000337436,ラストタイクーン(IRE)
0001122653,オメガインベガス,0000293624,スペシャルウィーク,0000714263,ベガスナイト(USA),0000333862,サンデーサイレンス(USA),0000368659,コロナドズクエスト(USA)
0000804673,オメガエクスプレス,0000225628,サクラバクシンオー,0000316283,オメガフォーチュン,0000145106,サクラユタカオー,0000262443,フジキセキ
0001125862,オメガキングティー,0000325200,ジャングルポケット,0000807116,ミュージックアワー,0000161740,トニービン(IRE),0000324933,アグネスタキオン
0000619810,オメガグレイス,0000333862,サンデーサイレンス(USA),0000250237,エリンバード(FR),0000335154,Halo(USA),0000337486,Bluebird(USA)
0001095891,オメガスカイツリー,0000701668,ゼンノロブロイ,0000750351,オメガアイランド,0000333862,サンデーサイレンス(USA),0000299155,エルコンドルパサー(USA)
0000619862,オメガスターライト,0000262275,ジェニュイン,0000169448,ダイナスターライト,0000333862,サンデーサイレンス(USA),0000333544,ノーザンテースト(CAN)
0001149738,オメガタックスマン,0000325977,ショウナンカンプ,0000316283,オメガフォーチュン,0000225628,サクラバクシンオー,0000262443,フジキセキ
0001109214,オメガハートランド,0000324933,アグネスタキオン,0000750351,オメガアイランド,0000333862,サンデーサイレンス(USA),0000299155,エルコンドルパサー(USA)
0001139198,オメガハートロック,0000701577,ネオユニヴァース,0000750351,オメガアイランド,0000333862,サンデーサイレンス(USA),0000299155,エルコンドルパサー(USA)
0001206059,オメガパフューム,0000375505,スウェプトオーヴァーボード(USA),0001040632,オメガフレグランス,0000361855,エンドスウィープ(USA),0000619768,ゴールドアリュール
0001049842,オメガブルーハワイ,0000262443,フジキセキ,0000750351,オメガアイランド,0000333862,サンデーサイレンス(USA),0000299155,エルコンドルパサー(USA)
0001093049,オメガブレイン,0000729458,キングカメハメハ,0000619810,オメガグレイス,0000347989,Kingmambo(USA),0000333862,サンデーサイレンス(USA)
0000992842,オメガユリシス,0000308300,アドマイヤコジーン,0000326793,スズランストーリー,0000337423,Cozzene(USA),0000337436,ラストタイクーン(IRE)
0001134527,オメガヴェンデッタ,0000701668,ゼンノロブロイ,0000308938,ビハインドザマスク,0000333862,サンデーサイレンス(USA),0000237704,ホワイトマズル(GB)
0000614015,オモシロイ,0000262275,ジェニュイン,0000191339,シベルレディー,0000333862,サンデーサイレンス(USA),0000333544,ノーザンテースト(CAN)
0001155561,オヤコダカ,0000742996,サムライハート,0000886336,オメガカリビアン,0000333862,サンデーサイレンス(USA),0000362799,フレンチデピュティ(USA)
0000006868,オヤシオ,0000333115,ライジングフレーム(IRE),0000002618,ミスリラ,0000334531,The Phoenix(GB),0000333104,ホウシユウ
0001150110,オリエンタルダンス,0000729458,キングカメハメハ,0000325126,ダンスノワール,0000347989,Kingmambo(USA),0000333862,サンデーサイレンス(USA)
0000886377,オリエンタルヨーク,0000700008,シンボリクリスエス(USA),0000304211,ウィスキーカラー,0000336209,Kris S.(USA),0000337421,アフリート(CAN)
0000889559,オリエンタルロック,0000324971,マンハッタンカフェ,0000384141,エンジェルインザモーニング(USA),0000333862,サンデーサイレンス(USA),0000336553,Mt. Livermore(USA)
0000742600,オリエントチャーム,0000333862,サンデーサイレンス(USA),0000384028,ニキーヤ(USA),0000335154,Halo(USA),0000336085,Nureyev(USA)
0000757769,オリオンオンサイト,0000299089,グラスワンダー(USA),0000287248,シルクベルベット,0000336890,Silver Hawk(USA),0000333665,モガミ(FR)
0001121681,オリオンザジャパン,0000615577,クロフネ(USA),0000620072,パーシャンブルー,0000362799,フレンチデピュティ(USA),0000333862,サンデーサイレンス(USA)
0000743152,オリオンザラングン,0000347540,ワレンダー(USA),0000319245,ジュエリーシル,0000339836,Gulch(USA),0000069360,マルゼンスキー
0000734307,オリオンザヴィアン,0000340413,シャンハイ(USA),0000223167,ファインハッピー,0000337055,Procida(USA),0000333799,フオテイテン(USA)
0000799403,オリオンスターズ,0000225628,サクラバクシンオー,0000236317,ユーワジョイナー,0000145106,サクラユタカオー,0000333608,ミルジヨージ(USA)
0000762557,オリンピアンナイト,0000333844,ブライアンズタイム(USA),0000434168,オリンピアデュカキス(ITY),0000335167,Roberto(USA),0000342507,Isopach(USA)
0000852064,オリヴァーダンス,0000339796,Dance Floor(USA),0000852065,Lillibet(NZ),0000336839,Star de Naskra(USA),0000344988,First Norman(USA)
0001101801,オリービン,0000725485,ダイワメジャー,0000263170,シャンクシー(USA),0000333862,サンデーサイレンス(USA),0000342645,Zilzal(USA)
0000626583,オルキデア,0000359154,ティッカネン(USA),0000199599,ワンアイドレデイ,0000337423,Cozzene(USA),0000333636,マンオブビイジヨン(GB)
0001090360,オルフェーヴル,0000286968,ステイゴールド,0000316406,オリエンタルアート,0000333862,サンデーサイレンス(USA),0000203356,メジロマックイーン
0000377768,オルレアン,0000333219,フエリオール(FR),0000003052,フアストクイン,0000334914,Fastnet(FR),0000334421,Pink Flower(GB)
0001045466,オルレアンノオトメ,0000365159,チーフベアハート(CAN),0000328959,マイネカプリース,0000337339,Chief's Crown(USA),0000262437,タヤスツヨシ
0000701701,オレハマッテルゼ,0000333862,サンデーサイレンス(USA),0000233038,カーリーエンジェル,0000335154,Halo(USA),0000333822,ジヤツジアンジエルーチ(USA)
0001044987,オレンジティアラ,0000225628,サクラバクシンオー,0000325024,オレンジブロッサム,0000145106,サクラユタカオー,0000333862,サンデーサイレンス(USA)
0000701479,オレンジボウル,0000365099,エリシオ(FR),0000286835,オレンジピール,0000337427,Fairy King(USA),0000333862,サンデーサイレンス(USA)
0000723363,オレンジワールド,0000333862,サンデーサイレンス(USA),0000247119,オレンジシェード,0000335154,Halo(USA),0000161740,トニービン(IRE)
0001172930,オンザロックス,0000742996,サムライハート,0000988794,ベルモントエルメス,0000333862,サンデーサイレンス(USA),0000333901,ティンバーカントリー(USA)
0000240997,オンユアマーク,0000082169,シービークロス,0000086650,フジマドンナ,0000333346,フオルテイノ(FR),0000008661,シンザン
0001096665,オンリーザブレイヴ,0000742976,ディープインパクト,0000848390,プラウドビューティー(IRE),0000333862,サンデーサイレンス(USA),0000337424,デインヒル(USA)
0000988264,オンワードシェルタ,0000321138,アグネスデジタル(USA),0000249658,オンワードノーブル,0000336770,Crafty Prospector(USA),0000098122,アンバーシヤダイ
0000736882,オンワードスワン,0000359154,ティッカネン(USA),0000253535,オンワードシェーン,0000337423,Cozzene(USA),0000130523,ミスターシービー
0000305461,オンワードセイント,0000214492,リンドシェーバー(USA),0000196436,オンワードメモリー,0000336305,Alydar(USA),0000333564,ハードツービート(IRE)
0000736879,オンワードタイタン,0000274915,フサイチコンコルド,0000179263,オンワードオーク,0000336202,Caerleon(USA),0000067341,カネミノブ
0000155318,オンワードデューク,0000333564,ハードツービート(IRE),0000025186,ポピーオンワード,0000333569,ハーデイカヌート(GB),0000333269,ボウプリンス(GB)
0000316748,オンワードメテオ,0000333890,クリミナルタイプ(USA),0000144236,オンワードハツピー,0000336305,Alydar(USA),0000333544,ノーザンテースト(CAN)
0000733730,オンワードラトゥル,0000361967,ストローズクリーク(USA),0000217919,オンワードロゼ,0000335154,Halo(USA),0000136902,オンワードカメルン
0000852062,オーウェイ,0000343573,Lesotho(USA),0000852061,Nadjarella(FR),0000334968,Lyphard(USA),0000336496,Nadjar(FR)
0000729724,オーガストバイオ,0000361855,エンドスウィープ(USA),0000247122,ミラニスタ,0000337550,フォーティナイナー(USA),0000161740,トニービン(IRE)
0000760562,オーキッドコート,0000299155,エルコンドルパサー(USA),0000319786,クールデロジュ,0000347989,Kingmambo(USA),0000337983,ポリッシュパトリオット(USA)
0001124979,オーキッドレイ,0000742976,ディープインパクト,0000760936,シェルズレイ,0000333862,サンデーサイレンス(USA),0000615577,クロフネ(USA)
0000742987,オーギュスト,0000362799,フレンチデピュティ(USA),0000432040,アリシーナ(USA),0000338072,Deputy Minister(CAN),0000337283,Alysheba(USA)
0000316743,オークファイヤー,0000147048,ミホシンザン,0000229195,オンワードシンディ,0000008661,シンザン,0000333822,ジヤツジアンジエルーチ(USA)
0000701932,オークルーム,0000263174,ペンタイア(GB),0000221912,クアドリフォリオ,0000335936,Be My Guest(USA),0000147048,ミホシンザン
0000723165,オーゴンコウテイ,0000182480,アサティス(USA),0000254750,エンジェルミカ,0000336769,Topsider(USA),0000333769,パークリージエント(CAN)
0000612712,オーゴンサンデー,0000256512,マーベラスサンデー,0000233056,ピサノダイヤ,0000333862,サンデーサイレンス(USA),0000333608,ミルジヨージ(USA)
0000159490,オーゴンプリンス,0000333667,ターゴワイス(USA),0000053313,ダイフローラ,0000345057,Round Table(USA),0000333245,ダイハード(GB)
0000615791,オーシャンアクロス,0000339861,Salt Lake(USA),0000452813,Believe It Beloved(USA),0000338072,Deputy Minister(CAN),0000336401,Clever Trick(USA)
0000805657,オーシャンエイプス,0000255813,マヤノトップガン,0000327042,リターンキャスト,0000333844,ブライアンズタイム(USA),0000333544,ノーザンテースト(CAN)
0000803475,オーシャンクルーズ,0000337421,アフリート(CAN),0000303609,ウインクパール,0000335975,Mr. Prospector(USA),0000161740,トニービン(IRE)
0000177492,オーシャンビュー,0000333376,インターメゾ(GB),0000041647,シバツル,0000334034,Hornbeam(GB),0000333260,キノー(USA)
0001089506,オーシャンフリート,0000337421,アフリート(CAN),0000303609,ウインクパール,0000335975,Mr. Prospector(USA),0000161740,トニービン(IRE)
0000318060,オーシャンブルー,0000337441,ポリッシュネイビー(USA),0000198508,スパークルダンサー,0000336082,Danzig(USA),0000333632,ダンサーズイメージ(USA)
0001110462,オーシュペール,0000725485,ダイワメジャー,0000808419,レディマーメイド(USA),0000333862,サンデーサイレンス(USA),0000621167,Fusaichi Pegasus(USA)
0001106528,オースミイチバン,0000324933,アグネスタキオン,0000700535,オースミハルカ,0000333862,サンデーサイレンス(USA),0000274915,フサイチコンコルド
0001093359,オースミイージー,0000722158,ハーツクライ,0000700378,ナリタレインボウ,0000333862,サンデーサイレンス(USA),0000337421,アフリート(CAN)
0000618438,オースミエルスト,0000342675,ウォーニング(GB),0000272696,ホッコーオウカ,0000335911,Known Fact(USA),0000214492,リンドシェーバー(USA)
0000733861,オースミグラスワン,0000299089,グラスワンダー(USA),0000272696,ホッコーオウカ,0000336890,Silver Hawk(USA),0000214492,リンドシェーバー(USA)
0000612667,オースミコスモ,0000262443,フジキセキ,0000209563,タイセイカグラ,0000333862,サンデーサイレンス(USA),0000333661,モーニングフローリツク(USA)
0000735283,オースミサムソン,0000262443,フジキセキ,0000267675,サムソンレッド,0000333862,サンデーサイレンス(USA),0000336202,Caerleon(USA)
0000326290,オースミステイヤー,0000333844,ブライアンズタイム(USA),0000405239,ミドルフォークラピッヅ(USA),0000335167,Roberto(USA),0000336574,Wild Again(USA)
0000890459,オースミスパーク,0000309184,アドマイヤベガ,0000614742,シルクスパークル,0000333862,サンデーサイレンス(USA),0000337550,フォーティナイナー(USA)
0000290737,オースミタイカン,0000333862,サンデーサイレンス(USA),0000115334,ダイナビーム,0000335154,Halo(USA),0000333544,ノーザンテースト(CAN)
0000803095,オースミダイドウ,0000293624,スペシャルウィーク,0000298398,ストームティグレス,0000333862,サンデーサイレンス(USA),0000337102,Storm Cat(USA)
0000704448,オースミダイヤ,0000262443,フジキセキ,0000221661,コウエイダイヤ,0000333862,サンデーサイレンス(USA),0000147048,ミホシンザン
0001136033,オースミチャド,0000701577,ネオユニヴァース,0000449259,レディオブチャド(IRE),0000333862,サンデーサイレンス(USA),0000337436,ラストタイクーン(IRE)
0000313829,オースミツヨシ,0000262437,タヤスツヨシ,0000201023,ハヤテイースター,0000333862,サンデーサイレンス(USA),0000333582,コインドシルバー(USA)
0001119854,オースミナイン,0000742976,ディープインパクト,0000320107,エアイゾルテ,0000333862,サンデーサイレンス(USA),0000333544,ノーザンテースト(CAN)
0000700535,オースミハルカ,0000274915,フサイチコンコルド,0000272696,ホッコーオウカ,0000336202,Caerleon(USA),0000214492,リンドシェーバー(USA)
0000614994,オースミバーディー,0000333874,ジェイドロバリー(USA),0000233384,ニッポーバーディー,0000335975,Mr. Prospector(USA),0000157042,ニツポーテイオー
0000301959,オースミブライト,0000337436,ラストタイクーン(IRE),0000209563,タイセイカグラ,0000336129,トライマイベスト(USA),0000333661,モーニングフローリツク(USA)
0000732745,オースミヘネシー,0000362819,ヘネシー(USA),0000235188,ショウワグローリー,0000337102,Storm Cat(USA),0000115064,ホリスキー
0001090334,オースミマイカ,0000742976,ディープインパクト,0000316321,グレイトグレイス,0000333862,サンデーサイレンス(USA),0000336862,グルームダンサー(USA)
0000887498,オースミマーシャル,0000274883,ダンスインザダーク,0000316421,アルーリングアクト,0000333862,サンデーサイレンス(USA),0000361855,エンドスウィープ(USA)
0001121913,オースミミズホ,0000293624,スペシャルウィーク,0000700535,オースミハルカ,0000333862,サンデーサイレンス(USA),0000274915,フサイチコンコルド
0001103400,オースミムーン,0000760877,アドマイヤムーン,0000309071,レディクライマー,0000361855,エンドスウィープ(USA),0000333707,リアルシヤダイ(USA)
0001055935,オーセロワ,0000369512,Awesome Again(CAN),0001016782,Sixtyone Margaux(USA),0000338072,Deputy Minister(CAN),0000337423,Cozzene(USA)
0000016491,オーソレミオ,0000334240,Espresso(GB),0000378181,テユーダースプレンダー(GB),0000334077,Acropolis(GB),0000334321,King of the Tudors(GB)
0001201453,オーデットエール,0000722158,ハーツクライ,0000622146,スカイアライアンス(CAN),0000333862,サンデーサイレンス(USA),0000339761,Sky Classic(CAN)
0000802372,オートクレール,0000324933,アグネスタキオン,0000287786,ブロードアピール(USA),0000333862,サンデーサイレンス(USA),0000343734,Broad Brush(USA)
0000733251,オートセレブ,0000225628,サクラバクシンオー,0000241136,ラシャド,0000145106,サクラユタカオー,0000069360,マルゼンスキー
0000617833,オートゼウス,0000250204,タイキブリザード(USA),0000127368,ノースハーミツト,0000335964,Seattle Slew(USA),0000061253,トウシヨウボーイ
0000805672,オートドラゴン,0000294840,キングヘイロー,0000327176,アルパインカーリー,0000336853,ダンシングブレーヴ(USA),0000340528,ジェネラス(IRE)
0000729142,オードトワレ,0000333894,コマンダーインチーフ(GB),0000383869,マキーナ(GB),0000336853,ダンシングブレーヴ(USA),0000337496,Machiavellian(USA)
0001187593,オーバースペック,0000372825,プリサイスエンド(USA),0000798529,オーミチェリッシュ,0000361855,エンドスウィープ(USA),0000372848,キャプテンスティーヴ(USA)
0000317558,オーパキャマラード,0000214564,ミシル(USA),0000231323,エレガントクイン,0000336395,Miswaki(USA),0000333749,ナグルスキー(CAN)
0001133070,オーブルチェフ,0000776823,Malibu Moon(USA),0001129817,Chatter Chatter(USA),0000339653,A.P. Indy(USA),0000347641,Lost Soldier(USA)
0000807809,オープンガーデン,0000271682,ゴーカイ,0000618859,ダンスフォンテン,0000333822,ジヤツジアンジエルーチ(USA),0000274883,ダンスインザダーク
0001153148,オープンザウェイ,0000719054,ヨハネスブルグ(USA),0000737728,ヨウヨウ,0000362819,ヘネシー(USA),0000255813,マヤノトップガン
0000305164,オープンセサミ,0000337436,ラストタイクーン(IRE),0000186090,サクセスモアー,0000336129,トライマイベスト(USA),0000333732,クリスタルパレス(FR)
0001149102,オーミアリス,0000237704,ホワイトマズル(GB),0000295377,ポットアカデミー,0000336853,ダンシングブレーヴ(USA),0000341457,ロイヤルアカデミーⅡ(USA)
0000316607,オーミヤボレロ,0000333874,ジェイドロバリー(USA),0000383957,サレラ(USA),0000335975,Mr. Prospector(USA),0000336082,Danzig(USA)
0001092777,オールアズワン,0000701577,ネオユニヴァース,0000616539,トウホープログレス,0000333862,サンデーサイレンス(USA),0000249114,ナリタブライアン
0000701697,オールインワン,0000358543,カーネギー(IRE),0000384137,オールザチャット(NZ),0000336572,Sadler's Wells(USA),0000343423,Westminster(NZ)
0000177746,オールオブユー,0000333660,ヘイルトウサクセス(USA),0000114895,ユキノボンモー,0000333977,Swaps(USA),0000333447,ボンモー(FR)
0000721609,オールゴング,0000336087,Kris(GB),0000412572,Bonne Ile(GB),0000336086,Sharpen Up(GB),0000333775,イルドブルボン(USA)
0001187259,オールザゴー,0000286968,ステイゴールド,0000760242,アルーリングボイス,0000333862,サンデーサイレンス(USA),0000362799,フレンチデピュティ(USA)
0001093984,オールザットジャズ,0000611525,タニノギムレット,0000706263,ダイヤモンドピサ,0000333844,ブライアンズタイム(USA),0000333862,サンデーサイレンス(USA)
0001163963,オールステイ,0000363470,Cape Cross(IRE),0001003511,Flowerette(USA),0000336430,Green Desert(USA),0000369047,Victory Gallop(CAN)
0000155953,オールパーパス,0000060061,トリデジヨウ,0000076918,ジユラクジヨウ,0000333921,Val de Loir(FR),0000333435,シルバーシヤーク(IRE)
0000887334,オールフォーミー,0000274915,フサイチコンコルド,0000315214,ユウワンチョイス,0000336202,Caerleon(USA),0000262443,フジキセキ
0000754796,オールフォーラヴ,0000298971,マイネルラヴ(USA),0000244727,クインポイント,0000337444,Seeking the Gold(USA),0000333817,プリンスオブバーズ(USA)
0001153481,オールブラッシュ,0000731452,ウォーエンブレム(USA),0000750685,ブラッシングプリンセス(USA),0000362883,Our Emblem(USA),0000336770,Crafty Prospector(USA)
0000994119,オールブランニュー,0000321265,ノボジャック(USA),0000433950,ニューデイダウニング(USA),0000362799,フレンチデピュティ(USA),0000337432,Gone West(USA)
0001190016,オールポッシブル,0000725485,ダイワメジャー,0001031166,シーズインポッシブル(USA),0000333862,サンデーサイレンス(USA),0000372414,Yankee Victor(USA)
0000171919,オールマンリバー,0000333636,マンオブビイジヨン(GB),0000119168,ムーンミント,0000334000,Never Say Die(USA),0000333578,ジムフレンチ(USA)
0000799932,オールライトナウ,0000615577,クロフネ(USA),0000247297,イノセントラジー,0000362799,フレンチデピュティ(USA),0000161740,トニービン(IRE)
0001202172,オーロスターキス,0001028940,ヘニーヒューズ(USA),0000727157,ニシノビギン,0000362819,ヘネシー(USA),0000225913,パラダイスクリーク(USA)
0000891465,オーロマイスター,0000619768,ゴールドアリュール,0000705469,フェアリーワルツ(USA),0000333862,サンデーサイレンス(USA),0000336869,Lear Fan(USA)
0000094022,オーロラナイト,0000014177,サラ　オーロラⅢ,0000459844,ユーウン,0000333190,ヒンドスタン(GB),0000000478,サラ　イツセイ
0001172389,オーヴィレール,0000700008,シンボリクリスエス(USA),0000888789,シャンパンフルート,0000336209,Kris S.(USA),0000615577,クロフネ(USA)
0001341265,オーヴェール,0001177896,アジアエクスプレス(USA),0001216725,サピアウォーフ,0001028940,ヘニーヒューズ(USA),0000615577,クロフネ(USA)
0001169180,カイザーバル,0000749845,エンパイアメーカー(USA),0000726398,ダンスインザムード,0000340629,Unbridled(USA),0000333862,サンデーサイレンス(USA)
0001208006,カイザーメランジェ,0000735520,サクラオリオン,0001119104,サクラジュレップ,0000299155,エルコンドルパサー(USA),0000702412,サクラプレジデント
0001089088,カイシュウコロンボ,0000324971,マンハッタンカフェ,0000295251,マヤノイシス,0000333862,サンデーサイレンス(USA),0000333894,コマンダーインチーフ(GB)
0000706378,カイシュウコンドル,0000274915,フサイチコンコルド,0000232656,シルムーン,0000336202,Caerleon(USA),0000333814,テユーター(USA)
0001110799,カイシュウタビビト,0000729458,キングカメハメハ,0000899496,クリスティーナサンチェス(USA),0000347989,Kingmambo(USA),0000340508,El Prado(IRE)
0000323748,カイシュウテイオー,0000249114,ナリタブライアン,0000231323,エレガントクイン,0000333844,ブライアンズタイム(USA),0000333749,ナグルスキー(CAN)
0000279470,カイシュウマックス,0000337279,ルション(USA),0000165320,ダイアモンドレイ,0000335664,Riverman(USA),0000333626,ピツトカーン(IRE)
0000041809,カイゼリン,0000333281,ハツピーオーメン(IRE),0000007901,アラバマ,0000334302,Hugh Lupus(FR),0000333207,パールダイヴアー(FR)
0000992888,カイテキプリン,0000375505,スウェプトオーヴァーボード(USA),0000327134,ゴールドサーパス,0000361855,エンドスウィープ(USA),0000069360,マルゼンスキー
0000704079,カイトヒルウインド,0000339631,Saint Ballado(CAN),0000440926,スローンストリート(USA),0000335154,Halo(USA),0000336769,Topsider(USA)
0001106616,カイルアロマンス,0000619835,デュランダル,0000701510,タヤスロマンス,0000333862,サンデーサイレンス(USA),0000358543,カーネギー(IRE)
0001089385,カインバティック,0000700008,シンボリクリスエス(USA),0000299484,タイキジュリエット(USA),0000336209,Kris S.(USA),0000336770,Crafty Prospector(USA)
0000994001,カウアイレーン,0000729458,キングカメハメハ,0000410952,シルバーレーン(USA),0000347989,Kingmambo(USA),0000336890,Silver Hawk(USA)
0001120037,カウウェラ,0000729458,キングカメハメハ,0000324908,メモリアルサマー,0000347989,Kingmambo(USA),0000333862,サンデーサイレンス(USA)
0001142664,カウニスクッカ,0000324971,マンハッタンカフェ,0001071087,マネーペニー(USA),0000333862,サンデーサイレンス(USA),0000714393,Monarchos(USA)
0001126354,カオスモス,0000298971,マイネルラヴ(USA),0000886818,メアリーズガーデン,0000337444,Seeking the Gold(USA),0000626942,ファルブラヴ(IRE)
0000330999,カオリジョバンニ,0000337436,ラストタイクーン(IRE),0000222222,カオリローマン,0000336129,トライマイベスト(USA),0000333640,ブレイヴエストローマン(USA)
0000616975,カオリノーブル,0000263174,ペンタイア(GB),0000222222,カオリローマン,0000335936,Be My Guest(USA),0000333640,ブレイヴエストローマン(USA)
0000701239,カオリレッドアイ,0000341712,ライブリーワン(USA),0000262046,コガネビーナス,0000335154,Halo(USA),0000337265,クリスタルグリツターズ(USA)
0001149383,カカドゥ,0000725727,スズカマンボ,0000306569,アイライクユー,0000333862,サンデーサイレンス(USA),0000336853,ダンシングブレーヴ(USA)
0001142564,カクシアジ,0000375505,スウェプトオーヴァーボード(USA),0001048914,ビフォーダーク,0000361855,エンドスウィープ(USA),0000729458,キングカメハメハ
0001201049,カクリョウ,0000714234,ロードアルティマ(USA),0000384145,オレンジジャスミン(IRE),0000337444,Seeking the Gold(USA),0000341412,Masterclass(USA)
0001093037,カグニザント,0000701577,ネオユニヴァース,0000619766,インコグニート,0000333862,サンデーサイレンス(USA),0000337432,Gone West(USA)
0001226015,カケルテソーロ,0000621985,Mizzen Mast(USA),0001029006,Storidawn(USA),0000337423,Cozzene(USA),0000362819,ヘネシー(USA)
0000019094,カシアス,0000333265,パナスリツパー(IRE),0000005133,ゼン,0000334494,Solar Slipper(GB),0000000208,シマタカ
0001133891,カシノカーム,0000701791,カーム,0000286995,アトラスマーカー,0000333862,サンデーサイレンス(USA),0000098122,アンバーシヤダイ
0001139718,カシノタロン,0000849057,バゴ(FR),0000759863,カシノエスケイプ,0000342649,Nashwan(USA),0000262927,スズカストリート(USA)
0001219068,カシノティーダ,0000714411,ケイムホーム(USA),0001046167,アドマイヤファイン,0000337432,Gone West(USA),0000700008,シンボリクリスエス(USA)
0001111254,カシノデューク,0000299015,アメリカンボス(USA),0000889302,ビーナス,0000347989,Kingmambo(USA),0000243723,サクラローレル
0001151723,カシノハリウッド,0000287925,タイキシャトル(USA),0000704998,ペガサスゴールド,0000337092,Devil's Bag(USA),0000339656,Belong to Me(USA)
0000759718,カシノハーバー,0000365330,ボストンハーバー(USA),0000309789,カシノリファール,0000336568,Capote(USA),0000341670,Septieme Ciel(USA)
0001138496,カシノヒカル,0000299089,グラスワンダー(USA),0000733716,レギンレイヴ,0000336890,Silver Hawk(USA),0000340595,ハンセル(USA)
0001122324,カシノピカチュウ,0000743908,スタチューオブリバティ(USA),0000704998,ペガサスゴールド,0000337102,Storm Cat(USA),0000339656,Belong to Me(USA)
0001184011,カシノマスト,0000887465,キャプテントゥーレ,0000305376,レインボウスズラン,0000324933,アグネスタキオン,0000333886,スキャン(USA)
0001109461,カシノラピス,0000621925,グランデラ(IRE),0000756243,マヤノロゼッタ,0000337862,Grand Lodge(USA),0000255813,マヤノトップガン
0001124930,カシノランナウェイ,0000256512,マーベラスサンデー,0000759863,カシノエスケイプ,0000333862,サンデーサイレンス(USA),0000262927,スズカストリート(USA)
0001102159,カシマシンセイ,0000313435,アッミラーレ,0000278715,ミルフィーユ,0000333862,サンデーサイレンス(USA),0000333707,リアルシヤダイ(USA)
0001044418,カシマストロング,0000372825,プリサイスエンド(USA),0000317030,カズノマーベラス,0000361855,エンドスウィープ(USA),0000358543,カーネギー(IRE)
0000236777,カシマフラワー,0000117741,ニツトウオーカン,0000171838,プリンセスボア,0000333426,コントライト(USA),0000333680,ロジンスキー(USA)
0001105111,カシュカシュ,0000337421,アフリート(CAN),0000384107,スリーソウツ(USA),0000335975,Mr. Prospector(USA),0000335154,Halo(USA)
0001107697,カジキ,0000225628,サクラバクシンオー,0000724793,エターナルハピネス,0000145106,サクラユタカオー,0000333844,ブライアンズタイム(USA)
0000265770,カジノクイーン,0000146721,ニホンピロヤマト,0000138382,キヨヨシ,0000333640,ブレイヴエストローマン(USA),0000333475,カウアイキング(USA)
0001040066,カジノドライヴ,0000744351,Mineshaft(USA),0000448043,Better Than Honour(USA),0000339653,A.P. Indy(USA),0000338072,Deputy Minister(CAN)
0001043236,カスクドール,0000274883,ダンスインザダーク,0000299361,キュンティア(GB),0000333862,サンデーサイレンス(USA),0000336887,Darshaan(GB)
0001125299,カスティエル,0000620927,ストーミングホーム(GB),0000792537,メアリーポート(IRE),0000337496,Machiavellian(USA),0000365110,Mark of Esteem(IRE)
0000735456,カズサライン,0000299078,アグネスワールド(USA),0000262767,カズサグリッター,0000336082,Danzig(USA),0000337265,クリスタルグリツターズ(USA)
0000616389,カゼニフカレテ,0000283958,サニーブライアン,0000248975,マナーリー,0000333844,ブライアンズタイム(USA),0000159311,ラグビーボール
0000320538,カゼノコ,0000192975,ゴールデンフェザント(USA),0000229709,クレストロード,0000334731,Caro(IRE),0000161734,アレミロード(USA)
0000751346,カゼノコウテイ,0000302080,テイエムオペラオー,0000168844,シンウインド,0000339572,オペラハウス(GB),0000333655,ウエスタンウインド(USA)
0001149301,カゼノトビラ,0000760831,ソングオブウインド,0000303724,ラフレシアダンサー,0000299155,エルコンドルパサー(USA),0000337428,ファーディナンド(USA)
0001151501,カゼルタ,0001115148,ハービンジャー(GB),0000701702,エルダンジュ,0000372531,Dansili(GB),0000333862,サンデーサイレンス(USA)
0000803447,カタマチボタン,0000274883,ダンスインザダーク,0000303395,タヤスブルーム,0000333862,サンデーサイレンス(USA),0000336202,Caerleon(USA)
0000327788,カチケンザン,0000337576,パレスミュージック(USA),0000209485,カチカブト,0000335164,The Minstrel(CAN),0000333608,ミルジヨージ(USA)
0000325533,カチドキリュウ,0000098122,アンバーシヤダイ,0000136160,トウシヨウフオモサ,0000333544,ノーザンテースト(CAN),0000061253,トウシヨウボーイ
0000705877,カチューシャ,0000361137,サンシャック(GB),0000285533,オキノバリー,0000337286,Rainbow Quest(USA),0000333874,ジェイドロバリー(USA)
0000617176,カッツミー,0000179021,サツカーボーイ,0000212430,ミスメイバン,0000333664,デイクタス(FR),0000333715,トレボロ(USA)
0001048261,カットイッタウト,0000286968,ステイゴールド,0000706190,スプレッドアームズ,0000333862,サンデーサイレンス(USA),0000337550,フォーティナイナー(USA)
0001126986,カッパドキア,0000729458,キングカメハメハ,0001036150,コンサーンナッカ(USA),0000347989,Kingmambo(USA),0000361835,Concern(USA)
0001174150,カツゲキキトキト,0000701708,スパイキュール,0001046486,レイビスティー,0000333862,サンデーサイレンス(USA),0000729458,キングカメハメハ
0000043418,カツジ,0000333336,アイオニアン(GB),0000378236,ミスオリンピツク(NZ),0000334048,Milesian(GB),0000335563,Llanstephan(GB)
0000990031,カツヨトワイニング,0000359332,トワイニング(USA),0000290910,マチカネモユルコイ,0000337550,フォーティナイナー(USA),0000333862,サンデーサイレンス(USA)
0000241151,カテドラル,0000333851,インイクストリーミス(USA),0000177311,ミュウレン,0000336086,Sharpen Up(GB),0000333582,コインドシルバー(USA)
0000802876,カディーシャ,0000310618,ザカリヤ(GB),0000295862,マドンナリリー,0000347622,Zafonic(USA),0000161734,アレミロード(USA)
0001186808,カデナ,0000742976,ディープインパクト,0000745608,フレンチリヴィエラ(USA),0000333862,サンデーサイレンス(USA),0000362799,フレンチデピュティ(USA)
0001089264,カトルズリップス,0000324971,マンハッタンカフェ,0000298445,チャッターリップス,0000333862,サンデーサイレンス(USA),0000336348,リファーズウィッシュ(FR)
0001171771,カトルラポール,0000299089,グラスワンダー(USA),0000850927,スポーティングラダー(USA),0000336890,Silver Hawk(USA),0000336082,Danzig(USA)
0000700734,カナエカイウン,0000333886,スキャン(USA),0000430574,インポート(USA),0000335975,Mr. Prospector(USA),0000337441,ポリッシュネイビー(USA)
0000326291,カナハラドラゴン,0000098122,アンバーシヤダイ,0000136415,ミナガワローマン,0000333544,ノーザンテースト(CAN),0000333640,ブレイヴエストローマン(USA)
0000134338,カナロア,0000333628,ノーザンネイテイヴ(CAN),0000078069,クリカンナ,0000334378,Nearctic(CAN),0000015785,アカネテンリユウ
0000733786,カネサマンゲツ,0000256512,マーベラスサンデー,0000383636,ウノ(USA),0000333862,サンデーサイレンス(USA),0000335972,Cox's Ridge(USA)
0001049865,カネスフォルテ,0000362799,フレンチデピュティ(USA),0000750758,フリートゥビー(USA),0000338072,Deputy Minister(CAN),0000336424,Conquistador Cielo(USA)
0000805002,カネスラファール,0000347531,ミシエロ(USA),0000319141,サムソンフェアリー,0000336424,Conquistador Cielo(USA),0000333862,サンデーサイレンス(USA)
0000614063,カネツテンビー,0000347983,テンビー(GB),0000187835,プロポーション,0000336202,Caerleon(USA),0000333682,ハバツト(IRE)
0000317776,カネツフルーヴ,0000225913,パラダイスクリーク(USA),0000187154,ロジータ,0000336421,Irish River(FR),0000333608,ミルジヨージ(USA)
0001127158,カネトシイナーシャ,0000849372,Tapit(USA),0000840581,Wednesday's Child(USA),0000337958,Pulpit(USA),0000337102,Storm Cat(USA)
0000320113,カネトシオペラクン,0000339572,オペラハウス(GB),0000188777,ミルセイウン,0000336572,Sadler's Wells(USA),0000333608,ミルジヨージ(USA)
0000297513,カネトシガバナー,0000098122,アンバーシヤダイ,0000229282,カネトシクイン,0000333544,ノーザンテースト(CAN),0000333768,スルーザドラゴン(USA)
0000986841,カネトシコウショウ,0000621925,グランデラ(IRE),0000196514,タカノラベンダー,0000337862,Grand Lodge(USA),0000333722,ラシアンルーブル(USA)
0001000949,カネトシソレイユ,0000362799,フレンチデピュティ(USA),0001000705,Cloudy Skies(IRE),0000338072,Deputy Minister(CAN),0000336572,Sadler's Wells(USA)
0000760850,カネトシツヨシオー,0000262437,タヤスツヨシ,0000325014,リーインフォースト,0000333862,サンデーサイレンス(USA),0000161740,トニービン(IRE)
0001047379,カネトシディオス,0000729458,キングカメハメハ,0000619961,カネトシディザイア,0000347989,Kingmambo(USA),0000262443,フジキセキ
0000619961,カネトシディザイア,0000262443,フジキセキ,0000384084,ゴーンプロフェッショナル(USA),0000333862,サンデーサイレンス(USA),0000337432,Gone West(USA)
0001046327,カネトシパサージュ,0000701668,ゼンノロブロイ,0000437691,フックライン(GB),0000333862,サンデーサイレンス(USA),0000337447,シャーディー(USA)
0000756587,カネトシパワフル,0000333894,コマンダーインチーフ(GB),0000272442,カネトシシェーバー,0000336853,ダンシングブレーヴ(USA),0000214492,リンドシェーバー(USA)
0001172159,カネトシブレス,0001050184,ダノンシャンティ,0000885988,カネトシレジアス,0000262443,フジキセキ,0000325200,ジャングルポケット
0000725285,カネトシプロスパー,0000166681,タマモクロス,0000233076,ジュエルバンダム,0000082169,シービークロス,0000333544,ノーザンテースト(CAN)
0001093609,カネトシマーシャル,0000362799,フレンチデピュティ(USA),0000702261,ベルグポルカ,0000338072,Deputy Minister(CAN),0000263178,ピルサドスキー(IRE)
0000805397,カネトシリベルテ,0000293624,スペシャルウィーク,0000324917,エスピヨン,0000333862,サンデーサイレンス(USA),0000361396,Unbridled's Song(USA)
0001173181,カネノイロ,0001085636,パイロ(USA),0000992090,エルサフィール,0000337958,Pulpit(USA),0000262437,タヤスツヨシ
0000742946,カネヒキリ,0000262443,フジキセキ,0000448626,ライフアウトゼア(USA),0000333862,サンデーサイレンス(USA),0000338072,Deputy Minister(CAN)
0001087734,カノヤキャプテン,0000365330,ボストンハーバー(USA),0000255204,カノヤロマン,0000336568,Capote(USA),0000069360,マルゼンスキー
0000806716,カノヤザクラ,0000225628,サクラバクシンオー,0000384116,ウッドマンズシック(USA),0000145106,サクラユタカオー,0000337445,Woodman(USA)
0000762114,カノヤザミラクル,0000274883,ダンスインザダーク,0000384116,ウッドマンズシック(USA),0000333862,サンデーサイレンス(USA),0000337445,Woodman(USA)
0000616076,カノヤバトルクロス,0000166681,タマモクロス,0000255204,カノヤロマン,0000082169,シービークロス,0000069360,マルゼンスキー
0000228544,カノヤミノリ,0000119909,シンウルフ,0000160727,アドミラルクイン,0000333593,ラツキーソブリン(USA),0000333404,ステインテイノ(IRE)
0000701757,カノン,0000274883,ダンスインザダーク,0000247158,ツキノメガミ,0000333862,サンデーサイレンス(USA),0000333544,ノーザンテースト(CAN)
0000988760,カノンコード,0000615577,クロフネ(USA),0000262435,ポップス,0000362799,フレンチデピュティ(USA),0000333862,サンデーサイレンス(USA)
0001139503,カノーロ,0000742976,ディープインパクト,0000756796,ソニックグルーヴ,0000333862,サンデーサイレンス(USA),0000362799,フレンチデピュティ(USA)
0001105436,カハラビスティー,0000725485,ダイワメジャー,0000445854,バロネッセ(USA),0000333862,サンデーサイレンス(USA),0000337450,Theatrical(IRE)
0000799532,カピターノ,0000372848,キャプテンスティーヴ(USA),0000240784,タケショウティアラ,0000339929,Fly So Free(USA),0000129863,ニホンピロウイナー
0000766321,カフェオリンポス,0000369314,Grand Slam(USA),0000763773,コニャックレディ(USA),0000337432,Gone West(USA),0000339954,Olympio(USA)
0001109205,カフェコンセール,0000324971,マンハッタンカフェ,0000750332,プリティベティ,0000333862,サンデーサイレンス(USA),0000362799,フレンチデピュティ(USA)
0001113547,カフェヒミコ,0000905430,Bandini(USA),0001025550,Yamato Damashii(USA),0000621167,Fusaichi Pegasus(USA),0000621100,Tiznow(USA)
0000701780,カフェピノコ,0000333874,ジェイドロバリー(USA),0000446728,ピノシェット(USA),0000335975,Mr. Prospector(USA),0000337102,Storm Cat(USA)
0000611854,カフェブリストル,0000237393,サクラチトセオー,0000384050,メロー(GB),0000161740,トニービン(IRE),0000337286,Rainbow Quest(USA)
0001119877,カフェブリリアント,0000333844,ブライアンズタイム(USA),0000320930,シンメイミネルバ,0000335167,Roberto(USA),0000336202,Caerleon(USA)
0000731203,カフェベネチアン,0000361396,Unbridled's Song(USA),0000721898,Astaire Case(USA),0000340629,Unbridled(USA),0000337698,Chromite(USA)
0000700010,カフェボストニアン,0000365330,ボストンハーバー(USA),0000634942,Libby Lee(USA),0000336568,Capote(USA),0000342441,Sutter's Prospect(USA)
0001125221,カフェリュウジン,0000324971,マンハッタンカフェ,0000763172,カフェララルー(USA),0000333862,サンデーサイレンス(USA),0000369639,ストラヴィンスキー(USA)
0000727839,カフェヴィンセント,0000225628,サクラバクシンオー,0000253903,ヒメハヤブサ,0000145106,サクラユタカオー,0000333782,ロングリート(USA)
0001151110,カフジテイク,0000372825,プリサイスエンド(USA),0000618654,テイクザケイク,0000361855,エンドスウィープ(USA),0000333886,スキャン(USA)
0001201717,カフジバンガード,0001115148,ハービンジャー(GB),0000704623,エミリア,0000372531,Dansili(GB),0000333862,サンデーサイレンス(USA)
0001172532,カフジプリンス,0000722158,ハーツクライ,0000890507,ギンザフローラル,0000333862,サンデーサイレンス(USA),0000700008,シンボリクリスエス(USA)
0001091014,カフナ,0000729458,キングカメハメハ,0000325250,ピンクパピヨン,0000347989,Kingmambo(USA),0000333862,サンデーサイレンス(USA)
0001105031,カフヴァール,0000619835,デュランダル,0000383899,スペシャルアラート(USA),0000333862,サンデーサイレンス(USA),0000339836,Gulch(USA)
0000889698,カブリオール,0000615577,クロフネ(USA),0000396505,カサダガ(USA),0000362799,フレンチデピュティ(USA),0000345938,Cassaleria(USA)
0000019929,カプリ,0000333260,キノー(USA),0000008903,シマチカラ,0000334610,Helioscope(USA),0000000208,シマタカ
0001047389,カホマックス,0000615577,クロフネ(USA),0000619993,ジョリブロンド,0000362799,フレンチデピュティ(USA),0000161740,トニービン(IRE)
0001151177,カボスチャン,0000611525,タニノギムレット,0000619878,マルカパール,0000333844,ブライアンズタイム(USA),0000333862,サンデーサイレンス(USA)
0001106478,カポーティスター,0000722158,ハーツクライ,0000634852,サビアーレ(USA),0000333862,サンデーサイレンス(USA),0000336568,Capote(USA)
0001048187,カミダノミ,0000626942,ファルブラヴ(IRE),0000705459,ハッシュバンバン(FR),0000337427,Fairy King(USA),0000336817,Kaldoun(FR)
0001124109,カミノタサハラ,0000742976,ディープインパクト,0000738195,クロウキャニオン,0000333862,サンデーサイレンス(USA),0000362799,フレンチデピュティ(USA)
0000071285,カミノライデン,0000333371,セントクレスピン(GB),0000012718,メリーダンサー,0000333932,Aureole(GB),0000333115,ライジングフレーム(IRE)
0000163737,カムイヌプリ,0000455923,ツーカン(FR),0000459408,レコードアロー,0000335831,サラ　Montfleur(FR),0000455635,ニユーバラツケー
0001102459,カムフィー,0000274883,ダンスインザダーク,0000286987,ナイトクルーズ,0000333862,サンデーサイレンス(USA),0000333544,ノーザンテースト(CAN)
0000705586,カメリアローズ,0000237704,ホワイトマズル(GB),0000149630,カプリコーン,0000336853,ダンシングブレーヴ(USA),0000044000,キタノカチドキ
0001172658,カラクプア,0000729458,キングカメハメハ,0000897741,リリウオカラニ(USA),0000347989,Kingmambo(USA),0000365179,Grindstone(USA)
0001187244,カラクレナイ,0000619817,ローエングリン,0000759823,バーニングレッド,0000263172,Singspiel(IRE),0000324933,アグネスタキオン
0000320405,カラジ,0000214308,レオダーバン,0000166074,シノブスパーク,0000069360,マルゼンスキー,0000333695,ホツトスパーク(IRE)
0001134334,カラダレジェンド,0000362799,フレンチデピュティ(USA),0000303961,キョウエイワンダー,0000338072,Deputy Minister(CAN),0000333862,サンデーサイレンス(USA)
0001155898,カラパナビーチ,0000729458,キングカメハメハ,0000890903,インユアアームス,0000347989,Kingmambo(USA),0000626942,ファルブラヴ(IRE)
0001175273,カラビナ,0000286968,ステイゴールド,0000625617,レリッシュザソート(IRE),0000333862,サンデーサイレンス(USA),0000336572,Sadler's Wells(USA)
0001096583,カラフルデイズ,0000262443,フジキセキ,0000807266,アイヴォリーカラー,0000333862,サンデーサイレンス(USA),0000615577,クロフネ(USA)
0001126145,カラフルブラッサム,0000722158,ハーツクライ,0000869559,トロピカルブラッサム(USA),0000333862,サンデーサイレンス(USA),0000361977,サンダーガルチ(USA)
0000701833,カラメルアート,0000207623,トウカイテイオー,0000233153,ラテルネ,0000140567,シンボリルドルフ,0000161740,トニービン(IRE)
0001205347,カラリエーヴァ,0000722797,ブラックタイド,0000990869,マスターギラティナ,0000333862,サンデーサイレンス(USA),0000321138,アグネスデジタル(USA)
0000801259,カリスマコンコルド,0000274915,フサイチコンコルド,0000272105,ダンシングユキエ,0000336202,Caerleon(USA),0000336853,ダンシングブレーヴ(USA)
0000313272,カリスマサンオペラ,0000339572,オペラハウス(GB),0000129475,ミホクイーン,0000336572,Sadler's Wells(USA),0000333299,テスコボーイ(GB)
0000730196,カリスマサンキセキ,0000262443,フジキセキ,0000228934,ユーワサブリア,0000333862,サンデーサイレンス(USA),0000061253,トウシヨウボーイ
0001121939,カリスマサンタイム,0000333844,ブライアンズタイム(USA),0000700972,レイナフェリス,0000335167,Roberto(USA),0000333894,コマンダーインチーフ(GB)
0001087139,カリスマミッキー,0000372284,カリズマティック(USA),0000225167,ジュピターガール,0000340714,Summer Squall(USA),0000333769,パークリージエント(CAN)
0001047536,カリバーン,0000619835,デュランダル,0000626076,リーチマイハーバー(USA),0000333862,サンデーサイレンス(USA),0000365330,ボストンハーバー(USA)
0001189136,カリビアンゴールド,0000286968,ステイゴールド,0000985913,サバナパディーダ(IRE),0000333862,サンデーサイレンス(USA),0000363470,Cape Cross(IRE)
0000723459,カリプソパンチ,0000274883,ダンスインザダーク,0000275607,カクテルリコ(USA),0000333862,サンデーサイレンス(USA),0000336421,Irish River(FR)
0000994285,カルカソンヌ,0000700008,シンボリクリスエス(USA),0000448732,オーベルゲイド(FR),0000336209,Kris S.(USA),0000336817,Kaldoun(FR)
0000626457,カルストンハードオ,0000333665,モガミ(FR),0000200588,カルストンジェンヌ,0000334968,Lyphard(USA),0000146289,サクライツトー
0000326684,カルストンライトオ,0000342675,ウォーニング(GB),0000229105,オオシマルチア,0000335911,Known Fact(USA),0000337265,クリスタルグリツターズ(USA)
0001090982,カルドブレッサ,0000325200,ジャングルポケット,0000325155,ラフィカ,0000161740,トニービン(IRE),0000333862,サンデーサイレンス(USA)
0000762731,カルナバリート,0000299155,エルコンドルパサー(USA),0000452544,ダンジグエンジェル(CAN),0000347989,Kingmambo(USA),0000337425,Danzig Connection(USA)
0001094828,カルマート,0000700008,シンボリクリスエス(USA),0000727864,キープクワイエット,0000336209,Kris S.(USA),0000298391,エアジハード
0001051931,カルムパシオン,0000714301,アルデバランⅡ(USA),0000745213,スウィフトオブフライト(CAN),0000335975,Mr. Prospector(USA),0000339761,Sky Classic(CAN)
0001217582,カルリーノ,0000762445,マツリダゴッホ,0000891170,アイリスモレア,0000333862,サンデーサイレンス(USA),0000325977,ショウナンカンプ
0001168480,カルヴァリオ,0000762445,マツリダゴッホ,0000701932,オークルーム,0000333862,サンデーサイレンス(USA),0000263174,ペンタイア(GB)
0000891190,カレイジャスミン,0000262437,タヤスツヨシ,0000701450,ラピュセル,0000333862,サンデーサイレンス(USA),0000365099,エリシオ(FR)
0001125341,カレンケカリーナ,0000722158,ハーツクライ,0000796877,センスオブアート(USA),0000333862,サンデーサイレンス(USA),0000361396,Unbridled's Song(USA)
0001207429,カレンシリエージョ,0001115148,ハービンジャー(GB),0001098942,ベルアリュールⅡ(IRE),0000372531,Dansili(GB),0000361929,Numerous(USA)
0001044299,カレンチャン,0000615577,クロフネ(USA),0000316290,スプリングチケット,0000362799,フレンチデピュティ(USA),0000161740,トニービン(IRE)
0000805808,カレンナサクラ,0000201489,メジロライアン,0000328293,シルクダイアリー,0000098122,アンバーシヤダイ,0000249114,ナリタブライアン
0001045151,カレンナホホエミ,0000287925,タイキシャトル(USA),0000326216,テンシノキセキ,0000337092,Devil's Bag(USA),0000262443,フジキセキ
0000620057,カレンバレリーナ,0000333862,サンデーサイレンス(USA),0000432329,シアラスダンサー(USA),0000335154,Halo(USA),0000339671,Gate Dancer(USA)
0001110454,カレンブラックヒル,0000725485,ダイワメジャー,0000808408,チャールストンハーバー(USA),0000333862,サンデーサイレンス(USA),0000365179,Grindstone(USA)
0001091552,カレンミロティック,0000722158,ハーツクライ,0000331265,スターミー(USA),0000333862,サンデーサイレンス(USA),0000339653,A.P. Indy(USA)
0001154723,カレンラストショー,0000611525,タニノギムレット,0000804093,ヴィヴィッドカラー,0000333844,ブライアンズタイム(USA),0000274883,ダンスインザダーク
0001189825,カロス,0000801447,スクリーンヒーロー,0000997019,タイキジャスパー,0000299089,グラスワンダー(USA),0000287925,タイキシャトル(USA)
0001000674,カロンセギュール,0000372808,Forest Camp(USA),0000973344,Yesterdays Gone(USA),0000338072,Deputy Minister(CAN),0000340714,Summer Squall(USA)
0000759762,カワカミプリンセス,0000294840,キングヘイロー,0000310350,タカノセクレタリー(USA),0000336853,ダンシングブレーヴ(USA),0000335964,Seattle Slew(USA)
0001189560,カワキタエンカ,0000742976,ディープインパクト,0000993016,カワキタラブポップ,0000333862,サンデーサイレンス(USA),0000615577,クロフネ(USA)
0001045608,カワキタコマンド,0000702412,サクラプレジデント,0000330405,アイシータカオー,0000333862,サンデーサイレンス(USA),0000249114,ナリタブライアン
0000989412,カワキタトップ,0000304230,ナリタトップロード,0000278666,マイネビアンコ,0000179021,サツカーボーイ,0000337280,シャルード(USA)
0000884578,カワキタフウジン,0000256512,マーベラスサンデー,0000275209,オースミサツキ,0000333862,サンデーサイレンス(USA),0000333844,ブライアンズタイム(USA)
0000170721,カンタービレ,0000333614,ゼダーン(GB),0000382592,ギヤラントミシー(USA),0000333952,Grey Sovereign(GB),0000334746,Raja Baba(USA)
0001050302,カントリースノー,0000333901,ティンバーカントリー(USA),0000611416,スノースタイル,0000337445,Woodman(USA),0000237704,ホワイトマズル(GB)
0000614509,カントリーバッハ,0000333901,ティンバーカントリー(USA),0000281362,ゴールデンマザー,0000337445,Woodman(USA),0000333873,マークオブディスティンクション(GB)
0000143601,カンパニー,0000032673,スカレー,0000462202,サンキヨウト,0000455756,エルシド(FR),0000003898,サラ　オーテモン
0000611506,カンファーベスト,0000098122,アンバーシヤダイ,0000191864,カタリナラビット,0000333544,ノーザンテースト(CAN),0000008661,シンザン
0000069574,カンペキ,0000333363,リマンド(GB),0000003711,ミリオンドーター,0000333914,Alcide(GB),0000333146,トリプリケート(USA)
0000990578,カヴァリエ,0000225628,サクラバクシンオー,0000298997,アランセラ(USA),0000145106,サクラユタカオー,0000336397,Dixieland Band(USA)
0001202377,カーサデルシエロ,0001089850,ロードカナロア,0000731030,ダイワエルシエーロ,0000729458,キングカメハメハ,0000333862,サンデーサイレンス(USA)
0001118868,カーティスバローズ,0000324971,マンハッタンカフェ,0000299421,ベルベットスマイル(USA),0000333862,サンデーサイレンス(USA),0000336397,Dixieland Band(USA)
0000723323,カーディナルローズ,0000237704,ホワイトマズル(GB),0000146866,オノデンモモコ,0000336853,ダンシングブレーヴ(USA),0000061253,トウシヨウボーイ
0000723641,カーニバルソング,0000299155,エルコンドルパサー(USA),0000384289,カルニオラ(GB),0000347989,Kingmambo(USA),0000337286,Rainbow Quest(USA)
0001150135,カービングパス,0001115148,ハービンジャー(GB),0000325217,ハッピーパス,0000372531,Dansili(GB),0000333862,サンデーサイレンス(USA)
0001172761,カープストリーマー,0000725485,ダイワメジャー,0000977593,キッズトゥデイ(USA),0000333862,サンデーサイレンス(USA),0000622228,Siphon(BRZ)
0001204958,カーボナード,0000742976,ディープインパクト,0000899376,ディアマンティナ(USA),0000333862,サンデーサイレンス(USA),0000337444,Seeking the Gold(USA)
0000106958,カーマイン,0000029456,ナオキ,0000379391,トサコンバツト,0000333288,サウンドトラツク(IRE),0000333155,ブリツカバツク(USA)
0000381043,ガイセン,0000333263,フイリユース(FR),0000377965,ロイヤルセラフ(GB),0000334418,Pharis(FR),0000334260,Flying Halo
0001125109,ガイヤースヴェルト,0000725485,ダイワメジャー,0000762376,レーヌヴェルト,0000333862,サンデーサイレンス(USA),0000362799,フレンチデピュティ(USA)
0000150665,ガイヤール,0000333615,ゲイルーザツク(ITY),0000060723,ホクエイガーネツト,0000333374,フアバージ(FR),0000333282,ムーテイエ(FR)
0000987677,ガウディ,0000325200,ジャングルポケット,0000232975,ブリリアントベリー,0000161740,トニービン(IRE),0000333544,ノーザンテースト(CAN)
0001206378,ガウラミディ,0000807282,フリオーソ,0001045442,ロメラ,0000333844,ブライアンズタイム(USA),0000225628,サクラバクシンオー
0000755425,ガジュマル,0000166681,タマモクロス,0000255427,ドラゴンリリー,0000082169,シービークロス,0000171990,イブンベイ(GB)
0001117791,ガチバトル,0000701701,オレハマッテルゼ,0000259227,ツキノロマン,0000333862,サンデーサイレンス(USA),0000333608,ミルジヨージ(USA)
0001102412,ガッテンキャンパス,0000325200,ジャングルポケット,0000286817,アンダンテ,0000161740,トニービン(IRE),0000333862,サンデーサイレンス(USA)
0000460045,ガナール,0000002195,サラ　メイヂヒカリ,0000456881,奥藤,0000333163,クモハタ,0000333131,サラ　開銀
0001396183,ガブリン,0001126608,インカンテーション,0001191888,アンヌ,0001025279,シニスターミニスター(USA),0000287925,タイキシャトル(USA)
0000743033,ガラディナー,0000333862,サンデーサイレンス(USA),0000624737,ディナータイム(FR),0000335154,Halo(USA),0000337417,Bering(GB)
0001136028,ガリバルディ,0000742976,ディープインパクト,0000448807,シェンク(GB),0000333862,サンデーサイレンス(USA),0000347622,Zafonic(USA)
0000318699,ガルフィンドリーム,0000178889,メジロアルダン,0000383255,ガルフィアン(USA),0000115349,アスワン,0000335293,Green Dancer(USA)
0001043988,ガルボ,0000324971,マンハッタンカフェ,0000313014,ヤマトダマシイ,0000333862,サンデーサイレンス(USA),0000340528,ジェネラス(IRE)
0000800077,ガルヴァニック,0000324933,アグネスタキオン,0000250140,ゲイアティーガール(IRE),0000333862,サンデーサイレンス(USA),0000333996,Nijinsky(CAN)
0000325271,ガンアンドローズ,0000262443,フジキセキ,0000383949,ルフィーラ(USA),0000333862,サンデーサイレンス(USA),0000336085,Nureyev(USA)
0000317875,ガンコ,0000201489,メジロライアン,0000248887,プレーズミーモア,0000098122,アンバーシヤダイ,0000061253,トウシヨウボーイ
0001190195,ガンサリュート,0001050184,ダノンシャンティ,0001042314,ベネディーレ,0000262443,フジキセキ,0000615577,クロフネ(USA)
0000324731,ガンショットシチー,0000179021,サツカーボーイ,0000201458,アイドルダンサー,0000333664,デイクタス(FR),0000333621,マグニテユード(IRE)
0000013883,ガンジス,0000004454,カネチカラ,0000377824,セントハタ,0000333121,ゲイタイム(GB),0000333076,セントライト
0000994314,ガンズオブナバロン,0000293624,スペシャルウィーク,0000451540,ヴェイルオブアヴァロン(USA),0000333862,サンデーサイレンス(USA),0000361977,サンダーガルチ(USA)
0000294299,ガンダーラ,0000333846,キンググローリアス(USA),0000221144,ユメノクィーン,0000336724,Naevus(USA),0000115693,アンドレアモン
0000247148,ガンピット,0000337283,Alysheba(USA),0000383370,スレッジ(GB),0000336305,Alydar(USA),0000336702,Young Generation(IRE)
0000805859,ガーシュウィン,0000237393,サクラチトセオー,0000328756,カナンウララ,0000161740,トニービン(IRE),0000333724,プルラリズム(USA)
0000891677,ガーデンスタイル,0000337848,デヒア(USA),0000714104,サークリング(USA),0000338072,Deputy Minister(CAN),0000336421,Irish River(FR)
0001108975,ガーネットチャーム,0000626942,ファルブラヴ(IRE),0000742600,オリエントチャーム,0000337427,Fairy King(USA),0000333862,サンデーサイレンス(USA)
0000807221,ガールズポップ,0000362799,フレンチデピュティ(USA),0000445005,カービーズソング(CAN),0000338072,Deputy Minister(CAN),0000339830,Sultry Song(USA)
0000700017,キウィダンス,0000333901,ティンバーカントリー(USA),0000634948,Warning Express(GB),0000337445,Woodman(USA),0000342675,ウォーニング(GB)
0000302952,キクカグロリアス,0000145106,サクラユタカオー,0000198379,エビスルーキー,0000333299,テスコボーイ(GB),0000333637,ロイヤルスキー(USA)
0000803408,キクカラヴリイ,0000298971,マイネルラヴ(USA),0000302948,キクカグローバル,0000337444,Seeking the Gold(USA),0000069360,マルゼンスキー
0000988235,キクノアポロ,0000333872,アジュディケーティング(USA),0000248766,マルニカンセイ,0000336082,Danzig(USA),0000333842,スマコバクリーク(USA)
0000036251,キクノアロー,0000333286,インデイアナ(GB),0000009525,キクノスズラン,0000334479,Sayajirao(GB),0000333151,ハロウエー(GB)
0000297166,キクノグリッター,0000337265,クリスタルグリツターズ(USA),0000212813,キクノサンシャイン,0000335274,Blushing Groom(FR),0000115064,ホリスキー
0000884739,キクノサリーレ,0000333874,ジェイドロバリー(USA),0000279113,ガイアローマン,0000335975,Mr. Prospector(USA),0000333640,ブレイヴエストローマン(USA)
0001105123,キクノストーム,0000743908,スタチューオブリバティ(USA),0000384127,シラー(FR),0000337102,Storm Cat(USA),0000336184,Fabulous Dancer(USA)
0001121478,キクノソル,0000729458,キングカメハメハ,0000617759,キクノジェニー,0000347989,Kingmambo(USA),0000262275,ジェニュイン
0000324220,キクノプロスパ,0000069360,マルゼンスキー,0000270840,アサカジュネス,0000333996,Nijinsky(CAN),0000333848,ナスルエルアラブ(USA)
0000988088,キシュウグラシア,0000262443,フジキセキ,0000245614,メイショウヤヨイ,0000333862,サンデーサイレンス(USA),0000098122,アンバーシヤダイ
0000319609,キシュウファンタジ,0000145106,サクラユタカオー,0000250078,ランドローリエ(USA),0000333299,テスコボーイ(GB),0000337425,Danzig Connection(USA)
0000752219,キストゥヘヴン,0000309184,アドマイヤベガ,0000196998,ロングバージン,0000333862,サンデーサイレンス(USA),0000333544,ノーザンテースト(CAN)
0000309215,キスミーテンダー,0000333862,サンデーサイレンス(USA),0000382736,レツツキツス(USA),0000335154,Halo(USA),0000334968,Lyphard(USA)
0000807526,キズナ,0000299089,グラスワンダー(USA),0000614258,ジョウノモンブラン,0000336890,Silver Hawk(USA),0000333862,サンデーサイレンス(USA)
0001133124,キズナエンドレス,0000286968,ステイゴールド,0000223703,サクラエンドレス,0000333862,サンデーサイレンス(USA),0000145106,サクラユタカオー
0001111171,キズマ,0000985381,ディスクリートキャット(USA),0001100813,ハンドオブフェイト(IRE),0000372671,Forestry(USA),0000333874,ジェイドロバリー(USA)
0000722114,キセキ,0000262443,フジキセキ,0000225199,アイドルタレント,0000333862,サンデーサイレンス(USA),0000333770,ワツスルタツチ(USA)
0000308989,キタイ,0000262443,フジキセキ,0000169447,ダイナヒミコ,0000333862,サンデーサイレンス(USA),0000333544,ノーザンテースト(CAN)
0000992643,キタサンアミーゴ,0000262443,フジキセキ,0000325159,アドマイヤハッピー,0000333862,サンデーサイレンス(USA),0000161740,トニービン(IRE)
0000614886,キタサンオウドウ,0000274915,フサイチコンコルド,0000186387,キタサンコール,0000336202,Caerleon(USA),0000333725,アーテイアス(USA)
0000993926,キタサンガイセン,0000293624,スペシャルウィーク,0000396358,ダンジグダンザグ(USA),0000333862,サンデーサイレンス(USA),0000336082,Danzig(USA)
0001149662,キタサンサジン,0000310467,サウスヴィグラス(USA),0000314813,キタサンヒメ,0000361855,エンドスウィープ(USA),0000192967,カコイーシーズ(USA)
0001046536,キタサンスズラン,0000872979,アルカセット(USA),0000611488,キタサンヒボタン,0000347989,Kingmambo(USA),0000262443,フジキセキ
0000327393,キタサンチャンネル,0000333887,ヘクタープロテクター(USA),0000171894,キタサンクイン,0000337445,Woodman(USA),0000333680,ロジンスキー(USA)
0000989994,キタサンチーフ,0000365159,チーフベアハート(CAN),0000287981,キタサンカラデル(AUS),0000337339,Chief's Crown(USA),0000340337,Hula Chief(NZ)
0000611488,キタサンヒボタン,0000262443,フジキセキ,0000171894,キタサンクイン,0000333862,サンデーサイレンス(USA),0000333680,ロジンスキー(USA)
0000228602,キタサンブラック,0000117758,ホクトフラツグ,0000161242,ニードルアイ,0000333422,シヤトーゲイ(USA),0000333641,サドンソー(CAN)
0001122883,キタサンミカヅキ,0000294840,キングヘイロー,0000723741,キタサンジュエリー,0000336853,ダンシングブレーヴ(USA),0000225628,サクラバクシンオー
0001135214,キタサンラブコール,0000294840,キングヘイロー,0000324318,ビッグテンビー,0000336853,ダンシングブレーヴ(USA),0000347983,テンビー(GB)
0000723357,キタサンラブソング,0000274883,ダンスインザダーク,0000434168,オリンピアデュカキス(ITY),0000333862,サンデーサイレンス(USA),0000342507,Isopach(USA)
0001205529,キタノコマンドール,0000742976,ディープインパクト,0000993563,ベネンシアドール,0000333862,サンデーサイレンス(USA),0000729458,キングカメハメハ
0000156191,キタノユウキ,0000029738,ロングエース,0000381542,エステイメジロ,0000333303,ハードリドン(GB),0000010431,メジロカツザン
0000802773,キタノリューオー,0000361351,タバスコキャット(USA),0000294683,スピーディローザー,0000337102,Storm Cat(USA),0000333887,ヘクタープロテクター(USA)
0000757315,キッスアンドライド,0000262443,フジキセキ,0000282116,ファインドレス,0000333862,サンデーサイレンス(USA),0000225905,ドクターデヴィアス(IRE)
0000995575,キッズアプローズ,0000324971,マンハッタンカフェ,0000701684,キッズフェイヴァー,0000333862,サンデーサイレンス(USA),0000361855,エンドスウィープ(USA)
0001095170,キッズニゴウハン,0000729458,キングカメハメハ,0000731674,キッズスター(USA),0000347989,Kingmambo(USA),0000339631,Saint Ballado(CAN)
0001154179,キッズライトオン,0001039506,スニッツェル(AUS),0000762758,オンシジューム,0000375619,Redoute's Choice(AUS),0000361855,エンドスウィープ(USA)
0001101332,キネオピューマ,0000760877,アドマイヤムーン,0000242085,ワンアイドバンブー,0000361855,エンドスウィープ(USA),0000333844,ブライアンズタイム(USA)
0001134534,キネオペガサス,0001099904,コンデュイット(IRE),0000308971,マルカキャンディ,0000745340,Dalakhani(IRE),0000333862,サンデーサイレンス(USA)
0000620245,キネティクス,0000337550,フォーティナイナー(USA),0000431791,インキュラブルロマンティック(USA),0000335975,Mr. Prospector(USA),0000335155,Stop the Music(USA)
0001102519,キボウダクリチャン,0000365159,チーフベアハート(CAN),0000287854,ウッドフェアリー(USA),0000337339,Chief's Crown(USA),0000337445,Woodman(USA)
0001206300,キボウノダイチ,0000849057,バゴ(FR),0001044381,ラクスクライン,0000342649,Nashwan(USA),0000286968,ステイゴールド
0000991042,キミニムチュウ,0000700008,シンボリクリスエス(USA),0000306569,アイライクユー,0000336209,Kris S.(USA),0000336853,ダンシングブレーヴ(USA)
0001191240,キャスパリーグ,0000742976,ディープインパクト,0001100857,レジェンドキャット(USA),0000333862,サンデーサイレンス(USA),0000337102,Storm Cat(USA)
0001189363,キャッスルクラウン,0000761992,バンブーエール,0000990068,キャッスルスピカ,0000337421,アフリート(CAN),0000250204,タイキブリザード(USA)
0000803130,キャッスルトン,0000274883,ダンスインザダーク,0000298501,ティークリッパー,0000333862,サンデーサイレンス(USA),0000161740,トニービン(IRE)
0000743721,キャッスルブラウン,0000336890,Silver Hawk(USA),0000397822,Hiroo Garden(GB),0000335167,Roberto(USA),0000336202,Caerleon(USA)
0001204292,キャッチミーアップ,0000722158,ハーツクライ,0000876559,イースタリーブリーズ(USA),0000333862,サンデーサイレンス(USA),0000621167,Fusaichi Pegasus(USA)
0000763090,キャッチータイトル,0000339572,オペラハウス(GB),0000709101,タイトルド(GB),0000336572,Sadler's Wells(USA),0000337286,Rainbow Quest(USA)
0001151201,キャットコイン,0000286968,ステイゴールド,0000620010,ストレイキャット,0000333862,サンデーサイレンス(USA),0000337102,Storm Cat(USA)
0001110597,キャトルフィーユ,0000742976,ディープインパクト,0000860625,ワンフォーローズ(CAN),0000333862,サンデーサイレンス(USA),0000361974,Tejano Run(USA)
0001184804,キャナルストリート,0000324971,マンハッタンカフェ,0000439190,フィラストリート(USA),0000333862,サンデーサイレンス(USA),0000337423,Cozzene(USA)
0001170538,キャノンストーム,0001129430,ワークフォース(GB),0000758358,ティンクルハート,0000372784,キングズベスト(USA),0000333862,サンデーサイレンス(USA)
0001156082,キャピシーヌ,0000619835,デュランダル,0000901663,ハーベストシーズン(USA),0000333862,サンデーサイレンス(USA),0000369621,Tale of the Cat(USA)
0000246098,キャピタルゲイン,0000333772,メンデス(FR),0000382864,アイリツシユトリート(USA),0000333809,ベリフア(IRE),0000336421,Irish River(FR)
0001163375,キャプテンオブヴィアス,0000363392,Verglas(IRE),0001163373,Shathor(AUS),0000336571,Highest Honor(FR),0000337557,Tirol(IRE)
0001152467,キャプテンシップ,0000321265,ノボジャック(USA),0000728243,ゴッドエンジェル,0000362799,フレンチデピュティ(USA),0000362599,ラムタラ(USA)
0000887465,キャプテントゥーレ,0000324933,アグネスタキオン,0000316322,エアトゥーレ,0000333862,サンデーサイレンス(USA),0000161740,トニービン(IRE)
0000754093,キャプテンベガ,0000333862,サンデーサイレンス(USA),0000232957,ベガ,0000335154,Halo(USA),0000161740,トニービン(IRE)
0001173849,キャプテンペリー,0000615577,クロフネ(USA),0001040804,メイグレイス,0000362799,フレンチデピュティ(USA),0000701577,ネオユニヴァース
0000763917,キャメロンガール,0000337554,With Approval(CAN),0000397746,Above the Salt(USA),0000334731,Caro(IRE),0000336156,Master Derby(USA)
0001125043,キャメロンロード,0000619835,デュランダル,0000761923,オーデコロン,0000333862,サンデーサイレンス(USA),0000365330,ボストンハーバー(USA)
0000899148,キャンディデート,0000369642,Kabool(GB),0000789007,Valleyrose(IRE),0000336862,グルームダンサー(USA),0000341457,ロイヤルアカデミーⅡ(USA)
0001168609,キャンディバローズ,0000742976,ディープインパクト,0000704565,アフレタータ,0000333862,サンデーサイレンス(USA),0000287925,タイキシャトル(USA)
0000853059,キャントンガール,0000337918,Storm Boot(USA),0000852152,On a Lark(USA),0000337102,Storm Cat(USA),0000340749,The Prime Minister(USA)
0001193149,キャンベルジュニア,0000368799,Encosta De Lago(AUS),0001193112,メリート(AUS),0000337427,Fairy King(USA),0000375619,Redoute's Choice(AUS)
0001185416,キュイキュイ,0001115148,ハービンジャー(GB),0000701838,スナップショット,0000372531,Dansili(GB),0000333862,サンデーサイレンス(USA)
0001208313,キューグレーダー,0001050184,ダノンシャンティ,0001143345,バグダッドカフェ(USA),0000262443,フジキセキ,0000719111,Broken Vow(USA)
0000887077,キュートエンブレム,0000731452,ウォーエンブレム(USA),0000312871,サクラサクⅡ,0000362883,Our Emblem(USA),0000337424,デインヒル(USA)
0001043143,キョウエイアシュラ,0000375505,スウェプトオーヴァーボード(USA),0000298474,サンシャワーキッス,0000361855,エンドスウィープ(USA),0000098122,アンバーシヤダイ
0001168048,キョウエイギア,0000891931,ディープスカイ,0000617175,ローレルアンジュ,0000324933,アグネスタキオン,0000225913,パラダイスクリーク(USA)
0000107073,キョウエイストーム,0000333299,テスコボーイ(GB),0000379886,パゴダ(GB),0000334436,Princely Gift(GB),0000347198,Relic(USA)
0001115754,キョウエイバサラ,0001000693,Aussie Rules(USA),0001113558,Annalina,0000337424,デインヒル(USA),0000337423,Cozzene(USA)
0001187828,キョウヘイ,0000991842,リーチザクラウン,0000803263,ショウナンアネーロ,0000293624,スペシャルウィーク,0000274883,ダンスインザダーク
0001089307,キョウワジャンヌ,0000722158,ハーツクライ,0000298966,アサカフジ(USA),0000333862,サンデーサイレンス(USA),0000337444,Seeking the Gold(USA)
0000723861,キョウワスプレンダ,0000333862,サンデーサイレンス(USA),0000218689,キョウワホウセキ,0000335154,Halo(USA),0000140567,シンボリルドルフ
0001166505,キョウワゼノビア,0000722158,ハーツクライ,0000298966,アサカフジ(USA),0000333862,サンデーサイレンス(USA),0000337444,Seeking the Gold(USA)
0001090818,キョウワダッフィー,0000729458,キングカメハメハ,0000323732,アサカプティット,0000347989,Kingmambo(USA),0000333844,ブライアンズタイム(USA)
0000616022,キョウワノコイビト,0000161740,トニービン(IRE),0000252839,エールノコイビト(IRE),0000336378,カンパラ(GB),0000336202,Caerleon(USA)
0000724105,キョウワハピネス,0000369768,オース(IRE),0000262912,グッドルックス(USA),0000337427,Fairy King(USA),0000335975,Mr. Prospector(USA)
0001041894,キョウワマグナム,0000729458,キングカメハメハ,0000270269,キョウワプラチナ,0000347989,Kingmambo(USA),0000336572,Sadler's Wells(USA)
0000722241,キョウワロアリング,0000333862,サンデーサイレンス(USA),0000298966,アサカフジ(USA),0000335154,Halo(USA),0000337444,Seeking the Gold(USA)
0000700123,キョクイチバンブー,0000207667,ヤマニンゼファー,0000254261,エフテーサイレンス,0000129863,ニホンピロウイナー,0000333786,ムクター(IRE)
0000085881,キラウエア,0000333302,フジオンワード(USA),0000009403,ホウラン,0000334457,Ribot(GB),0000001199,ハクリヨウ
0000284670,キラージョー,0000158547,ダイナガリバー,0000118390,ジムダツシユ,0000333544,ノーザンテースト(CAN),0000333578,ジムフレンチ(USA)
0000992833,キリコンサート,0000225628,サクラバクシンオー,0000326748,ラブリーカラー,0000145106,サクラユタカオー,0000161740,トニービン(IRE)
0001168272,キリシマオジョウ,0000621040,スクワートルスクワート(USA),0000626052,ラッキービクトリー(USA),0000339829,Marquetry(USA),0000342430,Dynaformer(USA)
0000801752,キルシュブリューテ,0000324971,マンハッタンカフェ,0000279931,サクラソレイユ,0000333862,サンデーサイレンス(USA),0000145106,サクラユタカオー
0001156201,キロハナ,0000742976,ディープインパクト,0000987562,ハウオリ,0000333862,サンデーサイレンス(USA),0000729458,キングカメハメハ
0000992926,キングアレキサンダ,0000321138,アグネスデジタル(USA),0000327409,イーエルブロッサム,0000336770,Crafty Prospector(USA),0000337436,ラストタイクーン(IRE)
0000058657,キングアーサー,0000333287,オンリーフオアライフ(GB),0000013858,カズミサン,0000334162,Chanteur(FR),0000333228,オーロイ(GB)
0001173770,キングオブアームズ,0000742976,ディープインパクト,0001032709,アーマイン(USA),0000333862,サンデーサイレンス(USA),0000372667,Exchange Rate(USA)
0001037237,キングオブカルト,0000347989,Kingmambo(USA),0000444833,Sumoto(GB),0000335975,Mr. Prospector(USA),0000337561,Mtoto(GB)
0000309446,キングオブサンデー,0000333862,サンデーサイレンス(USA),0000219937,ミヤビサクラコ,0000335154,Halo(USA),0000333544,ノーザンテースト(CAN)
0000808299,キングオブロマネ,0000274883,ダンスインザダーク,0000719873,ダリンダ(USA),0000333862,サンデーサイレンス(USA),0000336085,Nureyev(USA)
0001110388,キングオブロー,0000777071,ルールオブロー(USA),0000807232,マダムチヨ,0000347989,Kingmambo(USA),0000365330,ボストンハーバー(USA)
0000729458,キングカメハメハ,0000347989,Kingmambo(USA),0000440324,マンファス(IRE),0000335975,Mr. Prospector(USA),0000337436,ラストタイクーン(IRE)
0001106569,キングクリチャン,0000325218,ボーンキング,0000701015,カムロギダイリン,0000333862,サンデーサイレンス(USA),0000098122,アンバーシヤダイ
0000321249,キングザファクト,0000335911,Known Fact(USA),0000420796,Koluctoo's Robin(USA),0000334720,In Reality(USA),0000344928,Koluctoo Bay(USA)
0000736606,キングジョイ,0000256512,マーベラスサンデー,0000295676,プリンセスエイブル,0000333862,サンデーサイレンス(USA),0000333874,ジェイドロバリー(USA)
0000885959,キングスエンブレム,0000731452,ウォーエンブレム(USA),0000298313,スカーレットレディ,0000362883,Our Emblem(USA),0000333862,サンデーサイレンス(USA)
0000736966,キングスゾーン,0000294840,キングヘイロー,0000219204,マチスマリン,0000336853,ダンシングブレーヴ(USA),0000336336,Al Nasr(FR)
0000804676,キングスデライト,0000324933,アグネスタキオン,0000316288,マンデーデライト,0000333862,サンデーサイレンス(USA),0000333707,リアルシヤダイ(USA)
0000997193,キングストリート,0000729458,キングカメハメハ,0000446084,ドーンランサム(USA),0000347989,Kingmambo(USA),0000337563,Red Ransom(USA)
0000742935,キングストレイル,0000333862,サンデーサイレンス(USA),0000286923,サンタフェトレイル,0000335154,Halo(USA),0000333544,ノーザンテースト(CAN)
0000851401,キングスドラマ,0000361072,King's Theatre(IRE),0000621785,Last Drama(IRE),0000336572,Sadler's Wells(USA),0000337436,ラストタイクーン(IRE)
0000192638,キングスベリー,0000333677,スイフトスワロー(USA),0000049838,シンシプリアニ,0000334002,Northern Dancer(CAN),0000333248,シプリアニ(ITY)
0000993289,キングスレガリア,0000729458,キングカメハメハ,0000330472,リキセレナード,0000347989,Kingmambo(USA),0000333874,ジェイドロバリー(USA)
0001134550,キングズオブザサン,0000626923,チチカステナンゴ(FR),0000309040,スティンガー,0000361696,Smadoun(FR),0000333862,サンデーサイレンス(USA)
0001140590,キングズガード,0001025279,シニスターミニスター(USA),0000805115,キングスベリー,0000369550,Old Trieste(USA),0000294840,キングヘイロー
0001189483,キングズラッシュ,0001042049,ルーラーシップ,0000991895,リコリス,0000729458,キングカメハメハ,0000700008,シンボリクリスエス(USA)
0001126883,キングデザイヤー,0000274883,ダンスインザダーク,0000999208,ウマヒトスジ,0000333862,サンデーサイレンス(USA),0000369621,Tale of the Cat(USA)
0000756491,キングトップガン,0000255813,マヤノトップガン,0000270843,グリタリングフラワ,0000333844,ブライアンズタイム(USA),0000069360,マルゼンスキー
0001170690,キングハート,0000701701,オレハマッテルゼ,0000761305,ラブハート,0000333862,サンデーサイレンス(USA),0000298971,マイネルラヴ(USA)
0000009285,キングバンブー,0000333089,ミナミホマレ,0000377144,ミスハツユキ,0000333075,プリメロ(GB),0000333087,カツフジ
0000139156,キングヒーロー,0000043372,フジノパーシア,0000018695,サガミリクオー,0000333323,パーシア(GB),0000333276,ラテイフイケイシヨン(GB)
0000326451,キングフィデリア,0000347989,Kingmambo(USA),0000384106,フィデリア(USA),0000335975,Mr. Prospector(USA),0000336082,Danzig(USA)
0001106665,キングブレイク,0000729458,キングカメハメハ,0000701687,トロピカルナイト,0000347989,Kingmambo(USA),0000333862,サンデーサイレンス(USA)
0000807109,キングブレーヴ,0000294840,キングヘイロー,0000433950,ニューデイダウニング(USA),0000336853,ダンシングブレーヴ(USA),0000337432,Gone West(USA)
0000290800,キングライオン,0000182480,アサティス(USA),0000176057,ウイニングベット,0000336769,Topsider(USA),0000019148,アローエクスプレス
0000320939,キングリファール,0000337265,クリスタルグリツターズ(USA),0000383485,ダンスオンザコースト(USA),0000335274,Blushing Groom(FR),0000336028,Coastal(USA)
0001155892,キングルアウ,0000729458,キングカメハメハ,0000890829,リュートフルシティ,0000347989,Kingmambo(USA),0000731452,ウォーエンブレム(USA)
0001046399,キングレオポルド,0000262443,フジキセキ,0000444253,アイルドフランス(USA),0000333862,サンデーサイレンス(USA),0000336085,Nureyev(USA)
0001106411,キンシザイル,0000362799,フレンチデピュティ(USA),0000626463,ケイシンミツル,0000338072,Deputy Minister(CAN),0000262443,フジキセキ
0001109406,キンシツーストン,0000369639,ストラヴィンスキー(USA),0000755274,ハッピーバースディ,0000336085,Nureyev(USA),0000287925,タイキシャトル(USA)
0000901749,キンシャサノキセキ,0000262443,フジキセキ,0000450583,ケルトシャーン(USA),0000333862,サンデーサイレンス(USA),0000335991,Pleasant Colony(USA)
0000799377,キンショージェット,0000283279,ビッグサンデー,0000235794,ニチドウピューピル,0000333862,サンデーサイレンス(USA),0000333564,ハードツービート(IRE)
0001170198,キンショーユキヒメ,0000760084,メイショウサムソン,0000750366,アップルティー,0000339572,オペラハウス(GB),0000333862,サンデーサイレンス(USA)
0001174681,キークラッカー,0000325200,ジャングルポケット,0001091910,ウーマンインレッド,0000161740,トニービン(IRE),0000286968,ステイゴールド
0000295762,キーゴールド,0000333823,アンシエントタイム(USA),0000181621,キーフラワー,0000333996,Nijinsky(CAN),0000087290,ビンゴガルー
0000294692,キーニシキ,0000139946,ビゼンニシキ,0000156047,キードール,0000333545,ダンデイルート(FR),0000333642,キヤタオラ(USA)
0000701776,キーファクター,0000333862,サンデーサイレンス(USA),0000408300,パンパードスター(USA),0000335154,Halo(USA),0000336839,Star de Naskra(USA)
0000168700,キープインタッチ,0000333636,マンオブビイジヨン(GB),0000019413,ニケ,0000334000,Never Say Die(USA),0000333224,チヤイナロツク(GB)
0000727864,キープクワイエット,0000298391,エアジハード,0000262276,ビーサイレント,0000145106,サクラユタカオー,0000333862,サンデーサイレンス(USA)
0001208190,キープシークレット,0000725485,ダイワメジャー,0001127751,ウーマンシークレット(IRE),0000333862,サンデーサイレンス(USA),0000336572,Sadler's Wells(USA)
0001119862,キープトライン,0000872979,アルカセット(USA),0000320248,タカノヒカル,0000347989,Kingmambo(USA),0000340528,ジェネラス(IRE)
0001103172,キープビリービング,0000321292,ゼンノエルシド(IRE),0000305205,コンバットフラワー,0000336202,Caerleon(USA),0000231850,ビワハヤヒデ
0000756317,キープユアスマイル,0000324933,アグネスタキオン,0000268239,メロウキス,0000333862,サンデーサイレンス(USA),0000333707,リアルシヤダイ(USA)
0000615859,キープレイヤー,0000340528,ジェネラス(IRE),0000181621,キーフラワー,0000336202,Caerleon(USA),0000087290,ビンゴガルー
0000616245,キーボランチ,0000333846,キンググローリアス(USA),0000137427,キーケルナー,0000336724,Naevus(USA),0000333484,イエローゴツド(GB)
0000751676,キーレター,0000214492,リンドシェーバー(USA),0000179332,アグネスフエルテイ,0000336305,Alydar(USA),0000333544,ノーザンテースト(CAN)
0001137166,キーンソード,0000701712,リンカーン,0000704101,オールウェイズグッドサンクス(USA),0000333862,サンデーサイレンス(USA),0000336395,Miswaki(USA)
0000704196,キーンランドスワン,0000361724,Distant View(USA),0000397475,To Act(USA),0000335975,Mr. Prospector(USA),0000335167,Roberto(USA)
0000256070,ギニョール,0000182443,パルナシヤン(USA),0000382579,コノハナサクヤ(IRE),0000336085,Nureyev(USA),0000334725,Prince Regent(FR)
0000305595,ギフテッドクラウン,0000333817,プリンスオブバーズ(USA),0000186356,シュガーママ,0000336177,Storm Bird(CAN),0000333608,ミルジヨージ(USA)
0001208410,ギベオン,0000742976,ディープインパクト,0001177676,コンテスティッド(USA),0000333862,サンデーサイレンス(USA),0000978108,Ghostzapper(USA)
0000723193,ギミーシェルター,0000333862,サンデーサイレンス(USA),0000225110,オークツリー,0000335154,Halo(USA),0000333707,リアルシヤダイ(USA)
0001173257,ギモーヴ,0001115148,ハービンジャー(GB),0000993329,ヒカルアマランサス,0000372531,Dansili(GB),0000324933,アグネスタキオン
0000211044,ギャラントアロー,0000105218,ミナガワマンナ,0000120195,アローエントリー,0000008661,シンザン,0000019148,アローエクスプレス
0000615884,ギャロップサンダー,0000224703,トロットサンダー,0000181527,ドリームワールド,0000158501,ダイナコスモス,0000030382,タイテエム
0000247104,ギャンブラー,0000337433,Homebuilder(USA),0000383359,クルーピアレディー(USA),0000335975,Mr. Prospector(USA),0000337229,What Luck(USA)
0000317193,ギャンブルローズ,0000337424,デインヒル(USA),0000146985,ユキノローズ,0000336082,Danzig(USA),0000333608,ミルジヨージ(USA)
0000887262,ギュイエンヌ,0000611525,タニノギムレット,0000314567,スギノトヨヒメ,0000333844,ブライアンズタイム(USA),0000262443,フジキセキ
0001088382,ギュスターヴクライ,0000722158,ハーツクライ,0000275639,ファビラスラフイン(FR),0000333862,サンデーサイレンス(USA),0000336184,Fabulous Dancer(USA)
0001040143,ギュンター,0000214562,スターオブコジーン(USA),0000180715,リバーラス,0000337423,Cozzene(USA),0000069360,マルゼンスキー
0001094485,ギリギリヒーロー,0000325200,ジャングルポケット,0000723943,エイプリルヒロイン,0000161740,トニービン(IRE),0000333862,サンデーサイレンス(USA)
0000805219,ギルティストライク,0000309184,アドマイヤベガ,0000321260,シェープアップ(USA),0000333862,サンデーサイレンス(USA),0000347989,Kingmambo(USA)
0000319772,ギルデッドエージ,0000333901,ティンバーカントリー(USA),0000201791,モントタヤーラ,0000337445,Woodman(USA),0000333544,ノーザンテースト(CAN)
0000009221,ギンゲイ,0000333225,テイエポロ(ITY),0000376954,フイーナー(GB),0000347464,Blue Peter(GB),0000334401,Orthodox(GB)
0001202097,ギンコイエレジー,0001046333,ヴィクトワールピサ,0000725142,バリーバーン,0000701577,ネオユニヴァース,0000361855,エンドスウィープ(USA)
0000890507,ギンザフローラル,0000700008,シンボリクリスエス(USA),0000615578,ストロングウィドウ(USA),0000336209,Kris S.(USA),0000337444,Seeking the Gold(USA)
0001046866,ギンザボナンザ,0000701668,ゼンノロブロイ,0000614352,アルウェン,0000333862,サンデーサイレンス(USA),0000161740,トニービン(IRE)
0001150023,ギンザヴィクトリア,0000701668,ゼンノロブロイ,0000324097,タイムフェアレディ,0000333862,サンデーサイレンス(USA),0000203356,メジロマックイーン
0001152386,ギンパリ,0000714411,ケイムホーム(USA),0000727247,ニューメロディ,0000337432,Gone West(USA),0000243723,サクラローレル
0000800570,クィーンオブキネマ,0000287925,タイキシャトル(USA),0000260134,シネマライフ,0000337092,Devil's Bag(USA),0000069360,マルゼンスキー
0000800736,クィーンスプマンテ,0000325200,ジャングルポケット,0000262359,センボンザクラ,0000161740,トニービン(IRE),0000145106,サクラユタカオー
0001088372,クィーンズバーン,0000293624,スペシャルウィーク,0000275596,シンコウエンジェル(USA),0000333862,サンデーサイレンス(USA),0000337527,オジジアン(USA)
0001174237,クィーンズベスト,0001129430,ワークフォース(GB),0001048484,ラスティングソング,0000372784,キングズベスト(USA),0000262443,フジキセキ
0001153249,クィーンチャーム,0000729458,キングカメハメハ,0000742600,オリエントチャーム,0000347989,Kingmambo(USA),0000333862,サンデーサイレンス(USA)
0000723304,クィーンロマンス,0000333901,ティンバーカントリー(USA),0000307533,オグリロマンス,0000337445,Woodman(USA),0000333544,ノーザンテースト(CAN)
0000737355,クインオブクイン,0000294840,キングヘイロー,0000145864,ハイネスポート,0000336853,ダンシングブレーヴ(USA),0000333544,ノーザンテースト(CAN)
0000270758,クインクインクイン,0000179021,サツカーボーイ,0000126925,ミスロンプ,0000333664,デイクタス(FR),0000333299,テスコボーイ(GB)
0001170605,クインズサターン,0001085636,パイロ(USA),0000759588,ケイアイベローナ,0000337958,Pulpit(USA),0000615577,クロフネ(USA)
0001184897,クインズサリナ,0001050184,ダノンシャンティ,0000611960,ケイアイギャラリー,0000262443,フジキセキ,0000342675,ウォーニング(GB)
0001137548,クインズハリジャン,0000293624,スペシャルウィーク,0000716585,ベストブート(USA),0000333862,サンデーサイレンス(USA),0000337918,Storm Boot(USA)
0000798273,クインズプレイヤー,0000207623,トウカイテイオー,0000212278,フレイバーギフト,0000140567,シンボリルドルフ,0000124927,カツラギエース
0001155136,クインズミラーグロ,0000324971,マンハッタンカフェ,0000848405,ジャストトゥートゥー(USA),0000333862,サンデーサイレンス(USA),0000339710,In Excess(IRE)
0001150772,クインズロンペール,0000615577,クロフネ(USA),0000611960,ケイアイギャラリー,0000362799,フレンチデピュティ(USA),0000342675,ウォーニング(GB)
0001192529,クイントゥープル,0001163245,アイルハヴアナザー(USA),0001096628,マイネクイーン,0001002331,Flower Alley(USA),0000324933,アグネスタキオン
0001105647,クイーンアルタミラ,0000849057,バゴ(FR),0000612378,フジノバイオレット,0000342649,Nashwan(USA),0000333894,コマンダーインチーフ(GB)
0000085033,クイーングラス,0000455726,マスホマレ,0000459949,ミヤトローズ,0000000352,サラ　タカクラヤマ,0000004057,シユンエイ
0001157242,クイーンズターフ,0000742976,ディープインパクト,0001046484,フラッテローザ,0000333862,サンデーサイレンス(USA),0000333844,ブライアンズタイム(USA)
0001156107,クイーンズリング,0000324971,マンハッタンカフェ,0000920276,アクアリング,0000333862,サンデーサイレンス(USA),0000365067,Anabaa(USA)
0001188571,クイーンマンボ,0000324971,マンハッタンカフェ,0000886119,スズカエルマンボ,0000333862,サンデーサイレンス(USA),0000700008,シンボリクリスエス(USA)
0001109128,クイーンリヴィエラ,0000742976,ディープインパクト,0000745608,フレンチリヴィエラ(USA),0000333862,サンデーサイレンス(USA),0000362799,フレンチデピュティ(USA)
0001042220,クォークスター,0000324933,アグネスタキオン,0000279441,フェスタデルドンナ,0000333862,サンデーサイレンス(USA),0000333887,ヘクタープロテクター(USA)
0001109693,ククイナッツレイ,0000742976,ディープインパクト,0000760936,シェルズレイ,0000333862,サンデーサイレンス(USA),0000615577,クロフネ(USA)
0001107881,クッカーニャ,0000262443,フジキセキ,0000726993,ドリームスケイプ,0000333862,サンデーサイレンス(USA),0000299155,エルコンドルパサー(USA)
0001166065,クナウ,0000700008,シンボリクリスエス(USA),0000258234,フラワーブリーズ,0000336209,Kris S.(USA),0000333870,フェアジャッジメント(USA)
0001139181,クライスマイル,0000801447,スクリーンヒーロー,0000750313,リーフィーウッド,0000299089,グラスワンダー(USA),0000237704,ホワイトマズル(GB)
0001184290,クライムメジャー,0000725485,ダイワメジャー,0000316409,クライウィズジョイ,0000333862,サンデーサイレンス(USA),0000161740,トニービン(IRE)
0001142813,クラウンアイリス,0000339534,ロドリゴデトリアーノ(USA),0000803012,ユキノマーガレット,0000336924,El Gran Senor(USA),0000615577,クロフネ(USA)
0001125949,クラウンアトラス,0000701577,ネオユニヴァース,0000808289,ヒシクリッパー,0000333862,サンデーサイレンス(USA),0000325200,ジャングルポケット
0001172534,クラウンスカイ,0000727032,メイショウボーラー,0000890605,アオゾラ,0000287925,タイキシャトル(USA),0000743734,ムーンバラッド(IRE)
0001172675,クラウンディバイダ,0000725485,ダイワメジャー,0000899508,インコンパス(FR),0000333862,サンデーサイレンス(USA),0000336572,Sadler's Wells(USA)
0001133957,クラウンデピュティ,0000615577,クロフネ(USA),0000290977,オートサンデー,0000362799,フレンチデピュティ(USA),0000333862,サンデーサイレンス(USA)
0001166021,クラウンドジャック,0001046333,ヴィクトワールピサ,0000245452,ゴールデンジャック,0000701577,ネオユニヴァース,0000337421,アフリート(CAN)
0001154569,クラウンノキミ,0000225628,サクラバクシンオー,0000801561,テンニョ,0000145106,サクラユタカオー,0000365330,ボストンハーバー(USA)
0001089648,クラウンフィデリオ,0000313435,アッミラーレ,0000306007,エリモメロディー,0000333862,サンデーサイレンス(USA),0000339534,ロドリゴデトリアーノ(USA)
0000118297,クラウンプリンセス,0000333522,レボウ(GB),0000004239,ニユーフーム,0000334436,Princely Gift(GB),0000333150,フルブルーム(GB)
0001094326,クラウンリバー,0000237640,ダンツシアトル(USA),0000722280,フューチャシャトル,0000335964,Seattle Slew(USA),0000287925,タイキシャトル(USA)
0001141298,クラウンルシフェル,0000619817,ローエングリン,0000885440,サザンベル,0000263172,Singspiel(IRE),0000310467,サウスヴィグラス(USA)
0001124234,クラウンレガーロ,0000299089,グラスワンダー(USA),0000742772,エクストラニュース,0000336890,Silver Hawk(USA),0000361855,エンドスウィープ(USA)
0001121357,クラウンロゼ,0000309217,ロサード,0000615969,ヒシアスカ,0000333862,サンデーサイレンス(USA),0000262992,ヒシアケボノ(USA)
0000324732,クラクエンリーグ,0000337265,クリスタルグリツターズ(USA),0000258942,オンリーブライアン,0000335274,Blushing Groom(FR),0000333844,ブライアンズタイム(USA)
0001090906,クラシカルノヴァ,0000729458,キングカメハメハ,0000324791,ブリリアントノバ,0000347989,Kingmambo(USA),0000340528,ジェネラス(IRE)
0001136535,クラシックマーク,0000321138,アグネスデジタル(USA),0000618808,ステキプレゼント,0000336770,Crafty Prospector(USA),0000262275,ジェニュイン
0001047360,クラックシード,0000729458,キングカメハメハ,0000619898,ファビラスキャット,0000347989,Kingmambo(USA),0000333862,サンデーサイレンス(USA)
0000611909,クラッシードレス,0000365099,エリシオ(FR),0000383928,キャシーズクール(USA),0000337427,Fairy King(USA),0000336082,Danzig(USA)
0000298276,クラフトマンシップ,0000192969,フレンチグローリー(IRE),0000213912,ワーキングガール,0000336572,Sadler's Wells(USA),0000333758,パドスール(GB)
0000753088,クラフトミラージュ,0000362799,フレンチデピュティ(USA),0000213912,ワーキングガール,0000338072,Deputy Minister(CAN),0000333758,パドスール(GB)
0000701669,クラフトワーク,0000263174,ペンタイア(GB),0000213912,ワーキングガール,0000335936,Be My Guest(USA),0000333758,パドスール(GB)
0000990532,クラブトゥギャザー,0000619768,ゴールドアリュール,0000298462,ベリーリズミック,0000333862,サンデーサイレンス(USA),0000336853,ダンシングブレーヴ(USA)
0001139714,クラリティシチー,0000729458,キングカメハメハ,0000759812,タイキクラリティ,0000347989,Kingmambo(USA),0000293624,スペシャルウィーク
0001153933,クラリティスカイ,0000615577,クロフネ(USA),0000759812,タイキクラリティ,0000362799,フレンチデピュティ(USA),0000293624,スペシャルウィーク
0001045172,クラリン,0000294840,キングヘイロー,0000326448,バトルサンサシオン,0000336853,ダンシングブレーヴ(USA),0000337527,オジジアン(USA)
0000316527,クラレットパンチ,0000262443,フジキセキ,0000383440,ダンスロマンス(USA),0000333862,サンデーサイレンス(USA),0000334002,Northern Dancer(CAN)
0001104873,クラレント,0000274883,ダンスインザダーク,0000330325,エリモピクシー,0000333862,サンデーサイレンス(USA),0000336853,ダンシングブレーヴ(USA)
0000802980,クランエンブレム,0000731452,ウォーエンブレム(USA),0000297087,アズサユミ,0000362883,Our Emblem(USA),0000333862,サンデーサイレンス(USA)
0001103813,クランモンタナ,0000742976,ディープインパクト,0000316322,エアトゥーレ,0000333862,サンデーサイレンス(USA),0000161740,トニービン(IRE)
0001218151,クラージュゲリエ,0000729458,キングカメハメハ,0000992667,ジュモー,0000347989,Kingmambo(USA),0000611525,タニノギムレット
0001152643,クラージュシチー,0001115148,ハービンジャー(GB),0000730615,リボンシチー,0000372531,Dansili(GB),0000333862,サンデーサイレンス(USA)
0001186641,クリアザトラック,0000742976,ディープインパクト,0000738195,クロウキャニオン,0000333862,サンデーサイレンス(USA),0000362799,フレンチデピュティ(USA)
0000994411,クリアソウル,0000321138,アグネスデジタル(USA),0000611905,キャトルセゾン,0000336770,Crafty Prospector(USA),0000333862,サンデーサイレンス(USA)
0001098807,クリアンサス,0000375619,Redoute's Choice(AUS),0000261386,フラワーパーク,0000337424,デインヒル(USA),0000129863,ニホンピロウイナー
0001142472,クリアーザコースト,0000725485,ダイワメジャー,0001037090,ライブリーチューン(USA),0000333862,サンデーサイレンス(USA),0000336397,Dixieland Band(USA)
0000309051,クリアーベース,0000333862,サンデーサイレンス(USA),0000225212,クリアーチャンス,0000335154,Halo(USA),0000333664,デイクタス(FR)
0000737108,クリスクリングル,0000362799,フレンチデピュティ(USA),0000310387,ラバーズミス(USA),0000338072,Deputy Minister(CAN),0000335964,Seattle Slew(USA)
0000889297,クリスタルウイング,0000309184,アドマイヤベガ,0000383774,フェアリードール(USA),0000333862,サンデーサイレンス(USA),0000336085,Nureyev(USA)
0001216080,クリスタルバローズ,0001046333,ヴィクトワールピサ,0000758972,クロスバラード,0000701577,ネオユニヴァース,0000287925,タイキシャトル(USA)
0000126023,クリスタルボーイ,0000333506,クリスタルボール(USA),0000042869,テツソハタ,0000334140,Bold Ruler(USA),0000333222,テツソ(GB)
0000723828,クリスタルヴィオレ,0000362939,Skip Away(USA),0000446050,キュートネスⅡ(USA),0000339663,Skip Trial(USA),0000337550,フォーティナイナー(USA)
0000005727,クリスマス,0000000871,クリノハナ,0000000195,クリススム,0000333075,プリメロ(GB),0000333164,トキノチカラ
0000251257,クリスマスキャロル,0000132837,ローゼンガバナー,0000093832,ホクトハクセツ,0000075480,スイセイガバナー,0000333485,サラ　ドン(ITY)
0001050189,クリスマドンナ,0000700008,シンボリクリスエス(USA),0000876164,オールモストフォーエヴァー(USA),0000336209,Kris S.(USA),0000369182,キングオブキングス(IRE)
0001124299,クリソライト,0000619768,ゴールドアリュール,0000743116,クリソプレーズ,0000333862,サンデーサイレンス(USA),0000299155,エルコンドルパサー(USA)
0001102408,クリッピングエリア,0000700008,シンボリクリスエス(USA),0000286798,エアウイングス,0000336209,Kris S.(USA),0000333862,サンデーサイレンス(USA)
0000805029,クリノアドベンチャ,0000309103,ブラックタキシード,0000319329,モズソシアル,0000333862,サンデーサイレンス(USA),0000333769,パークリージエント(CAN)
0001141158,クリノイザナミ,0000742976,ディープインパクト,0000882431,クリームパフ,0000333862,サンデーサイレンス(USA),0000333844,ブライアンズタイム(USA)
0001139534,クリノカンパニー,0000728492,カンパニー,0000757303,クリノビスケット,0000298352,ミラクルアドマイヤ,0000225913,パラダイスクリーク(USA)
0001217922,クリノガウディー,0000801447,スクリーンヒーロー,0000989611,クリノビリオネア,0000299089,グラスワンダー(USA),0000340066,ディアブロ(USA)
0001046841,クリノキングビート,0000294840,キングヘイロー,0000614097,テンシノスマイル,0000336853,ダンシングブレーヴ(USA),0000274883,ダンスインザダーク
0001136185,クリノキングムーン,0000760877,アドマイヤムーン,0000612569,トシザダンサー,0000361855,エンドスウィープ(USA),0000336880,シアトルダンサーⅡ(USA)
0001203142,クリノクーニング,0001090360,オルフェーヴル,0000757303,クリノビスケット,0000286968,ステイゴールド,0000225913,パラダイスクリーク(USA)
0000890905,クリノコブオー,0000362599,ラムタラ(USA),0000620136,クリノマチルダ,0000333996,Nijinsky(CAN),0000274915,フサイチコンコルド
0001140336,クリノコマチ,0000329953,サンライズペガサス,0000801061,コパノマルコリーニ,0000333862,サンデーサイレンス(USA),0000255813,マヤノトップガン
0001173689,クリノサンスーシ,0001148419,ベーカバド(FR),0001016192,スターオブジュニパー(IRE),0000363470,Cape Cross(IRE),0000336572,Sadler's Wells(USA)
0001174728,クリノシャンボール,0000701577,ネオユニヴァース,0001093330,ゲッコウ,0000333862,サンデーサイレンス(USA),0000729458,キングカメハメハ
0001134761,クリノジュロウジン,0000611525,タニノギムレット,0000314859,タニノティアラ,0000333844,ブライアンズタイム(USA),0000333862,サンデーサイレンス(USA)
0001122457,クリノスターオー,0000316565,アドマイヤボス,0000706752,マヤノスターライト,0000333862,サンデーサイレンス(USA),0000333874,ジェイドロバリー(USA)
0000758055,クリノスペシャル,0000293624,スペシャルウィーク,0000292024,ペパーミントグラス,0000333862,サンデーサイレンス(USA),0000333887,ヘクタープロテクター(USA)
0000995446,クリノスレンダー,0000262437,タヤスツヨシ,0000700413,ポーラーフライト,0000333862,サンデーサイレンス(USA),0000361977,サンダーガルチ(USA)
0001125597,クリノタカラチャン,0000308300,アドマイヤコジーン,0000802949,バンビーナピノ,0000337423,Cozzene(USA),0000324971,マンハッタンカフェ
0001133404,クリノダイコクテン,0000722158,ハーツクライ,0000260405,メガミゲラン,0000333862,サンデーサイレンス(USA),0000171987,シエイデイハイツ(GB)
0000890919,クリノダイシス,0000275700,マルカダイシス(USA),0000620359,リャマーダ,0000336499,Diesis(GB),0000340630,ブラックタイアフェアー(IRE)
0000742928,クリノダイマオー,0000299155,エルコンドルパサー(USA),0000384142,アリーズデライト(USA),0000347989,Kingmambo(USA),0000336305,Alydar(USA)
0001042649,クリノテンペスタ,0000372825,プリサイスエンド(USA),0000287833,スイートテレーゼ(GB),0000361855,エンドスウィープ(USA),0000340528,ジェネラス(IRE)
0001124823,クリノヒマラヤオー,0000729458,キングカメハメハ,0000758055,クリノスペシャル,0000347989,Kingmambo(USA),0000293624,スペシャルウィーク
0000993141,クリノメダリスト,0000286968,ステイゴールド,0000329128,リンダトリアーノ,0000333862,サンデーサイレンス(USA),0000339534,ロドリゴデトリアーノ(USA)
0001151879,クリノヤクマン,0000621040,スクワートルスクワート(USA),0000707974,シンコペーション,0000339829,Marquetry(USA),0000262443,フジキセキ
0001188042,クリノヤマトノオー,0000325200,ジャングルポケット,0000806950,ブリュンヒルト,0000161740,トニービン(IRE),0000324933,アグネスタキオン
0001172820,クリノラホール,0000725485,ダイワメジャー,0000987076,クリノビャクダン,0000333862,サンデーサイレンス(USA),0000615577,クロフネ(USA)
0000727871,クリノワールド,0000362681,スピニングワールド(USA),0000384018,ビーバップアルー(USA),0000336085,Nureyev(USA),0000335975,Mr. Prospector(USA)
0001151565,クリプトグラム,0000729458,キングカメハメハ,0000702195,チアズメッセージ,0000347989,Kingmambo(USA),0000333862,サンデーサイレンス(USA)
0000318648,クリミナルライト,0000333890,クリミナルタイプ(USA),0000246252,クインムーンライト,0000336305,Alydar(USA),0000061253,トウシヨウボーイ
0001184463,クリンチャー,0000891931,ディープスカイ,0000324398,ザフェイツ,0000324933,アグネスタキオン,0000333844,ブライアンズタイム(USA)
0000990418,クリーバレン,0000700008,シンボリクリスエス(USA),0000297087,アズサユミ,0000336209,Kris S.(USA),0000333862,サンデーサイレンス(USA)
0001107653,クリールカイザー,0000294840,キングヘイロー,0000724373,スマイルコンテスト,0000336853,ダンシングブレーヴ(USA),0000179021,サツカーボーイ
0000886622,クリールパッション,0000369358,ワイルドラッシュ(USA),0000306883,イマジネーション,0000336574,Wild Again(USA),0000161740,トニービン(IRE)
0000806908,クリールパトラー,0000225628,サクラバクシンオー,0000398052,レートフォーブレックファスト(NZ),0000145106,サクラユタカオー,0000344316,Conquistarose(USA)
0000027861,クリーン,0000006923,シモフサホマレ,0000006844,キヨミドリ,0000333151,ハロウエー(GB),0000001197,ボストニアン
0001096873,クリーンエコロジー,0000729458,キングカメハメハ,0000986560,スパークルジュエル(USA),0000347989,Kingmambo(USA),0000361396,Unbridled's Song(USA)
0001170857,クリーンファンキー,0000287925,タイキシャトル(USA),0000763036,マヤノメメント,0000337092,Devil's Bag(USA),0000362799,フレンチデピュティ(USA)
0001156999,クルミナル,0000742976,ディープインパクト,0001039664,クルソラ(ARG),0000333862,サンデーサイレンス(USA),0000345372,Candy Stripes(USA)
0000735617,クルワザード,0000166681,タマモクロス,0000266390,タケノパンジー,0000082169,シービークロス,0000171990,イブンベイ(GB)
0000757175,クルーガー,0000365099,エリシオ(FR),0000280504,ナスノフローラ,0000337427,Fairy King(USA),0000333889,タイトスポット(USA)
0000308952,クルーピアスター,0000333862,サンデーサイレンス(USA),0000383359,クルーピアレディー(USA),0000335154,Halo(USA),0000337229,What Luck(USA)
0001094558,クレスコグランド,0000611525,タニノギムレット,0000724693,マンハッタンフィズ,0000333844,ブライアンズタイム(USA),0000333862,サンデーサイレンス(USA)
0000756867,クレスコワンダー,0000299089,グラスワンダー(USA),0000275434,ラスリングカプス(USA),0000336890,Silver Hawk(USA),0000337445,Woodman(USA)
0000800160,クレスコワールド,0000237704,ホワイトマズル(GB),0000253573,プログレスサンデー,0000336853,ダンシングブレーヴ(USA),0000333862,サンデーサイレンス(USA)
0000614472,クレッシェンドラヴ,0000201489,メジロライアン,0000208922,ミリングトン,0000098122,アンバーシヤダイ,0000069360,マルゼンスキー
0001205695,クレディブル,0000725727,スズカマンボ,0000995633,ホワイトクルーザー,0000333862,サンデーサイレンス(USA),0000615577,クロフネ(USA)
0001043011,クレバーサンデー,0000362799,フレンチデピュティ(USA),0000296453,カガミサンデー,0000338072,Deputy Minister(CAN),0000333862,サンデーサイレンス(USA)
0000988780,クレバートウショウ,0000262443,フジキセキ,0000262823,ヤマノトウショウ,0000333862,サンデーサイレンス(USA),0000061253,トウシヨウボーイ
0000801130,クレバードラゴン,0000333887,ヘクタープロテクター(USA),0000269787,グリーンアーク,0000337445,Woodman(USA),0000333697,ノーアテンシヨン(FR)
0001099030,クレバーベスト,0000372784,キングズベスト(USA),0001073565,フィオヌーラ(IRE),0000347989,Kingmambo(USA),0000263172,Singspiel(IRE)
0001124573,クレバーユニバース,0000701577,ネオユニヴァース,0000753864,メルヴェイユーズ,0000333862,サンデーサイレンス(USA),0000299155,エルコンドルパサー(USA)
0000705404,クレンデスターン,0000333894,コマンダーインチーフ(GB),0000383654,カディザデー(IRE),0000336853,ダンシングブレーヴ(USA),0000336887,Darshaan(GB)
0000002981,クロガネ,0000000205,サラ　マツミドリ,0000460589,アア　はぎ,0000333088,カブトヤマ,,
0001172189,クロコスミア,0000286968,ステイゴールド,0000886438,デヴェロッペ,0000333862,サンデーサイレンス(USA),0000365330,ボストンハーバー(USA)
0000808023,クロコレーヌ,0000369310,クロコルージュ(IRE),0000634396,フェストネ(FR),0000337286,Rainbow Quest(USA),0000341373,Balleroy(USA)
0000116547,クロスオーバー,0000333476,シーホーク(FR),0000020102,ミスシゲヨシ,0000334293,Herbager(FR),0000333268,ナスアロー(USA)
0001110811,クロスカップリング,0000725485,ダイワメジャー,0000899516,ルンバロッカ(IRE),0000333862,サンデーサイレンス(USA),0000361698,Sri Pekan(USA)
0001154891,クロスクリーガー,0000801496,アドマイヤオーラ,0000806579,ビッグクィーン,0000324933,アグネスタキオン,0000333844,ブライアンズタイム(USA)
0001122781,クロスボウ,0000619768,ゴールドアリュール,0000722740,マンティスハント,0000333862,サンデーサイレンス(USA),0000338072,Deputy Minister(CAN)
0000762745,クロタラリア,0000337848,デヒア(USA),0000611070,ブルーブロッサム(CAN),0000338072,Deputy Minister(CAN),0000340629,Unbridled(USA)
0001134750,クロニクルスカイ,0000324971,マンハッタンカフェ,0000314721,エレガントフライ,0000333862,サンデーサイレンス(USA),0000333544,ノーザンテースト(CAN)
0000626090,クロノスシチー,0000336875,Phone Trick(USA),0000435998,Tasha Lanae(USA),0000336401,Clever Trick(USA),0000340067,Air Forbes Won(USA)
0001048573,クロフォード,0000262443,フジキセキ,0000719783,ストレイトフロムテキサス(USA),0000333862,サンデーサイレンス(USA),0000361881,Judge T C(USA)
0001120040,クロフネサプライズ,0000615577,クロフネ(USA),0000324920,アイアンブリッジ,0000362799,フレンチデピュティ(USA),0000161740,トニービン(IRE)
0001128940,クロムレック,0000365210,Smart Strike(CAN),0001052145,ルシルク(USA),0000335975,Mr. Prospector(USA),0000342430,Dynaformer(USA)
0000769511,クロユリジョウ,0000283958,サニーブライアン,0000270442,プリンセスジョー,0000333844,ブライアンズタイム(USA),0000333846,キンググローリアス(USA)
0001044520,クロワラモー,0000293624,スペシャルウィーク,0000318260,メジェール,0000333862,サンデーサイレンス(USA),0000361351,タバスコキャット(USA)
0001109987,クロンヌドール,0000324933,アグネスタキオン,0000793893,ハンターズマーク(USA),0000333862,サンデーサイレンス(USA),0000362694,Titus Livius(FR)
0001094579,クワイアーソウル,0000611525,タニノギムレット,0000724929,オーディエンス,0000333844,ブライアンズタイム(USA),0000293624,スペシャルウィーク
0000701679,クワイエットデイ,0000333862,サンデーサイレンス(USA),0000384142,アリーズデライト(USA),0000335154,Halo(USA),0000336305,Alydar(USA)
0001154110,クワドループル,0000626815,コマンズ(AUS),0000762350,トリプルピルエット(USA),0000337424,デインヒル(USA),0000333862,サンデーサイレンス(USA)
0000706171,クーカイ,0000333874,ジェイドロバリー(USA),0000232982,ゴールドリュート,0000335975,Mr. Prospector(USA),0000333757,ノーリユート(FR)
0000989874,クーデグレイス,0000237704,ホワイトマズル(GB),0000286913,グレイスルーマー,0000336853,ダンシングブレーヴ(USA),0000161740,トニービン(IRE)
0001174416,クードラパン,0000725485,ダイワメジャー,0001052145,ルシルク(USA),0000333862,サンデーサイレンス(USA),0000342430,Dynaformer(USA)
0000728618,クーフーリン,0000337421,アフリート(CAN),0000287770,プリンセスターフ(USA),0000335975,Mr. Prospector(USA),0000336082,Danzig(USA)
0000006535,クーリンガー,0000333151,ハロウエー(GB),0000001595,クリツバサ,0000334876,Fairway(GB),0000333082,トシシロ
0000803200,クールシャローン,0000294840,キングヘイロー,0000299199,レディピーチ(GB),0000336853,ダンシングブレーヴ(USA),0000341961,Mujtahid(USA)
0000326110,クールジョイ,0000333749,ナグルスキー(CAN),0000189565,グランソブリン,0000333996,Nijinsky(CAN),0000050110,ロングフアスト
0001102358,クールスター,0000760831,ソングオブウインド,0000285003,クニマサガール,0000299155,エルコンドルパサー(USA),0000333618,ステイールハート(IRE)
0000799195,クールスーペリア,0000337848,デヒア(USA),0000233021,デイリープラネット,0000338072,Deputy Minister(CAN),0000333707,リアルシヤダイ(USA)
0001183757,クールファンタジー,0000714234,ロードアルティマ(USA),0000285116,シンコウエトワール,0000337444,Seeking the Gold(USA),0000161740,トニービン(IRE)
0001150369,クールホタルビ,0000762445,マツリダゴッホ,0000329238,プラセール,0000333862,サンデーサイレンス(USA),0000333887,ヘクタープロテクター(USA)
0000802602,クーヴェルチュール,0000287600,ブラックホーク(GB),0000292393,ヒカリクリスタル,0000336085,Nureyev(USA),0000333593,ラツキーソブリン(USA)
0001153071,グァンチャーレ,0000801447,スクリーンヒーロー,0000736953,チュウオーサーヤ,0000299089,グラスワンダー(USA),0000340066,ディアブロ(USA)
0000996100,グッデーコパ,0000324971,マンハッタンカフェ,0000708115,ウェディングオーク,0000333862,サンデーサイレンス(USA),0000161740,トニービン(IRE)
0000805299,グッドキララ,0000201489,メジロライアン,0000323770,コウエイブルーム,0000098122,アンバーシヤダイ,0000342675,ウォーニング(GB)
0001173776,グッドスカイ,0000286968,ステイゴールド,0001032861,プラチナチャリス(GB),0000333862,サンデーサイレンス(USA),0000714421,ロックオブジブラルタル(IRE)
0001141663,グッドスピリッツ,0000619835,デュランダル,0000896919,セメイユドゥヴォン(USA),0000333862,サンデーサイレンス(USA),0000336572,Sadler's Wells(USA)
0000115893,グッドババ,0000333401,グツドリー(FR),0000067279,アニーライト,0000333456,スノツブ(FR),0000333423,フラツシユライト(FR)
0000316733,グッドパーラライス,0000192967,カコイーシーズ(USA),0000240584,エイシンサンデー,0000336305,Alydar(USA),0000333697,ノーアテンシヨン(FR)
0000755484,グッドフロマージュ,0000333894,コマンダーインチーフ(GB),0000256174,シスタースルー,0000336853,ダンシングブレーヴ(USA),0000333768,スルーザドラゴン(USA)
0000806942,グッドラックアワー,0000324933,アグネスタキオン,0000408300,パンパードスター(USA),0000333862,サンデーサイレンス(USA),0000336839,Star de Naskra(USA)
0001124696,グッドレインボー,0000286968,ステイゴールド,0000756186,ネオカラー,0000333862,サンデーサイレンス(USA),0000615577,クロフネ(USA)
0000394755,グライディング,0000333990,Tudor Melody(GB),0000394754,Pelting(GB),0000333989,Tudor Minstrel(GB),0000334571,Vilmorin(GB)
0000615774,グラスエイコウオー,0000362799,フレンチデピュティ(USA),0000412466,Explosive Girl(USA),0000338072,Deputy Minister(CAN),0000335864,Explodent(USA)
0001156014,グラスエトワール,0000742999,ヴァーミリアン,0000897724,グラスブロード(USA),0000299155,エルコンドルパサー(USA),0000621167,Fusaichi Pegasus(USA)
0000988173,グラスキング,0000225628,サクラバクシンオー,0000247218,レゾンデートル,0000145106,サクラユタカオー,0000337433,Homebuilder(USA)
0000807957,グラスゴッド,0000325200,ジャングルポケット,0000621848,ローレルキラリン,0000161740,トニービン(IRE),0000337550,フォーティナイナー(USA)
0000709104,グラスボランチ,0000362857,Maria's Mon(USA),0000430941,Raney Raney(USA),0000337546,Wavering Monarch(USA),0000337248,It's Freezing(USA)
0000701797,グラスボンバー,0000337496,Machiavellian(USA),0000384277,ブルーラスター(IRE),0000335975,Mr. Prospector(USA),0000336085,Nureyev(USA)
0000614894,グラスポジション,0000333707,リアルシヤダイ(USA),0000270202,アンソレイユ,0000335167,Roberto(USA),0000333878,リズム(USA)
0000713886,グラスムーン,0000274915,フサイチコンコルド,0000200327,ツキノレディー,0000336202,Caerleon(USA),0000333640,ブレイヴエストローマン(USA)
0000310515,グラスワールド,0000337553,Rahy(USA),0000397715,A Chance of Storm(USA),0000335274,Blushing Groom(FR),0000337102,Storm Cat(USA)
0001094207,グラッツィア,0000729458,キングカメハメハ,0000713690,フェアリーバラード(IRE),0000347989,Kingmambo(USA),0000336572,Sadler's Wells(USA)
0000732036,グラッブユアハート,0000369525,Deputy Commander(USA),0000731671,Kelly Amber(USA),0000338072,Deputy Minister(CAN),0000336864,Highland Park(USA)
0001157274,グランアルマダ,0000725485,ダイワメジャー,0001047829,レディスキッパー,0000333862,サンデーサイレンス(USA),0000615577,クロフネ(USA)
0001220947,グランアレグリア,0000742976,ディープインパクト,0001115215,タピッツフライ(USA),0000333862,サンデーサイレンス(USA),0000849372,Tapit(USA)
0001137130,グランシェリー,0000714301,アルデバランⅡ(USA),0000703197,エポックサクラ,0000335975,Mr. Prospector(USA),0000225628,サクラバクシンオー
0001157449,グランシルク,0000286968,ステイゴールド,0001052145,ルシルク(USA),0000333862,サンデーサイレンス(USA),0000342430,Dynaformer(USA)
0001170737,グランセブルス,0000742946,カネヒキリ,0000762007,ピュアパッション,0000262443,フジキセキ,0000333844,ブライアンズタイム(USA)
0000798734,グランツーリズモ,0000262437,タヤスツヨシ,0000223741,パープルアベニュー,0000333862,サンデーサイレンス(USA),0000161734,アレミロード(USA)
0001125951,グランデアモーレ,0000701577,ネオユニヴァース,0000808308,ヒカルアモーレ,0000333862,サンデーサイレンス(USA),0000615577,クロフネ(USA)
0001201663,グランデウィーク,0000293624,スペシャルウィーク,0000702825,プロフェシーライツ,0000333862,サンデーサイレンス(USA),0000337421,アフリート(CAN)
0001094501,グランデスバル,0000737164,アドマイヤジャパン,0000724146,ミルフォードスバル,0000333862,サンデーサイレンス(USA),0000362818,ホークアタック(USA)
0001110810,グランデッツァ,0000324933,アグネスタキオン,0000899515,マルバイユ(IRE),0000333862,サンデーサイレンス(USA),0000341019,Marju(IRE)
0000735350,グランドエナジー,0000362799,フレンチデピュティ(USA),0000263080,アイズオブユー(CAN),0000338072,Deputy Minister(CAN),0000342372,ブラッシングジョン(USA)
0000708064,グランドサファイヤ,0000333872,アジュディケーティング(USA),0000261135,ホットチョコレート,0000336082,Danzig(USA),0000337311,リーチ(IRE)
0000089813,グランドシチー,0000333485,ドン(ITY),0000379102,ラダンスーズ(GB),0000333952,Grey Sovereign(GB),0000334065,Le Levanstell(GB)
0000046001,グランドシンザン,0000008661,サラ　シンザン,0000453609,グランドフラワー,0000333190,ヒンドスタン(GB),0000333227,サラ　ヴアルドアー(IRE)
0001047394,グランドチャペル,0000700008,シンボリクリスエス(USA),0000620006,チャペルコンサート,0000336209,Kris S.(USA),0000333862,サンデーサイレンス(USA)
0000724728,グランドハリケーン,0000182480,アサティス(USA),0000266173,サマーアフタヌーン,0000336769,Topsider(USA),0000333887,ヘクタープロテクター(USA)
0001204076,グランドピルエット,0001089850,ロードカナロア,0000807268,ザレマ,0000729458,キングカメハメハ,0000274883,ダンスインザダーク
0000729313,グランドブルー,0000283958,サニーブライアン,0000207979,マヤノビクトリアス,0000333844,ブライアンズタイム(USA),0000061253,トウシヨウボーイ
0001187245,グランドボヌール,0000749845,エンパイアメーカー(USA),0000759828,クインネージュ,0000340629,Unbridled(USA),0000262443,フジキセキ
0001150197,グランドポピー,0000725485,ダイワメジャー,0000326241,グランドグリーン,0000333862,サンデーサイレンス(USA),0000249114,ナリタブライアン
0001052432,グランドラッチ,0000369314,Grand Slam(USA),0000844344,Latch(USA),0000337432,Gone West(USA),0000343734,Broad Brush(USA)
0000613913,グランバザール,0000166681,タマモクロス,0000271155,マルゼンカーニバル,0000082169,シービークロス,0000069360,マルゼンスキー
0000316324,グランパドドゥ,0000262443,フジキセキ,0000233133,スターバレリーナ,0000333862,サンデーサイレンス(USA),0000337288,Risen Star(USA)
0001141914,グランフィデリオ,0000722797,ブラックタイド,0000988687,ジョウノファミリー,0000333862,サンデーサイレンス(USA),0000729458,キングカメハメハ
0000989837,グランプリエンゼル,0000321138,アグネスデジタル(USA),0000286817,アンダンテ,0000336770,Crafty Prospector(USA),0000333862,サンデーサイレンス(USA)
0000722503,グランプリオーロラ,0000342675,ウォーニング(GB),0000286817,アンダンテ,0000335911,Known Fact(USA),0000333862,サンデーサイレンス(USA)
0000701435,グランプリゴールド,0000333862,サンデーサイレンス(USA),0000225828,ニュースヴァリュー(USA),0000335154,Halo(USA),0000336450,Seattle Song(USA)
0000755931,グランプリシリウス,0000324933,アグネスタキオン,0000262264,フライングカラーズ,0000333862,サンデーサイレンス(USA),0000333874,ジェイドロバリー(USA)
0000993909,グランプリスマイル,0000333844,ブライアンズタイム(USA),0000384299,パレイシャルアフェア(USA),0000335167,Roberto(USA),0000347989,Kingmambo(USA)
0001126192,グランプリナイト,0000375505,スウェプトオーヴァーボード(USA),0000881127,アイラインローザー,0000361855,エンドスウィープ(USA),0000274914,バブルガムフェロー
0001103980,グランプリブラッド,0000742976,ディープインパクト,0000318070,シルクプリマドンナ,0000333862,サンデーサイレンス(USA),0000333844,ブライアンズタイム(USA)
0001141908,グランプリブレイド,0000719054,ヨハネスブルグ(USA),0000988570,ダイワサンルージュ,0000362819,ヘネシー(USA),0000368659,コロナドズクエスト(USA)
0000742925,グランプリペガサス,0000333862,サンデーサイレンス(USA),0000709102,ホワイトトルネード(IRE),0000335154,Halo(USA),0000342675,ウォーニング(GB)
0001090394,グランプリボス,0000225628,サクラバクシンオー,0000316553,ロージーミスト,0000145106,サクラユタカオー,0000333862,サンデーサイレンス(USA)
0000256436,グランリーオ,0000192162,ワールドスローン,0000166969,アスコツトプリマ,0000333374,フアバージ(FR),0000077996,ヤマニンスキー
0000742921,グランロワイヤル,0000333862,サンデーサイレンス(USA),0000441714,ガゼルロワイヤル(FR),0000335154,Halo(USA),0000341356,Garde Royale(IRE)
0001108086,グラーネ,0000701577,ネオユニヴァース,0000728943,ヴォークリンデ,0000333862,サンデーサイレンス(USA),0000263172,Singspiel(IRE)
0000191565,グラーフ,0000333474,アレツ(FR),0000148278,ミスランナー,0000334064,Le Fabuleux(FR),0000333647,ゴーマーチング(USA)
0001202001,グリエルマ,0001089850,ロードカナロア,0000723210,アズマサンダース,0000729458,キングカメハメハ,0000333862,サンデーサイレンス(USA)
0001139179,グリサージュ,0000615577,クロフネ(USA),0000750311,リトルブレッシング,0000362799,フレンチデピュティ(USA),0000274914,バブルガムフェロー
0001154135,グリシーヌシチー,0000722158,ハーツクライ,0000762522,シェナンドアリバー,0000333862,サンデーサイレンス(USA),0000237704,ホワイトマズル(GB)
0001047445,グリッターウイング,0000615577,クロフネ(USA),0000620175,レースウィング,0000362799,フレンチデピュティ(USA),0000274914,バブルガムフェロー
0001099140,グリフィンゲート,0000719250,Speightstown(USA),0000721288,People's Princess(USA),0000337432,Gone West(USA),0000337483,Meadowlake(USA)
0000045047,グリム,0000333342,マリーノ(FR),0000016808,メジロハクバ,0000334071,Worden(FR),0000338843,Toulouse Lautrec(ITY)
0001157319,グリュイエール,0000742976,ディープインパクト,0001049083,ウィンターコスモス,0000333862,サンデーサイレンス(USA),0000729458,キングカメハメハ
0001047404,グリューネワルト,0000293624,スペシャルウィーク,0000620034,シェーンクライト,0000333862,サンデーサイレンス(USA),0000365099,エリシオ(FR)
0000724136,グリントウィーク,0000293624,スペシャルウィーク,0000384243,グリーティングス(GB),0000333862,サンデーサイレンス(USA),0000337286,Rainbow Quest(USA)
0000634664,グリーリーランド,0000362868,Mr. Greeley(USA),0000627874,Miss Dreamland(USA),0000337432,Gone West(USA),0000336724,Naevus(USA)
0000901668,グリーンジュエリー,0000336770,Crafty Prospector(USA),0000397062,Green Eyed Kay(USA),0000335975,Mr. Prospector(USA),0000336223,Northern Jove(CAN)
0000320296,グリーンソニック,0000145106,サクラユタカオー,0000201786,ファンシーブライド,0000333299,テスコボーイ(GB),0000333544,ノーザンテースト(CAN)
0001036871,グリーンバーディー,0000626808,Catbird(AUS),0001035076,Mrs. Squillionaire(AUS),0000337424,デインヒル(USA),0000337436,ラストタイクーン(IRE)
0000287813,グリーンブリッツ,0000336202,Caerleon(USA),0000417332,Queen to Conquer(USA),0000333996,Nijinsky(CAN),0000336777,King's Bishop(USA)
0000613655,グリーンプレジャー,0000237704,ホワイトマズル(GB),0000252840,ハートオブゴールド,0000336853,ダンシングブレーヴ(USA),0000333743,テリオス(GB)
0001088300,グルヴェイグ,0000742976,ディープインパクト,0000274849,エアグルーヴ,0000333862,サンデーサイレンス(USA),0000161740,トニービン(IRE)
0001094387,グルーヴィクイーン,0000729458,キングカメハメハ,0000722894,イントゥザグルーヴ,0000347989,Kingmambo(USA),0000333862,サンデーサイレンス(USA)
0001217940,グレイシア,0000725485,ダイワメジャー,0000989874,クーデグレイス,0000333862,サンデーサイレンス(USA),0000237704,ホワイトマズル(GB)
0000754828,グレイスティアラ,0000262443,フジキセキ,0000245264,ロイヤルティアラ,0000333862,サンデーサイレンス(USA),0000333544,ノーザンテースト(CAN)
0001107743,グレイスフラワー,0000725485,ダイワメジャー,0000725263,ジャッキーテースト,0000333862,サンデーサイレンス(USA),0000358543,カーネギー(IRE)
0001118149,グレイスフルリープ,0000619768,ゴールドアリュール,0000275623,ラビットフット(USA),0000333862,サンデーサイレンス(USA),0000337444,Seeking the Gold(USA)
0001154945,グレイスフルワード,0000722158,ハーツクライ,0000807002,タニノハイクレア,0000333862,サンデーサイレンス(USA),0000615577,クロフネ(USA)
0000722529,グレイトジャーニー,0000333862,サンデーサイレンス(USA),0000430458,アンブロジン(USA),0000335154,Halo(USA),0000335975,Mr. Prospector(USA)
0001155106,グレイトチャーター,0000225628,サクラバクシンオー,0000808449,エーゲリア(USA),0000145106,サクラユタカオー,0000372708,Giant's Causeway(USA)
0001172578,グレイトパール,0000729458,キングカメハメハ,0000891281,フォーチュンワード,0000347989,Kingmambo(USA),0000337848,デヒア(USA)
0000808159,グレイトフルタイム,0000324933,アグネスタキオン,0000704080,グレイトフルデイ(USA),0000333862,サンデーサイレンス(USA),0000337444,Seeking the Gold(USA)
0001205995,グレイル,0000722158,ハーツクライ,0001032861,プラチナチャリス(GB),0000333862,サンデーサイレンス(USA),0000714421,ロックオブジブラルタル(IRE)
0001041149,グレナディーン,0000293624,スペシャルウィーク,0000247152,タックスヘイブン,0000333862,サンデーサイレンス(USA),0000336305,Alydar(USA)
0001201598,グレンガリー,0001115148,ハービンジャー(GB),0000701769,エイグレット,0000372531,Dansili(GB),0000333862,サンデーサイレンス(USA)
0001174473,グレンツェント,0000701577,ネオユニヴァース,0001081749,ボシンシェ(USA),0000333862,サンデーサイレンス(USA),0000347989,Kingmambo(USA)
0001149061,グレーターロンドン,0000742976,ディープインパクト,0000293158,ロンドンブリッジ,0000333862,サンデーサイレンス(USA),0000225905,ドクターデヴィアス(IRE)
0000761775,グレートキャンドル,0000256512,マーベラスサンデー,0000383679,オークアップル(USA),0000333862,サンデーサイレンス(USA),0000337450,Theatrical(IRE)
0000174572,グレートタイム,0000032819,タイムライン,0000075059,マスピツト,0000455785,タガミホマレ,0000455697,センジユ
0001109090,グレートチャールズ,0000324876,メジロベイリー,0000743243,メジロカール,0000333862,サンデーサイレンス(USA),0000337421,アフリート(CAN)
0000071985,グレートベースン,0000333288,サウンドトラツク(IRE),0000023867,マロツトレイゴ,0000334582,Whistler(GB),0000333262,マロツト(ITY)
0000750794,グレートボヤージュ,0000337450,Theatrical(IRE),0000434256,Dezibelle's Star(USA),0000336085,Nureyev(USA),0000750621,Prospective Star(USA)
0001088326,グレープブランデー,0000324971,マンハッタンカフェ,0000274964,ワインアンドローズ,0000333862,サンデーサイレンス(USA),0000333822,ジヤツジアンジエルーチ(USA)
0000889375,グロッケンライン,0000700008,シンボリクリスエス(USA),0000383893,ベルピアノ(USA),0000336209,Kris S.(USA),0000336225,Fappiano(USA)
0000755943,グロリアスウィーク,0000293624,スペシャルウィーク,0000262295,グロリオーサ,0000333862,サンデーサイレンス(USA),0000192969,フレンチグローリー(IRE)
0000381137,グロリアスデイズ,0000334011,Busted(GB),0000385942,Dallowgill(GB),0000334192,Crepello(GB),0000334199,Darius(GB)
0000293055,グロリアスドータ,0000192969,フレンチグローリー(IRE),0000180006,インパチエンス,0000336572,Sadler's Wells(USA),0000333426,コントライト(USA)
0000990975,グロリアスノア,0000372825,プリサイスエンド(USA),0000305603,ラヴロバリー,0000361855,エンドスウィープ(USA),0000333874,ジェイドロバリー(USA)
0001201593,グロンディオーズ,0001042049,ルーラーシップ,0000701734,シェリール,0000729458,キングカメハメハ,0000333862,サンデーサイレンス(USA)
0001186761,グローブシアター,0000729458,キングカメハメハ,0000743110,シーザリオ,0000347989,Kingmambo(USA),0000293624,スペシャルウィーク
0001049757,アイウォントユー,0000274883,ダンスインザダーク,0000743300,マッキーアイドル,0000333862,サンデーサイレンス(USA),0000339534,ロドリゴデトリアーノ(USA)
0000315700,アイディンサマー,0000262358,サマーサスピション,0000156351,アイデンノーブル,0000333862,サンデーサイレンス(USA),0000333641,サドンソー(CAN)
0000130312,アイトーン,0000333596,ボールドラツド(USA),0000050838,ニツポンライン,0000334140,Bold Ruler(USA),0000333303,ハードリドン(GB)
0000882685,アイノカゼ,0000294840,キングヘイロー,0000233935,ピアファイヤー,0000336853,ダンシングブレーヴ(USA),0000336428,Fit to Fight(USA)
0000727681,アドマイヤプリンス,0000274915,フサイチコンコルド,0000383441,パイソン(USA),0000336202,Caerleon(USA),0000336225,Fappiano(USA)
0000805241,アラハ,0000309184,アドマイヤベガ,0000321386,スターマレイン(USA),0000333862,サンデーサイレンス(USA),0000337445,Woodman(USA)
0000003740,アラビアンナイト,0000333089,ミナミホマレ,0000376528,ビワパーク,0000333075,プリメロ(GB),0000332992,プライオリーパーク(GB)
0000714215,アルタネート,0000358543,カーネギー(IRE),0000383932,マイアミガルチ(USA),0000336572,Sadler's Wells(USA),0000339836,Gulch(USA)
0000898447,アルティストロワイヤル,0000337424,デインヒル(USA),0000432593,Agathe(USA),0000336082,Danzig(USA),0000337274,Manila(USA)
0001092299,アルトゥバン,0000256512,マーベラスサンデー,0000611507,イケイケサンドリン,0000333862,サンデーサイレンス(USA),0000337550,フォーティナイナー(USA)
0000806511,アルナスライン,0000309184,アドマイヤベガ,0000383839,エラティス(USA),0000333862,サンデーサイレンス(USA),0000336924,El Gran Senor(USA)
0000619848,アンドゥオール,0000333844,ブライアンズタイム(USA),0000233133,スターバレリーナ,0000335167,Roberto(USA),0000337288,Risen Star(USA)
0001101083,アンバルブライベン,0000777071,ルールオブロー(USA),0000224099,チェリーコウマン,0000347989,Kingmambo(USA),0000333787,スプレンデイドモーメント(IRE)
0000620237,アンフィトリオン,0000274883,ダンスインザダーク,0000263083,ミナミノバレッツ(USA),0000333862,サンデーサイレンス(USA),0000341713,Easy Goer(USA)
0000800333,イイデレインジャー,0000256512,マーベラスサンデー,0000256313,ダイナドレスデン,0000333862,サンデーサイレンス(USA),0000115349,アスワン
0001228416,イキートス,0001097682,Adlerflug(GER),0001228415,Irika(GER),0000341850,In The Wings(GB),0000369587,Areion(GER)
0000995947,イコピコ,0000324971,マンハッタンカフェ,0000706173,ガンダーラプソディ,0000333862,サンデーサイレンス(USA),0000333874,ジェイドロバリー(USA)
0001142398,イスラボニータ,0000262443,フジキセキ,0001022407,イスラコジーン(USA),0000333862,サンデーサイレンス(USA),0000337423,Cozzene(USA)
0000732984,イヤダイヤダ,0000283958,サニーブライアン,0000326105,モットヒカリヲ,0000333844,ブライアンズタイム(USA),0000337421,アフリート(CAN)
0000293911,ウインリバティ,0000179791,ジングウブレーブ,0000180618,クプリシヤス,0000333299,テスコボーイ(GB),0000333614,ゼダーン(GB)
0000887541,グローリーシーズ,0000626942,ファルブラヴ(IRE),0000316595,サファイヤコースト,0000337427,Fairy King(USA),0000333862,サンデーサイレンス(USA)
0001050042,グローリーステップ,0000293624,スペシャルウィーク,0000791858,デゴッドドーター(USA),0000333862,サンデーサイレンス(USA),0000361842,De Niro(USA)
0000749670,グローリーブラッド,0000337432,Gone West(USA),0000428030,Ski Dancer(USA),0000335975,Mr. Prospector(USA),0000337244,Baldski(USA)
0000992002,グローリールピナス,0000256512,マーベラスサンデー,0000317478,グローリーゲイト,0000333862,サンデーサイレンス(USA),0000333844,ブライアンズタイム(USA)
0001208666,グローリーヴェイズ,0000742976,ディープインパクト,0001095928,メジロツボネ,0000333862,サンデーサイレンス(USA),0000375505,スウェプトオーヴァーボード(USA)
0000887995,ケイアイアストン,0000262443,フジキセキ,0000321187,ケイアイカーニバル(IRE),0000333862,サンデーサイレンス(USA),0000347625,Wolfhound(USA)
0001096483,ケイアイアルテミス,0000325200,ジャングルポケット,0000796270,ブラッシュウィズデスティニー(CAN),0000161740,トニービン(IRE),0000343734,Broad Brush(USA)
0001121074,ケイアイウィルゴー,0000287925,タイキシャトル(USA),0000611960,ケイアイギャラリー,0000337092,Devil's Bag(USA),0000342675,ウォーニング(GB)
0000724250,ケイアイウンリュー,0000166681,タマモクロス,0000269134,ケイアイバラード,0000082169,シービークロス,0000333821,リヴリア(USA)
0001109939,ケイアイエレガント,0000729458,キングカメハメハ,0000768867,ポストパレード(USA),0000347989,Kingmambo(USA),0000339653,A.P. Indy(USA)
0000722335,ケイアイガード,0000337848,デヒア(USA),0000424642,アドベンチャーオン(USA),0000338072,Deputy Minister(CAN),0000337275,Relaunch(USA)
0001336409,ケイアイガーベラ,0001142673,ビッグアーサー,0001136239,マリカ,0000225628,サクラバクシンオー,0000310467,サウスヴィグラス(USA)
0001055980,ケイアイジンジン,0000369621,Tale of the Cat(USA),0001014377,Ruby Glows(USA),0000337102,Storm Cat(USA),0000338072,Deputy Minister(CAN)
0000899903,ケイアイスイジン,0000719054,ヨハネスブルグ(USA),0000897677,ポリーズフリート(USA),0000362819,ヘネシー(USA),0000337421,アフリート(CAN)
0000994239,ケイアイダイオウ,0000287925,タイキシャトル(USA),0000445464,シャイアーズエンデ(USA),0000337092,Devil's Bag(USA),0000340508,El Prado(IRE)
0001126234,ケイアイチョウサン,0000286968,ステイゴールド,0000882793,シャドウシルエット,0000333862,サンデーサイレンス(USA),0000700008,シンボリクリスエス(USA)
0000992722,ケイアイテンジン,0000321138,アグネスデジタル(USA),0000325786,スギノセンヒメ,0000336770,Crafty Prospector(USA),0000337550,フォーティナイナー(USA)
0001046606,ケイアイデイジー,0000615577,クロフネ(USA),0000611960,ケイアイギャラリー,0000362799,フレンチデピュティ(USA),0000342675,ウォーニング(GB)
0000993465,ケイアイドウソジン,0000729458,キングカメハメハ,0000383537,ブリーダーズフライト(USA),0000347989,Kingmambo(USA),0000337418,Cutlass(USA)
0001205873,ケイアイノーテック,0000742976,ディープインパクト,0001000714,ケイアイガーベラ,0000333862,サンデーサイレンス(USA),0000879370,Smarty Jones(USA)
0000766336,ケイアイハイランド,0000369550,Old Trieste(USA),0000406835,Highland Tide(USA),0000339653,A.P. Indy(USA),0000337365,Highland Blade(USA)
0000737418,ケイアイフウジン,0000337421,アフリート(CAN),0000321187,ケイアイカーニバル(IRE),0000335975,Mr. Prospector(USA),0000347625,Wolfhound(USA)
0000760659,ケイアイフォーユー,0000365330,ボストンハーバー(USA),0000320933,ケイアイリュージン,0000336568,Capote(USA),0000336862,グルームダンサー(USA)
0000731248,ケイアイフレンチ,0000362799,フレンチデピュティ(USA),0000449286,Aube d'Or(USA),0000338072,Deputy Minister(CAN),0000337104,Medaille d'Or(CAN)
0001111127,ケイアイブリザード,0000849372,Tapit(USA),0000870700,Investagain(USA),0000337958,Pulpit(USA),0000339861,Salt Lake(USA)
0000735468,ケイアイブーケ,0000309184,アドマイヤベガ,0000298948,ケイアイポリス(USA),0000333862,サンデーサイレンス(USA),0000336085,Nureyev(USA)
0000733242,ケイアイヘネシー,0000362819,ヘネシー(USA),0000275461,ハーモニーウイン(USA),0000337102,Storm Cat(USA),0000337445,Woodman(USA)
0000986510,ケイアイマイスキー,0000373030,Aptitude(USA),0000747878,Teakabu(USA),0000339653,A.P. Indy(USA),0000337445,Woodman(USA)
0000737370,ケイアイメルヘン,0000361855,エンドスウィープ(USA),0000383537,ブリーダーズフライト(USA),0000337550,フォーティナイナー(USA),0000337418,Cutlass(USA)
0001051965,ケイアイライジン,0000714411,ケイムホーム(USA),0000768867,ポストパレード(USA),0000337432,Gone West(USA),0000339653,A.P. Indy(USA)
0000700015,ケイアイランボー,0000361247,Holy Bull(USA),0000634945,Well Supported(USA),0000337135,Great Above(USA),0000334745,Key to the Mint(USA)
0001128610,ケイアイレオーネ,0001028940,ヘニーヒューズ(USA),0000976527,モストリマーカブル(USA),0000362819,ヘネシー(USA),0000339829,Marquetry(USA)
0001122315,ケイアイヴァーゲ,0000760877,アドマイヤムーン,0000704908,イソシギ,0000361855,エンドスウィープ(USA),0000287925,タイキシャトル(USA)
0000281283,ケイエスケイト,0000333867,ミラーズメイト(GB),0000383119,セルテイツクプロミス(USA),0000334047,Mill Reef(USA),0000336421,Irish River(FR)
0000611464,ケイエスストロング,0000333886,スキャン(USA),0000382896,ヴイクトリアアール(USA),0000335975,Mr. Prospector(USA),0000336132,Vice Regent(CAN)
0000329319,ケイエスホノカ,0000337421,アフリート(CAN),0000232884,ケイエスカプリース,0000335975,Mr. Prospector(USA),0000336478,インデエアンキング(USA)
0000307426,ケイエムチェーサー,0000138397,サクラトウコウ,0000213143,フライトフェザー,0000069360,マルゼンスキー,0000333665,モガミ(FR)
0000762999,ケイコアデージョ,0000293624,スペシャルウィーク,0000626300,トランクイルデイズ(USA),0000333862,サンデーサイレンス(USA),0000341713,Easy Goer(USA)
0001089615,ケイジーシオン,0000256512,マーベラスサンデー,0000305352,コウヨウヒロイン,0000333862,サンデーサイレンス(USA),0000115064,ホリスキー
0000724277,ケイジーロマン,0000268975,エイシンサンディ,0000259657,ケイジーファスト,0000333862,サンデーサイレンス(USA),0000171990,イブンベイ(GB)
0001207694,ケイティクレバー,0001115148,ハービンジャー(GB),0001106641,モルトフェリーチェ,0000372531,Dansili(GB),0000742976,ディープインパクト
0001126945,ケイティバローズ,0000324971,マンハッタンカフェ,0001027247,ホットマンボ(USA),0000333862,サンデーサイレンス(USA),0000347989,Kingmambo(USA)
0001173259,ケイティブレイブ,0000620083,アドマイヤマックス,0000993360,ケイティローレル,0000333862,サンデーサイレンス(USA),0000243723,サクラローレル
0000801310,ケイティラブ,0000333886,スキャン(USA),0000272849,ウイニングリバー,0000335975,Mr. Prospector(USA),0000161737,ムーンマツドネス(GB)
0001091714,ケイティーズジェム,0000742976,ディープインパクト,0000383910,ケイティーズファースト(USA),0000333862,サンデーサイレンス(USA),0000336087,Kris(GB)
0001124258,ケイティープライド,0000742976,ディープインパクト,0000743042,ケイティーズギフト,0000333862,サンデーサイレンス(USA),0000362799,フレンチデピュティ(USA)
0001219585,ケイデンスコール,0001089850,ロードカナロア,0001087570,インダクティ,0000729458,キングカメハメハ,0000722158,ハーツクライ
0000271595,ケイワンバイキング,0000333845,アイシーグルーム(USA),0000383107,ロランジエリー(USA),0000335274,Blushing Groom(FR),0000337068,J.O. Tobin(USA)
0001153692,ケツァルテナンゴ,0000626923,チチカステナンゴ(FR),0000755979,ダイワオンディーヌ,0000361696,Smadoun(FR),0000615577,クロフネ(USA)
0000990171,ケニアブラック,0000325200,ジャングルポケット,0000293094,ハセノマジョラム,0000161740,トニービン(IRE),0000333887,ヘクタープロテクター(USA)
0001104611,ケビンドゥ,0000310467,サウスヴィグラス(USA),0000327273,リトルナムラ,0000361855,エンドスウィープ(USA),0000362536,Ashkalani(IRE)
0001173566,ケルフロイデ,0000729458,キングカメハメハ,0000998261,ケルアモーレ(GER),0000347989,Kingmambo(USA),0000361091,Monsun(GER)
0001141084,ケルヴィンサイド,0000626815,コマンズ(AUS),0000876530,オータムメロディー(FR),0000337424,デインヒル(USA),0000347989,Kingmambo(USA)
0001201749,ケワロス,0000725485,ダイワメジャー,0000705469,フェアリーワルツ(USA),0000333862,サンデーサイレンス(USA),0000336869,Lear Fan(USA)
0000007302,ケンシン,0000000835,ツルギサン,0000001284,クインメリー(USA),0000333089,ミナミホマレ,0000335222,Swen(USA)
0001141072,ケンタッキーミント,0000701668,ゼンノロブロイ,0000870535,ムーンライトガーデンズ(USA),0000333862,サンデーサイレンス(USA),0000361396,Unbridled's Song(USA)
0001155754,ケントオー,0000274883,ダンスインザダーク,0000889026,ポポチャン,0000333862,サンデーサイレンス(USA),0000207623,トウカイテイオー
0000989742,ケンブリッジエル,0000321274,エイシンプレストン(USA),0000284826,セイントセーラ,0000335293,Green Dancer(USA),0000336202,Caerleon(USA)
0000741644,ケンブリッジサン,0000287956,プレミアムサンダー(USA),0000290697,プレミアムローズ,0000341713,Easy Goer(USA),0000333895,ミオロベルティーノ(USA)
0001123621,ケンブリッジナイス,0000310467,サウスヴィグラス(USA),0000732775,キョウモヨロシク,0000361855,エンドスウィープ(USA),0000333874,ジェイドロバリー(USA)
0001141632,ケンブリッジベスト,0000802286,ヴィクトリー,0000891789,ケンアマツカゼ,0000333844,ブライアンズタイム(USA),0000256512,マーベラスサンデー
0000760313,ケンブリッジレーザ,0000287925,タイキシャトル(USA),0000317103,ブレスマイソウル,0000337092,Devil's Bag(USA),0000166681,タマモクロス
0001168835,ケンホファヴァルト,0000256512,マーベラスサンデー,0000714151,エイシンパンジー,0000333862,サンデーサイレンス(USA),0000161740,トニービン(IRE)
0000801548,ケンメイオウ,0000274915,フサイチコンコルド,0000275596,シンコウエンジェル(USA),0000336202,Caerleon(USA),0000337527,オジジアン(USA)
0000724235,ケージーアジュデ,0000333872,アジュディケーティング(USA),0000242213,ケージースキー,0000336082,Danzig(USA),0000171987,シエイデイハイツ(GB)
0000724238,ケージーエリシオ,0000365099,エリシオ(FR),0000275418,ケージービューティ(USA),0000337427,Fairy King(USA),0000336504,Private Account(USA)
0000733995,ケージーカチドキ,0000333894,コマンダーインチーフ(GB),0000305722,ケージートップ,0000336853,ダンシングブレーヴ(USA),0000225628,サクラバクシンオー
0000733992,ケージーツヨシ,0000255813,マヤノトップガン,0000242212,ケージークイン,0000333844,ブライアンズタイム(USA),0000333757,ノーリユート(FR)
0000326947,ケージームテキ,0000140567,シンボリルドルフ,0000242208,タニノオトメ,0000333257,パーソロン(IRE),0000088826,ニチドウタロー
0000876894,ケープオブグッドホープ,0000347623,Inchinor(GB),0000876895,Cape Merino(GB),0000336322,Ahonoora(GB),0000343986,Clantime(GB)
0000310463,ゲイリーアリエス,0000339861,Salt Lake(USA),0000397674,Once and for All(USA),0000338072,Deputy Minister(CAN),0000335345,One for All(USA)
0000299428,ゲイリーイグリット,0000337102,Storm Cat(USA),0000406759,Lite Light(USA),0000336177,Storm Bird(CAN),0000336090,Majestic Light(USA)
0000321177,ゲイリーエクシード,0000339712,Rubiano(USA),0000396097,Gaily Sheena(JPN),0000336225,Fappiano(USA),0000125443,ギヤロツプダイナ
0000299441,ゲイリーコンドル,0000337421,アフリート(CAN),0000397428,Breeze Lass(USA),0000335975,Mr. Prospector(USA),0000337248,It's Freezing(USA)
0000310464,ゲイリートマホーク,0000336437,Sunny's Halo(CAN),0000441342,Comedy Verb(USA),0000335154,Halo(USA),0000336490,Verbatim(USA)
0000634806,ゲイリーファントム,0000340653,ハウスバスター(USA),0000396097,Gaily Sheena(JPN),0000336553,Mt. Livermore(USA),0000125443,ギヤロツプダイナ
0000275550,ゲイリーフラッシュ,0000337424,デインヒル(USA),0000411758,Go Honey Go(IRE),0000336082,Danzig(USA),0000335868,General Assembly(USA)
0000797798,ゲイルスパーキー,0000225628,サクラバクシンオー,0000199184,フェイムオブラス,0000145106,サクラユタカオー,0000333719,ランズダーン(USA)
0000762682,ゲイルバニヤン,0000333844,ブライアンズタイム(USA),0000445854,バロネッセ(USA),0000335167,Roberto(USA),0000337450,Theatrical(IRE)
0000127829,ゲイルワン,0000333416,フィルモン(GB),0000071385,ルースグレース,0000334000,Never Say Die(USA),0000333412,ラナーク(GB)
0001049059,ゲシュタルト,0000324971,マンハッタンカフェ,0000728204,エンドレスウェルズ,0000333862,サンデーサイレンス(USA),0000361855,エンドスウィープ(USA)
0001173471,ゲッカコウ,0000848478,ロージズインメイ(USA),0000996076,チューベローズ,0000339820,Devil His Due(USA),0000700008,シンボリクリスエス(USA)
0000260307,ゲッタウェイ,0000105023,モンテフアスト,0000187986,フイルドキヤツプ,0000333476,シーホーク(FR),0000333452,ダンシングキヤツプ(USA)
0001089229,ゲットハッピー,0000324971,マンハッタンカフェ,0000298316,ラクシャリーラス,0000333862,サンデーサイレンス(USA),0000333544,ノーザンテースト(CAN)
0000993655,ゲットフルマークス,0000298971,マイネルラヴ(USA),0000383935,グラブ(USA),0000337444,Seeking the Gold(USA),0000336082,Danzig(USA)
0001095990,ゲティスバーグ,0000701712,リンカーン,0000753556,ベルベティーン,0000333862,サンデーサイレンス(USA),0000287925,タイキシャトル(USA)
0001375526,ゲンテン,0001171845,シルバーステート,0001326269,レディイヴァンカ(USA),0000742976,ディープインパクト,0001031113,Tiz Wonderful(USA)
0000802611,ゲンパチタキオン,0000324933,アグネスタキオン,0000292472,ブライアンマリア,0000333862,サンデーサイレンス(USA),0000333844,ブライアンズタイム(USA)
0000706208,ゲヴァルト,0000333862,サンデーサイレンス(USA),0000225105,ブルーハワイ,0000335154,Halo(USA),0000333792,スリルシヨー(USA)
0001048753,ゲームマエストロ,0000701668,ゼンノロブロイ,0000724094,ウエストローズ,0000333862,サンデーサイレンス(USA),0000362681,スピニングワールド(USA)
0000992118,コアレスアルダン,0000897689,ダージー(USA),0000318699,ガルフィンドリーム,0000337444,Seeking the Gold(USA),0000178889,メジロアルダン
0000613404,コアレスクレバー,0000342372,ブラッシングジョン(USA),0000246335,コアレスドール,0000335274,Blushing Groom(FR),0000333844,ブライアンズタイム(USA)
0001093263,コアレスドラード,0000286968,ステイゴールド,0000627389,ラスブライティア(AUS),0000333862,サンデーサイレンス(USA),0000343950,Bellotto(USA)
0000730426,コアレスパティオ,0000207623,トウカイテイオー,0000234009,ラブリーコアレス,0000140567,シンボリルドルフ,0000090138,トウシヨウイレブン
0000320218,コアレスブランカ,0000237393,サクラチトセオー,0000235870,コアレスホワイト,0000161740,トニービン(IRE),0000333737,リーフアーマツドネス(GB)
0000728136,コアレスプレジャー,0000337436,ラストタイクーン(IRE),0000219197,フェアリ,0000336129,トライマイベスト(USA),0000333785,カーホワイト(IRE)
0000799308,コアレスレーサー,0000318739,ダイタクリーヴァ,0000234651,ダイタクスペリア,0000262443,フジキセキ,0000333665,モガミ(FR)
0000760208,コイウタ,0000262443,フジキセキ,0000316274,ヴァイオレットラブ,0000333862,サンデーサイレンス(USA),0000225905,ドクターデヴィアス(IRE)
0000703344,コインオブスター,0000274883,ダンスインザダーク,0000285682,ロングディライト,0000333862,サンデーサイレンス(USA),0000333608,ミルジヨージ(USA)
0000325078,コイントス,0000333862,サンデーサイレンス(USA),0000404924,レトス(ARG),0000335154,Halo(USA),0000339684,Egg Toss(USA)
0001096923,コウエイオトメ,0000722158,ハーツクライ,0001027247,ホットマンボ(USA),0000333862,サンデーサイレンス(USA),0000347989,Kingmambo(USA)
0000053182,コウエイキング,0000333388,ボールドアンドブレーヴ(GB),0000013895,サチシユウホウ,0000334013,Ballymoss(GB),0000003749,カツラシユウホウ
0000186177,コウエイジャンボ,0000029738,ロングエース,0000098209,コウエイサクラ,0000333303,ハードリドン(GB),0000333551,クレバーフエラ(IRE)
0001139989,コウエイタケル,0000286968,ステイゴールド,0000763108,ケイアイエリザベス,0000333862,サンデーサイレンス(USA),0000362799,フレンチデピュティ(USA)
0000144155,コウエイテンマ,0000333564,ハードツービート(IRE),0000020869,ラブメア,0000333569,ハーデイカヌート(GB),0000333263,フイリユース(FR)
0000232545,コウエイトライ,0000333667,ターゴワイス(USA),0000160889,ダイナアタツク,0000345057,Round Table(USA),0000333476,シーホーク(FR)
0000993184,コウエイハート,0000274914,バブルガムフェロー,0000329458,コウエイマーベラス,0000333862,サンデーサイレンス(USA),0000337421,アフリート(CAN)
0001117312,コウエイピース,0000324971,マンハッタンカフェ,0000203180,ダンツビューティ,0000333862,サンデーサイレンス(USA),0000115064,ホリスキー
0000736695,コウエイマーブル,0000201489,メジロライアン,0000231342,イナズマビクトリア,0000098122,アンバーシヤダイ,0000082169,シービークロス
0001137133,コウエイワンマン,0000325200,ジャングルポケット,0000703291,ジョウテンセレブ,0000161740,トニービン(IRE),0000333872,アジュディケーティング(USA)
0001171979,コウキチョウサン,0000286968,ステイゴールド,0000882793,シャドウシルエット,0000333862,サンデーサイレンス(USA),0000700008,シンボリクリスエス(USA)
0000735914,コウジンアルス,0000333850,マジックマイルズ(USA),0000222643,リーディングクイン,0000335975,Mr. Prospector(USA),0000333608,ミルジヨージ(USA)
0000808251,コウセイカズコ,0000287600,ブラックホーク(GB),0000707974,シンコペーション,0000336085,Nureyev(USA),0000262443,フジキセキ
0001107579,コウセイコタロウ,0000898530,フォーティナイナーズサン(USA),0000723511,シルクグラフィック,0000365171,Distorted Humor(USA),0000333844,ブライアンズタイム(USA)
0001153414,コウソクコーナー,0000225628,サクラバクシンオー,0000749479,ストリートパレード(USA),0000145106,サクラユタカオー,0000337444,Seeking the Gold(USA)
0001188669,コウソクストレート,0001046333,ヴィクトワールピサ,0000887432,メジロアリス,0000701577,ネオユニヴァース,0000308300,アドマイヤコジーン
0000807259,コウユーキズナ,0000333901,ティンバーカントリー(USA),0000448623,アズワー(USA),0000337445,Woodman(USA),0000336082,Danzig(USA)
0000890059,コウユーココロコロ,0000368659,コロナドズクエスト(USA),0000448623,アズワー(USA),0000337550,フォーティナイナー(USA),0000336082,Danzig(USA)
0001104588,コウユーサムライ,0000339534,ロドリゴデトリアーノ(USA),0000327045,キサスキサスキサス,0000336924,El Gran Senor(USA),0000336880,シアトルダンサーⅡ(USA)
0001089361,コウユータイセイ,0000325098,タイムパラドックス,0000299346,ガールオブバンダム(IRE),0000333844,ブライアンズタイム(USA),0000336202,Caerleon(USA)
0001041802,コウユーヒーロー,0000192967,カコイーシーズ(USA),0000267721,リアルハイブローウ,0000336305,Alydar(USA),0000333707,リアルシヤダイ(USA)
0000801114,コウヨウウェーブ,0000611525,タニノギムレット,0000269456,ミナガワジュエル,0000333844,ブライアンズタイム(USA),0000333820,ストームオンザルース(CAN)
0000889575,コウヨウマリーン,0000324971,マンハッタンカフェ,0000384159,フォーティース(USA),0000333862,サンデーサイレンス(USA),0000337550,フォーティナイナー(USA)
0001087408,コウヨウレジェンド,0000266932,ロイヤルタッチ,0000241451,アサヒマーキュリー,0000333862,サンデーサイレンス(USA),0000105218,ミナガワマンナ
0000749980,コクサイトップラヴ,0000298971,マイネルラヴ(USA),0000200254,モガミタマー,0000337444,Seeking the Gold(USA),0000097933,タマトツプ
0001174315,コクスイセン,0000722797,ブラックタイド,0001049997,ピュアシンフォニー,0000333862,サンデーサイレンス(USA),0000369639,ストラヴィンスキー(USA)
0000220532,ココ,0000335864,Explodent(USA),0000383061,セクスタリー(USA),0000334378,Nearctic(CAN),0000333978,Secretariat(USA)
0001048890,ココカラ,0000365330,ボストンハーバー(USA),0000725875,ベルベットブルー,0000336568,Capote(USA),0000274914,バブルガムフェロー
0000807099,ココナッツパンチ,0000324971,マンハッタンカフェ,0000432605,ココパシオン(FR),0000333862,サンデーサイレンス(USA),0000336862,グルームダンサー(USA)
0001216081,ココフィーユ,0001089850,ロードカナロア,0000759000,ブルーミングスノー,0000729458,キングカメハメハ,0000333862,サンデーサイレンス(USA)
0000704084,ココモキング,0000347612,Cherokee Run(USA),0000700070,Dearest Dee(USA),0000339965,Runaway Groom(CAN),0000336461,Stalwart(USA)
0001109228,ココロチラリ,0000298391,エアジハード,0000750374,ライフスプリング,0000145106,サクラユタカオー,0000333887,ヘクタープロテクター(USA)
0001149606,ココロノアイ,0000286968,ステイゴールド,0000313438,ビューティソング,0000333862,サンデーサイレンス(USA),0000337424,デインヒル(USA)
0001153018,ココロノママニ,0000727032,メイショウボーラー,0000736146,マイウィル,0000287925,タイキシャトル(USA),0000262443,フジキセキ
0001093064,コスタパルメーラ,0000729458,キングカメハメハ,0000619879,シーディザーブス,0000347989,Kingmambo(USA),0000333862,サンデーサイレンス(USA)
0000737439,コスモアブソルート,0000262275,ジェニュイン,0000249465,ミラクルウィッチ,0000333862,サンデーサイレンス(USA),0000061253,トウシヨウボーイ
0001126605,コスモアンダルシア,0000620083,アドマイヤマックス,0000899499,コスモルビー(IRE),0000333862,サンデーサイレンス(USA),0000337101,ソヴィエトスター(USA)
0001103416,コスモアンドロメダ,0000848478,ロージズインメイ(USA),0000309132,ダイイチビビット,0000339820,Devil His Due(USA),0000161740,トニービン(IRE)
0001205470,コスモイグナーツ,0001052586,エイシンフラッシュ,0000992602,ナパ,0000372784,キングズベスト(USA),0000293624,スペシャルウィーク
0001206843,コスモインザハート,0000722158,ハーツクライ,0001079160,マーゼリン(IRE),0000333862,サンデーサイレンス(USA),0000337692,Barathea(IRE)
0000700248,コスモインペリアル,0000333889,タイトスポット(USA),0000243969,イエローサファイア,0000335990,His Majesty(USA),0000336203,Law Society(USA)
0001096518,コスモイーチタイム,0000325098,タイムパラドックス,0000800261,コスモエンドレス,0000333844,ブライアンズタイム(USA),0000214562,スターオブコジーン(USA)
0000186135,コスモエンペラー,0000115064,ホリスキー,0000129319,マスミツービート,0000069360,マルゼンスキー,0000333564,ハードツービート(IRE)
0001108368,コスモオオゾラ,0000848478,ロージズインメイ(USA),0000732593,マイネシャローナ,0000339820,Devil His Due(USA),0000333894,コマンダーインチーフ(GB)
0000734466,コスモオースティン,0000369768,オース(IRE),0000291956,ビューティスカット,0000337427,Fairy King(USA),0000333894,コマンダーインチーフ(GB)
0001168306,コスモカナディアン,0000848478,ロージズインメイ(USA),0000634421,カナディアンアプルーバル(USA),0000339820,Devil His Due(USA),0000337554,With Approval(CAN)
0000736450,コスモキャンディス,0000340413,シャンハイ(USA),0000201224,マツユキソウ,0000337055,Procida(USA),0000333722,ラシアンルーブル(USA)
0000728004,コスモキャンドル,0000262275,ジェニュイン,0000233937,ピアルピナス,0000333862,サンデーサイレンス(USA),0000335989,Northern Baby(CAN)
0000735465,コスモキララ,0000166681,タマモクロス,0000290889,ローズオブダイヤ,0000082169,シービークロス,0000333862,サンデーサイレンス(USA)
0000315374,コスモクロス,0000166681,タマモクロス,0000202873,コスモオラシオン,0000082169,シービークロス,0000333480,サンシー(FR)
0000890995,コスモグラマラス,0000368659,コロナドズクエスト(USA),0000626277,コンコースクイーン,0000337550,フォーティナイナー(USA),0000262443,フジキセキ
0001037192,コスモコマンダ,0000369525,Deputy Commander(USA),0001014344,Saw Her Shadow(USA),0000338072,Deputy Minister(CAN),0000336574,Wild Again(USA)
0000730985,コスモサンビーム,0000333902,ザグレブ(USA),0000383797,ロビースレインボウ(GB),0000337450,Theatrical(IRE),0000337286,Rainbow Quest(USA)
0001124624,コスモシルバード,0000375505,スウェプトオーヴァーボード(USA),0000754971,ダンスレッスン,0000361855,エンドスウィープ(USA),0000274883,ダンスインザダーク
0000852262,コスモシンドラー,0000336430,Green Desert(USA),0000716518,Anniegetyourgun(USA),0000336082,Danzig(USA),0000337432,Gone West(USA)
0001037193,コスモジャイロ,0000621973,Macho Uno(USA),0001031981,Sweeping Hours(USA),0000361247,Holy Bull(USA),0000361855,エンドスウィープ(USA)
0001173494,コスモジャーベ,0000760831,ソングオブウインド,0000996556,モルフェキイ,0000299155,エルコンドルパサー(USA),0000331316,モルフェデスペクタ(USA)
0000020382,コスモス,0000333273,アークテイツクヴエイル(IRE),0000376654,スモールカツプ,0000334104,Arctic Time(GB),0000333164,トキノチカラ
0000326283,コスモスクランブル,0000176226,サクラチヨノオー,0000382773,エンプレスエリー(USA),0000069360,マルゼンスキー,0000336223,Northern Jove(CAN)
0000729101,コスモステージ,0000166681,タマモクロス,0000292795,マイネマリエ,0000082169,シービークロス,0000147452,ミルコウジ
0001190341,コスモストレンジ,0001099904,コンデュイット(IRE),0001045133,ストレンジラブ,0000745340,Dalakhani(IRE),0000701577,ネオユニヴァース
0000728418,コスモスパングル,0000166681,タマモクロス,0000207876,ブライトシウン,0000082169,シービークロス,0000030382,タイテエム
0000738358,コスモスパーブ,0000333846,キンググローリアス(USA),0000213686,メジロセリーヌ,0000336724,Naevus(USA),0000333707,リアルシヤダイ(USA)
0001041849,コスモセンサー,0000729458,キングカメハメハ,0000269134,ケイアイバラード,0000347989,Kingmambo(USA),0000333821,リヴリア(USA)
0001089745,コスモソユーズ,0000848478,ロージズインメイ(USA),0000307396,ギンガノユメ,0000339820,Devil His Due(USA),0000140567,シンボリルドルフ
0001045375,コスモソルスティス,0000620083,アドマイヤマックス,0000328112,パールピアス,0000333862,サンデーサイレンス(USA),0000337446,サンシャインフォーエヴァー(USA)
0001095118,コスモソーンパーク,0000848478,ロージズインメイ(USA),0000730861,マイネピュール,0000339820,Devil His Due(USA),0000262275,ジェニュイン
0000722120,コスモターゲット,0000140567,シンボリルドルフ,0000229087,アイネスターキン,0000333257,パーソロン(IRE),0000333804,ビシヨツプボブ(CAN)
0000802711,コスモチーキー,0000225913,パラダイスクリーク(USA),0000293753,ホウヨウマリン,0000336421,Irish River(FR),0000161734,アレミロード(USA)
0001091181,コスモティカル,0000365159,チーフベアハート(CAN),0000326999,マーブルステラ,0000337339,Chief's Crown(USA),0000192975,ゴールデンフェザント(USA)
0000726532,コスモテナシャス,0000262437,タヤスツヨシ,0000246779,ツキノマイヒメ,0000333862,サンデーサイレンス(USA),0000134393,ワカオライデン
0001048620,コスモディエス,0000620275,マイネルセレクト,0000722366,ディーエスアレグロ,0000337550,フォーティナイナー(USA),0000256512,マーベラスサンデー
0000616377,コスモディグニティ,0000207623,トウカイテイオー,0000129482,ドージマビクトリー,0000140567,シンボリルドルフ,0000333551,クレバーフエラ(IRE)
0001142345,コスモドーム,0000620083,アドマイヤマックス,0001000743,コスモパルムドール(USA),0000333862,サンデーサイレンス(USA),0000621041,Yonaguska(USA)
0001154278,コスモナインボール,0000728098,ハイアーゲーム,0000775203,シックスポケット,0000333862,サンデーサイレンス(USA),0000372284,カリズマティック(USA)
0001050188,コスモネモシン,0000701668,ゼンノロブロイ,0000875958,デュプレ(GB),0000333862,サンデーサイレンス(USA),0000263172,Singspiel(IRE)
0001090895,コスモバタフライ,0000760831,ソングオブウインド,0000324640,ブルーレインボウ,0000299155,エルコンドルパサー(USA),0000069360,マルゼンスキー
0000722619,コスモバルク,0000333902,ザグレブ(USA),0000268513,イセノトウショウ,0000337450,Theatrical(IRE),0000061253,トウシヨウボーイ
0001111033,コスモバルバラ,0000848478,ロージズインメイ(USA),0001051641,マンバラ(FR),0000339820,Devil His Due(USA),0000341901,Linamix(FR)
0001101739,コスモパルダ,0000848478,ロージズインメイ(USA),0000262380,オトメノイノリ,0000339820,Devil His Due(USA),0000333862,サンデーサイレンス(USA)
0001045394,コスモピクシー,0000298971,マイネルラヴ(USA),0000328243,ゲイリーピクシー,0000337444,Seeking the Gold(USA),0000337553,Rahy(USA)
0001162882,コスモピーコック,0000621128,Medicean(GB),0000879798,レッドピオニー(GB),0000337496,Machiavellian(USA),0000369845,Montjeu(IRE)
0001100467,コスモファントム,0000372335,Stephen Got Even(USA),0000448774,Southern House(IRE),0000339653,A.P. Indy(USA),0000340161,Paris House(GB)
0000996825,コスモフォース,0000340556,ジョリーズヘイロー(USA),0000733418,アーミーリニア,0000335154,Halo(USA),0000333874,ジェイドロバリー(USA)
0000737585,コスモフォーチュン,0000298971,マイネルラヴ(USA),0000307625,グレースマリヤ,0000337444,Seeking the Gold(USA),0000336862,グルームダンサー(USA)
0000805239,コスモフライハイ,0000274883,ダンスインザダーク,0000321375,レディビーナス(USA),0000333862,サンデーサイレンス(USA),0000347989,Kingmambo(USA)
0001174955,コスモフレンチ,0000362799,フレンチデピュティ(USA),0001102072,プンターレ,0000338072,Deputy Minister(CAN),0000309103,ブラックタキシード
0000704916,コスモブルーノート,0000207667,ヤマニンゼファー,0000214033,セピックブルー,0000129863,ニホンピロウイナー,0000333544,ノーザンテースト(CAN)
0000759453,コスモプラチナ,0000286968,ステイゴールド,0000307625,グレースマリヤ,0000333862,サンデーサイレンス(USA),0000336862,グルームダンサー(USA)
0001172020,コスモプロテア,0000325200,ジャングルポケット,0000883694,スーパーウーマン,0000161740,トニービン(IRE),0000256512,マーベラスサンデー
0000737744,コスモプロデュース,0000263174,ペンタイア(GB),0000233385,ナイスアテンション,0000335936,Be My Guest(USA),0000333697,ノーアテンシヨン(FR)
0000617998,コスモプロフィール,0000201489,メジロライアン,0000225199,アイドルタレント,0000098122,アンバーシヤダイ,0000333770,ワツスルタツチ(USA)
0000736062,コスモプロムナード,0000298971,マイネルラヴ(USA),0000249390,エトワールパッサー,0000337444,Seeking the Gold(USA),0000076895,メイワパツサー
0001095496,コスモヘイガー,0000299089,グラスワンダー(USA),0000736244,サミーカラー,0000336890,Silver Hawk(USA),0000339572,オペラハウス(GB)
0001046601,コスモヘレノス,0000299089,グラスワンダー(USA),0000611933,スターフェスタ,0000336890,Silver Hawk(USA),0000365099,エリシオ(FR)
0001000742,コスモベル,0000339614,Formal Dinner(USA),0000971847,Blue Sword(USA),0000337277,Well Decorated(USA),0000342622,Crusader Sword(USA)
0000734662,コスモマーベラス,0000262443,フジキセキ,0000383817,ロモーラ(USA),0000333862,サンデーサイレンス(USA),0000333996,Nijinsky(CAN)
0000727616,コスモミッドウェイ,0000214562,スターオブコジーン(USA),0000304861,バルカンホース,0000337423,Cozzene(USA),0000179021,サツカーボーイ
0000759734,コスモミール,0000333887,ヘクタープロテクター(USA),0000310029,トリプルタイム,0000337445,Woodman(USA),0000333707,リアルシヤダイ(USA)
0001101991,コスモメガトロン,0000225628,サクラバクシンオー,0000273222,ダイアナチェリー,0000145106,サクラユタカオー,0000069360,マルゼンスキー
0001100838,コスモメドウ,0000372784,キングズベスト(USA),0001016184,Angel of The Gwaun(IRE),0000347989,Kingmambo(USA),0000336572,Sadler's Wells(USA)
0000761281,コスモラバンジン,0000369765,ムタファーウエク(USA),0000330156,アルバニー,0000336890,Silver Hawk(USA),0000342675,ウォーニング(GB)
0001044495,コスモラピュタ,0000848478,ロージズインメイ(USA),0000318025,ヒャッカリョウラン,0000339820,Devil His Due(USA),0000161740,トニービン(IRE)
0000613092,コスモラブシック,0000115349,アスワン,0000229087,アイネスターキン,0000333544,ノーザンテースト(CAN),0000333804,ビシヨツプボブ(CAN)
0000885475,コスモランゲル,0000214562,スターオブコジーン(USA),0000291387,マイネカンパーナ,0000337423,Cozzene(USA),0000214563,コタシャーン(FR)
0000735867,コスモラヴアゲイン,0000298971,マイネルラヴ(USA),0000297350,ボディラブ,0000337444,Seeking the Gold(USA),0000182479,キャロルハウス(IRE)
0000327940,コスモリバーサル,0000333886,スキャン(USA),0000236731,スイートモネ,0000335975,Mr. Prospector(USA),0000337311,リーチ(IRE)
0001122131,コスモリープリング,0000616466,ヤマニンセラフィム,0000702456,ローズベアダウン,0000333862,サンデーサイレンス(USA),0000333886,スキャン(USA)
0000119042,コスモルビー,0000333569,ハーデイカヌート(GB),0000018790,ピンキー,0000333303,ハードリドン(GB),0000333261,ヴイミー(FR)
0001105729,コスモルーシー,0000298971,マイネルラヴ(USA),0000613045,ジュリアクイーン,0000337444,Seeking the Gold(USA),0000343943,Acatenango(GER)
0000619099,コスモレジスタ,0000179021,サツカーボーイ,0000214089,ダービーローズ,0000333664,デイクタス(FR),0000091169,ヨシノスキー
0001047741,コスモレニ,0000701668,ゼンノロブロイ,0000701196,エキゾーストタイム,0000333862,サンデーサイレンス(USA),0000333844,ブライアンズタイム(USA)
0001095718,コスモロビン,0000701668,ゼンノロブロイ,0000742538,ティーアイディップ,0000333862,サンデーサイレンス(USA),0000333874,ジェイドロバリー(USA)
0001103443,コスモワイルド,0000369358,ワイルドラッシュ(USA),0000309315,スイートテンダイヤ,0000336574,Wild Again(USA),0000114852,バンブーアトラス
0000799977,コスモヴァシュラン,0000298971,マイネルラヴ(USA),0000248426,スノーフレーク,0000337444,Seeking the Gold(USA),0000333707,リアルシヤダイ(USA)
0000734894,コスモヴァレンチ,0000298971,マイネルラヴ(USA),0000160652,イブキローマン,0000337444,Seeking the Gold(USA),0000333640,ブレイヴエストローマン(USA)
0001162691,コズミックショア,0000364615,Elusive Quality(USA),0001028932,Mary Delaney(USA),0000337432,Gone West(USA),0000362819,ヘネシー(USA)
0001205596,コズミックフォース,0000729458,キングカメハメハ,0000994222,ミクロコスモス,0000347989,Kingmambo(USA),0000701577,ネオユニヴァース
0001095986,コットンフィールド,0000760831,ソングオブウインド,0000753389,スターライトダンス,0000299155,エルコンドルパサー(USA),0000287733,スピードワールド(USA)
0001090349,コティリオン,0000742976,ディープインパクト,0000316372,ジェミードレス,0000333862,サンデーサイレンス(USA),0000161740,トニービン(IRE)
0001120116,コディーノ,0000729458,キングカメハメハ,0000325217,ハッピーパス,0000347989,Kingmambo(USA),0000333862,サンデーサイレンス(USA)
0000155833,コトブキゴールド,0000333601,リトルリヴア(USA),0000382174,フヤシナーク,0000334257,First Landing(USA),0000333412,ラナーク(GB)
0001124281,コナブリュワーズ,0000729458,キングカメハメハ,0000743081,アンブロワーズ,0000347989,Kingmambo(USA),0000362799,フレンチデピュティ(USA)
0000701587,コネクトフォー,0000333901,ティンバーカントリー(USA),0000233155,ユメシバイ,0000337445,Woodman(USA),0000161740,トニービン(IRE)
0000274435,コバノスコッチ,0000182480,アサティス(USA),0000149039,イスズガール,0000336769,Topsider(USA),0000333611,ヴアイスリーガル(CAN)
0000807608,コパノオーシャンズ,0000324933,アグネスタキオン,0000615134,ヒガシリンクス,0000333862,サンデーサイレンス(USA),0000161740,トニービン(IRE)
0000762037,コパノカチドキ,0000333844,ブライアンズタイム(USA),0000384022,ジェミニスター(USA),0000335167,Roberto(USA),0000333996,Nijinsky(CAN)
0001184693,コパノカーニバル,0000762445,マツリダゴッホ,0000329195,アマーレ,0000333862,サンデーサイレンス(USA),0000161740,トニービン(IRE)
0000891625,コパノジングー,0000324933,アグネスタキオン,0000708115,ウェディングオーク,0000333862,サンデーサイレンス(USA),0000161740,トニービン(IRE)
0000733128,コパノスイジン,0000359332,トワイニング(USA),0000313527,ブイイオン,0000337550,フォーティナイナー(USA),0000225905,ドクターデヴィアス(IRE)
0001152385,コパノチャーリー,0000321138,アグネスデジタル(USA),0000727233,コパノニキータ,0000336770,Crafty Prospector(USA),0000333901,ティンバーカントリー(USA)
0001173532,コパノディール,0000749845,エンパイアメーカー(USA),0000997045,リスキーディール,0000340629,Unbridled(USA),0000701577,ネオユニヴァース
0001156385,コパノハート,0000739048,コパノフウジン,0000990678,コパノプレゼント,0000362819,ヘネシー(USA),0000225628,サクラバクシンオー
0000739048,コパノフウジン,0000362819,ヘネシー(USA),0000268595,ウェディングベリー,0000337102,Storm Cat(USA),0000333886,スキャン(USA)
0000991283,コパノマユチャン,0000372825,プリサイスエンド(USA),0000309050,グラヴィール,0000361855,エンドスウィープ(USA),0000161740,トニービン(IRE)
0000722154,コパノマリソル,0000274915,フサイチコンコルド,0000225802,アイリスデイズ(USA),0000336202,Caerleon(USA),0000337339,Chief's Crown(USA)
0001169335,コパノマリーン,0001046333,ヴィクトワールピサ,0000728943,ヴォークリンデ,0000701577,ネオユニヴァース,0000263172,Singspiel(IRE)
0000199449,コパノミライ,0000333699,ブライトフイニツシユ(USA),0000077315,カネエンジエル,0000333996,Nijinsky(CAN),0000333474,アレツ(FR)
0001174255,コパノリスボン,0000619768,ゴールドアリュール,0001048798,バックアタック,0000333862,サンデーサイレンス(USA),0000321138,アグネスデジタル(USA)
0001121332,コパノリチャード,0000725485,ダイワメジャー,0000615134,ヒガシリンクス,0000333862,サンデーサイレンス(USA),0000161740,トニービン(IRE)
0001123166,コパノリッキー,0000619768,ゴールドアリュール,0000727233,コパノニキータ,0000333862,サンデーサイレンス(USA),0000333901,ティンバーカントリー(USA)
0000803134,コブラボール,0000271682,ゴーカイ,0000298527,ワゴンリー,0000333822,ジヤツジアンジエルーチ(USA),0000192108,サクラホクトオー
0001190803,コマノインパルス,0000849057,バゴ(FR),0001088021,コマノアクラ,0000342649,Nashwan(USA),0000262443,フジキセキ
0001172044,コマノドリーム,0000375505,スウェプトオーヴァーボード(USA),0000884044,コマノラミア,0000361855,エンドスウィープ(USA),0000293624,スペシャルウィーク
0000735922,コマノハイ,0000293624,スペシャルウィーク,0000265989,リンデンジョオー,0000333862,サンデーサイレンス(USA),0000333707,リアルシヤダイ(USA)
0000756135,コマノルカン,0000365330,ボストンハーバー(USA),0000265989,リンデンジョオー,0000336568,Capote(USA),0000333707,リアルシヤダイ(USA)
0001188461,コマノレジーナ,0000804714,ドリームジャーニー,0000884044,コマノラミア,0000286968,ステイゴールド,0000293624,スペシャルウィーク
0001203394,コマビショウ,0000749845,エンパイアメーカー(USA),0000762383,サウンドバイト,0000340629,Unbridled(USA),0000237704,ホワイトマズル(GB)
0000804080,コマンドールクロス,0000611525,タニノギムレット,0000309134,マリーシャンタル,0000333844,ブライアンズタイム(USA),0000333862,サンデーサイレンス(USA)
0001120996,コメットシーカー,0000742976,ディープインパクト,0000452879,ガヴィオラ(USA),0000333862,サンデーサイレンス(USA),0000337423,Cozzene(USA)
0000734610,コメディアデラルテ,0000237704,ホワイトマズル(GB),0000307895,ロングオペラ,0000336853,ダンシングブレーヴ(USA),0000339572,オペラハウス(GB)
0001156188,コメート,0000722797,ブラックタイド,0000987414,ジューンブライド,0000333862,サンデーサイレンス(USA),0000337421,アフリート(CAN)
0001169903,コラッジョーゾ,0000700008,シンボリクリスエス(USA),0000737969,ハイビスカス,0000336209,Kris S.(USA),0000340653,ハウスバスター(USA)
0001185910,コリエドール,0000615577,クロフネ(USA),0000724455,レクレドール,0000362799,フレンチデピュティ(USA),0000333862,サンデーサイレンス(USA)
0000736862,コリンナ,0000255813,マヤノトップガン,0000260134,シネマライフ,0000333844,ブライアンズタイム(USA),0000069360,マルゼンスキー
0001110021,コリーヌ,0000293624,スペシャルウィーク,0000796879,エミナ(IRE),0000333862,サンデーサイレンス(USA),0000337424,デインヒル(USA)
0000013976,コルコバード,0000333222,テツソ(GB),0000005730,スズキチドリ,0000334414,Persian Gulf(GB),0000333105,グレーロード(USA)
0000016353,コルドバ,0000001609,カネリユー,0000377263,メイフラワー,0000333079,ミルトン,0000333148,ブラツクウヰング(USA)
0001090971,コルポディヴェント,0000262443,フジキセキ,0000325102,オータムブリーズ,0000333862,サンデーサイレンス(USA),0000333901,ティンバーカントリー(USA)
0000705660,コレクションボス,0000237393,サクラチトセオー,0000284215,グリュックダンク,0000161740,トニービン(IRE),0000333890,クリミナルタイプ(USA)
0001121820,コレクターアイテム,0000722158,ハーツクライ,0000627796,ネットオークション(USA),0000333862,サンデーサイレンス(USA),0000336177,Storm Bird(CAN)
0000705139,コレデイイノダ,0000274914,バブルガムフェロー,0000258666,ウェディングダイヤ,0000333862,サンデーサイレンス(USA),0000333844,ブライアンズタイム(USA)
0000884568,コロナグラフ,0000325200,ジャングルポケット,0000275170,フラワーコロネット,0000161740,トニービン(IRE),0000333874,ジェイドロバリー(USA)
0001141350,コロナプリンセス,0000619835,デュランダル,0000886475,コロナガール,0000333862,サンデーサイレンス(USA),0000368659,コロナドズクエスト(USA)
0001155943,コロマンデル,0000729458,キングカメハメハ,0000891678,マハーバリプラム,0000347989,Kingmambo(USA),0000262443,フジキセキ
0000996419,コロンバスサークル,0000237704,ホワイトマズル(GB),0000724693,マンハッタンフィズ,0000336853,ダンシングブレーヴ(USA),0000333862,サンデーサイレンス(USA)
0000724433,コンコルディア,0000262443,フジキセキ,0000247108,コンクラーベ,0000333862,サンデーサイレンス(USA),0000098122,アンバーシヤダイ
0000015577,コンコード,0000455689,アア　トシフジ,0000461938,アア　エイイチ,0000333082,サラ　トシシロ,,
0000000999,コンゴウ,0000333130,サラ　テツザン,0000456293,第二雅松,0000332990,トウルヌソル(GB),,
0000986520,コンゴウダイオー,0000372610,ファスリエフ(USA),0000920853,Bonita(GB),0000336085,Nureyev(USA),0000340159,Primo Dominie(GB)
0000852736,コンゴウリキシオー,0000369639,ストラヴィンスキー(USA),0000442818,プリンシピウム(USA),0000336085,Nureyev(USA),0000340595,ハンセル(USA)
0000309052,コンタクト,0000333874,ジェイドロバリー(USA),0000383039,コンカロ(USA),0000335975,Mr. Prospector(USA),0000334731,Caro(IRE)
0000801524,コンティネント,0000309184,アドマイヤベガ,0000275440,ビバノンノ(USA),0000333862,サンデーサイレンス(USA),0000336177,Storm Bird(CAN)
0001149751,コンテッサトゥーレ,0000742976,ディープインパクト,0000316322,エアトゥーレ,0000333862,サンデーサイレンス(USA),0000161740,トニービン(IRE)
0001225996,コンテントメント,0000621945,Hussonet(USA),0001225983,Jemison(AUS),0000335975,Mr. Prospector(USA),0000626815,コマンズ(AUS)
0001099904,コンデュイット,0000745340,Dalakhani(IRE),0000785050,Well Head(IRE),0000336887,Darshaan(GB),0000336572,Sadler's Wells(USA)
0000725715,コンドルクエスト,0000299155,エルコンドルパサー(USA),0000247114,スプリングコート,0000347989,Kingmambo(USA),0000161740,トニービン(IRE)
0000107578,コンノート,0000333507,デユール(USA),0000020573,ダイイチモリホープ,0000345057,Round Table(USA),0000333281,ハツピーオーメン(IRE)
0000887771,コンフォーコ,0000359332,トワイニング(USA),0000318870,キョウエイトルース,0000337550,フォーティナイナー(USA),0000262443,フジキセキ
0000077795,コンプリート,0000333426,コントライト(USA),0000377108,谷正,0000334000,Never Say Die(USA),0000000352,タカクラヤマ
0000620350,コンプリートアゲン,0000337428,ファーディナンド(USA),0000213163,パドルアゲン,0000333996,Nijinsky(CAN),0000333682,ハバツト(IRE)
0001124849,コンプリートゲーム,0000298971,マイネルラヴ(USA),0000758653,トピアリー,0000337444,Seeking the Gold(USA),0000361351,タバスコキャット(USA)
0000888017,コンベンション,0000324933,アグネスタキオン,0000321260,シェープアップ(USA),0000333862,サンデーサイレンス(USA),0000347989,Kingmambo(USA)
0000743014,コンラッド,0000274883,ダンスインザダーク,0000383898,ダンシングアウンティー(USA),0000333862,サンデーサイレンス(USA),0000336085,Nureyev(USA)
0001202393,コーディエライト,0000725485,ダイワメジャー,0000731691,ダークサファイア(USA),0000333862,サンデーサイレンス(USA),0000339639,Out of Place(USA)
0001106205,コーディリア,0000700008,シンボリクリスエス(USA),0000619767,コードネーム,0000336209,Kris S.(USA),0000333862,サンデーサイレンス(USA)
0001151277,コートシャルマン,0000722158,ハーツクライ,0000622073,コートアウト(USA),0000333862,サンデーサイレンス(USA),0000365210,Smart Strike(CAN)
0001000914,コートマスターピー,0000342688,Polish Precedent(USA),0000438998,Easy Option(IRE),0000336082,Danzig(USA),0000345224,Prince Sabo(GB)
0000804737,ケアレスウィスパー,0000262443,フジキセキ,0000316487,エヴリウィスパー,0000333862,サンデーサイレンス(USA),0000333544,ノーザンテースト(CAN)
0000801107,コートユーフォリア,0000365159,チーフベアハート(CAN),0000269332,サークルメモリー,0000337339,Chief's Crown(USA),0000333849,エブロス(USA)
0000308060,コーナーストーン,0000262443,フジキセキ,0000236361,キリエルデ,0000333862,サンデーサイレンス(USA),0000333593,ラツキーソブリン(USA)
0000050833,コーラルプリンセス,0000333352,プリメラ(GB),0000007822,シンキロク,0000334371,My Babu(FR),0000333214,カリム(IRE)
0001137798,コーリンベリー,0000310467,サウスヴィグラス(USA),0000724334,コーリンラヴィアン,0000361855,エンドスウィープ(USA),0000333904,ミシックトライブ(USA)
0000756748,ゴウゴウキリシマ,0000294840,キングヘイロー,0000274474,マルシンアモン,0000336853,ダンシングブレーヴ(USA),0000333861,バイアモン(USA)
0001052215,ゴスホークケン,0000372597,Bernstein(USA),0001051964,オールザウェイベイビー(USA),0000337102,Storm Cat(USA),0000369314,Grand Slam(USA)
0001123358,ゴットフリート,0000619817,ローエングリン,0000729239,マチカネエンジイロ,0000263172,Singspiel(IRE),0000333862,サンデーサイレンス(USA)
0001096813,ゴットマスタング,0000262443,フジキセキ,0000899508,インコンパス(FR),0000333862,サンデーサイレンス(USA),0000336572,Sadler's Wells(USA)
0000198604,ゴッドオブチャンス,0000333654,スポーツキー(USA),0000086805,ニツソウルーナー,0000333996,Nijinsky(CAN),0000333459,アステツク(FR)
0001172181,ゴッドカリビアン,0001148419,ベーカバド(FR),0000886336,オメガカリビアン,0000363470,Cape Cross(IRE),0000362799,フレンチデピュティ(USA)
0000612192,ゴッドバローズ,0000337446,サンシャインフォーエヴァー(USA),0000271038,ロゼット,0000335167,Roberto(USA),0000336569,ダンスオブライフ(USA)
0001122613,ゴッドフロアー,0000722158,ハーツクライ,0000713693,ウェルシュステラ(IRE),0000333862,サンデーサイレンス(USA),0000347622,Zafonic(USA)
0000988081,ゴルデンシュライン,0000274883,ダンスインザダーク,0000245452,ゴールデンジャック,0000333862,サンデーサイレンス(USA),0000337421,アフリート(CAN)
0001047476,ゴルトブリッツ,0000293624,スペシャルウィーク,0000620581,レディブロンド(USA),0000333862,サンデーサイレンス(USA),0000337444,Seeking the Gold(USA)
0001124928,ゴーインググレート,0000362799,フレンチデピュティ(USA),0000759828,クインネージュ,0000338072,Deputy Minister(CAN),0000262443,フジキセキ
0000274126,ゴーイングスズカ,0000158547,ダイナガリバー,0000201839,ダンシングスズカ,0000333544,ノーザンテースト(CAN),0000130523,ミスターシービー
0001109652,ゴーイングパワー,0000225628,サクラバクシンオー,0000759828,クインネージュ,0000145106,サクラユタカオー,0000262443,フジキセキ
0000620357,ゴーウィズウィンド,0000214566,フレイズ(USA),0000107946,アイレテスコ,0000120594,Strawberry Road(AUS),0000333299,テスコボーイ(GB)
0001047207,ゴーオンホーマン,0000362799,フレンチデピュティ(USA),0000618393,ホーマンキュート,0000338072,Deputy Minister(CAN),0000340556,ジョリーズヘイロー(USA)
0000271682,ゴーカイ,0000333822,ジヤツジアンジエルーチ(USA),0000160167,ユウミロク,0000335866,Honest Pleasure(USA),0000085885,カツラノハイセイコ
0001043551,ゴーゴーシュンスケ,0000372848,キャプテンスティーヴ(USA),0000305905,グレースポーラ,0000339929,Fly So Free(USA),0000337421,アフリート(CAN)
0001157281,ゴージャスガール,0000325200,ジャングルポケット,0001047945,オッドアイビーナス,0000161740,トニービン(IRE),0000615577,クロフネ(USA)
0001201894,ゴージャスランチ,0000324971,マンハッタンカフェ,0000714266,シーキングマイラブ(USA),0000333862,サンデーサイレンス(USA),0000337444,Seeking the Gold(USA)
0000177167,ゴーステディ,0000333640,ブレイヴエストローマン(USA),0000117310,ヒロノシユンライ,0000334001,Never Bend(USA),0000333484,イエローゴツド(GB)
0001096410,ゴーズオン,0000700008,シンボリクリスエス(USA),0000763917,キャメロンガール(USA),0000336209,Kris S.(USA),0000337554,With Approval(CAN)
0001221771,ゴータイミング,0000742976,ディープインパクト,0001157829,サラフィナ(FR),0000333862,サンデーサイレンス(USA),0000745324,Refuse to Bend(IRE)
0000762711,ゴーファイトウィン,0000361855,エンドスウィープ(USA),0000448632,ライラアラウィ(IRE),0000337550,フォーティナイナー(USA),0000337561,Mtoto(GB)
0001204946,ゴーフォザサミット,0000722158,ハーツクライ,0000897683,ラグジャリー(USA),0000333862,サンデーサイレンス(USA),0000337102,Storm Cat(USA)
0000008384,ゴーラン,0000333115,ライジングフレーム(IRE),0000001694,ツルシマ,0000334531,The Phoenix(GB),0000000208,シマタカ
0001045948,ゴールスキー,0000701577,ネオユニヴァース,0000384028,ニキーヤ(USA),0000333862,サンデーサイレンス(USA),0000336085,Nureyev(USA)
0000236457,ゴールデンアタック,0000159774,イースタンプレス,0000070296,キネウスマリア,0000019148,アローエクスプレス,0000333349,ロムルス(GB)
0000273916,ゴールデンカイザー,0000107516,リードワンダー,0000059050,スターブルー,0000019148,アローエクスプレス,0000333422,シヤトーゲイ(USA)
0000293332,ゴールデンガッツ,0000333707,リアルシヤダイ(USA),0000383350,コマーズ(CAN),0000335167,Roberto(USA),0000336082,Danzig(USA)
0000708783,ゴールデンキャスト,0000287925,タイキシャトル(USA),0000236606,リターンバンダム,0000337092,Devil's Bag(USA),0000336870,Niniski(USA)
0000024584,ゴールデングローブ,0000333293,フイダルゴ(GB),0000378448,フラグランス(GB),0000334962,Arctic Star(GB),0000333352,プリメラ(GB)
0000285624,ゴールデンシャイン,0000192975,ゴールデンフェザント(USA),0000189064,サンシヤインミカサ,0000334731,Caro(IRE),0000068657,サンシヤインボーイ
0000804876,ゴールデンダリア,0000262443,フジキセキ,0000317828,ナイストレビアン,0000333862,サンデーサイレンス(USA),0000333544,ノーザンテースト(CAN)
0000991264,ゴールデンチケット,0000729458,キングカメハメハ,0000308975,アグネスショコラ,0000347989,Kingmambo(USA),0000333862,サンデーサイレンス(USA)
0000298225,ゴールデンナンバー,0000192975,ゴールデンフェザント(USA),0000134351,クリア,0000334731,Caro(IRE),0000333628,ノーザンネイテイヴ(CAN)
0000149566,ゴールデンハインド,0000333484,イエローゴツド(GB),0000016732,フアストパレード,0000334068,Red God(USA),0000333234,モンタヴアル(FR)
0000885079,ゴールデンハッチ,0000333844,ブライアンズタイム(USA),0000284568,タガノキャンディ,0000335167,Roberto(USA),0000333887,ヘクタープロテクター(USA)
0001193371,ゴールデンバローズ,0000849372,Tapit(USA),0001100448,マザーロシア(USA),0000337958,Pulpit(USA),0000719771,Mayakovsky(USA)
0000453589,ゴールデンヒーロー,0000006085,サラ　ハクシヨウ,0000453387,クインソール,0000333190,ヒンドスタン(GB),0000000208,サラ　シマタカ
0001106388,ゴールデンポケット,0000325200,ジャングルポケット,0000625704,シータ(GB),0000161740,トニービン(IRE),0000337496,Machiavellian(USA)
0001101694,ゴールデンムーン,0000760877,アドマイヤムーン,0000261862,トップサンキスト,0000361855,エンドスウィープ(USA),0000182480,アサティス(USA)
0000704830,ゴールデンメイン,0000362599,ラムタラ(USA),0000222084,フェイヴァーワン,0000333996,Nijinsky(CAN),0000061253,トウシヨウボーイ
0001051703,ゴールデンルーヴェ,0000347989,Kingmambo(USA),0000621665,Little Firefly(IRE),0000335975,Mr. Prospector(USA),0000337424,デインヒル(USA)
0000319382,ゴールデンロドリゴ,0000339534,ロドリゴデトリアーノ(USA),0000192856,ヤマノタンポポ,0000336924,El Gran Senor(USA),0000061253,トウシヨウボーイ
0001136428,ゴールドアクター,0000801447,スクリーンヒーロー,0000616661,ヘイロンシン,0000299089,グラスワンダー(USA),0000237622,キョウワアリシバ(USA)
0000804040,ゴールドアグリ,0000611525,タニノギムレット,0000308988,タッチオブゴールド,0000333844,ブライアンズタイム(USA),0000333887,ヘクタープロテクター(USA)
0000619768,ゴールドアリュール,0000333862,サンデーサイレンス(USA),0000384028,ニキーヤ(USA),0000335154,Halo(USA),0000336085,Nureyev(USA)
0000996722,ゴールドエンデバー,0000287871,ワシントンカラー(USA),0000730263,ユシマミヅキ,0000340630,ブラックタイアフェアー(IRE),0000293624,スペシャルウィーク
0000801410,ゴールドキリシマ,0000286968,ステイゴールド,0000274474,マルシンアモン,0000333862,サンデーサイレンス(USA),0000333861,バイアモン(USA)
0001206481,ゴールドギア,0001089850,ロードカナロア,0001046866,ギンザボナンザ,0000729458,キングカメハメハ,0000701668,ゼンノロブロイ
0000458994,ゴールドクイーン,0000000882,サラ　リンボー(USA),0000457572,タツキヨ,0000334576,War Admiral(USA),0000333104,サラ　ホウシユウ
0000012945,ゴールドクラウン,0000333212,サラ　フアストロ(AUS),0000004007,ミツワ,0000334388,Nilo(GB),0000333194,サラ　トサミドリ
0001192309,ゴールドケープ,0001129430,ワークフォース(GB),0001046468,ジュエルオブナイル,0000372784,キングズベスト(USA),0000619835,デュランダル
0000118765,ゴールドサンセット,0000333495,ダストコマンダー(USA),0000051509,プロスパラス,0000335005,Bold Commander(USA),0000333352,プリメラ(GB)
0001164975,ゴールドサーベラス,0000801447,スクリーンヒーロー,0000997292,インシステント(USA),0000299089,グラスワンダー(USA),0000336499,Diesis(GB)
0001104811,ゴールドシップ,0000286968,ステイゴールド,0000329411,ポイントフラッグ,0000333862,サンデーサイレンス(USA),0000203356,メジロマックイーン
0000888938,ゴールドストレイン,0000619768,ゴールドアリュール,0000330436,サクセスストレイン,0000333862,サンデーサイレンス(USA),0000359154,ティッカネン(USA)
0000987150,ゴールドスパークル,0000286968,ステイゴールド,0000212759,ミノリスパークル,0000333862,サンデーサイレンス(USA),0000333724,プルラリズム(USA)
0000310471,ゴールドティアラ,0000337444,Seeking the Gold(USA),0000435140,Bright Tiara(USA),0000335975,Mr. Prospector(USA),0000337339,Chief's Crown(USA)
0001126089,ゴールドテーラー,0000286968,ステイゴールド,0000853093,ホットレッグス,0000333862,サンデーサイレンス(USA),0000714343,Galileo(IRE)
0000383330,ゴールドドリーム,0000335975,Mr. Prospector(USA),0000394464,Trim the Sail(USA),0000334066,Raise a Native(USA),0000334999,Graustark(USA)
0001226644,ゴールドハット,0000726914,ハットトリック,0001193138,Patti O'Rahy(USA),0000333862,サンデーサイレンス(USA),0000337553,Rahy(USA)
0000455757,ゴールドバンカー,0000455635,ニユーバラツケー,0000457568,クサブエ,0000455630,バラツケー(FR),0000455633,方景
0000700739,ゴールドピアース,0000333886,スキャン(USA),0000243394,タニノピアス,0000335975,Mr. Prospector(USA),0000333665,モガミ(FR)
0001095381,ゴールドブライアン,0000286968,ステイゴールド,0000734943,ブライアンズビット,0000333862,サンデーサイレンス(USA),0000333844,ブライアンズタイム(USA)
0000014131,ゴールドプルーフ,0000333253,サンプルーフ(FR),0000377579,ローマメイシヨウ,0000334092,Alycidon(GB),0000000808,マサムネ
0000004215,ゴールドベル,0000000358,サラ　ハイレコード,0000460410,香光,0000333161,セフト(IRE),,
0000140227,ゴールドペガサス,0000333546,オランテ(USA),0000106445,ダイワチカラ,0000334037,Bold Bidder(USA),0000333355,プリンシパルボーイ(GB)
0000224641,ゴールドマイン,0000129264,スズカコバン,0000146047,クリノクラウン,0000069360,マルゼンスキー,0000333645,ブラヴオー(USA)
0000769482,ゴールドマジンガー,0000622228,Siphon(BRZ),0000424714,Miss Applause(USA),0000362918,Itajara(BRZ),0000336225,Fappiano(USA)
0000313189,ゴールドメーカー,0000341457,ロイヤルアカデミーⅡ(USA),0000177361,クインモーニング,0000333996,Nijinsky(CAN),0000061253,トウシヨウボーイ
0000760086,ゴールドリーズン,0000274914,バブルガムフェロー,0000315262,ゴールデンスイング,0000333862,サンデーサイレンス(USA),0000337421,アフリート(CAN)
0000309138,ゴールドレジェンド,0000192975,ゴールデンフェザント(USA),0000158437,ダイナチヤイナ,0000334731,Caro(IRE),0000333544,ノーザンテースト(CAN)
0000996275,サアドウゾ,0000619768,ゴールドアリュール,0000722417,アナタゴノミ,0000333862,サンデーサイレンス(USA),0000337848,デヒア(USA)
0000991322,サイオン,0000615577,クロフネ(USA),0000309206,フサイチエアデール,0000362799,フレンチデピュティ(USA),0000333862,サンデーサイレンス(USA)
0000308962,サイキョウサンデー,0000333862,サンデーサイレンス(USA),0000190874,サワヤカプリンセス,0000335154,Halo(USA),0000333544,ノーザンテースト(CAN)
0000737405,サイキョウワールド,0000365262,パントレセレブル(USA),0000298418,サイキョウザクラ,0000336085,Nureyev(USA),0000333862,サンデーサイレンス(USA)
0001167989,サイタスリーレッド,0001050184,ダノンシャンティ,0000615782,ユメノラッキー(USA),0000262443,フジキセキ,0000339861,Salt Lake(USA)
0001071585,サイトウィナー,0000373528,Faltaat(USA),0001061976,Kinjinette(NZ),0000335975,Mr. Prospector(USA),0000340274,Kinjite(NZ)
0001089278,サイドアタック,0000293624,スペシャルウィーク,0000298501,ティークリッパー,0000333862,サンデーサイレンス(USA),0000161740,トニービン(IRE)
0000007153,サイドワインダー,0000000372,サラ　ハタカゼ,0000456332,方栄,0000333163,クモハタ,,
0001188775,サイバーエレキング,0000881793,スマートファルコン,0000888819,シスターエレキング,0000619768,ゴールドアリュール,0000321138,アグネスデジタル(USA)
0000304607,サイファ,0000130523,ミスターシービー,0000198589,ツジノミリオン,0000061253,トウシヨウボーイ,0000115349,アスワン
0000046719,サイボーグ,0000455757,ゴールドバンカー,0000458811,トキノハヤの弐,0000455635,ニユーバラツケー,0000455673,オウゴンラツシー
0001109345,サイモンガーランド,0000848478,ロージズインメイ(USA),0000753406,メアリーステラ,0000339820,Devil His Due(USA),0000298971,マイネルラヴ(USA)
0000619904,サイモンセッズ,0000274914,バブルガムフェロー,0000262264,フライングカラーズ,0000333862,サンデーサイレンス(USA),0000333874,ジェイドロバリー(USA)
0001175106,サイモンゼーレ,0000901749,キンシャサノキセキ(AUS),0001113566,ポールポジションⅡ(GB),0000262443,フジキセキ,0000365118,Pivotal(GB)
0000996098,サイモントルナーレ,0000619768,ゴールドアリュール,0000708096,ユーモレスク,0000333862,サンデーサイレンス(USA),0000337421,アフリート(CAN)
0000700597,サイモンピュアー,0000262275,ジェニュイン,0000253742,タイセイサンバレー,0000333862,サンデーサイレンス(USA),0000333817,プリンスオブバーズ(USA)
0001125506,サイモンラムセス,0000722797,ブラックタイド,0000801061,コパノマルコリーニ,0000333862,サンデーサイレンス(USA),0000255813,マヤノトップガン
0000618204,サイレンスボーイ,0000256512,マーベラスサンデー,0000257892,フジノタカコトブキ,0000333862,サンデーサイレンス(USA),0000115064,ホリスキー
0000728201,サイレントアスク,0000333862,サンデーサイレンス(USA),0000384244,フサイチエイブル(USA),0000335154,Halo(USA),0000338072,Deputy Minister(CAN)
0000424694,サイレントウィットネス,0000343054,Yukon(USA),0000424692,Next Witness,0000334002,Northern Dancer(CAN),0000334204,Delta Judge(USA)
0000702973,サイレントグリーン,0000283958,サニーブライアン,0000224765,ピンクサファイア,0000333844,ブライアンズタイム(USA),0000147048,ミホシンザン
0001103823,サイレントサタデー,0000700008,シンボリクリスエス(USA),0000316360,マニックサンデー,0000336209,Kris S.(USA),0000333862,サンデーサイレンス(USA)
0000298263,サイレントセイバー,0000333862,サンデーサイレンス(USA),0000233001,プリンセスデージー,0000335154,Halo(USA),0000333792,スリルシヨー(USA)
0001096742,サイレントソニック,0000742976,ディープインパクト,0000870535,ムーンライトガーデンズ(USA),0000333862,サンデーサイレンス(USA),0000361396,Unbridled's Song(USA)
0000701785,サイレントディール,0000333862,サンデーサイレンス(USA),0000383774,フェアリードール(USA),0000335154,Halo(USA),0000336085,Nureyev(USA)
0000755946,サイレントプライド,0000362799,フレンチデピュティ(USA),0000262303,サイレントプレアー,0000338072,Deputy Minister(CAN),0000333862,サンデーサイレンス(USA)
0001041641,サイレントメロディ,0000700008,シンボリクリスエス(USA),0000262460,サイレントハピネス,0000336209,Kris S.(USA),0000333862,サンデーサイレンス(USA)
0001155205,サウスキャロライナ,0000286968,ステイゴールド,0000853207,アシュレイリバー,0000333862,サンデーサイレンス(USA),0000362868,Mr. Greeley(USA)
0000755159,サウスティーダ,0000309184,アドマイヤベガ,0000249881,キョウエイコロナ,0000333862,サンデーサイレンス(USA),0000333788,ノーパスノーセール(IRE)
0000852056,サウスバトルマン,0000372420,Straight Man(USA),0000615606,Chilli Myers(USA),0000339631,Saint Ballado(CAN),0000336350,Affirmed(USA)
0000705989,サウスポール,0000250204,タイキブリザード(USA),0000299226,セリノデートリッヒ(USA),0000335964,Seattle Slew(USA),0000340769,Farma Way(USA)
0000310467,サウスヴィグラス,0000361855,エンドスウィープ(USA),0000397678,ダーケストスター(USA),0000337550,フォーティナイナー(USA),0000336839,Star de Naskra(USA)
0001140030,サウンズオブアース,0000701577,ネオユニヴァース,0000765623,ファーストバイオリン(USA),0000333862,サンデーサイレンス(USA),0000336397,Dixieland Band(USA)
0001124960,サウンドアドバイス,0000324933,アグネスタキオン,0000760658,ミネルバサウンド,0000333862,サンデーサイレンス(USA),0000333844,ブライアンズタイム(USA)
0001104154,サウンドオブハート,0000324933,アグネスタキオン,0000320930,シンメイミネルバ,0000333862,サンデーサイレンス(USA),0000336202,Caerleon(USA)
0001143126,サウンドガガ,0000876564,Roman Ruler(USA),0000447123,Whistle Call(USA),0000621167,Fusaichi Pegasus(USA),0000336875,Phone Trick(USA)
0001183710,サウンドテーブル,0000367860,シルバーチャーム(USA),0000278436,サンデーストーリー,0000336432,Silver Buck(USA),0000333862,サンデーサイレンス(USA)
0001119786,サウンドトゥルー,0000362799,フレンチデピュティ(USA),0000318870,キョウエイトルース,0000338072,Deputy Minister(CAN),0000262443,フジキセキ
0001088139,サウンドバスター,0000333887,ヘクタープロテクター(USA),0000269205,サインボード,0000337445,Woodman(USA),0000333862,サンデーサイレンス(USA)
0001051961,サウンドバラッド,0000263172,Singspiel(IRE),0000896724,ジョセット(IRE),0000341850,In The Wings(GB),0000337424,デインヒル(USA)
0001046374,サウンドバリアー,0000321138,アグネスデジタル(USA),0000440919,スリーピングインシアトル(USA),0000336770,Crafty Prospector(USA),0000335964,Seattle Slew(USA)
0001121495,サウンドリアーナ,0000714411,ケイムホーム(USA),0000618084,オテンバコマチ,0000337432,Gone West(USA),0000336853,ダンシングブレーヴ(USA)
0000743235,サオヒメ,0000333862,サンデーサイレンス(USA),0000225801,ハルカゼ(USA),0000335154,Halo(USA),0000336305,Alydar(USA)
0001101672,サカジロオー,0000760877,アドマイヤムーン,0000260601,レインボーファスト,0000361855,エンドスウィープ(USA),0000188424,レインボーアンバー
0001094517,サカジロロイヤル,0000849057,バゴ(FR),0000724300,ジャミーラ,0000342649,Nashwan(USA),0000333844,ブライアンズタイム(USA)
0000701739,サカラート,0000337421,アフリート(CAN),0000298313,スカーレットレディ,0000335975,Mr. Prospector(USA),0000333862,サンデーサイレンス(USA)
0001203345,サクステッド,0000905163,タートルボウル(IRE),0000761899,メガクライト,0000365089,Dyhim Diamond(IRE),0000324933,アグネスタキオン
0000722483,サクセスアルデンテ,0000299155,エルコンドルパサー(USA),0000384112,アワーミスレッグス(USA),0000347989,Kingmambo(USA),0000338072,Deputy Minister(CAN)
0000706006,サクセスウイッチ,0000333844,ブライアンズタイム(USA),0000384112,アワーミスレッグス(USA),0000335167,Roberto(USA),0000338072,Deputy Minister(CAN)
0000307068,サクセスエナジー,0000333770,ワツスルタツチ(USA),0000124604,ヒロノフエイバアド,0000334002,Northern Dancer(CAN),0000333374,フアバージ(FR)
0000330436,サクセスストレイン,0000359154,ティッカネン(USA),0000219427,キャリイアウト,0000337423,Cozzene(USA),0000333697,ノーアテンシヨン(FR)
0001110888,サクセスセレーネ,0000742976,ディープインパクト,0000984645,リアルエクスペクテイションズ(USA),0000333862,サンデーサイレンス(USA),0000339653,A.P. Indy(USA)
0000852586,サクセスドマーニ,0000339656,Belong to Me(USA),0000768867,ポストパレード(USA),0000336082,Danzig(USA),0000339653,A.P. Indy(USA)
0001087658,サクセスパシュート,0000722158,ハーツクライ,0000250195,リアフォーモサ(USA),0000333862,サンデーサイレンス(USA),0000336085,Nureyev(USA)
0000616294,サクセスビューティ,0000333862,サンデーサイレンス(USA),0000384112,アワーミスレッグス(USA),0000335154,Halo(USA),0000338072,Deputy Minister(CAN)
0000890568,サクセスブロッケン,0000700008,シンボリクリスエス(USA),0000616294,サクセスビューティ,0000336209,Kris S.(USA),0000333862,サンデーサイレンス(USA)
0000242346,サクセスムーン,0000333724,プルラリズム(USA),0000383273,オルモストピュアー(USA),0000335164,The Minstrel(CAN),0000337169,Barrera(USA)
0001184581,サクセスライン,0001043123,トーセンファントム,0000326437,トーセンエキコ,0000701577,ネオユニヴァース,0000333874,ジェイドロバリー(USA)
0000323948,サクセスリー,0000337445,Woodman(USA),0000384112,アワーミスレッグス(USA),0000335975,Mr. Prospector(USA),0000338072,Deputy Minister(CAN)
0001094548,サクラアドニス,0000702412,サクラプレジデント,0000724614,サクラウォーニング,0000333862,サンデーサイレンス(USA),0000342675,ウォーニング(GB)
0001086906,サクラアルディート,0000742976,ディープインパクト,0000202712,セダンフオーエバー,0000333862,サンデーサイレンス(USA),0000069360,マルゼンスキー
0001135492,サクラアンプルール,0000729458,キングカメハメハ,0000327755,サクラメガ,0000347989,Kingmambo(USA),0000333862,サンデーサイレンス(USA)
0000724598,サクラエキスプレス,0000237393,サクラチトセオー,0000279918,サクラジェンヌ,0000161740,トニービン(IRE),0000069360,マルゼンスキー
0001043615,サクラエルドール,0000702412,サクラプレジデント,0000306836,サクラフューチャー,0000333862,サンデーサイレンス(USA),0000145106,サクラユタカオー
0001134771,サクラエール,0000714411,ケイムホーム(USA),0000315145,サクラロマンス,0000337432,Gone West(USA),0000192108,サクラホクトオー
0000735520,サクラオリオン,0000299155,エルコンドルパサー(USA),0000275431,サクラセクレテーム(USA),0000347989,Kingmambo(USA),0000336082,Danzig(USA)
0000886614,サクラカスケード,0000324971,マンハッタンカフェ,0000306836,サクラフューチャー,0000333862,サンデーサイレンス(USA),0000145106,サクラユタカオー
0001047932,サクラクローバー,0000310467,サウスヴィグラス(USA),0000702411,サクラプリファー,0000361855,エンドスウィープ(USA),0000362599,ラムタラ(USA)
0000217980,サクラゲイル,0000145787,サクラサニーオー,0000022917,センキノー,0000333257,パーソロン(IRE),0000333260,キノー(USA)
0001089694,サクラゴスペル,0000702412,サクラプレジデント,0000306819,サクラブルース,0000333862,サンデーサイレンス(USA),0000335907,Cure the Blues(USA)
0000991071,サクラシャイニー,0000702412,サクラプレジデント,0000306836,サクラフューチャー,0000333862,サンデーサイレンス(USA),0000145106,サクラユタカオー
0000702414,サクラセンチュリー,0000243723,サクラローレル,0000203373,サクラヒラメキ,0000337286,Rainbow Quest(USA),0000333544,ノーザンテースト(CAN)
0000804196,サクラゼウス,0000225628,サクラバクシンオー,0000310338,サクラブラッサム(USA),0000145106,サクラユタカオー,0000335964,Seattle Slew(USA)
0000702417,サクラタイリン,0000225628,サクラバクシンオー,0000383755,モランボン(USA),0000145106,サクラユタカオー,0000340193,Sagace(FR)
0000329778,サクラティアラ,0000333870,フェアジャッジメント(USA),0000234167,ホリヨシノ,0000335203,Alleged(USA),0000098122,アンバーシヤダイ
0001046873,サクラテンペスト,0000702412,サクラプレジデント,0000614406,レディルナ,0000333862,サンデーサイレンス(USA),0000337550,フォーティナイナー(USA)
0001124789,サクラディソール,0000725485,ダイワメジャー,0000757698,ブリリアントクロス,0000333862,サンデーサイレンス(USA),0000299155,エルコンドルパサー(USA)
0000315146,サクラデインヒル,0000337424,デインヒル(USA),0000124327,サクラハツユキ,0000336082,Danzig(USA),0000333257,パーソロン(IRE)
0000291036,サクラナミキオー,0000333878,リズム(USA),0000202712,セダンフオーエバー,0000335975,Mr. Prospector(USA),0000069360,マルゼンスキー
0000611751,サクラハーン,0000337421,アフリート(CAN),0000275431,サクラセクレテーム(USA),0000335975,Mr. Prospector(USA),0000336082,Danzig(USA)
0001141393,サクラパリュール,0000702412,サクラプレジデント,0000887322,サクラドルチェ,0000333862,サンデーサイレンス(USA),0000287925,タイキシャトル(USA)
0000702412,サクラプレジデント,0000333862,サンデーサイレンス(USA),0000202712,セダンフオーエバー,0000335154,Halo(USA),0000069360,マルゼンスキー
0001119500,サクラプレジール,0000702412,サクラプレジデント,0000315155,サクラプレステージ,0000333862,サンデーサイレンス(USA),0000333844,ブライアンズタイム(USA)
0000723426,サクラプログレス,0000274883,ダンスインザダーク,0000176231,カーリムフエザー,0000333862,サンデーサイレンス(USA),0000069360,マルゼンスキー
0001095423,サクラベル,0000702412,サクラプレジデント,0000735532,サクラレイリ,0000333862,サンデーサイレンス(USA),0000225628,サクラバクシンオー
0000990043,サクラミモザ,0000333901,ティンバーカントリー(USA),0000291045,サクラブーケ,0000337445,Woodman(USA),0000333862,サンデーサイレンス(USA)
0000761087,サクラメガワンダー,0000299089,グラスワンダー(USA),0000327755,サクラメガ,0000336890,Silver Hawk(USA),0000333862,サンデーサイレンス(USA)
0001137826,サクラルコール,0000702412,サクラプレジデント,0000724631,サクラセレーネ,0000333862,サンデーサイレンス(USA),0000243723,サクラローレル
0000724632,サクラルーチェ,0000243723,サクラローレル,0000279919,サクラメガミ,0000337286,Rainbow Quest(USA),0000333878,リズム(USA)
0000991710,サクラルーラー,0000702412,サクラプレジデント,0000315155,サクラプレステージ,0000333862,サンデーサイレンス(USA),0000333844,ブライアンズタイム(USA)
0001103932,サクラレグナム,0000702412,サクラプレジデント,0000317478,グローリーゲイト,0000333862,サンデーサイレンス(USA),0000333844,ブライアンズタイム(USA)
0000883485,サクラロミオ,0000243723,サクラローレル,0000254831,サクラジュリエット,0000337286,Rainbow Quest(USA),0000176226,サクラチヨノオー
0000988011,サクラローズマリー,0000702412,サクラプレジデント,0000243712,サクラヒーロー,0000333862,サンデーサイレンス(USA),0000145106,サクラユタカオー
0000611754,サクラヴィクトリア,0000161740,トニービン(IRE),0000279922,サクラユスラウメ,0000336378,カンパラ(GB),0000145106,サクラユタカオー
0001185201,サクレエクスプレス,0000615577,クロフネ(USA),0000620119,ビーポジティブ,0000362799,フレンチデピュティ(USA),0000333862,サンデーサイレンス(USA)
0001173858,サクレディーヴァ,0000615577,クロフネ(USA),0001041064,ラフェクレール,0000362799,フレンチデピュティ(USA),0000293624,スペシャルウィーク
0000754886,サケダイスキ,0000339572,オペラハウス(GB),0000246173,パーティプラザ,0000336572,Sadler's Wells(USA),0000061253,トウシヨウボーイ
0000326543,サザンクロスビコー,0000347636,アーミジャー(GB),0000249511,プリンセスビコー,0000337286,Rainbow Quest(USA),0000333844,ブライアンズタイム(USA)
0000886733,サザンジェネラル,0000294840,キングヘイロー,0000308067,ドミナスジェンヌ,0000336853,ダンシングブレーヴ(USA),0000333544,ノーザンテースト(CAN)
0000704489,サザンツイスター,0000274883,ダンスインザダーク,0000278583,バトンルージュ,0000333862,サンデーサイレンス(USA),0000333887,ヘクタープロテクター(USA)
0000197210,サザンビューティー,0000115064,ホリスキー,0000078108,カネツエミリー,0000069360,マルゼンスキー,0000333270,セダン(FR)
0000611923,サスガ,0000333862,サンデーサイレンス(USA),0000237676,ダボナアンビション(USA),0000335154,Halo(USA),0000335964,Seattle Slew(USA)
0000884998,サダムイダテン,0000337550,フォーティナイナー(USA),0000283355,ウメノダンサー,0000335975,Mr. Prospector(USA),0000145106,サクラユタカオー
0000994546,サダムテンジン,0000310467,サウスヴィグラス(USA),0000612888,ロニーサンライズ,0000361855,エンドスウィープ(USA),0000340630,ブラックタイアフェアー(IRE)
0001093089,サダムパテック,0000262443,フジキセキ,0000619977,サマーナイトシティ,0000333862,サンデーサイレンス(USA),0000365099,エリシオ(FR)
0000611678,サダムブルースカイ,0000337436,ラストタイクーン(IRE),0000243960,セレクトレモン,0000336129,トライマイベスト(USA),0000333724,プルラリズム(USA)
0001154912,サダムブルーハワイ,0001115148,ハービンジャー(GB),0000806779,ショウナンタレント,0000372531,Dansili(GB),0000324933,アグネスタキオン
0000707544,サチノグローリ,0000213000,カリスタグローリ,0000244367,カリスタオパール,0000333640,ブレイヴエストローマン(USA),0000068657,サンシヤインボーイ
0000853178,サチノスイーティー,0000213000,カリスタグローリ,0000317692,ペルファヴォーレ,0000333640,ブレイヴエストローマン(USA),0000337421,アフリート(CAN)
0000613914,サテライトウィナー,0000359154,ティッカネン(USA),0000242767,イーアールウィナー,0000337423,Cozzene(USA),0000333830,アウザール(USA)
0000220981,サテライトエース,0000085657,クラノテンコウ,0000133841,メインステルス,0000333299,テスコボーイ(GB),0000333602,オフイスダンサー(USA)
0000999259,サデックス,0000336572,Sadler's Wells(USA),0000626253,Remote Romance(USA),0000334002,Northern Dancer(CAN),0000336421,Irish River(FR)
0001156930,サトノアッシュ,0000729458,キングカメハメハ,0001031122,ディナーブレイク(USA),0000347989,Kingmambo(USA),0000369621,Tale of the Cat(USA)
0001092166,サトノアポロ,0000700008,シンボリクリスエス(USA),0000444507,ミスベルベール(FR),0000336209,Kris S.(USA),0000337417,Bering(GB)
0001137571,サトノアラジン,0000742976,ディープインパクト,0000719406,マジックストーム(USA),0000333862,サンデーサイレンス(USA),0000337102,Storm Cat(USA)
0001189719,サトノアリシア,0001115148,ハービンジャー(GB),0000995213,ラルーチェ,0000372531,Dansili(GB),0000615577,クロフネ(USA)
0001189935,サトノアレス,0000742976,ディープインパクト,0001000909,サトノアマゾネス(IRE),0000333862,サンデーサイレンス(USA),0000337424,デインヒル(USA)
0001192768,サトノアーサー,0000742976,ディープインパクト,0001115451,キングスローズ(NZ),0000333862,サンデーサイレンス(USA),0000375619,Redoute's Choice(AUS)
0000989844,サトノエクスプレス,0000262443,フジキセキ,0000286837,レディータイクーン,0000333862,サンデーサイレンス(USA),0000333890,クリミナルタイプ(USA)
0001168918,サトノエトワール,0000729458,キングカメハメハ,0000722336,マドモアゼルドパリ,0000347989,Kingmambo(USA),0000333862,サンデーサイレンス(USA)
0000994296,サトノエンペラー,0000700008,シンボリクリスエス(USA),0000449318,スーア(IRE),0000336209,Kris S.(USA),0000337427,Fairy King(USA)
0000054525,サトノオー,0000455720,テツカントウ,0000462958,キヨウエイヒメ,0000003446,セイユウ,,
0001207400,サトノガーネット,0000742976,ディープインパクト,0001097657,ビートリックスキッド(FR),0000333862,サンデーサイレンス(USA),0000369280,Victory Note(USA)
0001120823,サトノキングリー,0000725485,ダイワメジャー,0000434134,ファンジカ(IRE),0000333862,サンデーサイレンス(USA),0000336203,Law Society(USA)
0001103395,サトノギャラント,0000700008,シンボリクリスエス(USA),0000309040,スティンガー,0000336209,Kris S.(USA),0000333862,サンデーサイレンス(USA)
0001162905,サトノクラウン,0000341019,Marju(IRE),0001144190,ジョコンダⅡ(IRE),0000337436,ラストタイクーン(IRE),0000372694,Rossini(USA)
0001191588,サトノクロニクル,0000722158,ハーツクライ,0001129824,トゥーピー(GB),0000333862,サンデーサイレンス(USA),0000369531,Intikhab(USA)
0001168875,サトノケンシロウ,0000742976,ディープインパクト,0000719406,マジックストーム(USA),0000333862,サンデーサイレンス(USA),0000337102,Storm Cat(USA)
0001000910,サトノコクオー,0000369845,Montjeu(IRE),0001000703,Night After Night(GB),0000336572,Sadler's Wells(USA),0000337551,Night Shift(USA)
0001098885,サトノサミット,0000721553,Medaglia d'Oro(USA),0001001997,シルヴァーグレイル(CAN),0000340508,El Prado(IRE),0000367860,シルバーチャーム(USA)
0001086779,サトノサンダー,0000879370,Smarty Jones(USA),0000410445,Line of Thunder(USA),0000364615,Elusive Quality(USA),0000336177,Storm Bird(CAN)
0001092480,サトノシュレン,0000286968,ステイゴールド,0000612874,レッドダイヤモンド,0000333862,サンデーサイレンス(USA),0000333898,エルハーブ(USA)
0001106690,サトノジュピター,0000324933,アグネスタキオン,0000701777,アドマイヤテレサ,0000333862,サンデーサイレンス(USA),0000365099,エリシオ(FR)
0001113135,サトノジョリー,0000999168,Bernardini(USA),0000898476,ハニーローズ(ARG),0000339653,A.P. Indy(USA),0000342417,Lode(USA)
0001142260,サトノスティング,0000262443,フジキセキ,0000997231,ジェットスパークル,0000333862,サンデーサイレンス(USA),0000700008,シンボリクリスエス(USA)
0000901710,サトノスローン,0000337445,Woodman(USA),0000432305,Zarani Sidi Anna(USA),0000335975,Mr. Prospector(USA),0000336082,Danzig(USA)
0001204223,サトノソルタス,0000742976,ディープインパクト,0000852618,アイランドファッション(USA),0000333862,サンデーサイレンス(USA),0000362890,Petionville(USA)
0000238306,サトノタイガー,0000131767,タイガートウザイ,0000112357,タイムライト,0000032673,スカレー,0000032819,タイムライン
0001175221,サトノダイヤモンド,0000742976,ディープインパクト,0001144170,マルペンサ(ARG),0000333862,サンデーサイレンス(USA),0000369736,Orpen(USA)
0001043792,サトノディライト,0000369639,ストラヴィンスキー(USA),0000309027,ボーンスター,0000336085,Nureyev(USA),0000333862,サンデーサイレンス(USA)
0001123227,サトノデプロマット,0000333844,ブライアンズタイム(USA),0000727924,ピサノバーキン,0000335167,Roberto(USA),0000333862,サンデーサイレンス(USA)
0001123271,サトノネプチューン,0000700008,シンボリクリスエス(USA),0000728217,アンナヴァン,0000336209,Kris S.(USA),0000361855,エンドスウィープ(USA)
0001119611,サトノノブレス,0000742976,ディープインパクト,0000316409,クライウィズジョイ,0000333862,サンデーサイレンス(USA),0000161740,トニービン(IRE)
0000891876,サトノハピネス,0000324933,アグネスタキオン,0000731693,ロジカルクィーン(USA),0000333862,サンデーサイレンス(USA),0000338072,Deputy Minister(CAN)
0001095483,サトノパンサー,0000729458,キングカメハメハ,0000736136,ピサノベネチアン,0000347989,Kingmambo(USA),0000333862,サンデーサイレンス(USA)
0001123022,サトノフェアリー,0000742976,ディープインパクト,0000725263,ジャッキーテースト,0000333862,サンデーサイレンス(USA),0000358543,カーネギー(IRE)
0001206856,サトノフェイバー,0000701668,ゼンノロブロイ,0001084054,ヴィヴァシャスヴィヴィアン(USA),0000333862,サンデーサイレンス(USA),0000365171,Distorted Humor(USA)
0001142352,サトノフェラーリ,0000742976,ディープインパクト,0001000909,サトノアマゾネス(IRE),0000333862,サンデーサイレンス(USA),0000337424,デインヒル(USA)
0001089906,サトノフォワード,0000701577,ネオユニヴァース,0000309189,アドマイヤライト,0000333862,サンデーサイレンス(USA),0000336209,Kris S.(USA)
0001154103,サトノフラム,0000324971,マンハッタンカフェ,0000762299,タイキマドレーヌ,0000333862,サンデーサイレンス(USA),0000333844,ブライアンズタイム(USA)
0001153015,サトノフラリッシュ,0000749845,エンパイアメーカー(USA),0000736136,ピサノベネチアン,0000340629,Unbridled(USA),0000333862,サンデーサイレンス(USA)
0001092261,サトノフローラ,0000324933,アグネスタキオン,0000452729,リアリーハッピー(USA),0000333862,サンデーサイレンス(USA),0000341664,Avenue of Flags(USA)
0001103811,サトノプライマシー,0000701577,ネオユニヴァース,0000316317,エアピース,0000333862,サンデーサイレンス(USA),0000333901,ティンバーカントリー(USA)
0001144175,サトノプリンシパル,0000999168,Bernardini(USA),0000622082,Toroca(USA),0000339653,A.P. Indy(USA),0000336085,Nureyev(USA)
0000885802,サトノプログレス,0000287925,タイキシャトル(USA),0000296056,トウヨウロイヤル,0000337092,Devil's Bag(USA),0000341457,ロイヤルアカデミーⅡ(USA)
0001095129,サトノペガサス,0000742976,ディープインパクト,0000730965,クラシックローズ,0000333862,サンデーサイレンス(USA),0000333894,コマンダーインチーフ(GB)
0001191560,サトノマックス,0000742976,ディープインパクト,0001127296,ラシャルマンテ(ARG),0000333862,サンデーサイレンス(USA),0000622004,Indygo Shiner(USA)
0001157744,サトノラーゼン,0000742976,ディープインパクト,0001129824,トゥーピー(GB),0000333862,サンデーサイレンス(USA),0000369531,Intikhab(USA)
0001192522,サトノリュウガ,0001115148,ハービンジャー(GB),0001096087,サトノユリア,0000372531,Dansili(GB),0000742976,ディープインパクト
0001135666,サトノルパン,0000742976,ディープインパクト,0000330325,エリモピクシー,0000333862,サンデーサイレンス(USA),0000336853,ダンシングブレーヴ(USA)
0001142677,サトノロブロイ,0000701668,ゼンノロブロイ,0001084054,ヴィヴァシャスヴィヴィアン(USA),0000333862,サンデーサイレンス(USA),0000365171,Distorted Humor(USA)
0000991080,サトノロマネ,0000615577,クロフネ(USA),0000306885,マサコチャン,0000362799,フレンチデピュティ(USA),0000333862,サンデーサイレンス(USA)
0001208461,サトノワルキューレ,0000742976,ディープインパクト,0001192999,ヒアトゥウィン(BRZ),0000333862,サンデーサイレンス(USA),0000343040,Roi Normand(USA)
0001110505,サドンストーム,0000620927,ストーミングホーム(GB),0000846033,ビールジャント(GB),0000337496,Machiavellian(USA),0000336430,Green Desert(USA)
0001109032,サナシオン,0000700008,シンボリクリスエス(USA),0000743043,ジェダイト,0000336209,Kris S.(USA),0000333862,サンデーサイレンス(USA)
0000617048,サニングデール,0000342675,ウォーニング(GB),0000383654,カディザデー(IRE),0000335911,Known Fact(USA),0000336887,Darshaan(GB)
0000995478,サニーサンデー,0000256512,マーベラスサンデー,0000700780,サニークラッシック,0000333862,サンデーサイレンス(USA),0000161740,トニービン(IRE)
0000734163,サニーネイティブ,0000337421,アフリート(CAN),0000208841,サニースイフト,0000335975,Mr. Prospector(USA),0000333677,スイフトスワロー(USA)
0001140633,サノイチ,0000310467,サウスヴィグラス(USA),0000805751,エトレーヌ,0000361855,エンドスウィープ(USA),0000333844,ブライアンズタイム(USA)
0001152711,サフィロス,0000901749,キンシャサノキセキ(AUS),0000731691,ダークサファイア(USA),0000262443,フジキセキ,0000339639,Out of Place(USA)
0001088683,サフランディライト,0000615577,クロフネ(USA),0000285667,ヨドノサフラン,0000362799,フレンチデピュティ(USA),0000130523,ミスターシービー
0001168785,サフランハート,0000801496,アドマイヤオーラ,0000708288,サフランカーネギー,0000324933,アグネスタキオン,0000358543,カーネギー(IRE)
0000613438,サフランブリザード,0000250204,タイキブリザード(USA),0000285667,ヨドノサフラン,0000335964,Seattle Slew(USA),0000130523,ミスターシービー
0000886052,サブジェクト,0000262443,フジキセキ,0000298997,アランセラ(USA),0000333862,サンデーサイレンス(USA),0000336397,Dixieland Band(USA)
0000798366,サプライズユー,0000293624,スペシャルウィーク,0000213898,スケアヘッドライン,0000333862,サンデーサイレンス(USA),0000333758,パドスール(GB)
0001175182,サプルマインド,0000742976,ディープインパクト,0001131733,シリアスアティテュード(IRE),0000333862,サンデーサイレンス(USA),0000337561,Mtoto(GB)
0001113554,サプレザ,0000369897,Sahm(USA),0001013376,Sorpresa(USA),0000335975,Mr. Prospector(USA),0000339742,Pleasant Tap(USA)
0000319845,サプレマシー,0000207667,ヤマニンゼファー,0000260965,キャロルレディー,0000129863,ニホンピロウイナー,0000182479,キャロルハウス(IRE)
0001128611,サマリーズ,0001051344,ハードスパン(USA),0001017143,ミスアドーラブル(USA),0000336082,Danzig(USA),0000335975,Mr. Prospector(USA)
0000125837,サマーウインド,0000333528,ダービーメルド(GB),0000041686,ダイヤモンドヘツド,0000333485,ドン(ITY),0000333360,ダンスール(FR)
0000884155,サマーエタニティ,0000308300,アドマイヤコジーン,0000267788,オールフォーゲラン,0000337423,Cozzene(USA),0000333874,ジェイドロバリー(USA)
0000703179,サマーオブキングス,0000369182,キングオブキングス(IRE),0000384259,ゴートゥグローリー(USA),0000336572,Sadler's Wells(USA),0000340714,Summer Squall(USA)
0000884969,サマーファインデイ,0000321138,アグネスデジタル(USA),0000282685,メグミアリダー,0000336770,Crafty Prospector(USA),0000192967,カコイーシーズ(USA)
0001101609,サマールナ,0000760877,アドマイヤムーン,0000256672,パシアン,0000361855,エンドスウィープ(USA),0000145106,サクラユタカオー
0001094217,サミットストーン,0000848478,ロージズインメイ(USA),0000713928,タイキアプローズ(USA),0000339820,Devil His Due(USA),0000337092,Devil's Bag(USA)
0000745298,サミットヴィル,0000337862,Grand Lodge(USA),0000745299,Tina Heights(GB),0000337339,Chief's Crown(USA),0000335305,Shirley Heights(GB)
0000702917,サミーミラクル,0000337421,アフリート(CAN),0000230896,ルシールシーダー,0000335975,Mr. Prospector(USA),0000337265,クリスタルグリツターズ(USA)
0001143332,サムザップ,0000250172,シンコウキング(IRE),0001143331,Regelle(NZ),0000337427,Fairy King(USA),0000342310,Exploding Prospect(USA)
0001215391,サムシングジャスト,0001046333,ヴィクトワールピサ,0000733121,ツルマルオトメ,0000701577,ネオユニヴァース,0000287925,タイキシャトル(USA)
0001122817,サムソンズプライド,0000760084,メイショウサムソン,0000723136,フェザーレイ,0000339572,オペラハウス(GB),0000299155,エルコンドルパサー(USA)
0000325276,サムソンハッピー,0000333862,サンデーサイレンス(USA),0000384041,ロッタレース(USA),0000335154,Halo(USA),0000336085,Nureyev(USA)
0000999155,サムライタイガース,0000369336,Indian Charlie(USA),0000999039,Pear Shape(USA),0000339710,In Excess(IRE),0000337563,Red Ransom(USA)
0001168415,サムライフォンテン,0000742996,サムライハート,0000701553,ヨーカンドパリ,0000333862,サンデーサイレンス(USA),0000333901,ティンバーカントリー(USA)
0000628827,サムライワールド,0000337432,Gone West(USA),0000439173,オウリエット(IRE),0000335975,Mr. Prospector(USA),0000336202,Caerleon(USA)
0001200444,サヤカチャン,0000991842,リーチザクラウン,0000306957,アップルトウショウ,0000293624,スペシャルウィーク,0000098122,アンバーシヤダイ
0000725946,サヨウナラ,0000333844,ブライアンズタイム(USA),0000430997,ソウスマッグ(USA),0000335167,Roberto(USA),0000336085,Nureyev(USA)
0001208435,サラキア,0000742976,ディープインパクト,0001177866,サロミナ(GER),0000333862,サンデーサイレンス(USA),0000340380,Lomitas(GB)
0001208154,サラス,0001090360,オルフェーヴル,0001127174,ララア(USA),0000286968,ステイゴールド,0000849372,Tapit(USA)
0000007388,サラトガ,0000333214,カリム(IRE),0000377052,ゲラシー(AUS),0000334377,Nearco(ITY),0000335250,Hua(AUS)
0001154693,サラトガスピリット,0000722158,ハーツクライ,0000803653,サラトガ,0000333862,サンデーサイレンス(USA),0000615577,クロフネ(USA)
0001105392,サラファン,0000324933,アグネスタキオン,0000441091,ティリオブストラッフォード(USA),0000333862,サンデーサイレンス(USA),0000338072,Deputy Minister(CAN)
0001132029,サラリンクス,0000369845,Montjeu(IRE),0000858210,Steel Princess(IRE),0000336572,Sadler's Wells(USA),0000337424,デインヒル(USA)
0001043194,サリエル,0000729458,キングカメハメハ,0000299097,シンコウノビー(USA),0000347989,Kingmambo(USA),0000342649,Nashwan(USA)
0001185134,サルサディオーネ,0000619768,ゴールドアリュール,0000619636,サルサクイーン,0000333862,サンデーサイレンス(USA),0000214492,リンドシェーバー(USA)
0000762603,サルトリーガール,0000293624,スペシャルウィーク,0000439260,アイレスバリーヒル(USA),0000333862,サンデーサイレンス(USA),0000337445,Woodman(USA)
0001175150,サルドナ,0000729458,キングカメハメハ,0001127296,ラシャルマンテ(ARG),0000347989,Kingmambo(USA),0000622004,Indygo Shiner(USA)
0001103385,サルバドールピアス,0000722158,ハーツクライ,0000308999,レーシングスパイス,0000333862,サンデーサイレンス(USA),0000336862,グルームダンサー(USA)
0001192898,サロニカ,0000742976,ディープインパクト,0001177866,サロミナ(GER),0000333862,サンデーサイレンス(USA),0000340380,Lomitas(GB)
0000990108,サワノパンサー,0000287925,タイキシャトル(USA),0000292080,サワノビンティ,0000337092,Devil's Bag(USA),0000161740,トニービン(IRE)
0000724765,サワノブレイブ,0000333844,ブライアンズタイム(USA),0000292080,サワノビンティ,0000335167,Roberto(USA),0000161740,トニービン(IRE)
0000887392,サワヤカラスカル,0000305175,ラスカルスズカ,0000315815,サワヤカスズカ,0000333894,コマンダーインチーフ(GB),0000225628,サクラバクシンオー
0000738062,サンアディユ,0000362799,フレンチデピュティ(USA),0000384001,シェリーザ(IRE),0000338072,Deputy Minister(CAN),0000336202,Caerleon(USA)
0000046685,サンアントニオ,0000455778,リキスユリ,0000458982,テルホマレ,0000455663,リキスベビー,0000455681,タカクラホマレ
0000382159,サンエイゴールド,0000333303,ハードリドン(GB),0000377479,ペルシアンゴールド(GB),0000334005,Hard Sauce(GB),0000334526,Tehran(GB)
0000257755,サンエムキング,0000333749,ナグルスキー(CAN),0000160465,サンエムスピード,0000333996,Nijinsky(CAN),0000333618,ステイールハート(IRE)
0000325874,サンエムノヴァ,0000347983,テンビー(GB),0000243150,サンエムタフネス,0000336202,Caerleon(USA),0000115064,ホリスキー
0000755340,サンエムパーム,0000287925,タイキシャトル(USA),0000254356,サンエムエンプレス,0000337092,Devil's Bag(USA),0000182480,アサティス(USA)
0001187729,サンオークランド,0000848478,ロージズインメイ(USA),0000801366,チアズスワロー,0000339820,Devil His Due(USA),0000362799,フレンチデピュティ(USA)
0000705216,サンカルテット,0000266754,イシノサンデー,0000233013,カシワズビーナス,0000333862,サンデーサイレンス(USA),0000333707,リアルシヤダイ(USA)
0000991888,サンカルロ,0000700008,シンボリクリスエス(USA),0000316445,ディーバ,0000336209,Kris S.(USA),0000336770,Crafty Prospector(USA)
0001120519,サンガヴィーノ,0000327548,チアズブライトリー,0000330654,マイディアガビー,0000333862,サンデーサイレンス(USA),0000333887,ヘクタープロテクター(USA)
0001103934,サンキューアスク,0000700008,シンボリクリスエス(USA),0000317504,フューチャサンデー,0000336209,Kris S.(USA),0000333862,サンデーサイレンス(USA)
0000704537,サンキンバスター,0000340653,ハウスバスター(USA),0000382840,クリプテイツク(GB),0000336553,Mt. Livermore(USA),0000336444,Touching Wood(USA)
0000326086,サンキンヘイロー,0000340556,ジョリーズヘイロー(USA),0000382840,クリプテイツク(GB),0000335154,Halo(USA),0000336444,Touching Wood(USA)
0000889529,サンクスノート,0000225628,サクラバクシンオー,0000384107,スリーソウツ(USA),0000145106,サクラユタカオー,0000335154,Halo(USA)
0001151484,サンクボヌール,0001115148,ハービンジャー(GB),0000701619,ミュゲドボヌール,0000372531,Dansili(GB),0000274914,バブルガムフェロー
0000307213,サングラス,0000333816,サンキリコ(USA),0000148706,マキノハタ,0000333635,リイフオー(GB),0000333599,ノーザリー(USA)
0001042732,サングレアズール,0000615577,クロフネ(USA),0000291188,リメインラブ,0000362799,フレンチデピュティ(USA),0000342223,Nabeel Dancer(USA)
0001133637,サングレアル,0000701668,ゼンノロブロイ,0000275176,ビワハイジ,0000333862,サンデーサイレンス(USA),0000336202,Caerleon(USA)
0001185811,サングレーザー,0000742976,ディープインパクト,0000722740,マンティスハント,0000333862,サンデーサイレンス(USA),0000338072,Deputy Minister(CAN)
0000724799,サンゴノウミヲ,0000262443,フジキセキ,0000271368,サンゴショウ,0000333862,サンデーサイレンス(USA),0000159311,ラグビーボール
0001107400,サンシャイン,0000722158,ハーツクライ,0000719759,バルドウィナ(FR),0000333862,サンデーサイレンス(USA),0000340407,Pistolet Bleu(IRE)
0001186328,サンシロウ,0000701577,ネオユニヴァース,0000732962,テンイムホウ,0000333862,サンデーサイレンス(USA),0000362599,ラムタラ(USA)
0001139564,サンソヴール,0000729458,キングカメハメハ,0000757741,サンヴィクトワール,0000347989,Kingmambo(USA),0000333862,サンデーサイレンス(USA)
0000705650,サンタフェイマス,0000225628,サクラバクシンオー,0000383377,ボーンフェイマス(USA),0000145106,サクラユタカオー,0000337395,Exuberant(USA)
0000802285,サンタフェソレイユ,0000324933,アグネスタキオン,0000286923,サンタフェトレイル,0000333862,サンデーサイレンス(USA),0000333544,ノーザンテースト(CAN)
0001178384,サンタフェチーフ,0001032693,Wiesenpfad(FR),0001177847,Saldentigerin(GER),0000365290,Waky Nao(GB),0000369437,Tiger Hill(IRE)
0000616756,サンターナズソング,0000225628,サクラバクシンオー,0000148677,ゴールドパーシア,0000145106,サクラユタカオー,0000333362,ネプテユーヌス(FR)
0001208689,サンダベンポート,0000995275,ストロングリターン,0001120591,アテナチャン,0000700008,シンボリクリスエス(USA),0000619768,ゴールドアリュール
0001303043,サンダリングブルー,0000372667,Exchange Rate(USA),0001303042,Relampago Azul(USA),0000336082,Danzig(USA),0000372671,Forestry(USA)
0000760523,サンダルフォン,0000225628,サクラバクシンオー,0000319372,コウユーラヴ,0000145106,サクラユタカオー,0000333874,ジェイドロバリー(USA)
0000999300,サンダーアロング,0000719054,ヨハネスブルグ(USA),0000839641,Abby Normal(USA),0000362819,ヘネシー(USA),0000335964,Seattle Slew(USA)
0000750271,サンダーロール,0000274883,ダンスインザダーク,0000299079,プリンセスカーラ(USA),0000333862,サンデーサイレンス(USA),0000336202,Caerleon(USA)
0000807639,サンツェッペリン,0000347983,テンビー(GB),0000616049,プラントオジジアン,0000336202,Caerleon(USA),0000337527,オジジアン(USA)
0001187133,サンティール,0001115148,ハービンジャー(GB),0000757741,サンヴィクトワール,0000372531,Dansili(GB),0000333862,サンデーサイレンス(USA)
0000616165,サンテミリオン,0000247220,エアダブリン,0000181051,アローノクターン,0000161740,トニービン(IRE),0000019148,アローエクスプレス
0001049025,サンディエゴシチー,0000324971,マンハッタンカフェ,0000727947,ジェニーソング,0000333862,サンデーサイレンス(USA),0000337553,Rahy(USA)
0001156925,サンデーウィザード,0000701577,ネオユニヴァース,0001030051,シーズインクルーデッド(USA),0000333862,サンデーサイレンス(USA),0000623169,Include(USA)
0001043066,サンデージョウ,0000299089,グラスワンダー(USA),0000297931,イシノクイル,0000336890,Silver Hawk(USA),0000333862,サンデーサイレンス(USA)
0000726432,サンデースウィープ,0000361855,エンドスウィープ(USA),0000291055,ダンツサンデー,0000337550,フォーティナイナー(USA),0000333862,サンデーサイレンス(USA)
0000726605,サンデーストリーム,0000333862,サンデーサイレンス(USA),0000291092,テイクザレインズ,0000335154,Halo(USA),0000333844,ブライアンズタイム(USA)
0001048520,サンデーミューズ,0000872979,アルカセット(USA),0000714034,スカルプトレス,0000347989,Kingmambo(USA),0000333862,サンデーサイレンス(USA)
0001188052,サンデームーティエ,0000611525,タニノギムレット,0000807023,ミサトペニー,0000333844,ブライアンズタイム(USA),0000339572,オペラハウス(GB)
0000611468,サントニービン,0000161740,トニービン(IRE),0000424494,レイクワース(USA),0000336378,カンパラ(GB),0000335907,Cure the Blues(USA)
0000105500,サンドリオン,0000333470,ラム(USA),0000006767,スズタイガー,0000334258,Fleet Nasrullah(USA),0000333115,ライジングフレーム(IRE)
0001121018,サンバビーン,0000725727,スズカマンボ,0000611444,カーリービッド,0000333862,サンデーサイレンス(USA),0000359154,ティッカネン(USA)
0000722506,サンバレンティン,0000293624,スペシャルウィーク,0000190937,アンデスレディー,0000333862,サンデーサイレンス(USA),0000333544,ノーザンテースト(CAN)
0001106745,サンビスタ,0000725727,スズカマンボ,0000702124,ホワイトカーニバル,0000333862,サンデーサイレンス(USA),0000214564,ミシル(USA)
0000014478,サンビーム,0000333259,アトランテイス(IRE),0000377774,ホクト,0000334048,Milesian(GB),0000333202,アドミラルバード(GB)
0000212473,サンフォードシチー,0000333747,サウスアトランテイツク(IRE),0000108742,カシワグランド,0000334047,Mill Reef(USA),0000012749,リユウズキ
0001124301,サンブルエミューズ,0000725485,ダイワメジャー,0000743120,ヴィートマルシェ,0000333862,サンデーサイレンス(USA),0000362799,フレンチデピュティ(USA)
0000800750,サンベルナール,0000274914,バブルガムフェロー,0000262387,フィアクリス,0000333862,サンデーサイレンス(USA),0000333544,ノーザンテースト(CAN)
0000730100,サンマルアンサー,0000214492,リンドシェーバー(USA),0000130042,ヤマトアンサー,0000336305,Alydar(USA),0000333604,ノーザンアンサー(CAN)
0001111031,サンマルクイーン,0000725485,ダイワメジャー,0001051639,ミスサイベリア(USA),0000333862,サンデーサイレンス(USA),0000372708,Giant's Causeway(USA)
0000756385,サンマルセイコー,0000295366,ビワタケヒデ,0000269270,ワンセイコー,0000333844,ブライアンズタイム(USA),0000115349,アスワン
0000620105,サンマルティン,0000274914,バブルガムフェロー,0000233138,ノーザンマイア,0000333862,サンデーサイレンス(USA),0000333544,ノーザンテースト(CAN)
0001103927,サンマルデューク,0000848478,ロージズインメイ(USA),0000317440,キミホウセキ,0000339820,Devil His Due(USA),0000333862,サンデーサイレンス(USA)
0001043784,サンマルボス,0000316565,アドマイヤボス,0000308980,タピヴェール,0000333862,サンデーサイレンス(USA),0000182479,キャロルハウス(IRE)
0001091756,サンライズアバカス,0000362799,フレンチデピュティ(USA),0000384001,シェリーザ(IRE),0000338072,Deputy Minister(CAN),0000336202,Caerleon(USA)
0000025361,サンライズキング,0000333281,ハツピーオーメン(IRE),0000005224,クニノヒメ,0000334302,Hugh Lupus(FR),0000000871,クリノハナ
0000990369,サンライズキール,0000324971,マンハッタンカフェ,0000296346,プレシャスキール,0000333862,サンデーサイレンス(USA),0000333544,ノーザンテースト(CAN)
0001043004,サンライズクォリア,0000729458,キングカメハメハ,0000296346,プレシャスキール,0000347989,Kingmambo(USA),0000333544,ノーザンテースト(CAN)
0000328078,サンライズシャーク,0000192108,サクラホクトオー,0000224035,コガネセンガン,0000061253,トウシヨウボーイ,0000333732,クリスタルパレス(FR)
0000330636,サンライズジェガー,0000333707,リアルシヤダイ(USA),0000262823,ヤマノトウショウ,0000335167,Roberto(USA),0000061253,トウシヨウボーイ
0001151460,サンライズセンス,0000299089,グラスワンダー(USA),0000701489,レミニセンス,0000336890,Silver Hawk(USA),0000333862,サンデーサイレンス(USA)
0001187218,サンライズソア,0000700008,シンボリクリスエス(USA),0000759575,アメーリア,0000336209,Kris S.(USA),0000293624,スペシャルウィーク
0000291898,サンライズタイガー,0000192967,カコイーシーズ(USA),0000188628,ストロングギヤル,0000336305,Alydar(USA),0000333684,ノノアルコ(USA)
0000327460,サンライズテースト,0000333544,ノーザンテースト(CAN),0000274498,ワカクモライン,0000334002,Northern Dancer(CAN),0000333621,マグニテユード(IRE)
0001191873,サンライズノヴァ,0000619768,ゴールドアリュール,0000708118,ブライトサファイヤ,0000333862,サンデーサイレンス(USA),0000361977,サンダーガルチ(USA)
0000739053,サンライズバッカス,0000362819,ヘネシー(USA),0000188513,リアルサファイヤ,0000337102,Storm Cat(USA),0000333707,リアルシヤダイ(USA)
0000614338,サンライズビート,0000337421,アフリート(CAN),0000188021,リリーズブーケ,0000335975,Mr. Prospector(USA),0000115349,アスワン
0000708111,サンライズピーク,0000365099,エリシオ(FR),0000261180,ビッグラブリー,0000337427,Fairy King(USA),0000336202,Caerleon(USA)
0000618433,サンライズブルー,0000333849,エブロス(USA),0000179401,コクサイアゼリア,0000335975,Mr. Prospector(USA),0000333593,ラツキーソブリン(USA)
0001093460,サンライズブレット,0000286968,ステイゴールド,0000701477,オスティエンセ,0000333862,サンデーサイレンス(USA),0000365099,エリシオ(FR)
0000150707,サンライズプリンス,0000333613,サンプリンス(IRE),0000071509,ガバナスイセイ,0000334436,Princely Gift(GB),0000333359,ヴエンチア(GB)
0000799777,サンライズベガ,0000309184,アドマイヤベガ,0000245245,オーパスワン,0000333862,サンデーサイレンス(USA),0000337450,Theatrical(IRE)
0000329953,サンライズペガサス,0000333862,サンデーサイレンス(USA),0000246038,ヒガシブライアン,0000335154,Halo(USA),0000333844,ブライアンズタイム(USA)
0000807683,サンライズマックス,0000286968,ステイゴールド,0000616595,グリーンヒルマック,0000333862,サンデーサイレンス(USA),0000336853,ダンシングブレーヴ(USA)
0001109108,サンライズマヌー,0000700008,シンボリクリスエス(USA),0000744345,ルヴァーガール(GB),0000336209,Kris S.(USA),0000339659,Alzao(USA)
0001111043,サンライズメジャー,0000725485,ダイワメジャー,0001086759,ティファニータッチ(USA),0000333862,サンデーサイレンス(USA),0000338072,Deputy Minister(CAN)
0001045034,サンライズモール,0000615577,クロフネ(USA),0000325186,ハローサンライズ,0000362799,フレンチデピュティ(USA),0000274883,ダンスインザダーク
0000758442,サンライズレクサス,0000337550,フォーティナイナー(USA),0000296346,プレシャスキール,0000335975,Mr. Prospector(USA),0000333544,ノーザンテースト(CAN)
0001106227,サンライズロイヤル,0000615577,クロフネ(USA),0000619872,ロイヤルパートナー,0000362799,フレンチデピュティ(USA),0000365099,エリシオ(FR)
0001045761,サンリヴァル,0000293624,スペシャルウィーク,0000383657,バレークイーン(IRE),0000333862,サンデーサイレンス(USA),0000336572,Sadler's Wells(USA)
0000735202,サンレイジャスパー,0000296002,ミスズシャルダン,0000306438,サンレイククイン,0000161740,トニービン(IRE),0000337423,Cozzene(USA)
0001089667,サンレイデューク,0000619835,デュランダル,0000306438,サンレイククイン,0000333862,サンデーサイレンス(USA),0000337423,Cozzene(USA)
0000701754,サンレイフレール,0000274883,ダンスインザダーク,0000233130,ダンシングフレール,0000333862,サンデーサイレンス(USA),0000333544,ノーザンテースト(CAN)
0001041720,サンレイランキング,0000305175,ラスカルスズカ,0000266015,サンコメーテス,0000333894,コマンダーインチーフ(GB),0000333769,パークリージエント(CAN)
0001103228,サンレイレーザー,0000305175,ラスカルスズカ,0000306438,サンレイククイン,0000333894,コマンダーインチーフ(GB),0000337423,Cozzene(USA)
0000807242,サンワードブル,0000324933,アグネスタキオン,0000446598,モカモカ(USA),0000333862,サンデーサイレンス(USA),0000336350,Affirmed(USA)
0000724477,サンワードミル,0000362681,スピニングワールド(USA),0000383388,ゴールデンミル(USA),0000336085,Nureyev(USA),0000335975,Mr. Prospector(USA)
0000852259,サンワードラン,0000368544,Real Quiet(USA),0000852040,Pretty Run(USA),0000341573,Quiet American(USA),0000337102,Storm Cat(USA)
0000612577,サンヴァレー,0000230809,ウイニングチケット,0000278426,ヴァレリー,0000161740,トニービン(IRE),0000333862,サンデーサイレンス(USA)
0000757741,サンヴィクトワール,0000333862,サンデーサイレンス(USA),0000286948,ヴィクトリーバンク,0000335154,Halo(USA),0000225905,ドクターデヴィアス(IRE)
0001108142,サヴァーレ,0000619817,ローエングリン,0000729572,アイーンベル,0000263172,Singspiel(IRE),0000333862,サンデーサイレンス(USA)
0001191134,サヴィ,0001031979,ストリートセンス(USA),0001096731,ヴィヴァヴォーチェ,0000621983,Street Cry(IRE),0000872979,アルカセット(USA)
0000709150,サーガノヴェル,0000337863,Boundary(USA),0000704244,Thunder Maid(USA),0000336082,Danzig(USA),0000336305,Alydar(USA)
0001156076,サージェントバッジ,0000286968,ステイゴールド,0000901461,タペストリー,0000333862,サンデーサイレンス(USA),0000621167,Fusaichi Pegasus(USA)
0001205931,サージュミノル,0000749845,エンパイアメーカー(USA),0001021265,マウンテンミステリー(CAN),0000340629,Unbridled(USA),0000336553,Mt. Livermore(USA)
0001142698,サーストンコラルド,0000729458,キングカメハメハ,0001097118,シークレットコサージュ(USA),0000347989,Kingmambo(USA),0000347641,Lost Soldier(USA)
0001120542,サーストンニュース,0000725485,ダイワメジャー,0000331321,ロリポップガール(USA),0000333862,サンデーサイレンス(USA),0000337461,Trempolino(USA)
0000008285,サードニックス,0000333190,ヒンドスタン(GB),0000003935,ガーネツト,0000334138,Bois Roussel(FR),0000333194,トサミドリ
0001170048,サーブルオール,0001115148,ハービンジャー(GB),0000743074,モンローブロンド,0000372531,Dansili(GB),0000309184,アドマイヤベガ
0000999307,サープラスシンガー,0000628952,Songandaprayer(USA),0000999087,Daisy Dukes(USA),0000361396,Unbridled's Song(USA),0000347501,Ghazi(USA)
0001041167,サーベラージュ,0000325200,ジャングルポケット,0000247250,スピードアイリス,0000161740,トニービン(IRE),0000130523,ミスターシービー
0001189122,サーレンブラント,0000742976,ディープインパクト,0000981756,ブライトアバンダンス(USA),0000333862,サンデーサイレンス(USA),0000341573,Quiet American(USA)
0001151796,ザイディックメア,0000701668,ゼンノロブロイ,0000706261,シルキーラグーン,0000333862,サンデーサイレンス(USA),0000333844,ブライアンズタイム(USA)
0000310618,ザカリヤ,0000347622,Zafonic(USA),0000397767,June Moon(IRE),0000337432,Gone West(USA),0000336572,Sadler's Wells(USA)
0000011516,ザクイーン,0000001401,フクパーク,0000457960,ホワイトドツクス,0000455632,ラツキーパーク,,
0000801452,ザサンデーフサイチ,0000274883,ダンスインザダーク,0000274849,エアグルーヴ,0000333862,サンデーサイレンス(USA),0000161740,トニービン(IRE)
0001044597,ザタイキ,0000324933,アグネスタキオン,0000319210,フローラルレディ,0000333862,サンデーサイレンス(USA),0000161740,トニービン(IRE)
0000701549,ザッツザプレンティ,0000274883,ダンスインザダーク,0000422094,バブルプロスペクター(USA),0000333862,サンデーサイレンス(USA),0000336395,Miswaki(USA)
0000728013,ザッツヒーロー,0000362599,ラムタラ(USA),0000383906,ピサチ(IRE),0000333996,Nijinsky(CAN),0000336203,Law Society(USA)
0000256196,ザッハトルテ,0000036106,ハイセイコー,0000166483,ホウエイジエリー,0000333224,チヤイナロツク(GB),0000333600,ノーザンディクテイター(USA)
0000241279,ザデューク,0000333771,レシテイシヨン(USA),0000170123,ブラボーエチゼン,0000336150,Elocutionist(USA),0000333645,ブラヴオー(USA)
0000742962,ザファステスト,0000201489,メジロライアン,0000325165,マイケイティーズ,0000098122,アンバーシヤダイ,0000333862,サンデーサイレンス(USA)
0001185767,ザベストエバー,0000901749,キンシャサノキセキ(AUS),0000721589,マイワイルドローズ(USA),0000262443,フジキセキ,0000336574,Wild Again(USA)
0001122937,ザラストロ,0000237704,ホワイトマズル(GB),0000724379,セクシーココナッツ,0000336853,ダンシングブレーヴ(USA),0000274883,ダンスインザダーク
0000803258,ザリーン,0000292180,メイショウオウドウ,0000299449,カーロッサ(IRE),0000333862,サンデーサイレンス(USA),0000336202,Caerleon(USA)
0000807268,ザレマ,0000274883,ダンスインザダーク,0000448807,シェンク(GB),0000333862,サンデーサイレンス(USA),0000347622,Zafonic(USA)
0000754830,シアトルバローズ,0000333886,スキャン(USA),0000245299,プリンセストウジン,0000335975,Mr. Prospector(USA),0000333768,スルーザドラゴン(USA)
0000707262,シアトルユー,0000333844,ブライアンズタイム(USA),0000245264,ロイヤルティアラ,0000335167,Roberto(USA),0000333544,ノーザンテースト(CAN)
0000613921,シアトルリーダー,0000231850,ビワハヤヒデ,0000180752,ミヤシロオーバン,0000337280,シャルード(USA),0000115349,アスワン
0000614799,シアリアスバイオ,0000166681,タマモクロス,0000180369,コミニュケーション,0000082169,シービークロス,0000069360,マルゼンスキー
0001110035,シェアースマイル,0000372825,プリサイスエンド(USA),0000797295,エフケーサクラ,0000361855,エンドスウィープ(USA),0000333846,キンググローリアス(USA)
0000701613,シェイクマイハート,0000203356,メジロマックイーン,0000210605,カクテルドレス,0000110447,メジロテイターン,0000333664,デイクタス(FR)
0000381553,シェリール,0000333456,スノツブ(FR),0000384582,Chanel(FR),0000334632,Mourne(FR),0000334602,Pan(FR)
0000750771,シェルゲーム,0000361387,Swain(IRE),0000397887,Chancey Squaw(USA),0000342649,Nashwan(USA),0000337339,Chief's Crown(USA)
0000760936,シェルズレイ,0000615577,クロフネ(USA),0000326014,オイスターチケット,0000362799,フレンチデピュティ(USA),0000230809,ウイニングチケット
0000724032,シェルビー,0000191120,ウィナーズサークル,0000266099,クリスタルエル,0000333476,シーホーク(FR),0000337265,クリスタルグリツターズ(USA)
0000620034,シェーンクライト,0000365099,エリシオ(FR),0000383838,カロギャル(USA),0000337427,Fairy King(USA),0000334731,Caro(IRE)
0001221379,シェーングランツ,0000742976,ディープインパクト,0001127387,スタセリタ(FR),0000333862,サンデーサイレンス(USA),0000361091,Monsun(GER)
0000995189,シェーンヴァルト,0000325200,ジャングルポケット,0000620034,シェーンクライト,0000161740,トニービン(IRE),0000365099,エリシオ(FR)
0001209845,シグナライズ,0001161935,Frankel(GB),0001209461,ワイルドココ(GER),0000714343,Galileo(IRE),0000879362,Shirocco(GER)
0000806933,シグナリオ,0000325200,ジャングルポケット,0000406522,シャロン(USA),0000161740,トニービン(IRE),0000340551,Mo Exception(USA)
0001092246,シグナルストーン,0000333844,ブライアンズタイム(USA),0000450729,マジックペイントブラッシュ(USA),0000335167,Roberto(USA),0000339938,Pirate's Bounty(USA)
0001120435,シグナルプロシード,0000727032,メイショウボーラー,0000329280,スイートアマポーラ,0000287925,タイキシャトル(USA),0000140567,シンボリルドルフ
0001192025,シグルーン,0001163245,アイルハヴアナザー(USA),0000804973,ワルキューレ,0001002331,Flower Alley(USA),0000286968,ステイゴールド
0001143323,シゲルアセロラ,0000744311,Wildcat Heir(USA),0000975199,Conqueress,0000349487,Forest Wildcat(USA),0000336424,Conquistador Cielo(USA)
0000722470,シゲルイケイケ,0000225628,サクラバクシンオー,0000263160,アレックスパワー(NZ),0000145106,サクラユタカオー,0000343051,Success Express(USA)
0000901755,シゲルイサイダカ,0000369753,ファンタスティックライト(USA),0000443120,Superb Prospect(USA),0000337553,Rahy(USA),0000337506,Superbity(USA)
0001125364,シゲルイルカザ,0000620083,アドマイヤマックス,0000797629,ホーマンビリーヴ,0000333862,サンデーサイレンス(USA),0000626597,スキャターザゴールド(CAN)
0000991736,シゲルエボシダケ,0000365159,チーフベアハート(CAN),0000315299,パインアヤカ,0000337339,Chief's Crown(USA),0000098122,アンバーシヤダイ
0001137087,シゲルカガ,0001085636,パイロ(USA),0000702574,アレグレッツァ,0000337958,Pulpit(USA),0000340413,シャンハイ(USA)
0001089690,シゲルキョクチョウ,0000762497,オンファイア,0000306783,プレアデス,0000333862,サンデーサイレンス(USA),0000337436,ラストタイクーン(IRE)
0000986768,シゲルキリガミネ,0000621925,グランデラ(IRE),0000190295,トキファイター,0000337862,Grand Lodge(USA),0000124927,カツラギエース
0000887755,シゲルクシエラ,0000372284,カリズマティック(USA),0000318716,フジノチャイナ,0000340714,Summer Squall(USA),0000069360,マルゼンスキー
0001173359,シゲルクロカジキ,0000256512,マーベラスサンデー,0000994415,スターフォーユー,0000333862,サンデーサイレンス(USA),0000321138,アグネスデジタル(USA)
0001191339,シゲルクーガー,0000700008,シンボリクリスエス(USA),0001106344,ワンサイドゲーム,0000336209,Kris S.(USA),0000731452,ウォーエンブレム(USA)
0001156167,シゲルケンカヤマ,0000620927,ストーミングホーム(GB),0000986768,シゲルキリガミネ,0000337496,Machiavellian(USA),0000621925,グランデラ(IRE)
0000734331,シゲルコレデモカ,0000333846,キンググローリアス(USA),0000620540,シゲルマジックロンプ(AUS),0000336724,Naevus(USA),0000340260,Marauding(NZ)
0001187963,シゲルコング,0001025279,シニスターミニスター(USA),0000805788,ドゥオナー,0000369550,Old Trieste(USA),0000274883,ダンスインザダーク
0000616424,シゲルゴッドハンド,0000337436,ラストタイクーン(IRE),0000255563,シゲルルション,0000336129,トライマイベスト(USA),0000337279,ルション(USA)
0000990365,シゲルゴユウサン,0000316565,アドマイヤボス,0000296308,ゴールデンレフティ,0000333862,サンデーサイレンス(USA),0000333544,ノーザンテースト(CAN)
0001104122,シゲルササグリ,0000309103,ブラックタキシード,0000320179,レディネス,0000333862,サンデーサイレンス(USA),0000337424,デインヒル(USA)
0001094854,シゲルシャチョウ,0000729458,キングカメハメハ,0000728045,ピサノロマン,0000347989,Kingmambo(USA),0000333894,コマンダーインチーフ(GB)
0001089810,シゲルジュウヤク,0000299089,グラスワンダー(USA),0000308485,ニシノコマチ,0000336890,Silver Hawk(USA),0000336395,Miswaki(USA)
0001169866,シゲルスズキ,0000287925,タイキシャトル(USA),0000737276,ウインエルドール,0000337092,Devil's Bag(USA),0000333862,サンデーサイレンス(USA)
0001110300,シゲルスダチ,0000615577,クロフネ(USA),0000805751,エトレーヌ,0000362799,フレンチデピュティ(USA),0000333844,ブライアンズタイム(USA)
0001263762,シゲルソウサイ,0001124297,エピファネイア,0000862291,ヴァルホーリング(GB),0000700008,シンボリクリスエス(USA),0000362583,Halling(USA)
0000805819,シゲルタック,0000310442,メイショウドトウ(IRE),0000328365,シゲルタカネビケ,0000353279,Bigstone(IRE),0000339534,ロドリゴデトリアーノ(USA)
0000990009,シゲルダイセン,0000626597,スキャターザゴールド(CAN),0000290647,サンドシャーディー,0000335975,Mr. Prospector(USA),0000337447,シャーディー(USA)
0001154054,シゲルチャグチャグ,0000742996,サムライハート,0000761923,オーデコロン,0000333862,サンデーサイレンス(USA),0000365330,ボストンハーバー(USA)
0000703101,シゲルトリック,0000337436,ラストタイクーン(IRE),0000231050,シゲルスイート,0000336129,トライマイベスト(USA),0000333753,パーフライト(USA)
0000883354,シゲルトンカーン,0000274915,フサイチコンコルド,0000250109,シアトルフェアー(USA),0000336202,Caerleon(USA),0000336568,Capote(USA)
0000725419,シゲルドントイケ,0000359332,トワイニング(USA),0000247327,スイートタンジー,0000337550,フォーティナイナー(USA),0000140567,シンボリルドルフ
0001168605,シゲルノコギリザメ,0000759900,スーパーホーネット,0000704521,シアトルビューティ,0000339534,ロドリゴデトリアーノ(USA),0000250204,タイキブリザード(USA)
0000888513,シゲルハスラット,0000299089,グラスワンダー(USA),0000326977,ステラクィーン,0000336890,Silver Hawk(USA),0000274883,ダンスインザダーク
0001155869,シゲルヒノクニ,0001085636,パイロ(USA),0000890257,シゲルウエンセン,0000337958,Pulpit(USA),0000325200,ジャングルポケット
0000886555,シゲルフセルト,0000286968,ステイゴールド,0000306289,フェアリーベル,0000333862,サンデーサイレンス(USA),0000225628,サクラバクシンオー
0001122573,シゲルヘビザ,0000620131,アドマイヤドン,0000708405,タイキフローラ,0000333901,ティンバーカントリー(USA),0000287925,タイキシャトル(USA)
0001189497,シゲルベンガルトラ,0000372825,プリサイスエンド(USA),0000991989,ローズヘイロー,0000361855,エンドスウィープ(USA),0000294840,キングヘイロー
0001043388,シゲルモトナリ,0000256512,マーベラスサンデー,0000303546,シューペルブ,0000333862,サンデーサイレンス(USA),0000130523,ミスターシービー
0001088196,シゲルリジチョウ,0000299089,グラスワンダー(USA),0000271674,オグリウェルズ,0000336890,Silver Hawk(USA),0000336572,Sadler's Wells(USA)
0000990960,シシャモチャン,0000225628,サクラバクシンオー,0000305376,レインボウスズラン,0000145106,サクラユタカオー,0000333886,スキャン(USA)
0000886461,シシャモフレンド,0000274915,フサイチコンコルド,0000305075,ウェディングバード,0000336202,Caerleon(USA),0000161740,トニービン(IRE)
0001092692,シシリアンブリーズ,0000701668,ゼンノロブロイ,0000615607,ブルーアヴェニュー(USA),0000333862,サンデーサイレンス(USA),0000352327,Classic Go Go(USA)
0001206382,シスターフラッグ,0001042049,ルーラーシップ,0001045515,ミラクルフラッグ,0000729458,キングカメハメハ,0000701708,スパイキュール
0001204241,シスル,0000321265,ノボジャック(USA),0000853155,ジュピターズビコー(AUS),0000362799,フレンチデピュティ(USA),0000263172,Singspiel(IRE)
0001047052,シセイオウジ,0000729458,キングカメハメハ,0000616540,ブライアンズイブ,0000347989,Kingmambo(USA),0000333844,ブライアンズタイム(USA)
0000990286,シセイカグヤ,0000701577,ネオユニヴァース,0000295338,シーヴィーナス,0000333862,サンデーサイレンス(USA),0000341551,Dayjur(USA)
0001141311,シセイカスガ,0000849057,バゴ(FR),0000885725,シセイハルカ,0000342649,Nashwan(USA),0000324971,マンハッタンカフェ
0000041756,シセイヒカリ,0000333286,インデイアナ(GB),0000009205,宝姫,0000334479,Sayajirao(GB),0000003337,ヒカルメイジ
0001205302,シセイヒテン,0001178418,ノヴェリスト(IRE),0000990286,シセイカグヤ,0000361091,Monsun(GER),0000701577,ネオユニヴァース
0000742581,シックスセンス,0000333862,サンデーサイレンス(USA),0000444136,デインスカヤ(GB),0000335154,Halo(USA),0000337424,デインヒル(USA)
0001002891,シックスティーズア,0000714343,Galileo(IRE),0000621483,Love Divine(GB),0000336572,Sadler's Wells(USA),0000336499,Diesis(GB)
0000755445,シティボス,0000316565,アドマイヤボス,0000255670,アラマサキャップ,0000333862,サンデーサイレンス(USA),0000177650,オグリキャップ
0001204243,シトリカ,0000719054,ヨハネスブルグ(USA),0000853178,サチノスイーティー,0000362819,ヘネシー(USA),0000213000,カリスタグローリ
0001167423,シトロン,0000722797,ブラックタイド,0000327581,モリトオウカ,0000333862,サンデーサイレンス(USA),0000333844,ブライアンズタイム(USA)
0001087538,シナル,0000729458,キングカメハメハ,0000247087,イブキスタイリスト,0000347989,Kingmambo(USA),0000161740,トニービン(IRE)
0000891710,シビルウォー,0000731452,ウォーエンブレム(USA),0000717772,チケットトゥダンス(IRE),0000362883,Our Emblem(USA),0000336572,Sadler's Wells(USA)
0000853094,シフォンベール,0000340508,El Prado(IRE),0000398047,シンフォーミー(CAN),0000336572,Sadler's Wells(USA),0000336398,Time for a Change(USA)
0000999314,シベリアンクラシカ,0000622228,Siphon(BRZ),0000852079,Cheer Cheer(USA),0000362918,Itajara(BRZ),0000367863,Lord Carson(USA)
0001104202,シベリアンスパーブ,0000732025,シベリアンホーク(USA),0000321372,マルターズスパーブ(USA),0000362681,スピニングワールド(USA),0000337554,With Approval(CAN)
0001138099,シベリアンタイガー,0000611525,タニノギムレット,0000728207,クロネコ,0000333844,ブライアンズタイム(USA),0000274883,ダンスインザダーク
0001051908,シベリアントム,0000337554,With Approval(CAN),0000893804,Proper and Saucy(USA),0000334731,Caro(IRE),0000337442,Proper Reality(USA)
0000999309,シベリアンバード,0000749811,Stormy Atlantic(USA),0000436007,Daunserly(USA),0000337102,Storm Cat(USA),0000340938,Oh Say(USA)
0000732025,シベリアンホーク,0000362681,スピニングワールド(USA),0000398102,Misty Silver(USA),0000336085,Nureyev(USA),0000336883,Slew o' Gold(USA)
0000709034,シベリアンメドウ,0000337483,Meadowlake(USA),0000704253,タシュジール(USA),0000336555,Hold Your Peace(USA),0000336883,Slew o' Gold(USA)
0000737551,シベリアンライオン,0000321371,マルターズライオン(USA),0000634834,マックスファックス(USA),0000338072,Deputy Minister(CAN),0000335911,Known Fact(USA)
0000210307,シホウ,0000333632,ダンサーズイメージ(USA),0000115648,シユンコウ,0000334375,Native Dancer(USA),0000333518,ホーント(GB)
0000706045,シマノラピス,0000339572,オペラハウス(GB),0000243686,シマノエメラルド,0000336572,Sadler's Wells(USA),0000125443,ギヤロツプダイナ
0001115276,シメノン,0000341019,Marju(IRE),0001064377,Epistoliere(IRE),0000337436,ラストタイクーン(IRE),0000339659,Alzao(USA)
0000993186,シャア,0000329607,ツルマルボーイ,0000329474,ナックオフィス,0000274883,ダンスインザダーク,0000340528,ジェネラス(IRE)
0001047345,シャイニンアーサー,0000700008,シンボリクリスエス(USA),0000619836,シャイニンルビー,0000336209,Kris S.(USA),0000333862,サンデーサイレンス(USA)
0000891903,シャイニングアワー,0000369358,ワイルドラッシュ(USA),0000749340,グルカッシュ(GB),0000336574,Wild Again(USA),0000337496,Machiavellian(USA)
0000884742,シャイニングデイ,0000292180,メイショウオウドウ,0000279157,メイショウベルバラ,0000333862,サンデーサイレンス(USA),0000161740,トニービン(IRE)
0001153992,シャイニングレイ,0000742976,ディープインパクト,0000760936,シェルズレイ,0000333862,サンデーサイレンス(USA),0000615577,クロフネ(USA)
0000619836,シャイニンルビー,0000333862,サンデーサイレンス(USA),0000247279,シャイニンレーサー,0000335154,Halo(USA),0000333544,ノーザンテースト(CAN)
0001135452,シャイニーガール,0000722797,ブラックタイド,0000327064,ブライティアガール,0000333862,サンデーサイレンス(USA),0000337421,アフリート(CAN)
0000990259,シャイニータイガー,0000286968,ステイゴールド,0000294683,スピーディローザー,0000333862,サンデーサイレンス(USA),0000333887,ヘクタープロテクター(USA)
0000991408,シャイニーデザート,0000701577,ネオユニヴァース,0000310417,ポルベニル(GB),0000333862,サンデーサイレンス(USA),0000336430,Green Desert(USA)
0001187651,シャイニードライヴ,0001040066,カジノドライヴ(USA),0000799835,ブライティアナイル,0000744351,Mineshaft(USA),0000309184,アドマイヤベガ
0001041560,シャイニーナイト,0000262443,フジキセキ,0000261486,スプリングネヴァー,0000333862,サンデーサイレンス(USA),0000145106,サクラユタカオー
0001153322,シャイニービーム,0000728492,カンパニー,0000743089,クリスタルコースト,0000298352,ミラクルアドマイヤ,0000333862,サンデーサイレンス(USA)
0000890360,シャイニーブラウン,0000286968,ステイゴールド,0000613501,ダイタクルアーズ,0000333862,サンデーサイレンス(USA),0000365099,エリシオ(FR)
0001048454,シャイニーブラック,0000274883,ダンスインザダーク,0000708360,ダイタクアズミット,0000333862,サンデーサイレンス(USA),0000255813,マヤノトップガン
0001122566,シャイニープリンス,0000294840,キングヘイロー,0000708359,ダイタクピア,0000336853,ダンシングブレーヴ(USA),0000214492,リンドシェーバー(USA)
0001087889,シャイニーホーク,0000262443,フジキセキ,0000261486,スプリングネヴァー,0000333862,サンデーサイレンス(USA),0000145106,サクラユタカオー
0000001134,シャイン,0000333079,ミルトン,0000376092,比叡,0000334810,Miracle(GB),0000332990,トウルヌソル(GB)
0000891480,シャインモーメント,0000294840,キングヘイロー,0000705745,キョウワグレイス,0000336853,ダンシングブレーヴ(USA),0000333844,ブライアンズタイム(USA)
0000178382,シャインレッド,0000110849,タクラマカン(USA),0000123675,シヤインレデイ,0000334660,Damascus(USA),0000333562,レイズアボーイ(USA)
0000797667,シャウトライン,0000621040,スクワートルスクワート(USA),0000192971,プティットイル(IRE),0000339829,Marquetry(USA),0000333775,イルドブルボン(USA)
0001175119,シャケトラ,0000324971,マンハッタンカフェ,0001114867,サマーハ(GB),0000333862,サンデーサイレンス(USA),0000263172,Singspiel(IRE)
0000743005,シャコーサクセス,0000274915,フサイチコンコルド,0000286927,アフタービート,0000336202,Caerleon(USA),0000333864,クリエイター(GB)
0000754187,シャコーバニラ,0000365324,デザートキング(IRE),0000233700,レモングラス,0000337424,デインヒル(USA),0000145106,サクラユタカオー
0000176689,シャッターチャンス,0000333704,リバーマーヌ(USA),0000089822,リバークレスピン,0000345057,Round Table(USA),0000333371,セントクレスピン(GB)
0000700474,シャトルフジ,0000287925,タイキシャトル(USA),0000169366,オオミーアキノ,0000337092,Devil's Bag(USA),0000333544,ノーザンテースト(CAN)
0001120124,シャトーブランシュ,0000294840,キングヘイロー,0000325260,ブランシェリー,0000336853,ダンシングブレーヴ(USA),0000161740,トニービン(IRE)
0001170553,シャドウアプローチ,0000325200,ジャングルポケット,0000758654,マルカアイチャン,0000161740,トニービン(IRE),0000362799,フレンチデピュティ(USA)
0001123579,シャドウウィザード,0000722158,ハーツクライ,0000732006,シャドウエルフ(USA),0000333862,サンデーサイレンス(USA),0000337423,Cozzene(USA)
0001223112,シャドウエンペラー,0001106251,ジャスタウェイ,0001126043,リージェンシー,0000722158,ハーツクライ,0000611525,タニノギムレット
0001139365,シャドウカラーズ,0000729458,キングカメハメハ,0000754452,シャドウストリーム,0000347989,Kingmambo(USA),0000333862,サンデーサイレンス(USA)
0000750233,シャドウゲイト,0000237704,ホワイトマズル(GB),0000286785,ファビラスターン,0000336853,ダンシングブレーヴ(USA),0000333862,サンデーサイレンス(USA)
0000614256,シャドウスケイプ,0000337550,フォーティナイナー(USA),0000275282,シーズグレイス,0000335975,Mr. Prospector(USA),0000333862,サンデーサイレンス(USA)
0000805190,シャドウストライプ,0000225628,サクラバクシンオー,0000321140,ムーディーサンダー(USA),0000145106,サクラユタカオー,0000339836,Gulch(USA)
0001137956,シャドウダンサー,0000237704,ホワイトマズル(GB),0000726398,ダンスインザムード,0000336853,ダンシングブレーヴ(USA),0000333862,サンデーサイレンス(USA)
0001109104,シャドウバンガード,0000722158,ハーツクライ,0000743860,ラゲラ(IRE),0000333862,サンデーサイレンス(USA),0000337286,Rainbow Quest(USA)
0001129795,シャドウパーティー,0000372784,キングズベスト(USA),0000880686,Glinting Desert(IRE),0000347989,Kingmambo(USA),0000369109,Desert Prince(IRE)
0000707258,シャドウビンテージ,0000333894,コマンダーインチーフ(GB),0000233647,レディコスマー,0000336853,ダンシングブレーヴ(USA),0000333544,ノーザンテースト(CAN)
0000727650,シャドウファイル,0000262443,フジキセキ,0000383952,パーソナルファイル(IRE),0000333862,サンデーサイレンス(USA),0000336504,Private Account(USA)
0000736591,シャドウムーン,0000294840,キングヘイロー,0000261884,エビスファミリー,0000336853,ダンシングブレーヴ(USA),0000333844,ブライアンズタイム(USA)
0000888600,シャドークロス,0000321138,アグネスデジタル(USA),0000327611,クッキーキティ,0000336770,Crafty Prospector(USA),0000159311,ラグビーボール
0000612960,シャフツベリー,0000201489,メジロライアン,0000435209,ケロメロ(USA),0000098122,アンバーシヤダイ,0000337552,Eastern Echo(USA)
0001205501,シャフトオブライト,0000891931,ディープスカイ,0000993040,ブリリン,0000324933,アグネスタキオン,0000287925,タイキシャトル(USA)
0001113551,シャラナヤ,0000340380,Lomitas(GB),0000793628,Shalamantika(IRE),0000336870,Niniski(USA),0000342649,Nashwan(USA)
0001168585,シャララ,0000760084,メイショウサムソン,0000704072,ナムラクロシェット(USA),0000339572,オペラハウス(GB),0000336395,Miswaki(USA)
0000888781,シャランジュ,0000347983,テンビー(GB),0000329096,レパーティー,0000336202,Caerleon(USA),0000333894,コマンダーインチーフ(GB)
0000801217,シャルトリューズ,0000344537,サザンヘイロー(USA),0000271209,アダージオ,0000335154,Halo(USA),0000336853,ダンシングブレーヴ(USA)
0001208775,シャルドネゴールド,0000286968,ステイゴールド,0001193009,セルフプリザヴェーション(USA),0000333862,サンデーサイレンス(USA),0000875857,Lion Heart(USA)
0000800151,シャルマンレーヌ,0000274883,ダンスインザダーク,0000253517,ジョージビューティ,0000333862,サンデーサイレンス(USA),0000333608,ミルジヨージ(USA)
0000256062,シャルムーズ,0000182480,アサティス(USA),0000096470,ウエザーコツク,0000336769,Topsider(USA),0000333326,バーバー(GB)
0000991307,シャルルマーニュ,0000362799,フレンチデピュティ(USA),0000309134,マリーシャンタル,0000338072,Deputy Minister(CAN),0000333862,サンデーサイレンス(USA)
0001046483,シャルルヴォア,0000293624,スペシャルウィーク,0000450356,フリーヴァケイション(CAN),0000333862,サンデーサイレンス(USA),0000339929,Fly So Free(USA)
0000800835,シャルロットノアル,0000262443,フジキセキ,0000263086,ウィッチズハット(USA),0000333862,サンデーサイレンス(USA),0000337102,Storm Cat(USA)
0000128069,シャルール,0000333288,サウンドトラツク(IRE),0000042089,キスメツト,0000334582,Whistler(GB),0000333282,ムーテイエ(FR)
0001144151,シャレータ,0000372792,Sinndar(IRE),0000791666,Shawara(IRE),0000337862,Grand Lodge(USA),0000337692,Barathea(IRE)
0000271205,シャローム,0000182443,パルナシヤン(USA),0000043421,エゾホーザン,0000336085,Nureyev(USA),0000333349,ロムルス(GB)
0000725193,シャンディムーン,0000333894,コマンダーインチーフ(GB),0000290873,シンシンフェミニン,0000336853,ダンシングブレーヴ(USA),0000333844,ブライアンズタイム(USA)
0000304345,シャンハイダロン,0000340413,シャンハイ(USA),0000220038,シクレノンディアナ,0000337055,Procida(USA),0000161734,アレミロード(USA)
0000706212,シャンパンスノー,0000333862,サンデーサイレンス(USA),0000275623,ラビットフット(USA),0000335154,Halo(USA),0000337444,Seeking the Gold(USA)
0000138214,シャンパーニュ,0000333402,ズグ(FR),0000011001,タマフブキ,0000333994,Nasram(USA),0000333078,シーマー
0001107690,シャンボールフィズ,0000729458,キングカメハメハ,0000724693,マンハッタンフィズ,0000347989,Kingmambo(USA),0000333862,サンデーサイレンス(USA)
0000618132,シャーディーナイス,0000337447,シャーディー(USA),0000229748,ナイスムラマサ,0000336082,Danzig(USA),0000333603,ナイスダンサー(CAN)
0000742702,シャーベットトーン,0000333887,ヘクタープロテクター(USA),0000316255,ジェラート,0000337445,Woodman(USA),0000337863,Boundary(USA)
0000725060,シュウザンコンドル,0000299155,エルコンドルパサー(USA),0000267660,シュウザンシーサー,0000347989,Kingmambo(USA),0000333887,ヘクタープロテクター(USA)
0001171881,シュウジ,0000901749,キンシャサノキセキ(AUS),0000875117,カストリア(USA),0000262443,フジキセキ,0000347989,Kingmambo(USA)
0000804019,シュガーヴァイン,0000324933,アグネスタキオン,0000308938,ビハインドザマスク,0000333862,サンデーサイレンス(USA),0000237704,ホワイトマズル(GB)
0001141447,シュシュブリーズ,0000262443,フジキセキ,0000888283,ブリズデロートンヌ,0000333862,サンデーサイレンス(USA),0000700008,シンボリクリスエス(USA)
0001135126,シュテルングランツ,0000286968,ステイゴールド,0000321235,トゥースペシャル(USA),0000333862,サンデーサイレンス(USA),0000347573,Two Punch(USA)
0000619885,シュテルンプレスト,0000337421,アフリート(CAN),0000179030,ネクストムービー,0000335975,Mr. Prospector(USA),0000333664,デイクタス(FR)
0001206006,シュバルツボンバー,0001110554,ディープブリランテ,0001035873,ショアー(GER),0000742976,ディープインパクト,0000343943,Acatenango(GER)
0000736548,シュフルール,0000365262,パントレセレブル(USA),0000284225,ベイフィオーリ,0000336085,Nureyev(USA),0000161740,トニービン(IRE)
0001096728,シュプリームギフト,0000742976,ディープインパクト,0000862128,スーヴェニアギフト(USA),0000333862,サンデーサイレンス(USA),0000368595,Souvenir Copy(USA)
0001171700,シュペルミエール,0000286968,ステイゴールド,0000808308,ヒカルアモーレ,0000333862,サンデーサイレンス(USA),0000615577,クロフネ(USA)
0001139816,シュンドルボン,0000722158,ハーツクライ,0000761752,ネイチャーガイド,0000333862,サンデーサイレンス(USA),0000299155,エルコンドルパサー(USA)
0000797153,シュヴァリエ,0000299015,アメリカンボス(USA),0000169398,ダイナチヤイルド,0000347989,Kingmambo(USA),0000333544,ノーザンテースト(CAN)
0001152403,シュヴァルグラン,0000722158,ハーツクライ,0000727544,ハルーワスウィート,0000333862,サンデーサイレンス(USA),0000337496,Machiavellian(USA)
0000999200,ショウサンウルル,0000369314,Grand Slam(USA),0000450594,キングズラヴ(USA),0000337432,Gone West(USA),0000347989,Kingmambo(USA)
0000304617,ショウザンスカイ,0000333893,ハンティングホーク(IRE),0000186731,グレートポイント,0000336572,Sadler's Wells(USA),0000333480,サンシー(FR)
0000802134,ショウナンアクト,0000362799,フレンチデピュティ(USA),0000285310,ゴールデンページ,0000338072,Deputy Minister(CAN),0000333862,サンデーサイレンス(USA)
0000889964,ショウナンアクロス,0000274883,ダンスインザダーク,0000439463,バブルウイングス(FR),0000333862,サンデーサイレンス(USA),0000341850,In The Wings(GB)
0001138980,ショウナンアチーヴ,0000325977,ショウナンカンプ,0000742742,ショウナンパントル,0000225628,サクラバクシンオー,0000333862,サンデーサイレンス(USA)
0001157731,ショウナンアデラ,0000742976,ディープインパクト,0001127295,オールウェイズウィリング(USA),0000333862,サンデーサイレンス(USA),0000364615,Elusive Quality(USA)
0001125393,ショウナンアポロン,0000620083,アドマイヤマックス,0000798394,メジロアルドラ,0000333862,サンデーサイレンス(USA),0000337421,アフリート(CAN)
0001186582,ショウナンアリスト,0000372784,キングズベスト(USA),0000737183,ラッキーマーメイド,0000347989,Kingmambo(USA),0000262443,フジキセキ
0001090422,ショウナンアリビオ,0000362799,フレンチデピュティ(USA),0000316818,マイダイナマイト,0000338072,Deputy Minister(CAN),0000213946,ダイナマイトダディ
0000992896,ショウナンアルディ,0000701577,ネオユニヴァース,0000327210,ショウナンマイラヴ,0000333862,サンデーサイレンス(USA),0000161740,トニービン(IRE)
0000889597,ショウナンアルバ,0000731452,ウォーエンブレム(USA),0000384193,シャンラン(IRE),0000362883,Our Emblem(USA),0000341683,Great Commotion(USA)
0001122326,ショウナンアンカー,0000324933,アグネスタキオン,0000705006,ショウナンマドンナ,0000333862,サンデーサイレンス(USA),0000361977,サンダーガルチ(USA)
0001174143,ショウナンアンセム,0000325200,ジャングルポケット,0001046452,ヴォラドーレス,0000161740,トニービン(IRE),0000615577,クロフネ(USA)
0001170833,ショウナンアヴィド,0000701668,ゼンノロブロイ,0000762694,ショウナンサリーレ,0000333862,サンデーサイレンス(USA),0000372848,キャプテンスティーヴ(USA)
0000618810,ショウナンカイウン,0000274915,フサイチコンコルド,0000218481,ショウナンプリティ,0000336202,Caerleon(USA),0000333686,ウオロー(IRE)
0001042423,ショウナンカガリビ,0000362799,フレンチデピュティ(USA),0000284038,ショウナンアクシア,0000338072,Deputy Minister(CAN),0000333887,ヘクタープロテクター(USA)
0000887565,ショウナンカザン,0000325977,ショウナンカンプ,0000316818,マイダイナマイト,0000225628,サクラバクシンオー,0000213946,ダイナマイトダディ
0000995852,ショウナンカッサイ,0000325977,ショウナンカンプ,0000705006,ショウナンマドンナ,0000225628,サクラバクシンオー,0000361977,サンダーガルチ(USA)
0001093848,ショウナンカミング,0000287925,タイキシャトル(USA),0000704941,マルターズブリーズ,0000337092,Devil's Bag(USA),0000361977,サンダーガルチ(USA)
0001089984,ショウナンカライス,0000325977,ショウナンカンプ,0000310492,ショウナンザサマー(USA),0000225628,サクラバクシンオー,0000339623,Pine Bluff(USA)
0000325977,ショウナンカンプ,0000225628,サクラバクシンオー,0000221622,ショウナングレイス,0000145106,サクラユタカオー,0000333593,ラツキーソブリン(USA)
0001104035,ショウナンカンムリ,0000725485,ダイワメジャー,0000318777,ナリタグレース,0000333862,サンデーサイレンス(USA),0000161740,トニービン(IRE)
0000994174,ショウナンサミット,0000729458,キングカメハメハ,0000439463,バブルウイングス(FR),0000347989,Kingmambo(USA),0000341850,In The Wings(GB)
0000762694,ショウナンサリーレ,0000372848,キャプテンスティーヴ(USA),0000446845,ラスキンウォーク(GB),0000339929,Fly So Free(USA),0000337496,Machiavellian(USA)
0000310669,ショウナンタイム,0000347519,Gilded Time(USA),0000397825,Pennbrook's Lady(USA),0000337084,Timeless Moment(USA),0000336491,Nasty and Bold(USA)
0000761039,ショウナンタキオン,0000324933,アグネスタキオン,0000327210,ショウナンマイラヴ,0000333862,サンデーサイレンス(USA),0000161740,トニービン(IRE)
0000806779,ショウナンタレント,0000324933,アグネスタキオン,0000384193,シャンラン(IRE),0000333862,サンデーサイレンス(USA),0000341683,Great Commotion(USA)
0001124944,ショウナンダイラ,0000731452,ウォーエンブレム(USA),0000760239,ヒカルマイゴール,0000362883,Our Emblem(USA),0000298391,エアジハード
0001141165,ショウナンバッハ,0000286968,ステイゴールド,0000882634,シュガーハート,0000333862,サンデーサイレンス(USA),0000225628,サクラバクシンオー
0000325179,ショウナンバーキン,0000262443,フジキセキ,0000258500,ショウナンアイドル,0000333862,サンデーサイレンス(USA),0000333874,ジェイドロバリー(USA)
0001098979,ショウナンバーズ,0000369437,Tiger Hill(IRE),0001035873,ショアー(GER),0000337424,デインヒル(USA),0000343943,Acatenango(GER)
0001091861,ショウナンパルフェ,0000324933,アグネスタキオン,0000384193,シャンラン(IRE),0000333862,サンデーサイレンス(USA),0000341683,Great Commotion(USA)
0000742742,ショウナンパントル,0000333862,サンデーサイレンス(USA),0000439463,バブルウイングス(FR),0000335154,Halo(USA),0000341850,In The Wings(GB)
0001140190,ショウナンパンドラ,0000742976,ディープインパクト,0000798372,キューティゴールド,0000333862,サンデーサイレンス(USA),0000362799,フレンチデピュティ(USA)
0001096795,ショウナンマイティ,0000324971,マンハッタンカフェ,0000897683,ラグジャリー(USA),0000333862,サンデーサイレンス(USA),0000337102,Storm Cat(USA)
0000309155,ショウナンマインド,0000161740,トニービン(IRE),0000247130,トレジャーマイン,0000336378,カンパラ(GB),0000333544,ノーザンテースト(CAN)
0001102976,ショウナンマオ,0000725485,ダイワメジャー,0000299462,ショウナンハピネス(CAN),0000333862,サンデーサイレンス(USA),0000336209,Kris S.(USA)
0001142438,ショウナンマルシェ,0000324971,マンハッタンカフェ,0001032432,ラリーズン(USA),0000333862,サンデーサイレンス(USA),0000362597,Labeeb(GB)
0001322945,ショウナンライジン,0001129173,エスケンデレヤ(USA),0001126259,ショウナンバーキン,0000372708,Giant's Causeway(USA),0000262443,フジキセキ
0001170118,ショウナンライズ,0000725485,ダイワメジャー,0000747839,ゴーカロライナ(USA),0000333862,サンデーサイレンス(USA),0000337553,Rahy(USA)
0001141961,ショウナンラグーン,0000700008,シンボリクリスエス(USA),0000989821,メジロシャレード,0000336209,Kris S.(USA),0000324971,マンハッタンカフェ
0000757454,ショウナンラノビア,0000362799,フレンチデピュティ(USA),0000284038,ショウナンアクシア,0000338072,Deputy Minister(CAN),0000333887,ヘクタープロテクター(USA)
0001103399,ショウナンラムジ,0000274883,ダンスインザダーク,0000309067,フォーカルスター,0000333862,サンデーサイレンス(USA),0000237704,ホワイトマズル(GB)
0001208934,ショウナンラーゼン,0000729458,キングカメハメハ,0000723505,ヒカルドウキセイ,0000347989,Kingmambo(USA),0000333862,サンデーサイレンス(USA)
0001141208,ショウナンワダチ,0000325977,ショウナンカンプ,0000883685,ショウナンマライア,0000225628,サクラバクシンオー,0000615577,クロフネ(USA)
0000316563,ショウナンワンダー,0000262443,フジキセキ,0000262369,プレイン,0000333862,サンデーサイレンス(USA),0000333874,ジェイドロバリー(USA)
0001151204,ショウボート,0001115148,ハービンジャー(GB),0000620022,フォルクローレ,0000372531,Dansili(GB),0000274883,ダンスインザダーク
0001046706,ショウリノホホエミ,0000324971,マンハッタンカフェ,0000612753,アタゴパラダイス,0000333862,サンデーサイレンス(USA),0000333874,ジェイドロバリー(USA)
0000802030,ショウリュウアクト,0000361351,タバスコキャット(USA),0000283775,シルバーアクト,0000337102,Storm Cat(USA),0000333880,スラヴィック(USA)
0001219299,ショウリュウイクゾ,0001090360,オルフェーヴル,0001049371,ショウリュウムーン,0000286968,ステイゴールド,0000729458,キングカメハメハ
0000888571,ショウリュウケン,0000287600,ブラックホーク(GB),0000327364,スキャニングジョイ,0000336085,Nureyev(USA),0000333886,スキャン(USA)
0001121302,ショウリュウバイオ,0000701577,ネオユニヴァース,0000614799,シアリアスバイオ,0000333862,サンデーサイレンス(USA),0000166681,タマモクロス
0001049371,ショウリュウムーン,0000729458,キングカメハメハ,0000733178,ムーンザドリーム,0000347989,Kingmambo(USA),0000274883,ダンスインザダーク
0000799220,ショウワモダン,0000298391,エアジハード,0000233155,ユメシバイ,0000145106,サクラユタカオー,0000161740,トニービン(IRE)
0000313776,ショコット,0000337424,デインヒル(USA),0000431783,ショーガールⅡ(USA),0000336082,Danzig(USA),0000335203,Alleged(USA)
0001149469,ショコラブラン,0000615577,クロフネ(USA),0000308975,アグネスショコラ,0000362799,フレンチデピュティ(USA),0000333862,サンデーサイレンス(USA)
0001170657,ショコラーチ,0000901749,キンシャサノキセキ(AUS),0000760577,ウイッチ,0000262443,フジキセキ,0000299089,グラスワンダー(USA)
0001187737,ショワドゥロワ,0000324971,マンハッタンカフェ,0000801482,グッドチョイス,0000333862,サンデーサイレンス(USA),0000362799,フレンチデピュティ(USA)
0000000186,ショーウェイ,0000333163,クモハタ,0000376209,康徳,0000332990,トウルヌソル(GB),0000333026,アデージ(GB)
0000701762,ショートローブス,0000333894,コマンダーインチーフ(GB),0000384138,デローベ(NZ),0000336853,ダンシングブレーヴ(USA),0000340330,Pompeii Court(USA)
0001129464,シリュスデゼーグル,0000362570,Even Top(IRE),0001129461,タイユドゲップ(FR),0000340514,Topanoora(IRE),0000341670,Septieme Ciel(USA)
0000730718,シルキーフレンド,0000256512,マーベラスサンデー,0000256517,ルミネッセンス,0000333862,サンデーサイレンス(USA),0000333844,ブライアンズタイム(USA)
0000706261,シルキーラグーン,0000333844,ブライアンズタイム(USA),0000295338,シーヴィーナス,0000335167,Roberto(USA),0000341551,Dayjur(USA)
0001044286,シルクアーネスト,0000299089,グラスワンダー(USA),0000316253,ティアドロップス,0000336890,Silver Hawk(USA),0000333862,サンデーサイレンス(USA)
0000616554,シルクインザライト,0000274883,ダンスインザダーク,0000393563,ドゥヤワナ(USA),0000333862,サンデーサイレンス(USA),0000336082,Danzig(USA)
0000318050,シルクエンペラー,0000333844,ブライアンズタイム(USA),0000237181,カシワズエリート,0000335167,Roberto(USA),0000337092,Devil's Bag(USA)
0001050083,シルクオールディー,0000324971,マンハッタンカフェ,0000808407,クインオブオールディー(USA),0000333862,サンデーサイレンス(USA),0000336209,Kris S.(USA)
0000706284,シルクカンパーナ,0000098122,アンバーシヤダイ,0000383081,パールネツクレース(GB),0000333544,ノーザンテースト(CAN),0000334047,Mill Reef(USA)
0000318081,シルクキャプテン,0000262922,スキーキャプテン(USA),0000383787,プリセレスレデイ(USA),0000336177,Storm Bird(CAN),0000333978,Secretariat(USA)
0001106460,シルクキングリー,0000742976,ディープインパクト,0000634661,ステイトリースター(USA),0000333862,サンデーサイレンス(USA),0000338072,Deputy Minister(CAN)
0001047061,シルククラリティ,0000372825,プリサイスエンド(USA),0000616579,シルクロマンス,0000361855,エンドスウィープ(USA),0000365074,Benny the Dip(USA)
0000757246,シルククルセイダー,0000372848,キャプテンスティーヴ(USA),0000281362,ゴールデンマザー,0000339929,Fly So Free(USA),0000333873,マークオブディスティンクション(GB)
0000709131,シルクコジーン,0000337423,Cozzene(USA),0000383704,バウンドトゥダンス(USA),0000334731,Caro(IRE),0000334002,Northern Dancer(CAN)
0000319332,シルクサンライズ,0000179021,サツカーボーイ,0000150505,バンシユーウエー,0000333664,デイクタス(FR),0000333434,ペール(IRE)
0001093511,シルクシュナイダー,0000321138,アグネスデジタル(USA),0000701656,エポレット,0000336770,Crafty Prospector(USA),0000333707,リアルシヤダイ(USA)
0000612396,シルクスカイブルー,0000249114,ナリタブライアン,0000383471,スポーデズブルー(IRE),0000333844,ブライアンズタイム(USA),0000336572,Sadler's Wells(USA)
0001042552,シルクスチュアート,0000701668,ゼンノロブロイ,0000286872,ロワイヤルハイネス,0000333862,サンデーサイレンス(USA),0000333544,ノーザンテースト(CAN)
0000882607,シルクストレングス,0000255813,マヤノトップガン,0000232955,アメリカンテースト,0000333844,ブライアンズタイム(USA),0000333544,ノーザンテースト(CAN)
0000737155,シルクタイガー,0000299155,エルコンドルパサー(USA),0000404684,ルビータイガー(IRE),0000347989,Kingmambo(USA),0000336322,Ahonoora(GB)
0000885742,シルクダイナスティ,0000372284,カリズマティック(USA),0000295389,クイーンオブタイム,0000340714,Summer Squall(USA),0000333844,ブライアンズタイム(USA)
0000995115,シルクダンディー,0000700008,シンボリクリスエス(USA),0000619755,チェリッシュレディ,0000336209,Kris S.(USA),0000274914,バブルガムフェロー
0000706288,シルクチャンピオン,0000237594,ヒシアリダー(USA),0000275199,ビワカレン,0000336305,Alydar(USA),0000333870,フェアジャッジメント(USA)
0000725130,シルクディレクター,0000255813,マヤノトップガン,0000287248,シルクベルベット,0000333844,ブライアンズタイム(USA),0000333665,モガミ(FR)
0000737161,シルクトゥルーパー,0000309184,アドマイヤベガ,0000295338,シーヴィーナス,0000333862,サンデーサイレンス(USA),0000341551,Dayjur(USA)
0000736265,シルクトラベラー,0000284831,シルクジャスティス,0000214304,フレンチパッサー,0000333844,ブライアンズタイム(USA),0000333775,イルドブルボン(USA)
0000989502,シルクドミニオン,0000294840,キングヘイロー,0000280017,ボヘミアグラス,0000336853,ダンシングブレーヴ(USA),0000337101,ソヴィエトスター(USA)
0000756922,シルクドラグーン,0000293624,スペシャルウィーク,0000275682,ミスワキジャパン(USA),0000333862,サンデーサイレンス(USA),0000336875,Phone Trick(USA)
0001107882,シルクドリーマー,0000611525,タニノギムレット,0000726996,ドリームキセキ,0000333844,ブライアンズタイム(USA),0000262443,フジキセキ
0000995693,シルクナデシコ,0000262443,フジキセキ,0000702833,ピサノヒビキ,0000333862,サンデーサイレンス(USA),0000362599,ラムタラ(USA)
0000737157,シルクネクサス,0000299089,グラスワンダー(USA),0000295355,シルキーヒロイン,0000336890,Silver Hawk(USA),0000333868,スターリフト(GB)
0001052228,シルクビッグタイム,0000338072,Deputy Minister(CAN),0000765195,ハローレイチェル(USA),0000336132,Vice Regent(CAN),0000337380,マイニング(USA)
0001041830,シルクフィーリング,0000700008,シンボリクリスエス(USA),0000268595,ウェディングベリー,0000336209,Kris S.(USA),0000333886,スキャン(USA)
0000616546,シルクフェイマス,0000256512,マーベラスサンデー,0000284826,セイントセーラ,0000333862,サンデーサイレンス(USA),0000336202,Caerleon(USA)
0000991434,シルクフォーチュン,0000619768,ゴールドアリュール,0000310552,シルクエスペランサ(USA),0000333862,サンデーサイレンス(USA),0000182482,Alwuhush(USA)
0000760542,シルクフラッグ,0000340413,シャンハイ(USA),0000319589,シルクアンクレット,0000337055,Procida(USA),0000337527,オジジアン(USA)
0000706273,シルクフローラ,0000333844,ブライアンズタイム(USA),0000295362,トロピカルシルキー,0000335167,Roberto(USA),0000182482,Alwuhush(USA)
0000709132,シルクブラボー,0000337423,Cozzene(USA),0000406676,Monica Faye(USA),0000334731,Caro(IRE),0000339879,Wolf Power(SAF)
0000318070,シルクプリマドンナ,0000333844,ブライアンズタイム(USA),0000383704,バウンドトゥダンス(USA),0000335167,Roberto(USA),0000334002,Northern Dancer(CAN)
0000993822,シルクプロミス,0000255813,マヤノトップガン,0000384170,ウエルシュクイーン(IRE),0000333844,ブライアンズタイム(USA),0000336202,Caerleon(USA)
0000702527,シルクボンバイエ,0000266754,イシノサンデー,0000133770,バツクツーイースト,0000333862,サンデーサイレンス(USA),0000333564,ハードツービート(IRE)
0001000733,シルクマイホーム,0000620927,ストーミングホーム(GB),0000999002,マジェスティックラニア(IRE),0000337496,Machiavellian(USA),0000372708,Giant's Causeway(USA)
0000884901,シルクマンハッタン,0000324971,マンハッタンカフェ,0000281477,グリドルボーン,0000333862,サンデーサイレンス(USA),0000333874,ジェイドロバリー(USA)
0000991364,シルクメビウス,0000286968,ステイゴールド,0000309752,チャンネルワン,0000333862,サンデーサイレンス(USA),0000337441,ポリッシュネイビー(USA)
0000706290,シルクリスペクト,0000201489,メジロライアン,0000284817,ビワナタシュカ,0000098122,アンバーシヤダイ,0000336398,Time for a Change(USA)
0000181965,シルクレンジャー,0000333719,ランズダーン(USA),0000098775,ヨシマツテスコ,0000334968,Lyphard(USA),0000333299,テスコボーイ(GB)
0001109576,シルバーウエイブ,0000325200,ジャングルポケット,0000758654,マルカアイチャン,0000161740,トニービン(IRE),0000362799,フレンチデピュティ(USA)
0000725145,シルバーガル,0000358543,カーネギー(IRE),0000308967,シルバーネックレス,0000336572,Sadler's Wells(USA),0000333862,サンデーサイレンス(USA)
0000307538,シルバーサーベル,0000337421,アフリート(CAN),0000249651,サマーレッド,0000335975,Mr. Prospector(USA),0000069360,マルゼンスキー
0000015696,シルバーストーン,0000004424,コマツヒカリ,0000377592,モンテローザ,0000333194,トサミドリ,0000333172,イブキヤマ
0000804032,シルバーブレイズ,0000611525,タニノギムレット,0000308967,シルバーネックレス,0000333844,ブライアンズタイム(USA),0000333862,サンデーサイレンス(USA)
0000888992,シルポート,0000237704,ホワイトマズル(GB),0000331208,スペランツァ,0000336853,ダンシングブレーヴ(USA),0000333862,サンデーサイレンス(USA)
0000763193,シルヴァーアーチャー,0000362977,Random Chance(NZ),0000763194,Boa 'n' Arrow(NZ),0000337037,Three Legs(GB),0000763195,Native Turn(USA)
0000766353,シルヴァーゼット,0000352430,Foxhound(USA),0000766317,Krayyalei(IRE),0000336082,Danzig(USA),0000337132,Krayyan(GB)
0001168310,シルヴァーパレット,0000887465,キャプテントゥーレ,0000634651,ヒシシルバーメイド(USA),0000324933,アグネスタキオン,0000347814,Silver Deputy(CAN)
0000704972,シロキタガデス,0000283958,サニーブライアン,0000261863,シクレノンメモリー,0000333844,ブライアンズタイム(USA),0000161740,トニービン(IRE)
0000613182,シロキタゴッドラン,0000262275,ジェニュイン,0000261863,シクレノンメモリー,0000333862,サンデーサイレンス(USA),0000161740,トニービン(IRE)
0001165001,シンガン,0000372680,Invincible Spirit(IRE),0000717234,Madeira Mist(IRE),0000336430,Green Desert(USA),0000337862,Grand Lodge(USA)
0001168532,シンキングダンサー,0001099904,コンデュイット(IRE),0000702733,スプリングボード,0000745340,Dalakhani(IRE),0000182480,アサティス(USA)
0001110566,シンキングマシーン,0000274915,フサイチコンコルド,0000853079,フサイチジェット(USA),0000336202,Caerleon(USA),0000347519,Gilded Time(USA)
0001155420,シングウィズジョイ,0000324971,マンハッタンカフェ,0000883932,シングライクバード,0000333862,サンデーサイレンス(USA),0000700008,シンボリクリスエス(USA)
0000883932,シングライクバード,0000700008,シンボリクリスエス(USA),0000262415,シングライクトーク,0000336209,Kris S.(USA),0000333544,ノーザンテースト(CAN)
0001216681,シングルアップ,0000901749,キンシャサノキセキ(AUS),0000804340,ラフアップ,0000262443,フジキセキ,0000615577,クロフネ(USA)
0001136105,シングンジョーカー,0000328881,シングンオペラ,0000611683,ピロット,0000339572,オペラハウス(GB),0000362599,ラムタラ(USA)
0000890152,シングンリターンズ,0000328881,シングンオペラ,0000611683,ピロット,0000339572,オペラハウス(GB),0000362599,ラムタラ(USA)
0000994380,シングンレジェンド,0000328881,シングンオペラ,0000611683,ピロット,0000339572,オペラハウス(GB),0000362599,ラムタラ(USA)
0000008158,シンゲン,0000455635,アア　ニユーバラツケー,0000001923,アア　モモノハナ,0000455630,バラツケー(FR),0000333125,サラ　ジンガロー(GB)
0000299096,シンコウエドワード,0000336869,Lear Fan(USA),0000397148,パウダーストーム(USA),0000335167,Roberto(USA),0000336177,Storm Bird(CAN)
0000329256,シンコウカリド,0000336890,Silver Hawk(USA),0000406203,ハイドロカリド(USA),0000335167,Roberto(USA),0000336085,Nureyev(USA)
0000291100,シンコウシングラー,0000333862,サンデーサイレンス(USA),0000165634,タレンテイドガール,0000335154,Halo(USA),0000333363,リマンド(GB)
0000287608,シンコウスプレンダ,0000341551,Dayjur(USA),0000405158,Over Your Shoulder(USA),0000336082,Danzig(USA),0000334999,Graustark(USA)
0000703582,シンコールビー,0000243723,サクラローレル,0000383780,ダズリンデセプション(CAN),0000337286,Rainbow Quest(USA),0000337102,Storm Cat(USA)
0000992630,シンゼンオオジ,0000255813,マヤノトップガン,0000325113,アッサンブレ,0000333844,ブライアンズタイム(USA),0000274883,ダンスインザダーク
0001151016,シンゼンガンプ,0000742946,カネヒキリ,0000616606,ローレルオードリー,0000262443,フジキセキ,0000333894,コマンダーインチーフ(GB)
0001107641,シンゼンレンジャー,0000714411,ケイムホーム(USA),0000724270,キョウエイフルハム,0000337432,Gone West(USA),0000365341,ジェリ(USA)
0001084609,シンティロ,0000369753,ファンタスティックライト(USA),0000408021,Danseuse du Soir(IRE),0000337553,Rahy(USA),0000336439,Thatching(IRE)
0000090576,シンデレラボーイ,0000333506,クリスタルボール(USA),0000025393,サラ系　ミスゴゼン,0000334140,Bold Ruler(USA),0000333228,サラ　オーロイ(GB)
0001206061,シンデレラメイク,0001110554,ディープブリランテ,0001040642,プリンセスメイク,0000742976,ディープインパクト,0000372848,キャプテンスティーヴ(USA)
0000149252,シンドバッド,0000069360,マルゼンスキー,0000107041,スターアトム,0000333996,Nijinsky(CAN),0000333449,ステユーペンダス(USA)
0000021908,シンネン,0000455709,タカラガワ,0000457358,タツカミ,0000333104,サラ　ホウシユウ,,
0001171890,シンハライト,0000742976,ディープインパクト,0000876771,シンハリーズ(GB),0000333862,サンデーサイレンス(USA),0000263172,Singspiel(IRE)
0000751173,シンハルカジョウ,0000309103,ブラックタキシード,0000158511,ダイナボンダー,0000333862,サンデーサイレンス(USA),0000333544,ノーザンテースト(CAN)
0000314219,シンフォニア,0000333832,オークワース(USA),0000200107,スペインダンサー,0000336132,Vice Regent(CAN),0000333552,フイリツプオブスペイン(GB)
0000299186,シンボリアカデミー,0000341457,ロイヤルアカデミーⅡ(USA),0000397211,Seven Colors(GB),0000333996,Nijinsky(CAN),0000337286,Rainbow Quest(USA)
0000731242,シンボリウエスト,0000337432,Gone West(USA),0000405791,Kenbu(FR),0000335975,Mr. Prospector(USA),0000336570,Kenmare(FR)
0000725404,シンボリエスケープ,0000225628,サクラバクシンオー,0000287830,スイートケンメア(IRE),0000145106,サクラユタカオー,0000336570,Kenmare(FR)
0001131150,シンボリエンパイア,0000749845,エンパイアメーカー(USA),0000879283,ミスエマ(IRE),0000340629,Unbridled(USA),0000361071,Key of Luck(USA)
0000319321,シンボリオレゴン,0000333884,ダンスホール(USA),0000382816,メロデイアン(ARG),0000336351,Assert(IRE),0000336408,Mariache(ARG)
0000700008,シンボリクリスエス,0000336209,Kris S.(USA),0000432426,Tee Kay(USA),0000335167,Roberto(USA),0000344896,Gold Meridian(USA)
0000851919,シンボリグラン,0000337862,Grand Lodge(USA),0000441166,Valixa(FR),0000337339,Chief's Crown(USA),0000341901,Linamix(FR)
0001189515,シンボリジュネス,0000619835,デュランダル,0000992394,スイートライラ,0000333862,サンデーサイレンス(USA),0000337421,アフリート(CAN)
0001121725,シンボリディスコ,0000620083,アドマイヤマックス,0000620396,スイートアマリリス,0000333862,サンデーサイレンス(USA),0000225628,サクラバクシンオー
0000731201,シンボリデビル,0000337092,Devil's Bag(USA),0000719848,Renge(IRE),0000335154,Halo(USA),0000340528,ジェネラス(IRE)
0000298669,シンボリビンテージ,0000333884,ダンスホール(USA),0000383674,ハイアンビション(FR),0000336351,Assert(IRE),0000336571,Highest Honor(FR)
0000728163,シンメイセレリティ,0000333844,ブライアンズタイム(USA),0000383115,フエムエリート(USA),0000335167,Roberto(USA),0000336380,Northjet(IRE)
0001044610,シンメイフジ,0000262443,フジキセキ,0000319289,レディミューズ,0000333862,サンデーサイレンス(USA),0000333901,ティンバーカントリー(USA)
0000737295,シンメイレグルス,0000333844,ブライアンズタイム(USA),0000440434,モーニングタイド(USA),0000335167,Roberto(USA),0000337444,Seeking the Gold(USA)
0000613363,シンメイロッチ,0000274914,バブルガムフェロー,0000268703,クイーンドロップ,0000333862,サンデーサイレンス(USA),0000333792,スリルシヨー(USA)
0000703501,シンワインザダーク,0000274883,ダンスインザダーク,0000384003,スワンプキャット(USA),0000333862,サンデーサイレンス(USA),0000337102,Storm Cat(USA)
0001093740,シンワカントリー,0000333901,ティンバーカントリー(USA),0000703507,マチカネクサマクラ,0000337445,Woodman(USA),0000361977,サンダーガルチ(USA)
0000887947,シンワラヴ,0000298971,マイネルラヴ(USA),0000320533,ビーマイプリンセス,0000337444,Seeking the Gold(USA),0000214492,リンドシェーバー(USA)
0000324365,シーアンバー,0000098122,アンバーシヤダイ,0000176477,シーフェリシア,0000333544,ノーザンテースト(CAN),0000333593,ラツキーソブリン(USA)
0000702537,シーイズトウショウ,0000225628,サクラバクシンオー,0000306951,ジェーントウショウ,0000145106,サクラユタカオー,0000212693,トウショウフリート
0000769476,シーキングザダイヤ,0000337102,Storm Cat(USA),0000287603,シーキングザパール(USA),0000336177,Storm Bird(CAN),0000337444,Seeking the Gold(USA)
0000749469,シーキングザベスト,0000337444,Seeking the Gold(USA),0000436381,Mackie(USA),0000335975,Mr. Prospector(USA),0000340714,Summer Squall(USA)
0000714266,シーキングマイラブ,0000337444,Seeking the Gold(USA),0000439022,クイーンモード(IRE),0000335975,Mr. Prospector(USA),0000336328,Akarad(FR)
0001124605,シーギリヤガール,0000319426,スターリングローズ,0000754598,スパイシーキティ,0000337421,アフリート(CAN),0000361351,タバスコキャット(USA)
0001171826,シークザフューチャ,0000701668,ゼンノロブロイ,0000853200,シーリーコート,0000333862,サンデーサイレンス(USA),0000365171,Distorted Humor(USA)
0000853095,シークレットコード,0000621167,Fusaichi Pegasus(USA),0000451641,マジックコード(USA),0000335975,Mr. Prospector(USA),0000343203,Lost Code(USA)
0000753849,シーグランプリ,0000333901,ティンバーカントリー(USA),0000229283,シーデージー,0000337445,Woodman(USA),0000337265,クリスタルグリツターズ(USA)
0000030769,シーグローリアス,0000333286,インデイアナ(GB),0000011034,黄金宝,0000334479,Sayajirao(GB),0000333241,アポツスル(GB)
0000743110,シーザリオ,0000293624,スペシャルウィーク,0000383821,キロフプリミエール(GB),0000333862,サンデーサイレンス(USA),0000336572,Sadler's Wells(USA)
0001049826,シースナイプ,0000299089,グラスワンダー(USA),0000750300,マニフィカート,0000336890,Silver Hawk(USA),0000293624,スペシャルウィーク
0000987957,シースピアー,0000372848,キャプテンスティーヴ(USA),0000242207,シーフリージア,0000339929,Fly So Free(USA),0000333821,リヴリア(USA)
0000310331,シースルオール,0000339659,Alzao(USA),0000409632,キャサリーンパー(USA),0000334968,Lyphard(USA),0000335664,Riverman(USA)
0001046969,シーズバレンタイン,0000701549,ザッツザプレンティ,0000615763,キャッツプライド(USA),0000274883,ダンスインザダーク,0000362819,ヘネシー(USA)
0001192493,シーズララバイ,0000626942,ファルブラヴ(IRE),0001093225,シースプレイ,0000337427,Fairy King(USA),0000722158,ハーツクライ
0000852242,シーチャリオット,0000337444,Seeking the Gold(USA),0000451676,Neptune's Bride(USA),0000335975,Mr. Prospector(USA),0000337417,Bering(GB)
0000619879,シーディザーブス,0000333862,サンデーサイレンス(USA),0000441613,ディフェレンテ(ARG),0000335154,Halo(USA),0000367715,Propicio(ARG)
0001139020,シードオブハピネス,0000701668,ゼンノロブロイ,0000743042,ケイティーズギフト,0000333862,サンデーサイレンス(USA),0000362799,フレンチデピュティ(USA)
0001113526,シーニックブラスト,0000341896,Scenic(IRE),0000409470,Daughter's Charm(AUS),0000336572,Sadler's Wells(USA),0000342131,Delgado(USA)
0000305777,シーパッション,0000333621,マグニテユード(IRE),0000229716,シールッカー,0000334047,Mill Reef(USA),0000147426,ミルグロリー
0001125575,シーブリーズライフ,0000737164,アドマイヤジャパン,0000802373,プレシャスライフ,0000333862,サンデーサイレンス(USA),0000287925,タイキシャトル(USA)
0001170809,シーブリーズラブ,0001040066,カジノドライヴ(USA),0000762581,サンデースマイルⅡ(GB),0000744351,Mineshaft(USA),0000333862,サンデーサイレンス(USA)
0000987553,シーポラリス,0000619768,ゴールドアリュール,0000229283,シーデージー,0000333862,サンデーサイレンス(USA),0000337265,クリスタルグリツターズ(USA)
0001046457,シーマーク,0000369639,ストラヴィンスキー(USA),0000448632,ライラアラウィ(IRE),0000336085,Nureyev(USA),0000337561,Mtoto(GB)
0000736864,シールビーバック,0000262443,フジキセキ,0000303135,マロンシェーバー,0000333862,サンデーサイレンス(USA),0000214492,リンドシェーバー(USA)
0001138390,シーロア,0000725485,ダイワメジャー,0000732037,レールマラン(USA),0000333862,サンデーサイレンス(USA),0000347814,Silver Deputy(CAN)
0000612439,ジェイケイガバナー,0000237393,サクラチトセオー,0000233226,メグミガバナー,0000161740,トニービン(IRE),0000129863,ニホンピロウイナー
0000807404,ジェイケイセラヴィ,0000621040,スクワートルスクワート(USA),0000612208,ジェイケイコマンダ,0000339829,Marquetry(USA),0000333894,コマンダーインチーフ(GB)
0000611484,ジェイケイベスト,0000337436,ラストタイクーン(IRE),0000232878,カシマレデー,0000336129,トライマイベスト(USA),0000333731,ストラダビンスキー(IRE)
0000727347,ジェイボーイ,0000340066,ディアブロ(USA),0000278825,ノズカダイヤ,0000337092,Devil's Bag(USA),0000179392,ヤエノダイヤ
0000890735,ジェイラッカー,0000333886,スキャン(USA),0000618421,グランドレイル,0000335975,Mr. Prospector(USA),0000337527,オジジアン(USA)
0000743043,ジェダイト,0000333862,サンデーサイレンス(USA),0000409705,グリーンポーラ(USA),0000335154,Halo(USA),0000333996,Nijinsky(CAN)
0001208655,ジェッシージェニー,0000995275,ストロングリターン,0001087996,セッカチクイーン,0000700008,シンボリクリスエス(USA),0000725727,スズカマンボ
0000277838,ジェットストリーム,0000113474,サチエノヒリユウ,0000195362,ダイサクソプラノ,0000040167,スマノダイドウ,0000455941,エルソプラノ(FR)
0001122699,ジェネクラージュ,0000619835,デュランダル,0000719874,ヴァルールーズ(GB),0000333862,サンデーサイレンス(USA),0000342649,Nashwan(USA)
0000612314,ジェネスアリダー,0000237594,ヒシアリダー(USA),0000213050,ホクトプロスパー,0000336305,Alydar(USA),0000336397,Dixieland Band(USA)
0001122916,ジェネラルグラント,0000848478,ロージズインメイ(USA),0000724136,グリントウィーク,0000339820,Devil His Due(USA),0000293624,スペシャルウィーク
0001157678,ジェネラルゴジップ,0000742976,ディープインパクト,0001112110,ゴジップガール(USA),0000333862,サンデーサイレンス(USA),0000342430,Dynaformer(USA)
0001206982,ジェネラーレウーノ,0000801447,スクリーンヒーロー,0001088836,シャンハイロック,0000299089,グラスワンダー(USA),0000714421,ロックオブジブラルタル(IRE)
0001126915,ジェベルムーサ,0000324933,アグネスタキオン,0001003731,アビラ(GB),0000333862,サンデーサイレンス(USA),0000714421,ロックオブジブラルタル(IRE)
0000316372,ジェミードレス,0000161740,トニービン(IRE),0000201707,ブリリアントカット,0000336378,カンパラ(GB),0000333544,ノーザンテースト(CAN)
0000239827,ジェラシー,0000142620,スマノヒツト,0000113155,キリーエンジエル,0000040167,スマノダイドウ,0000455893,フロルア(FR)
0000701614,ジェリクル,0000201489,メジロライアン,0000384026,キトゥントリックス(USA),0000098122,アンバーシヤダイ,0000337102,Storm Cat(USA)
0000996794,ジェルミナル,0000324933,アグネスタキオン,0000731344,オンブルリジェール(IRE),0000333862,サンデーサイレンス(USA),0000343158,Double Bed(FR)
0001110862,ジェンティルドンナ,0000742976,ディープインパクト,0000906036,ドナブリーニ(GB),0000333862,サンデーサイレンス(USA),0000369590,Bertolini(USA)
0001263667,ジェントゥー,0001110554,ディープブリランテ,0000808324,トップオブザヒル,0000742976,ディープインパクト,0000362799,フレンチデピュティ(USA)
0000303419,ジェントルハート,0000219305,ゴールデンゼウス,0000176280,マエコウドリーム,0000098122,アンバーシヤダイ,0000333480,サンシー(FR)
0000286800,ジェントルフォーク,0000333792,スリルシヨー(USA),0000382730,ジエンテイール(USA),0000335989,Northern Baby(CAN),0000333906,Irish Castle(USA)
0001189621,ジッパーレーン,0000742976,ディープインパクト,0000994001,カウアイレーン,0000333862,サンデーサイレンス(USA),0000729458,キングカメハメハ
0001111249,ジノラッド,0000333903,ペルジノ(USA),0001111248,High Royale(AUS),0000336082,Danzig(USA),0000342137,King's High(AUS)
0000853103,ジャイアンツエール,0000372708,Giant's Causeway(USA),0000444366,Reunion(IRE),0000337102,Storm Cat(USA),0000335936,Be My Guest(USA)
0001124739,ジャイアントリープ,0000701577,ネオユニヴァース,0000756907,ラフィントレイル,0000333862,サンデーサイレンス(USA),0000299155,エルコンドルパサー(USA)
0001220801,ジャカランダシティ,0000719054,ヨハネスブルグ(USA),0001110610,クラヴェジーナ,0000362819,ヘネシー(USA),0000324933,アグネスタキオン
0000800790,ジャガーメイル,0000325200,ジャングルポケット,0000262822,ハヤベニコマチ,0000161740,トニービン(IRE),0000333862,サンデーサイレンス(USA)
0001185082,ジャコマル,0001050184,ダノンシャンティ,0000617520,ピュアウィンク,0000262443,フジキセキ,0000161740,トニービン(IRE)
0001151011,ジャジャウマナラシ,0000704212,アサクサデンエン(GB),0000616541,シルクジュリエット,0000263172,Singspiel(IRE),0000256512,マーベラスサンデー
0001106251,ジャスタウェイ,0000722158,ハーツクライ,0000619968,シビル,0000333862,サンデーサイレンス(USA),0000336574,Wild Again(USA)
0001027109,ジャストアズウェル,0000339653,A.P. Indy(USA),0000621356,No Matter What(USA),0000335964,Seattle Slew(USA),0000336085,Nureyev(USA)
0001191235,ジャストザマリン,0001110554,ディープブリランテ,0001100816,ラヴアズギフト(USA),0000742976,ディープインパクト,0000621100,Tiznow(USA)
0001154850,ジャストドゥイング,0000701668,ゼンノロブロイ,0000806095,ストラテジー,0000333862,サンデーサイレンス(USA),0000362799,フレンチデピュティ(USA)
0000308978,ジャストバンディト,0000333874,ジェイドロバリー(USA),0000201717,スルーエンジェル,0000335975,Mr. Prospector(USA),0000333544,ノーザンテースト(CAN)
0001151538,ジャストフォーユー,0000293624,スペシャルウィーク,0000701929,トーセンフォーユー,0000333862,サンデーサイレンス(USA),0000161740,トニービン(IRE)
0000995549,ジャストルーラー,0000729458,キングカメハメハ,0000701514,フウレイカ,0000347989,Kingmambo(USA),0000333862,サンデーサイレンス(USA)
0000701779,ジャズアップ,0000333874,ジェイドロバリー(USA),0000201784,ビーバップ,0000335975,Mr. Prospector(USA),0000098122,アンバーシヤダイ
0000743115,ジャズファンク,0000225628,サクラバクシンオー,0000286922,ドゥーワップ,0000145106,サクラユタカオー,0000333874,ジェイドロバリー(USA)
0001141621,ジャッカスバーク,0000700008,シンボリクリスエス(USA),0000891693,ウェスタリーズ,0000336209,Kris S.(USA),0000262443,フジキセキ
0001160401,ジャッカルベリー,0000620927,ストーミングホーム(GB),0000871093,Claba di San Jore(IRE),0000337496,Machiavellian(USA),0000337692,Barathea(IRE)
0000091201,ジャッキー,0000333426,コントライト(USA),0000378473,フジヒメ,0000334000,Never Say Die(USA),0000002249,ヤサカ(NZ)
0000725263,ジャッキーテースト,0000358543,カーネギー(IRE),0000441688,ジャッキーマックス(IRE),0000336572,Sadler's Wells(USA),0000341978,Sexton Blake(IRE)
0000874250,ジャックサリヴァン,0000339656,Belong to Me(USA),0000866670,Provisions(USA),0000336082,Danzig(USA),0000337092,Devil's Bag(USA)
0001133255,ジャックトマメノキ,0000725485,ダイワメジャー,0000245452,ゴールデンジャック,0000333862,サンデーサイレンス(USA),0000337421,アフリート(CAN)
0000806609,ジャックレイホウ,0000309184,アドマイヤベガ,0000383977,レディアイスキューブス(USA),0000333862,サンデーサイレンス(USA),0000339836,Gulch(USA)
0001155604,ジャポニカーラ,0000325200,ジャングルポケット,0000886896,グリッターカーラ,0000161740,トニービン(IRE),0000362799,フレンチデピュティ(USA)
0000994116,ジャミール,0000286968,ステイゴールド,0000433350,ジャスーラー(IRE),0000333862,サンデーサイレンス(USA),0000336572,Sadler's Wells(USA)
0000853099,ジャリスコライト,0000369753,ファンタスティックライト(USA),0000397887,Chancey Squaw(USA),0000337553,Rahy(USA),0000337339,Chief's Crown(USA)
0001108207,ジャングルクルーズ,0000325200,ジャングルポケット,0000730335,フィヨルドクルーズ,0000161740,トニービン(IRE),0000333862,サンデーサイレンス(USA)
0000996474,ジャングルストーン,0000325200,ジャングルポケット,0000725780,キングスミール,0000161740,トニービン(IRE),0000337450,Theatrical(IRE)
0000802284,ジャングルテクノ,0000325200,ジャングルポケット,0000286922,ドゥーワップ,0000161740,トニービン(IRE),0000333874,ジェイドロバリー(USA)
0001043589,ジャングルハヤテ,0000325200,ジャングルポケット,0000306569,アイライクユー,0000161740,トニービン(IRE),0000336853,ダンシングブレーヴ(USA)
0000325200,ジャングルポケット,0000161740,トニービン(IRE),0000383950,ダンスチャーマー(USA),0000336378,カンパラ(GB),0000336085,Nureyev(USA)
0000182444,ジャンダルム,0000334285,Habitat(USA),0000390813,Great Guns(GB),0000335850,Sir Gaylord(USA),0000334011,Busted(GB)
0001096634,ジャンナ,0000611525,タニノギムレット,0000808449,エーゲリア(USA),0000333844,ブライアンズタイム(USA),0000372708,Giant's Causeway(USA)
0001092038,ジャービス,0000701668,ゼンノロブロイ,0000431790,トネスボウス(USA),0000333862,サンデーサイレンス(USA),0000336082,Danzig(USA)
0001168877,ジュエラー,0001046333,ヴィクトワールピサ,0000719759,バルドウィナ(FR),0000701577,ネオユニヴァース,0000340407,Pistolet Bleu(IRE)
0000309118,ジュエリーソード,0000161740,トニービン(IRE),0000190810,サファイアブルー,0000336378,カンパラ(GB),0000069360,マルゼンスキー
0001046468,ジュエルオブナイル,0000619835,デュランダル,0000449259,レディオブチャド(IRE),0000333862,サンデーサイレンス(USA),0000337436,ラストタイクーン(IRE)
0000079585,ジュエルクイーン,0000333337,ホワイトフアイア(FR),0000380749,ネロリ(FR),0000334416,Petition(GB),0000334197,Dan Cupid(USA)
0001153973,ジュエルメーカー,0000749845,エンパイアメーカー(USA),0000760694,ステラマドレード,0000340629,Unbridled(USA),0000337550,フォーティナイナー(USA)
0001189845,ジュニエーブル,0000739144,スズカフェニックス,0000997205,ピーチフィズ,0000333862,サンデーサイレンス(USA),0000375505,スウェプトオーヴァーボード(USA)
0001153466,ジュヒョウ,0000286968,ステイゴールド,0000750359,アスピリンスノー,0000333862,サンデーサイレンス(USA),0000299155,エルコンドルパサー(USA)
0000613973,ジュピターシチー,0000201489,メジロライアン,0000259868,シルヴィアシチー,0000098122,アンバーシヤダイ,0000069360,マルゼンスキー
0000298086,ジュピテリアン,0000161734,アレミロード(USA),0000225167,ジュピターガール,0000334546,Tom Rolfe(USA),0000333769,パークリージエント(CAN)
0001220855,ジュランビル,0000901749,キンシャサノキセキ(AUS),0001111136,アリー(USA),0000262443,フジキセキ,0000338072,Deputy Minister(CAN)
0000728751,ジュレップ,0000361855,エンドスウィープ(USA),0000384079,ベリーローズ(FR),0000337550,フォーティナイナー(USA),0000337560,Dancing Spree(USA)
0001173794,ジュンゲル,0000901749,キンシャサノキセキ(AUS),0001036847,マンデルーシュ(GER),0000262443,フジキセキ,0000182482,Alwuhush(USA)
0001173844,ジュンザワールド,0000701668,ゼンノロブロイ,0001040676,マザーウェル,0000333862,サンデーサイレンス(USA),0000700008,シンボリクリスエス(USA)
0001151228,ジュンスパーヒカル,0000626942,ファルブラヴ(IRE),0000620127,フラッシュウェーブ,0000337427,Fairy King(USA),0000333862,サンデーサイレンス(USA)
0001151500,ジュンツバサ,0000286968,ステイゴールド,0000701695,ピンクガーター,0000333862,サンデーサイレンス(USA),0000337421,アフリート(CAN)
0001206302,ジュンドリーム,0001164976,トビーズコーナー(USA),0001044406,ディアコトミ,0001127392,Bellamy Road(USA),0000372825,プリサイスエンド(USA)
0001157299,ジュンファイトクン,0000299089,グラスワンダー(USA),0001048543,キャニオンビュー,0000336890,Silver Hawk(USA),0000701577,ネオユニヴァース
0001187842,ジュンヴァリアス,0000619835,デュランダル,0000803487,ゴッドビラブドミー,0000333862,サンデーサイレンス(USA),0000333844,ブライアンズタイム(USA)
0001169357,ジュンヴァルカン,0000701577,ネオユニヴァース,0000729342,ピンクリップス,0000333862,サンデーサイレンス(USA),0000361855,エンドスウィープ(USA)
0001209867,ジュンヴァルロ,0001051578,New Approach(IRE),0001209458,ウェイクミーアップ(IRE),0000714343,Galileo(IRE),0000714421,ロックオブジブラルタル(IRE)
0001045759,ジュヴェビアン,0000262443,フジキセキ,0000383655,チカリー(IRE),0000333862,サンデーサイレンス(USA),0000336572,Sadler's Wells(USA)
0001187443,ジューヌエコール,0000615577,クロフネ(USA),0000763089,ルミナスポイント,0000362799,フレンチデピュティ(USA),0000324933,アグネスタキオン
0001168174,ジュールポレール,0000742976,ディープインパクト,0000619977,サマーナイトシティ,0000333862,サンデーサイレンス(USA),0000365099,エリシオ(FR)
0000731660,ジューンキングプローン,0000337424,デインヒル(USA),0000731661,Western Chorus(NZ),0000336082,Danzig(USA),0000341241,Western Symphony(USA)
0001120018,ジョアンシーピン,0000225628,サクラバクシンオー,0000324572,ニシノブレスレット,0000145106,サクラユタカオー,0000333862,サンデーサイレンス(USA)
0000999210,ジョイフルウィナー,0000360686,El Moxie(USA),0000971628,Northern Tycoon(AUS),0000336424,Conquistador Cielo(USA),0000337436,ラストタイクーン(IRE)
0000890805,ジョイフルスマイル,0000255813,マヤノトップガン,0000619547,ゴーオンマイウェイ,0000333844,ブライアンズタイム(USA),0000340556,ジョリーズヘイロー(USA)
0000729119,ジョイフルハート,0000225628,サクラバクシンオー,0000383409,マイワイルドフラワー(USA),0000145106,サクラユタカオー,0000336769,Topsider(USA)
0000314237,ジョウテンブレーヴ,0000336853,ダンシングブレーヴ(USA),0000243055,タクノギャル,0000334968,Lyphard(USA),0000333637,ロイヤルスキー(USA)
0000707171,ジョウノカトリーヌ,0000333862,サンデーサイレンス(USA),0000260277,ジョウノカオルコ,0000335154,Halo(USA),0000140567,シンボリルドルフ
0000800574,ジョウノガーベラ,0000337421,アフリート(CAN),0000260277,ジョウノカオルコ,0000335975,Mr. Prospector(USA),0000140567,シンボリルドルフ
0000756856,ジョウノナンシー,0000362799,フレンチデピュティ(USA),0000275282,シーズグレイス,0000338072,Deputy Minister(CAN),0000333862,サンデーサイレンス(USA)
0001104776,ジョウノバッカス,0000324933,アグネスタキオン,0000329103,ジョウノイザベラ,0000333862,サンデーサイレンス(USA),0000342675,ウォーニング(GB)
0000799250,ジョウノパンジー,0000287925,タイキシャトル(USA),0000233588,ジョウノマチエール,0000337092,Devil's Bag(USA),0000069360,マルゼンスキー
0000737978,ジョウノビクトリア,0000333862,サンデーサイレンス(USA),0000219937,ミヤビサクラコ,0000335154,Halo(USA),0000333544,ノーザンテースト(CAN)
0000304250,ジョウノブラボー,0000333856,ボーザム(NZ),0000125503,ダイナバーデイ,0000333962,Zamazaan(FR),0000333544,ノーザンテースト(CAN)
0000988071,ジョウノワンダー,0000324971,マンハッタンカフェ,0000245191,ジョウノエンジェル,0000333862,サンデーサイレンス(USA),0000061253,トウシヨウボーイ
0001115584,ジョシュアツリー,0000369845,Montjeu(IRE),0000717234,Madeira Mist(IRE),0000336572,Sadler's Wells(USA),0000337862,Grand Lodge(USA)
0000614235,ジョッシュ,0000203356,メジロマックイーン,0000383204,ハルクザヘラルド(NZ),0000110447,メジロテイターン,0000337177,Red Tempo(NZ)
0000266223,ジョディー,0000333725,アーテイアス(USA),0000189458,ローマンレデイ,0000345057,Round Table(USA),0000333640,ブレイヴエストローマン(USA)
0001048848,ジョディーズライン,0000615577,クロフネ(USA),0000725327,プリティジョディー,0000362799,フレンチデピュティ(USA),0000274883,ダンスインザダーク
0001120678,ジョディーズロマン,0000742996,サムライハート,0000384143,ジョディーディア(USA),0000333862,サンデーサイレンス(USA),0000337445,Woodman(USA)
0000889731,ジョニーバローズ,0000325200,ジャングルポケット,0000405169,モーリストンベル(CAN),0000161740,トニービン(IRE),0000339833,Herat(USA)
0000843252,ジョハー,0000225912,Johann Quatz(FR),0000750619,Star des Evees(FR),0000336572,Sadler's Wells(USA),0000341114,Moulin(GB)
0001209250,ジョブックコメン,0000804714,ドリームジャーニー,0001047924,カルトマリーヌ,0000286968,ステイゴールド,0000615577,クロフネ(USA)
0001200725,ジョリルミエール,0000742999,ヴァーミリアン,0000319725,マチカネヒザクラ,0000299155,エルコンドルパサー(USA),0000337424,デインヒル(USA)
0000727985,ジョリーダンス,0000274883,ダンスインザダーク,0000383917,ピーターホフズパティア(USA),0000333862,サンデーサイレンス(USA),0000341757,Peterhof(USA)
0000750315,ジョリーノエル,0000293624,スペシャルウィーク,0000298405,クリスマスツリー,0000333862,サンデーサイレンス(USA),0000161740,トニービン(IRE)
0001168104,ジョルジュサンク,0001046333,ヴィクトワールピサ,0000618741,ハリウッドローズ,0000701577,ネオユニヴァース,0000362599,ラムタラ(USA)
0000731063,ジョワドヴィーヴル,0000293624,スペシャルウィーク,0000274964,ワインアンドローズ,0000333862,サンデーサイレンス(USA),0000333822,ジヤツジアンジエルーチ(USA)
0000299422,ジョンカラノテガミ,0000336132,Vice Regent(CAN),0000414121,Bet Her Name(USA),0000334002,Northern Dancer(CAN),0000335001,Better Bee(USA)
0001110966,ジョングルール,0000742976,ディープインパクト,0001015936,デルモニコキャット(USA),0000333862,サンデーサイレンス(USA),0000337102,Storm Cat(USA)
0001110629,ジョヴァンニ,0000760877,アドマイヤムーン,0000876530,オータムメロディー(FR),0000361855,エンドスウィープ(USA),0000347989,Kingmambo(USA)
0001093021,ジョーアカリン,0000611525,タニノギムレット,0000619661,ジョーマリコ,0000333844,ブライアンズタイム(USA),0000256512,マーベラスサンデー
0001088387,ジョーアラマート,0000294840,キングヘイロー,0000275662,タイキフレグランス(USA),0000336853,ダンシングブレーヴ(USA),0000336769,Topsider(USA)
0000888236,ジョーイロンデル,0000615577,クロフネ(USA),0000324970,ジョーテンオン,0000362799,フレンチデピュティ(USA),0000333862,サンデーサイレンス(USA)
0000995651,ジョーカプチーノ,0000324971,マンハッタンカフェ,0000702390,ジョープシケ,0000333862,サンデーサイレンス(USA),0000274915,フサイチコンコルド
0000731239,ジョージアンキング,0000347989,Kingmambo(USA),0000719849,ジョージアンベイ(USA),0000335975,Mr. Prospector(USA),0000337102,Storm Cat(USA)
0000725717,ジョージサクラ,0000225628,サクラバクシンオー,0000211797,スプリングジョージ,0000145106,サクラユタカオー,0000333608,ミルジヨージ(USA)
0001190821,ジョーストリクトリ,0000995651,ジョーカプチーノ,0001088387,ジョーアラマート,0000324971,マンハッタンカフェ,0000294840,キングヘイロー
0000760969,ジョースマイル,0000237704,ホワイトマズル(GB),0000326462,ニコニコ,0000336853,ダンシングブレーヴ(USA),0000336880,シアトルダンサーⅡ(USA)
0000316931,ジョーディシラオキ,0000337527,オジジアン(USA),0000154847,ジヨーデイアレスト,0000334660,Damascus(USA),0000044000,キタノカチドキ
0000298152,ジョービッグバン,0000333862,サンデーサイレンス(USA),0000178808,ジョーセイバー,0000335154,Halo(USA),0000333544,ノーザンテースト(CAN)
0000618614,ジョーフュージョン,0000339572,オペラハウス(GB),0000179565,ジョーエスペランス,0000336572,Sadler's Wells(USA),0000114852,バンブーアトラス
0000995615,ジョーベルスター,0000308300,アドマイヤコジーン,0000701941,ベルエアー,0000337423,Cozzene(USA),0000333874,ジェイドロバリー(USA)
0000988703,ジョーメテオ,0000701577,ネオユニヴァース,0000262191,ジョーセクレタリー,0000333862,サンデーサイレンス(USA),0000161740,トニービン(IRE)
0001045322,ジョーヴァリアント,0000308300,アドマイヤコジーン,0000327735,ジョーヴィヴィット,0000337423,Cozzene(USA),0000274883,ダンスインザダーク
0000761790,ジラソーレ,0000262437,タヤスツヨシ,0000383701,ベジンスキー(USA),0000333862,サンデーサイレンス(USA),0000333996,Nijinsky(CAN)
0001095232,ジンクアッシュ,0000324933,アグネスタキオン,0000732819,アーモンドパサー,0000333862,サンデーサイレンス(USA),0000299155,エルコンドルパサー(USA)
0000769507,ジンクライシス,0000368654,Subordination(USA),0000766318,デアリングヴァース(USA),0000336553,Mt. Livermore(USA),0000340635,Opening Verse(USA)
0000760533,ジンデンバリュー,0000182480,アサティス(USA),0000319489,ダイヤモンドダスト,0000336769,Topsider(USA),0000213000,カリスタグローリ
0001042176,ジーエスライカー,0000310467,サウスヴィグラス(USA),0000278469,エイシンシルバー,0000361855,エンドスウィープ(USA),0000343203,Lost Code(USA)
0001106048,ジークジオン,0000611525,タニノギムレット,0000617530,ウインクルアーリー,0000333844,ブライアンズタイム(USA),0000361977,サンダーガルチ(USA)
0000329209,ジーティースマイル,0000213000,カリスタグローリ,0000260867,チェリーパワー,0000333640,ブレイヴエストローマン(USA),0000182480,アサティス(USA)
0001205115,ジーナスイート,0000286968,ステイゴールド,0000987542,ディアジーナ,0000333862,サンデーサイレンス(USA),0000203356,メジロマックイーン
0000324835,ジーナフォンテン,0000262442,ベストタイアップ,0000225167,ジュピターガール,0000098122,アンバーシヤダイ,0000333769,パークリージエント(CAN)
0000047355,ジーニアス,0000455663,リキスベビー,0000458542,ムサシイズミ,0000333109,サラ　クラツクセフト,0000455602,ズイウン
0001120972,ジーニマジック,0000725485,ダイワメジャー,0000449832,ベッラベリッシモ(IRE),0000333862,サンデーサイレンス(USA),0000339659,Alzao(USA)
0000045498,ジーブラック,0000333301,ラークスパー(IRE),0000012439,タニノテイエポロ,0000334000,Never Say Die(USA),0000333225,テイエポロ(ITY)
0001194152,ジープルメリア,0001031979,ストリートセンス(USA),0000452784,Song of Africa(USA),0000621983,Street Cry(IRE),0000339659,Alzao(USA)
0000245354,ジーンハンター,0000161185,シンチェスト,0000170795,シンシヤープ,0000030382,タイテエム,0000333593,ラツキーソブリン(USA)
0000996015,スイリンカ,0000369358,ワイルドラッシュ(USA),0000706911,フリーバード,0000336574,Wild Again(USA),0000337421,アフリート(CAN)
0000802484,スイングロウ,0000274883,ダンスインザダーク,0000290972,イシノスイング,0000333862,サンデーサイレンス(USA),0000333878,リズム(USA)
0000735565,スイートアリッサム,0000262443,フジキセキ,0000274917,リキパラダイス,0000333862,サンデーサイレンス(USA),0000333887,ヘクタープロテクター(USA)
0001043092,スイートエスケープ,0000287925,タイキシャトル(USA),0000298282,ワイルドフラワー,0000337092,Devil's Bag(USA),0000336574,Wild Again(USA)
0000890923,スイートカルタゴ,0000333887,ヘクタープロテクター(USA),0000620394,スイートアスペン,0000337445,Woodman(USA),0000140567,シンボリルドルフ
0001139003,スイートガーデン,0000722797,ブラックタイド,0000742819,スイートリヴァー,0000333862,サンデーサイレンス(USA),0000225913,パラダイスクリーク(USA)
0001123582,スイートサルサ,0000619835,デュランダル,0000732032,スイートハビタット(IRE),0000333862,サンデーサイレンス(USA),0000337862,Grand Lodge(USA)
0001109252,スイートジュエリー,0000729458,キングカメハメハ,0000750759,スイートテイスト(USA),0000347989,Kingmambo(USA),0000339861,Salt Lake(USA)
0001102512,スイートスズラン,0000700008,シンボリクリスエス(USA),0000287830,スイートケンメア(IRE),0000336209,Kris S.(USA),0000336570,Kenmare(FR)
0001126877,スイートドーナッツ,0000375505,スウェプトオーヴァーボード(USA),0000999094,スイートプラド(USA),0000361855,エンドスウィープ(USA),0000340508,El Prado(IRE)
0000991466,スイートマトルーフ,0000293624,スペシャルウィーク,0000310685,スイートフルーレ(USA),0000333862,サンデーサイレンス(USA),0000336430,Green Desert(USA)
0000901671,スイートローレライ,0000337553,Rahy(USA),0000405791,Kenbu(FR),0000335274,Blushing Groom(FR),0000336570,Kenmare(FR)
0000726199,スイープトウショウ,0000361855,エンドスウィープ(USA),0000266567,タバサトウショウ,0000337550,フォーティナイナー(USA),0000336853,ダンシングブレーヴ(USA)
0000728935,スウィフトカレント,0000333862,サンデーサイレンス(USA),0000439039,ホワイトウォーターアフェア(GB),0000335154,Halo(USA),0000337496,Machiavellian(USA)
0000615022,スウィートエルフ,0000166681,タマモクロス,0000268482,ダンシングエルフ,0000082169,シービークロス,0000336853,ダンシングブレーヴ(USA)
0000723512,スウィープアウェイ,0000361855,エンドスウィープ(USA),0000190953,カッティングエッジ,0000337550,フォーティナイナー(USA),0000333374,フアバージ(FR)
0001205181,スウォナーレ,0000807282,フリオーソ,0000988701,サイキカンパツ,0000333844,ブライアンズタイム(USA),0000333901,ティンバーカントリー(USA)
0000995924,スウッシュ,0000368659,コロナドズクエスト(USA),0000705893,アクアフレスカ,0000337550,フォーティナイナー(USA),0000342675,ウォーニング(GB)
0000882400,スエズ,0000309184,アドマイヤベガ,0000225845,マチカネアイーダ(USA),0000333862,サンデーサイレンス(USA),0000336305,Alydar(USA)
0000294881,スエヒロコマンダー,0000333894,コマンダーインチーフ(GB),0000231337,スエヒロジョウオー,0000336853,ダンシングブレーヴ(USA),0000116608,トウシヨウペガサス
0000313965,スカイアンドリュウ,0000337983,ポリッシュパトリオット(USA),0000202788,エナジートウショウ,0000336082,Danzig(USA),0000061253,トウシヨウボーイ
0001118851,スカイキューティー,0000293624,スペシャルウィーク,0000299315,スギノキューティー(USA),0000333862,サンデーサイレンス(USA),0000336090,Majestic Light(USA)
0001103964,スカイディグニティ,0000333844,ブライアンズタイム(USA),0000317828,ナイストレビアン,0000335167,Roberto(USA),0000333544,ノーザンテースト(CAN)
0000995167,スカイノダン,0000225628,サクラバクシンオー,0000619968,シビル,0000145106,サクラユタカオー,0000336574,Wild Again(USA)
0000326207,スカイバレンタイン,0000337848,デヒア(USA),0000384151,アリダーズヴァレンタイン(USA),0000338072,Deputy Minister(CAN),0000336305,Alydar(USA)
0000613324,スカイパッション,0000166681,タマモクロス,0000176308,ニーストウシヨウ,0000082169,シービークロス,0000098122,アンバーシヤダイ
0001088811,スカラブレイ,0000701668,ゼンノロブロイ,0000287774,トキオタヒーチ(USA),0000333862,サンデーサイレンス(USA),0000336574,Wild Again(USA)
0001208756,スカーレットカラー,0001046333,ヴィクトワールピサ,0001121817,ヴェントス,0000701577,ネオユニヴァース,0000731452,ウォーエンブレム(USA)
0000884751,スカーレットライン,0000275436,バトルライン(USA),0000279441,フェスタデルドンナ,0000337527,オジジアン(USA),0000333887,ヘクタープロテクター(USA)
0001103801,スカーレル,0000619768,ゴールドアリュール,0000316287,ドライアッド,0000333862,サンデーサイレンス(USA),0000161740,トニービン(IRE)
0000130615,スガノキング,0000014837,キタノダイオー,0000042537,サラ　コートレリツク,0000333245,サラ　ダイハード(GB),0000333359,ヴエンチア(GB)
0000993566,スガノメダリスト,0000729458,キングカメハメハ,0000383778,プレイリースカイ(CAN),0000347989,Kingmambo(USA),0000337432,Gone West(USA)
0000257689,スキップジャック,0000333863,ハープアイル(USA),0000199461,フェアリーブルー,0000336086,Sharpen Up(GB),0000333741,ターナボス(GB)
0001094874,スギノエンデバー,0000225628,サクラバクシンオー,0000728167,シャイニングピアス,0000145106,サクラユタカオー,0000333844,ブライアンズタイム(USA)
0001090329,スクランブルエッグ,0000287925,タイキシャトル(USA),0000316307,サニーサイドアップ,0000337092,Devil's Bag(USA),0000333901,ティンバーカントリー(USA)
0000801447,スクリーンヒーロー,0000299089,グラスワンダー(USA),0000274839,ランニングヒロイン,0000336890,Silver Hawk(USA),0000333862,サンデーサイレンス(USA)
0001120605,スクワドロン,0000615577,クロフネ(USA),0000383911,ホワットケイティーディド(USA),0000362799,フレンチデピュティ(USA),0000336085,Nureyev(USA)
0000702333,スクールボーイ,0000274915,フサイチコンコルド,0000188930,ユートガビー,0000336202,Caerleon(USA),0000061253,トウシヨウボーイ
0000721147,スシトレイン,0000338072,Deputy Minister(CAN),0000714057,Preparation(USA),0000336132,Vice Regent(CAN),0000341713,Easy Goer(USA)
0000619349,スズカアンゼラ,0000340630,ブラックタイアフェアー(IRE),0000274127,セトアンゼラ,0000336395,Miswaki(USA),0000337265,クリスタルグリツターズ(USA)
0001106661,スズカウインダー,0000725727,スズカマンボ,0000701663,サンウインダー,0000333862,サンデーサイレンス(USA),0000337421,アフリート(CAN)
0001219556,スズカカナロア,0001089850,ロードカナロア,0001086897,エカルラート,0000729458,キングカメハメハ,0000722158,ハーツクライ
0001190428,スズカグラーテ,0000310467,サウスヴィグラス(USA),0001046512,グーテデロワ,0000361855,エンドスウィープ(USA),0000293624,スペシャルウィーク
0000739148,スズカグレイス,0000333862,サンデーサイレンス(USA),0000268714,ワキアオブスズカ,0000335154,Halo(USA),0000336569,ダンスオブライフ(USA)
0000010857,スズカケ,0000333237,エイトラツクス(FR),0000005691,エアロー,0000334418,Pharis(FR),0000333147,フランクリー(USA)
0000853225,スズカコーズウェイ,0000372708,Giant's Causeway(USA),0000745608,フレンチリヴィエラ(USA),0000337102,Storm Cat(USA),0000362799,フレンチデピュティ(USA)
0000803243,スズカサンバ,0000324933,アグネスタキオン,0000299391,スプリングマンボ(GB),0000333862,サンデーサイレンス(USA),0000347989,Kingmambo(USA)
0000887991,スズカスペンサー,0000615577,クロフネ(USA),0000321158,ローマンスズカⅡ(USA),0000362799,フレンチデピュティ(USA),0000335964,Seattle Slew(USA)
0001095839,スズカセクレターボ,0000324933,アグネスタキオン,0000747990,セクレゴールド(USA),0000333862,サンデーサイレンス(USA),0000337444,Seeking the Gold(USA)
0000002125,スズカゼ,0000333075,プリメロ(GB),0000000124,第参パプース,0000334784,Blandford(IRE),0000333074,シアンモア(GB)
0000191819,スズカテイオー,0000333725,アーテイアス(USA),0000095558,スズカテスコ,0000345057,Round Table(USA),0000333299,テスコボーイ(GB)
0001149959,スズカディープ,0000742976,ディープインパクト,0000321158,ローマンスズカⅡ(USA),0000333862,サンデーサイレンス(USA),0000335964,Seattle Slew(USA)
0001138466,スズカデヴィアス,0000729458,キングカメハメハ,0000733266,スズカローラン,0000347989,Kingmambo(USA),0000333862,サンデーサイレンス(USA)
0000708214,スズカドリーム,0000333862,サンデーサイレンス(USA),0000268714,ワキアオブスズカ,0000335154,Halo(USA),0000336569,ダンスオブライフ(USA)
0000754159,スズカバーディー,0000324933,アグネスタキオン,0000233384,ニッポーバーディー,0000333862,サンデーサイレンス(USA),0000157042,ニツポーテイオー
0000735348,スズカパサー,0000299155,エルコンドルパサー(USA),0000410127,ケイジーイグザーベランス(USA),0000347989,Kingmambo(USA),0000337395,Exuberant(USA)
0000739144,スズカフェニックス,0000333862,サンデーサイレンス(USA),0000263045,ローズオブスズカ(IRE),0000335154,Halo(USA),0000337427,Fairy King(USA)
0001202494,スズカフェラリー,0000739144,スズカフェニックス,0000734237,スズカフォイル,0000333862,サンデーサイレンス(USA),0000362799,フレンチデピュティ(USA)
0000734237,スズカフォイル,0000362799,フレンチデピュティ(USA),0000622356,アンフォイルド(USA),0000338072,Deputy Minister(CAN),0000340629,Unbridled(USA)
0000735354,スズカブルーム,0000626597,スキャターザゴールド(CAN),0000223883,イエローブルーム,0000335975,Mr. Prospector(USA),0000333769,パークリージエント(CAN)
0001153496,スズカプレスト,0000725485,ダイワメジャー,0000751057,メジロプレスト,0000333862,サンデーサイレンス(USA),0000201489,メジロライアン
0001091872,スズカマジェスタ,0000725727,スズカマンボ,0000384207,マーゴーン(USA),0000333862,サンデーサイレンス(USA),0000341551,Dayjur(USA)
0001203100,スズカマンサク,0001089850,ロードカナロア,0000756052,スズカローズマリー,0000729458,キングカメハメハ,0000337421,アフリート(CAN)
0000725727,スズカマンボ,0000333862,サンデーサイレンス(USA),0000299391,スプリングマンボ(GB),0000335154,Halo(USA),0000347989,Kingmambo(USA)
0001192241,スズカメジャー,0000725485,ダイワメジャー,0001043242,スプリングサンダー,0000333862,サンデーサイレンス(USA),0000615577,クロフネ(USA)
0000804497,スズカライアン,0000201489,メジロライアン,0000314692,スマイルホープ,0000098122,アンバーシヤダイ,0000333898,エルハーブ(USA)
0000702120,スズカラムクン,0000362599,ラムタラ(USA),0000230106,アストレジャー,0000333996,Nijinsky(CAN),0000333808,テンパレートシル(USA)
0001186346,スズカロング,0001129430,ワークフォース(GB),0000733266,スズカローラン,0000372784,キングズベスト(USA),0000333862,サンデーサイレンス(USA)
0000733266,スズカローラン,0000333862,サンデーサイレンス(USA),0000321158,ローマンスズカⅡ(USA),0000335154,Halo(USA),0000335964,Seattle Slew(USA)
0000992334,スズカワグナー,0000369358,ワイルドラッシュ(USA),0000321158,ローマンスズカⅡ(USA),0000336574,Wild Again(USA),0000335964,Seattle Slew(USA)
0000732381,スズジャパン,0000369358,ワイルドラッシュ(USA),0000397807,Sue's Temper(USA),0000336574,Wild Again(USA),0000336307,Temperence Hill(USA)
0000890900,スズジュピター,0000611525,タニノギムレット,0000620115,ジュピターズジャズ,0000333844,ブライアンズタイム(USA),0000333862,サンデーサイレンス(USA)
0001122338,スズノネイロ,0000619835,デュランダル,0000705135,アグレス,0000333862,サンデーサイレンス(USA),0000333874,ジェイドロバリー(USA)
0000991490,スズノハミルトン,0000268975,エイシンサンディ,0000312957,イシノショウジ,0000333862,サンデーサイレンス(USA),0000145106,サクラユタカオー
0000701495,スズノマーチ,0000333901,ティンバーカントリー(USA),0000262303,サイレントプレアー,0000337445,Woodman(USA),0000333862,サンデーサイレンス(USA)
0000611381,スズノミヤビオー,0000114852,バンブーアトラス,0000144485,スズノミヤビ,0000333578,ジムフレンチ(USA),0000333552,フイリツプオブスペイン(GB)
0000990783,スズマーシャル,0000318327,ニューイングランド,0000303224,スズパラダイス,0000333862,サンデーサイレンス(USA),0000225913,パラダイスクリーク(USA)
0000997032,スタッドジェルラン,0000729458,キングカメハメハ,0000788431,タイトーク(USA),0000347989,Kingmambo(USA),0000340630,ブラックタイアフェアー(IRE)
0000883471,スタルカ,0000256512,マーベラスサンデー,0000254517,エレガントピコー,0000333862,サンデーサイレンス(USA),0000333840,ラシアンボンド(USA)
0000321239,スタンドオンエンド,0000361855,エンドスウィープ(USA),0000397984,Delaware Country(USA),0000337550,フォーティナイナー(USA),0000337440,Pancho Villa(USA)
0000090337,スターイレブン,0000333346,フオルテイノ(FR),0000034470,クリメリー,0000333952,Grey Sovereign(GB),0000333334,ダツパー(IRE)
0000626071,スターエルドラード,0000336082,Danzig(USA),0000439053,Electric Society(IRE),0000334002,Northern Dancer(CAN),0000336203,Law Society(USA)
0001175155,スターオブペルシャ,0000725485,ダイワメジャー,0001127438,ターフローズ(GER),0000333862,サンデーサイレンス(USA),0000342292,Big Shuffle(USA)
0000626072,スターキングマン,0000347989,Kingmambo(USA),0000407087,Princesse Timide(USA),0000335975,Mr. Prospector(USA),0000335274,Blushing Groom(FR)
0000137891,スターシップ,0000333641,サドンソー(CAN),0000023185,スズルージユ,0000334002,Northern Dancer(CAN),0000333213,ソロナウエー(IRE)
0001188612,スターストラック,0001103854,トーセンホマレボシ,0000886773,クルンプホルツ,0000742976,ディープインパクト,0000700008,シンボリクリスエス(USA)
0001108062,スターバリオン,0000619768,ゴールドアリュール,0000728666,カネツプリンセス,0000333862,サンデーサイレンス(USA),0000225628,サクラバクシンオー
0000325664,スターペスシンタ,0000333850,マジックマイルズ(USA),0000382254,ダイニヴエンチア,0000335975,Mr. Prospector(USA),0000333359,ヴエンチア(GB)
0000232854,スターボード,0000333732,クリスタルパレス(FR),0000146024,クリヤング,0000334731,Caro(IRE),0000333628,ノーザンネイテイヴ(CAN)
0000760993,スターライトルビー,0000369768,オース(IRE),0000326697,ルビーバーミリオン,0000337427,Fairy King(USA),0000333894,コマンダーインチーフ(GB)
0001204712,スターリバー,0000801447,スクリーンヒーロー,0000888611,サクラシンフォニー,0000299089,グラスワンダー(USA),0000369358,ワイルドラッシュ(USA)
0000319426,スターリングローズ,0000337421,アフリート(CAN),0000383350,コマーズ(CAN),0000335975,Mr. Prospector(USA),0000336082,Danzig(USA)
0001204976,スターリーステージ,0000742976,ディープインパクト,0000899522,スターアイル(IRE),0000333862,サンデーサイレンス(USA),0000714421,ロックオブジブラルタル(IRE)
0000705380,スターリーヘヴン,0000333862,サンデーサイレンス(USA),0000405771,パーフェクトサークル(GB),0000335154,Halo(USA),0000336202,Caerleon(USA)
0000876540,スチューデントカウンシル,0000347989,Kingmambo(USA),0000434246,Class Kris(USA),0000335975,Mr. Prospector(USA),0000336209,Kris S.(USA)
0001191593,スティッフェリオ,0000286968,ステイゴールド,0001131733,シリアスアティテュード(IRE),0000333862,サンデーサイレンス(USA),0000337561,Mtoto(GB)
0000707242,スティルインラブ,0000333862,サンデーサイレンス(USA),0000383321,ブラダマンテ(USA),0000335154,Halo(USA),0000335167,Roberto(USA)
0000724407,スティルウォーター,0000333901,ティンバーカントリー(USA),0000243706,コペルティーナ,0000337445,Woodman(USA),0000333747,サウスアトランテイツク(IRE)
0001049817,スティルゴールド,0000262443,フジキセキ,0000749847,カーラパワー(GB),0000333862,サンデーサイレンス(USA),0000336202,Caerleon(USA)
0001216536,スティルネス,0000314130,ゴールドヘイロー,0000801262,マツリダワルツ,0000333862,サンデーサイレンス(USA),0000365159,チーフベアハート(CAN)
0000196973,スティンガー,0000126219,シーハリアースタン,0000149938,クイーンズギフト,0000333626,ピツトカーン(IRE),0000044000,キタノカチドキ
0001154611,スティーグリッツ,0001115148,ハービンジャー(GB),0000802285,サンタフェソレイユ,0000372531,Dansili(GB),0000324933,アグネスタキオン
0000615581,スティーマー,0000337423,Cozzene(USA),0000396781,Je Comprend(USA),0000334731,Caro(IRE),0000336202,Caerleon(USA)
0001047938,スティールパス,0000701577,ネオユニヴァース,0000702473,ロイヤルペルラ,0000333862,サンデーサイレンス(USA),0000333844,ブライアンズタイム(USA)
0001140894,ステイインシアトル,0000286968,ステイゴールド,0000808409,シアトルサンセット(USA),0000333862,サンデーサイレンス(USA),0000339656,Belong to Me(USA)
0001171984,ステイパーシスト,0000286968,ステイゴールド,0000882975,ロマンシエール,0000333862,サンデーサイレンス(USA),0000321138,アグネスデジタル(USA)
0001205567,ステイフーリッシュ,0000286968,ステイゴールド,0000994001,カウアイレーン,0000333862,サンデーサイレンス(USA),0000729458,キングカメハメハ
0000993824,ステイマックス,0000286968,ステイゴールド,0000384179,シャンティーフレイズ(USA),0000333862,サンデーサイレンス(USA),0000334968,Lyphard(USA)
0000880182,ステキシンスケクン,0000336082,Danzig(USA),0000445840,Autumn Moon(USA),0000334002,Northern Dancer(CAN),0000335975,Mr. Prospector(USA)
0000618808,ステキプレゼント,0000262275,ジェニュイン,0000225189,アララットサン,0000333862,サンデーサイレンス(USA),0000333707,リアルシヤダイ(USA)
0000798977,ステップシチー,0000286968,ステイゴールド,0000229354,ベストウーマン,0000333862,サンデーサイレンス(USA),0000333707,リアルシヤダイ(USA)
0001141375,ステファノス,0000742976,ディープインパクト,0000887005,ココシュニック,0000333862,サンデーサイレンス(USA),0000615577,クロフネ(USA)
0001107971,ステラウインド,0000701668,ゼンノロブロイ,0000727888,ビーウインド,0000333862,サンデーサイレンス(USA),0000362681,スピニングワールド(USA)
0001156897,ステラスターライト,0000742976,ディープインパクト,0001020636,ノーブルステラ(GER),0000333862,サンデーサイレンス(USA),0000361091,Monsun(GER)
0000801468,ステラパラダイス,0000262443,フジキセキ,0000274917,リキパラダイス,0000333862,サンデーサイレンス(USA),0000333887,ヘクタープロテクター(USA)
0000760694,ステラマドレード,0000337550,フォーティナイナー(USA),0000321267,リキマドレード(USA),0000335975,Mr. Prospector(USA),0000336395,Miswaki(USA)
0001048499,ステラリード,0000293624,スペシャルウィーク,0000713693,ウェルシュステラ(IRE),0000333862,サンデーサイレンス(USA),0000347622,Zafonic(USA)
0001187746,ステラルージュ,0000801496,アドマイヤオーラ,0000801574,マザーズウィッシュ,0000324933,アグネスタキオン,0000287925,タイキシャトル(USA)
0001092222,ステラロッサ,0000722158,ハーツクライ,0000448819,レッドキャット(USA),0000333862,サンデーサイレンス(USA),0000337102,Storm Cat(USA)
0000613498,ステルスコンコルド,0000274915,フサイチコンコルド,0000190864,クリアーチヤーム,0000336202,Caerleon(USA),0000333374,フアバージ(FR)
0000884513,ステルスソニック,0000611525,タニノギムレット,0000274792,サンデーエイコーン,0000333844,ブライアンズタイム(USA),0000333862,サンデーサイレンス(USA)
0001109904,ステルミナート,0000308300,アドマイヤコジーン,0000763186,マイナーズジェム(USA),0000337423,Cozzene(USA),0000361279,Miner's Mark(USA)
0001204521,ステルヴィオ,0001089850,ロードカナロア,0000885874,ラルケット,0000729458,キングカメハメハ,0000626942,ファルブラヴ(IRE)
0000179076,ステンカラージン,0000333544,ノーザンテースト(CAN),0000110693,ラシアンヒロイン,0000334002,Northern Dancer(CAN),0000333495,ダストコマンダー(USA)
0001121025,ステージジャンプ,0000737164,アドマイヤジャパン,0000611523,ステージヴァージン,0000333862,サンデーサイレンス(USA),0000161740,トニービン(IRE)
0001048552,ステージプレゼンス,0000324933,アグネスタキオン,0000714951,ダンスーズデトワール(FR),0000333862,サンデーサイレンス(USA),0000336571,Highest Honor(FR)
0000620054,ストップザワールド,0000333874,ジェイドロバリー(USA),0000213879,サムライレディー,0000335975,Mr. Prospector(USA),0000334999,Graustark(USA)
0000246181,ストライクイーグル,0000088791,ニチドウアラシ,0000078318,レデイローヤル,0000333439,ボールドアンドエイブル(USA),0000333293,フイダルゴ(GB)
0001173476,ストライクショット,0000626942,ファルブラヴ(IRE),0000996144,タイトルパート,0000337427,Fairy King(USA),0000324933,アグネスタキオン
0000199641,ストラスアイラ,0000333608,ミルジヨージ(USA),0000037837,フアインハツピモア,0000334047,Mill Reef(USA),0000333308,テインホイツスル(IRE)
0000729700,ストラタジェム,0000333862,サンデーサイレンス(USA),0000434159,ミュンシー(IRE),0000335154,Halo(USA),0000336572,Sadler's Wells(USA)
0000319718,ストラテジー,0000166681,タマモクロス,0000159082,パワーダツシユ,0000082169,シービークロス,0000069360,マルゼンスキー
0001157054,ストリートキャップ,0000619768,ゴールドアリュール,0001041893,ミンナノアイドル,0000333862,サンデーサイレンス(USA),0000177650,オグリキャップ
0000889959,ストリートスタイル,0000309184,アドマイヤベガ,0000439190,フィラストリート(USA),0000333862,サンデーサイレンス(USA),0000337423,Cozzene(USA)
0001108396,ストレイトガール,0000262443,フジキセキ,0000732852,ネヴァーピリオド,0000333862,サンデーサイレンス(USA),0000287925,タイキシャトル(USA)
0000706726,ストレイラルホーク,0000336890,Silver Hawk(USA),0000406957,Masake(CAN),0000335167,Roberto(USA),0000337082,Master Willie(GB)
0001156553,ストレンジクォーク,0000760084,メイショウサムソン,0000993928,フェルミオン,0000339572,オペラハウス(GB),0000324933,アグネスタキオン
0001045133,ストレンジラブ,0000701577,ネオユニヴァース,0000326089,フェアリークイーン,0000333862,サンデーサイレンス(USA),0000336202,Caerleon(USA)
0001141258,ストロベリーキング,0000722158,ハーツクライ,0000884702,ドリームエンブレム,0000333862,サンデーサイレンス(USA),0000731452,ウォーエンブレム(USA)
0000614708,ストロベリードール,0000207667,ヤマニンゼファー,0000268879,リアルダンシング,0000129863,ニホンピロウイナー,0000159702,ウインドストース
0000995659,ストロングガルーダ,0000274883,ダンスインザダーク,0000702482,フェニックスバード,0000333862,サンデーサイレンス(USA),0000347989,Kingmambo(USA)
0001136720,ストロングサウザー,0000722158,ハーツクライ,0000622058,エヴァンタイユ(USA),0000333862,サンデーサイレンス(USA),0000336869,Lear Fan(USA)
0001179452,ストロングタイタン,0001127215,Regal Ransom(USA),0001086073,タイタンクイーン(USA),0000365171,Distorted Humor(USA),0000621100,Tiznow(USA)
0000701588,ストロングドン,0000201489,メジロライアン,0000262933,ユーキャンフライ(USA),0000098122,アンバーシヤダイ,0000337421,アフリート(CAN)
0001209751,ストロングバローズ,0000744351,Mineshaft(USA),0001074951,Chelsea Ballad(USA),0000339653,A.P. Indy(USA),0000621983,Street Cry(IRE)
0000611946,ストロングブラッド,0000207623,トウカイテイオー,0000250121,ワイプザアイ(USA),0000140567,シンボリルドルフ,0000339836,Gulch(USA)
0000067586,ストロングポイント,0000333389,バダクシヤーン(FR),0000005336,ミスミカズキ,0000333965,Sheshoon(GB),0000001197,ボストニアン
0000995275,ストロングリターン,0000700008,シンボリクリスエス(USA),0000622073,コートアウト(USA),0000336209,Kris S.(USA),0000365210,Smart Strike(CAN)
0000319446,ストロングレオン,0000333862,サンデーサイレンス(USA),0000209800,レインボーブルー,0000335154,Halo(USA),0000333757,ノーリユート(FR)
0001185872,ストロングレヴィル,0000722158,ハーツクライ,0000723795,アドマイヤダンサー,0000333862,サンデーサイレンス(USA),0000299155,エルコンドルパサー(USA)
0000015779,ストローハット,0000333369,フロリバンダ(GB),0000378220,シエヴリーズチヤリテイ(IRE),0000334436,Princely Gift(GB),0000334507,Straight Deal(GB)
0001120692,ストークアンドレイ,0000615577,クロフネ(USA),0000384182,ジョイオブフライト(USA),0000362799,フレンチデピュティ(USA),0000336890,Silver Hawk(USA)
0001125235,ストーミングスター,0000620927,ストーミングホーム(GB),0000763905,ナナツボシ(USA),0000337496,Machiavellian(USA),0000344537,サザンヘイロー(USA)
0000620927,ストーミングホーム,0000337496,Machiavellian(USA),0000426834,Try to Catch Me(USA),0000335975,Mr. Prospector(USA),0000337091,Shareef Dancer(USA)
0000742975,ストーミーカフェ,0000309184,アドマイヤベガ,0000384243,グリーティングス(GB),0000333862,サンデーサイレンス(USA),0000337286,Rainbow Quest(USA)
0001172047,ストーミーシー,0000760877,アドマイヤムーン,0000884138,リーベストラウム,0000361855,エンドスウィープ(USA),0000321292,ゼンノエルシド(IRE)
0000920271,ストーミーペガサス,0000621167,Fusaichi Pegasus(USA),0000410445,Line of Thunder(USA),0000335975,Mr. Prospector(USA),0000336177,Storm Bird(CAN)
0000749492,ストームセイコー,0000372284,カリズマティック(USA),0000446558,Micheline(USA),0000340714,Summer Squall(USA),0000336881,Shadeed(USA)
0001177666,ストーンウェア,0000852542,Birdstone(USA),0000420343,Antique Auction(CAN),0000365179,Grindstone(USA),0000340357,Geiger Counter(USA)
0001142723,スナッチマインド,0000742976,ディープインパクト,0001100807,スナッチド(USA),0000333862,サンデーサイレンス(USA),0000369881,Cat Thief(USA)
0001168075,スナークスカイ,0000725485,ダイワメジャー,0000617987,スナークスズラン,0000333862,サンデーサイレンス(USA),0000336853,ダンシングブレーヴ(USA)
0000617987,スナークスズラン,0000336853,ダンシングブレーヴ(USA),0000225191,フリートレガッタ,0000334968,Lyphard(USA),0000333707,リアルシヤダイ(USA)
0001046683,スナークスペイン,0000309103,ブラックタキシード,0000612587,エイシンスペイン,0000333862,サンデーサイレンス(USA),0000263174,ペンタイア(GB)
0000805192,スナークトモクン,0000324933,アグネスタキオン,0000321147,サヴァント(USA),0000333862,サンデーサイレンス(USA),0000347989,Kingmambo(USA)
0000614760,スナークバクシン,0000225628,サクラバクシンオー,0000260233,マエストリーノ,0000145106,サクラユタカオー,0000333861,バイアモン(USA)
0000733317,スナークファルコン,0000333846,キンググローリアス(USA),0000704101,オールウェイズグッドサンクス(USA),0000336724,Naevus(USA),0000336395,Miswaki(USA)
0000290806,スナークレイアース,0000182480,アサティス(USA),0000383284,ジグズアンドリールズ(GB),0000336769,Topsider(USA),0000335202,Comedy Star(USA)
0000306881,スニーカー,0000115349,アスワン,0000181274,クリスタルシユーズ,0000333544,ノーザンテースト(CAN),0000333684,ノノアルコ(USA)
0001148626,スノーエンジェル,0000375505,スウェプトオーヴァーボード(USA),0000262303,サイレントプレアー,0000361855,エンドスウィープ(USA),0000333862,サンデーサイレンス(USA)
0000284732,スノーエンデバー,0000136984,キングハイセイコー,0000176537,スターランズ,0000036106,ハイセイコー,0000333413,プロント(FR)
0001207568,スノーガーデン,0000325977,ショウナンカンプ,0001103397,ユキノレッシャ,0000225628,サクラバクシンオー,0000262443,フジキセキ
0000884761,スノークラッシャー,0000179021,サツカーボーイ,0000279575,スイートリヴリア,0000333664,デイクタス(FR),0000333821,リヴリア(USA)
0000269362,スノードラゴン,0000333768,スルーザドラゴン(USA),0000167980,ノーザンフエロー,0000335964,Seattle Slew(USA),0000333604,ノーザンアンサー(CAN)
0000219100,スノードン,0000333714,カジユン(IRE),0000149366,エスポアールドン,0000335870,Red Regent(IRE),0000333643,キングオブダービー(USA)
0001186253,スノードーナツ,0001085636,パイロ(USA),0000730978,エフエロッチ,0000337958,Pulpit(USA),0000293624,スペシャルウィーク
0001129441,スノーフェアリー,0000369531,Intikhab(USA),0001129440,ウッドランドドリーム(IRE),0000337563,Red Ransom(USA),0000362552,Charnwood Forest(IRE)
0000613534,スパイシードール,0000237640,ダンツシアトル(USA),0000150117,ヒノクニレデイ,0000335964,Seattle Slew(USA),0000333480,サンシー(FR)
0000225226,スパイン,0000333667,ターゴワイス(USA),0000382637,ピエールプレシユーズ(CAN),0000345057,Round Table(USA),0000334002,Northern Dancer(CAN)
0000762196,スパニッシュソウル,0000262443,フジキセキ,0000384213,スウィーピングズ(USA),0000333862,サンデーサイレンス(USA),0000335975,Mr. Prospector(USA)
0000992204,スパラート,0000225628,サクラバクシンオー,0000319584,ビワプランサー,0000145106,サクラユタカオー,0000333844,ブライアンズタイム(USA)
0000324988,スパルタクス,0000333862,サンデーサイレンス(USA),0000233133,スターバレリーナ,0000335154,Halo(USA),0000337288,Risen Star(USA)
0000316084,スパンキージャック,0000115064,ホリスキー,0000246893,コガネリッチ,0000069360,マルゼンスキー,0000333844,ブライアンズタイム(USA)
0001170543,スパーキングジョイ,0001046333,ヴィクトワールピサ,0000758499,フレアキャスケード,0000701577,ネオユニヴァース,0000299155,エルコンドルパサー(USA)
0000321221,スパークホーク,0000336890,Silver Hawk(USA),0000411618,All My Memories(USA),0000335167,Roberto(USA),0000335152,Little Current(USA)
0000329513,スパークラー,0000179021,サツカーボーイ,0000201818,ワイルドロージズ,0000333664,デイクタス(FR),0000333599,ノーザリー(USA)
0001135729,スパークルキャット,0000274883,ダンスインザダーク,0000383840,オーピーキャット(USA),0000333862,サンデーサイレンス(USA),0000337102,Storm Cat(USA)
0001102546,スピカシチー,0000760877,アドマイヤムーン,0000290550,ミスザイール,0000361855,エンドスウィープ(USA),0000347622,Zafonic(USA)
0001141707,スピナッチ,0000701668,ゼンノロブロイ,0000899503,オリジナルスピン(IRE),0000333862,サンデーサイレンス(USA),0000337496,Machiavellian(USA)
0000328882,スピニングアロー,0000337421,アフリート(CAN),0000170755,ツバキヒメ,0000335975,Mr. Prospector(USA),0000069360,マルゼンスキー
0000723204,スピニングノアール,0000362681,スピニングワールド(USA),0000440532,オーシャンドリーム(USA),0000336085,Nureyev(USA),0000337550,フォーティナイナー(USA)
0000700950,スピニングマジック,0000362681,スピニングワールド(USA),0000635011,Magical Meadow(USA),0000336085,Nureyev(USA),0000337483,Meadowlake(USA)
0000890046,スピリタス,0000611525,タニノギムレット,0000446728,ピノシェット(USA),0000333844,ブライアンズタイム(USA),0000337102,Storm Cat(USA)
0001150790,スピリッツミノル,0000891931,ディープスカイ,0000612253,バアゼルクローバー,0000324933,アグネスタキオン,0000362599,ラムタラ(USA)
0001110914,スピルバーグ,0000742976,ディープインパクト,0000998955,プリンセスオリビア(USA),0000333862,サンデーサイレンス(USA),0000340529,Lycius(USA)
0001107343,スピークソフトリー,0000872979,アルカセット(USA),0000714031,サイレント,0000347989,Kingmambo(USA),0000333862,サンデーサイレンス(USA)
0000753823,スピードタッチ,0000292180,メイショウオウドウ,0000228939,ラックホーセキ,0000333862,サンデーサイレンス(USA),0000333770,ワツスルタツチ(USA)
0000723607,スピードデステニー,0000214492,リンドシェーバー(USA),0000217942,カミノハマナス,0000336305,Alydar(USA),0000333796,リフアーズスペシヤル(USA)
0001087952,スピードリッパー,0000626942,ファルブラヴ(IRE),0000262435,ポップス,0000337427,Fairy King(USA),0000333862,サンデーサイレンス(USA)
0000996638,スプラッシュエンド,0000372825,プリサイスエンド(USA),0000728671,シトラスフレーバー,0000361855,エンドスウィープ(USA),0000362599,ラムタラ(USA)
0000736309,スプリットメイド,0000225913,パラダイスクリーク(USA),0000233226,メグミガバナー,0000336421,Irish River(FR),0000129863,ニホンピロウイナー
0000988692,スプリングカエサル,0000339572,オペラハウス(GB),0000261989,ヤクモワイルド,0000336572,Sadler's Wells(USA),0000336574,Wild Again(USA)
0000328318,スプリングキング,0000337265,クリスタルグリツターズ(USA),0000230210,スプリングサミット,0000335274,Blushing Groom(FR),0000333769,パークリージエント(CAN)
0000330271,スプリングクレタ,0000225628,サクラバクシンオー,0000211548,ドレスパレード,0000145106,サクラユタカオー,0000333776,ミルフオード(GB)
0000700307,スプリングゲント,0000339572,オペラハウス(GB),0000278929,スプリングマドンナ,0000336572,Sadler's Wells(USA),0000157042,ニツポーテイオー
0000458938,スプリングサンダー,0000002245,サラ　チエスタア(NZ),0000457792,シオハナ,0000335221,Gold Nib(GB),0000000376,サラ　クモノハナ
0000313344,スプリングシオン,0000337424,デインヒル(USA),0000189604,キョウエイスノー,0000336082,Danzig(USA),0000061253,トウシヨウボーイ
0000887454,スプリングソング,0000225628,サクラバクシンオー,0000316290,スプリングチケット,0000145106,サクラユタカオー,0000161740,トニービン(IRE)
0000316290,スプリングチケット,0000161740,トニービン(IRE),0000166449,カズミハルコマ,0000336378,カンパラ(GB),0000069360,マルゼンスキー
0000306149,スプリングトーカイ,0000207623,トウカイテイオー,0000230001,ローズシラオキ,0000140567,シンボリルドルフ,0000114524,ハギノカムイオー
0000700204,スプリングドリュー,0000214564,ミシル(USA),0000134122,ダイナサフラン,0000336395,Miswaki(USA),0000333544,ノーザンテースト(CAN)
0000882542,スプリングロック,0000362599,ラムタラ(USA),0000230982,アンジェラスロマン,0000333996,Nijinsky(CAN),0000082169,シービークロス
0000753040,スプレッドアゲン,0000340633,アラジ(USA),0000213163,パドルアゲン,0000335274,Blushing Groom(FR),0000333682,ハバツト(IRE)
0000745137,スペシャルカルドゥーン,0000339659,Alzao(USA),0000745138,Special Lady(FR),0000334968,Lyphard(USA),0000336817,Kaldoun(FR)
0000991600,スペシャルクイン,0000293624,スペシャルウィーク,0000313971,ソシアルクイーン,0000333862,サンデーサイレンス(USA),0000333898,エルハーブ(USA)
0000618962,スペシャルストック,0000333874,ジェイドロバリー(USA),0000233049,ラッキーダイアリー,0000335975,Mr. Prospector(USA),0000333822,ジヤツジアンジエルーチ(USA)
0000889598,スペシャルディナー,0000293624,スペシャルウィーク,0000384194,ソフトパイン(USA),0000333862,サンデーサイレンス(USA),0000337445,Woodman(USA)
0000216622,スペシャルハート,0000121374,トキテンリユウ,0000122476,ミスターボ,0000455881,アサテンリユウ,0000455878,アサヒマロツト
0001090600,スペシャルピース,0000293624,スペシャルウィーク,0000319225,グローリーティアラ,0000333862,サンデーサイレンス(USA),0000337421,アフリート(CAN)
0000799933,スペシャルフロート,0000293624,スペシャルウィーク,0000247299,ダイイチフローネ,0000333862,サンデーサイレンス(USA),0000333707,リアルシヤダイ(USA)
0000891405,スペシャルブレイド,0000225628,サクラバクシンオー,0000704621,トゥハーモニー,0000145106,サクラユタカオー,0000333862,サンデーサイレンス(USA)
0001142446,スペランツァデーア,0000324971,マンハッタンカフェ,0001032703,ウェイクアップマギー(IRE),0000333862,サンデーサイレンス(USA),0000368610,ザール(GB)
0000890014,スペルバインド,0000619768,ゴールドアリュール,0000444136,デインスカヤ(GB),0000333862,サンデーサイレンス(USA),0000337424,デインヒル(USA)
0001049786,スペースアーク,0000293624,スペシャルウィーク,0000745298,サミットヴィル(GB),0000333862,サンデーサイレンス(USA),0000337862,Grand Lodge(USA)
0000299283,スマイリングハント,0000337283,Alysheba(USA),0000203324,ハントウイッシュ(CAN),0000336305,Alydar(USA),0000336132,Vice Regent(CAN)
0001139930,スマイルシャワー,0000700008,シンボリクリスエス(USA),0000762581,サンデースマイルⅡ(GB),0000336209,Kris S.(USA),0000333862,サンデーサイレンス(USA)
0000888175,スマイルジャック,0000611525,タニノギムレット,0000324471,シーセモア,0000333844,ブライアンズタイム(USA),0000333862,サンデーサイレンス(USA)
0000620324,スマイルトゥモロー,0000237704,ホワイトマズル(GB),0000212643,コクトビューティー,0000336853,ダンシングブレーヴ(USA),0000333747,サウスアトランテイツク(IRE)
0000742788,スマイルフォライフ,0000237704,ホワイトマズル(GB),0000383632,エレンジェーン(USA),0000336853,ダンシングブレーヴ(USA),0000336395,Miswaki(USA)
0001126575,スマートアレンジ,0000763904,パーソナルラッシュ(USA),0000897663,アイスダンス(UAE),0000369358,ワイルドラッシュ(USA),0000333874,ジェイドロバリー(USA)
0001187425,スマートエレメンツ,0000700008,シンボリクリスエス(USA),0000762741,ルビーレジェンド,0000336209,Kris S.(USA),0000324933,アグネスタキオン
0001118981,スマートオリオン,0000299089,グラスワンダー(USA),0000303922,トロピカルレディー,0000336890,Silver Hawk(USA),0000230809,ウイニングチケット
0001168238,スマートオーディン,0001050184,ダノンシャンティ,0000621389,レディアップステージ(IRE),0000262443,フジキセキ,0000339659,Alzao(USA)
0000802306,スマートカスタム,0000324971,マンハッタンカフェ,0000286996,フロムファースト,0000333862,サンデーサイレンス(USA),0000225905,ドクターデヴィアス(IRE)
0000996192,スマートカンパニー,0000325200,ジャングルポケット,0000714224,ダイイチサクラ,0000161740,トニービン(IRE),0000333862,サンデーサイレンス(USA)
0001170123,スマートガルーダ,0000722158,ハーツクライ,0000748032,ストーミングヘヴン(USA),0000333862,サンデーサイレンス(USA),0000362819,ヘネシー(USA)
0000881977,スマートギア,0000256512,マーベラスサンデー,0000213898,スケアヘッドライン,0000333862,サンデーサイレンス(USA),0000333758,パドスール(GB)
0000886353,スマートギャング,0000299089,グラスワンダー(USA),0000303922,トロピカルレディー,0000336890,Silver Hawk(USA),0000230809,ウイニングチケット
0001152486,スマートグレイス,0000616466,ヤマニンセラフィム,0000728517,チーキーガールズ,0000333862,サンデーサイレンス(USA),0000359332,トワイニング(USA)
0001050176,スマートシルエット,0000626942,ファルブラヴ(IRE),0000867228,ミズストライクゾーン(USA),0000337427,Fairy King(USA),0000338072,Deputy Minister(CAN)
0001042588,スマートジェネシス,0000324971,マンハッタンカフェ,0000286996,フロムファースト,0000333862,サンデーサイレンス(USA),0000225905,ドクターデヴィアス(IRE)
0000891688,スマートステージ,0000325200,ジャングルポケット,0000714224,ダイイチサクラ,0000161740,トニービン(IRE),0000333862,サンデーサイレンス(USA)
0000726988,スマートストリーム,0000274914,バブルガムフェロー,0000247231,ドリームストーリー,0000333862,サンデーサイレンス(USA),0000333707,リアルシヤダイ(USA)
0000806895,スマートストーム,0000324933,アグネスタキオン,0000397148,パウダーストーム(USA),0000333862,サンデーサイレンス(USA),0000336177,Storm Bird(CAN)
0000994016,スマートタイタン,0000611525,タニノギムレット,0000420439,サーモンタイム(CAN),0000333844,ブライアンズタイム(USA),0000347814,Silver Deputy(CAN)
0000991685,スマートダズル,0000290798,スマートボーイ,0000314911,ヨシファンタジア,0000182480,アサティス(USA),0000337421,アフリート(CAN)
0000799590,スマートトリック,0000304230,ナリタトップロード,0000241691,オギユークイン,0000179021,サツカーボーイ,0000333799,フオテイテン(USA)
0000881793,スマートファルコン,0000619768,ゴールドアリュール,0000209017,ケイシュウハーブ,0000333862,サンデーサイレンス(USA),0000333691,ミシシツピアン(USA)
0001043114,スマートフォーカス,0000729458,キングカメハメハ,0000298372,マッチザピース,0000347989,Kingmambo(USA),0000333874,ジェイドロバリー(USA)
0001157070,スマートプラネット,0000626942,ファルブラヴ(IRE),0001042192,アンダルシア,0000337427,Fairy King(USA),0000872979,アルカセット(USA)
0000125654,スマートボーイ,0000333539,サーペンフロ(GB),0000078110,ベラローズ,0000333957,Sir Ivor(USA),0000334068,Red God(USA)
0001088905,スマートリバティー,0000286968,ステイゴールド,0000291270,リザーブシート,0000333862,サンデーサイレンス(USA),0000333864,クリエイター(GB)
0001094593,スマートリブレ,0000848478,ロージズインメイ(USA),0000725036,スマートフェアリー,0000339820,Devil His Due(USA),0000333901,ティンバーカントリー(USA)
0001169261,スマートルビー,0000701668,ゼンノロブロイ,0000727888,ビーウインド,0000333862,サンデーサイレンス(USA),0000362681,スピニングワールド(USA)
0001117532,スマートルピナス,0000722158,ハーツクライ,0000237681,シクレノンソシエテ(FR),0000333862,サンデーサイレンス(USA),0000336203,Law Society(USA)
0001121015,スマートレイアー,0000742976,ディープインパクト,0000611416,スノースタイル,0000333862,サンデーサイレンス(USA),0000237704,ホワイトマズル(GB)
0001092122,スマートロビン,0000742976,ディープインパクト,0000440143,キーブギー(USA),0000333862,サンデーサイレンス(USA),0000334968,Lyphard(USA)
0000007130,スミレ,0000002391,タカラオー,0000000311,ハツヒツバサ,0000333166,サラ　崇優,0000333129,サラ　フジミヤ
0000743001,スムースバリトン,0000293624,スペシャルウィーク,0000275721,ウインドフレスカ(USA),0000333862,サンデーサイレンス(USA),0000336209,Kris S.(USA)
0000722345,スモモ,0000337848,デヒア(USA),0000278424,アドロ,0000338072,Deputy Minister(CAN),0000201489,メジロライアン
0001152000,スモークフリー,0000742976,ディープインパクト,0000719397,スモークンフローリック(USA),0000333862,サンデーサイレンス(USA),0000368103,Smoke Glacken(USA)
0001207898,スラッシュメタル,0001129430,ワークフォース(GB),0001111169,ゼマティス(NZ),0000372784,キングズベスト(USA),0000701668,ゼンノロブロイ
0001100328,スリプトラ,0000745493,Oasis Dream(GB),0000903914,Wendylina(IRE),0000336430,Green Desert(USA),0000341850,In The Wings(GB)
0001174384,スリラーインマニラ,0000901749,キンシャサノキセキ(AUS),0001051668,ナイツエンド(AUS),0000262443,フジキセキ,0000361855,エンドスウィープ(USA)
0000229986,スリーアベニュー,0000095495,モンテプリンス,0000115193,スリーアミー,0000333476,シーホーク(FR),0000333363,リマンド(GB)
0000760045,スリーオペレーター,0000339572,オペラハウス(GB),0000314920,スリーケープ,0000336572,Sadler's Wells(USA),0000214564,ミシル(USA)
0000064615,スリーオリオン,0000015155,ビツグスリー,0000465998,アラ系　アサヒミノリ,0000455693,イチヤマヒカリ,0000001456,アア　サチミノリ
0000729793,スリーカルチャー,0000342671,Cadeaux Genereux(GB),0000634411,ムヒバー(USA),0000336702,Young Generation(IRE),0000341551,Dayjur(USA)
0001090204,スリーケインズ,0000725727,スズカマンボ,0000314920,スリーケープ,0000333862,サンデーサイレンス(USA),0000214564,ミシル(USA)
0000726345,スリージェム,0000337550,フォーティナイナー(USA),0000299392,ダイヤモンドスノー(USA),0000335975,Mr. Prospector(USA),0000341551,Dayjur(USA)
0001100845,スリータイタン,0000725727,スズカマンボ,0000799035,タイムトゥラン,0000333862,サンデーサイレンス(USA),0000333844,ブライアンズタイム(USA)
0000806562,スリープレスナイト,0000615577,クロフネ(USA),0000383911,ホワットケイティーディド(USA),0000362799,フレンチデピュティ(USA),0000336085,Nureyev(USA)
0001205761,スリーヘリオス,0001028940,ヘニーヒューズ(USA),0000996956,ラビアンローズ,0000362819,ヘネシー(USA),0000293624,スペシャルウィーク
0001043961,スリーボストン,0000365330,ボストンハーバー(USA),0000310695,スリーサンナイナー(USA),0000336568,Capote(USA),0000337550,フォーティナイナー(USA)
0001120705,スリーマーゴーン,0000308300,アドマイヤコジーン,0000384207,マーゴーン(USA),0000337423,Cozzene(USA),0000341551,Dayjur(USA)
0001189812,スリーミスヨハネス,0000719054,ヨハネスブルグ(USA),0000996956,ラビアンローズ,0000362819,ヘネシー(USA),0000293624,スペシャルウィーク
0000883011,スリーラスカル,0000305175,ラスカルスズカ,0000243289,スリーキリコ,0000333894,コマンダーインチーフ(GB),0000333816,サンキリコ(USA)
0000995258,スリーロゼット,0000305175,ラスカルスズカ,0000620594,スリーロバリー,0000333894,コマンダーインチーフ(GB),0000333874,ジェイドロバリー(USA)
0000127068,スリーローマン,0000333540,リツチボーイ(GB),0000380763,スピンネイカー(GB),0000334436,Princely Gift(GB),0000334069,Relko(GB)
0000991715,スリーロールス,0000274883,ダンスインザダーク,0000315186,スリーローマン,0000333862,サンデーサイレンス(USA),0000333844,ブライアンズタイム(USA)
0001151816,スルターナ,0000294840,キングヘイロー,0000706493,ラヴァーズレーン,0000336853,ダンシングブレーヴ(USA),0000201489,メジロライアン
0000743093,スルーレート,0000362799,フレンチデピュティ(USA),0000615643,スルーオール(USA),0000338072,Deputy Minister(CAN),0000335964,Seattle Slew(USA)
スルーヴァレイ,スルーヴァレイ,,,,,,,,
0000723886,スレッジハンマー,0000337849,ブロッコ(USA),0000383808,キルクー(GB),0000336209,Kris S.(USA),0000336430,Green Desert(USA)
0000755450,スロクハイネス,0000369420,ハイライズ(IRE),0000255782,スロクフルラード,0000337559,ハイエステイト(IRE),0000157042,ニツポーテイオー
0000881619,スワンキーポーチ,0000324933,アグネスタキオン,0000201688,チャッターボックス,0000333862,サンデーサイレンス(USA),0000333667,ターゴワイス(USA)
0001123987,スワンボート,0000294840,キングヘイロー,0000736882,オンワードスワン,0000336853,ダンシングブレーヴ(USA),0000359154,ティッカネン(USA)
0001175236,スワーヴアーサー,0001046333,ヴィクトワールピサ,0001157816,メイキアシー(IRE),0000701577,ネオユニヴァース,0000336572,Sadler's Wells(USA)
0001205691,スワーヴエドワード,0001052586,エイシンフラッシュ,0000995576,スルージエアー,0000372784,キングズベスト(USA),0000274883,ダンスインザダーク
0001154049,スワーヴジョージ,0001115148,ハービンジャー(GB),0000761844,ギーニョ,0000372531,Dansili(GB),0000333862,サンデーサイレンス(USA)
0001190059,スワーヴリチャード,0000722158,ハーツクライ,0001033844,ピラミマ(USA),0000333862,サンデーサイレンス(USA),0000361396,Unbridled's Song(USA)
0001088414,スーサングレート,0000729458,キングカメハメハ,0000278426,ヴァレリー,0000347989,Kingmambo(USA),0000333862,サンデーサイレンス(USA)
0001155401,スーサンジョイ,0000749845,エンパイアメーカー(USA),0000883680,グランジョイ,0000340629,Unbridled(USA),0000274883,ダンスインザダーク
0001204407,スーサンドン,0000999190,フサイチセブン,0000883680,グランジョイ,0000621167,Fusaichi Pegasus(USA),0000274883,ダンスインザダーク
0000805572,スーサンライダー,0000324933,アグネスタキオン,0000326241,グランドグリーン,0000333862,サンデーサイレンス(USA),0000249114,ナリタブライアン
0001098965,スーニ,0000749836,Soto(USA),0001061571,エナブル(USA),0000337848,デヒア(USA),0000340575,Roanoke(USA)
0000988424,スーパーシズクン,0000617479,エアエミネム(IRE),0000255491,アンバーユー,0000337424,デインヒル(USA),0000098122,アンバーシヤダイ
0000324045,スーパージーン,0000179021,サツカーボーイ,0000219087,メイタイザン,0000333664,デイクタス(FR),0000151215,パーシヤンボーイ(GB)
0000165638,スーパーチャンス,0000333257,パーソロン(IRE),0000107645,フランソワーズ,0000334048,Milesian(GB),0000333498,イースタンフリート(USA)
0001208243,スーパーフェザー,0000742976,ディープインパクト,0001132652,オーサムフェザー(USA),0000333862,サンデーサイレンス(USA),0000765764,Awesome of Course(USA)
0000759900,スーパーホーネット,0000339534,ロドリゴデトリアーノ(USA),0000313354,ユウサンポリッシュ,0000336924,El Gran Senor(USA),0000340931,エルセニョール(USA)
0000233389,スーパーマックス,0000333757,ノーリユート(FR),0000134927,マイガール,0000334060,Luthier(FR),0000069360,マルゼンスキー
0000987534,スーパーマークン,0000615577,クロフネ(USA),0000228734,エリモダリア,0000362799,フレンチデピュティ(USA),0000333821,リヴリア(USA)
0000615016,スーパームーン,0000207667,ヤマニンゼファー,0000178599,マルサセツター,0000129863,ニホンピロウイナー,0000009870,ダイコーター
0001226649,スーパーモリオン,0001162811,Archarcharch(USA),0001226419,Joyous Appeal(USA),0000369802,Arch(USA),0000339820,Devil His Due(USA)
0000759544,スーパーワシントン,0000250154,エイシンワシントン(USA),0000308666,スーパーオペラ,0000337527,オジジアン(USA),0000339572,オペラハウス(GB)
0000800076,スーパーヴァイザー,0000621944,マリエンバード(IRE),0000250138,ラウドヴォイス(GB),0000336202,Caerleon(USA),0000342649,Nashwan(USA)
0001043664,セイインディア,0000372825,プリサイスエンド(USA),0000307393,マヤノエルダー,0000361855,エンドスウィープ(USA),0000333878,リズム(USA)
0001112859,セイウンオウサム,0000875329,Value Plus(USA),0000873920,Golden Penny(USA),0000361396,Unbridled's Song(USA),0000365218,Touch Gold(USA)
0001191360,セイウンキラビヤカ,0000991842,リーチザクラウン,0001107583,オールザダイアナ,0000293624,スペシャルウィーク,0000274915,フサイチコンコルド
0001202040,セイウンクールガイ,0000719054,ヨハネスブルグ(USA),0000724105,キョウワハピネス,0000362819,ヘネシー(USA),0000369768,オース(IRE)
0001187594,セイウングロリアス,0000991842,リーチザクラウン,0000798540,コスモビートアウト,0000293624,スペシャルウィーク,0000179021,サツカーボーイ
0001171762,セイウンコウセイ,0000760877,アドマイヤムーン,0000848120,オブザーヴァント(USA),0000361855,エンドスウィープ(USA),0000336568,Capote(USA)
0000852058,セイウンシンジュ,0000340350,Sword Dance(IRE),0000808488,Hold the Dream(USA),0000333996,Nijinsky(CAN),0000336555,Hold Your Peace(USA)
0001111124,セイウンジャガーズ,0000983761,Footstepsinthesand(GB),0000844407,Lady Miletrian(IRE),0000372708,Giant's Causeway(USA),0000337692,Barathea(IRE)
0000707245,セイウントライ,0000225628,サクラバクシンオー,0000188016,マイボール,0000145106,サクラユタカオー,0000333603,ナイスダンサー(CAN)
0000734357,セイウンニムカウ,0000358543,カーネギー(IRE),0000325352,プロミストーク,0000336572,Sadler's Wells(USA),0000333874,ジェイドロバリー(USA)
0000899771,セイウンハンクス,0000372808,Forest Camp(USA),0000899531,Gate Swinger(USA),0000338072,Deputy Minister(CAN),0000343170,Wayne's Crane(USA)
0000721159,セイウンバクフーン,0000337563,Red Ransom(USA),0000405631,Dubian(GB),0000335167,Roberto(USA),0000336666,High Line(GB)
0000852011,セイウンビバーチェ,0000372825,プリサイスエンド(USA),0000808490,Definition(USA),0000361855,エンドスウィープ(USA),0000337275,Relaunch(USA)
0000852012,セイウンプレジャー,0000368668,Sea of Secrets(USA),0000808489,T. V. Jingles(USA),0000337102,Storm Cat(USA),0000335155,Stop the Music(USA)
0000700952,セイウンマグマラシ,0000336890,Silver Hawk(USA),0000445628,Inca Dove(USA),0000335167,Roberto(USA),0000335975,Mr. Prospector(USA)
0000992914,セイウンワンダー,0000299089,グラスワンダー(USA),0000327315,セイウンクノイチ,0000336890,Silver Hawk(USA),0000333862,サンデーサイレンス(USA)
0000003178,セイエイ,0000333082,トシシロ,0000376621,ノマデイツク(NZ),0000333158,ダイオライト(GB),0000335351,Lo Zingaro(GB)
0000885070,セイカアレグロ,0000287600,ブラックホーク(GB),0000284445,セイカパンジー,0000336085,Nureyev(USA),0000336853,ダンシングブレーヴ(USA)
0001183667,セイカチトセ,0000742999,ヴァーミリアン,0000267988,セイカシミズダニ,0000299155,エルコンドルパサー(USA),0000159458,レジエンドテイオー
0000736809,セイカチューバ,0000274914,バブルガムフェロー,0000284445,セイカパンジー,0000333862,サンデーサイレンス(USA),0000336853,ダンシングブレーヴ(USA)
0001096367,セイカプリコーン,0000286968,ステイゴールド,0000763108,ケイアイエリザベス,0000333862,サンデーサイレンス(USA),0000362799,フレンチデピュティ(USA)
0000990252,セイカプレスト,0000321231,イーグルカフェ(USA),0000294609,セイカカロブ,0000339836,Gulch(USA),0000336572,Sadler's Wells(USA)
0001213565,セイカヤマノ,0001045066,ローズキングダム,0000267988,セイカシミズダニ,0000729458,キングカメハメハ,0000159458,レジエンドテイオー
0001045007,セイクリッドセブン,0000262443,フジキセキ,0000325091,グレースランド,0000333862,サンデーサイレンス(USA),0000161740,トニービン(IRE)
0000992635,セイクリッドバレー,0000611525,タニノギムレット,0000325135,ホーリーブラウン,0000333844,ブライアンズタイム(USA),0000262443,フジキセキ
0000987233,セイクリムズン,0000268975,エイシンサンディ,0000217603,スダリーフ,0000333862,サンデーサイレンス(USA),0000333747,サウスアトランテイツク(IRE)
0001104799,セイクレットレーヴ,0000760877,アドマイヤムーン,0000329252,エルメスティアラ,0000361855,エンドスウィープ(USA),0000333844,ブライアンズタイム(USA)
0000620068,セイコーアカデミー,0000333862,サンデーサイレンス(USA),0000275701,スコールイ(USA),0000335154,Halo(USA),0000337444,Seeking the Gold(USA)
0000326743,セイコーサンデー,0000333862,サンデーサイレンス(USA),0000266516,ビューチフルドラマ,0000335154,Halo(USA),0000333887,ヘクタープロテクター(USA)
0000706771,セイコーミラー,0000262443,フジキセキ,0000218655,ゼムリヤ,0000333862,サンデーサイレンス(USA),0000333677,スイフトスワロー(USA)
0001048863,セイコーライコウ,0000615577,クロフネ(USA),0000725537,ファインセイコー,0000362799,フレンチデピュティ(USA),0000333862,サンデーサイレンス(USA)
0000722622,セイシュンジダイ,0000262443,フジキセキ,0000313397,イタダキ,0000333862,サンデーサイレンス(USA),0000225913,パラダイスクリーク(USA)
0001047781,セイリオス,0000359332,トワイニング(USA),0000701513,ステラマリス,0000337550,フォーティナイナー(USA),0000333862,サンデーサイレンス(USA)
0001094646,セイルアゲン,0000615577,クロフネ(USA),0000725637,ストロングデイジー,0000362799,フレンチデピュティ(USA),0000287925,タイキシャトル(USA)
0000701504,セイレーンズソング,0000333862,サンデーサイレンス(USA),0000262415,シングライクトーク,0000335154,Halo(USA),0000333544,ノーザンテースト(CAN)
0001142467,セウアズール,0000742976,ディープインパクト,0001036256,シャピーラ(GER),0000333862,サンデーサイレンス(USA),0000354438,Kornado(GB)
0001150976,セカンドテーブル,0000359332,トワイニング(USA),0000615950,モカサンデー,0000337550,フォーティナイナー(USA),0000333862,サンデーサイレンス(USA)
0000725830,セカンドノホシ,0000140567,シンボリルドルフ,0000281402,セカンドサービス,0000333257,パーソロン(IRE),0000333878,リズム(USA)
0000754419,セキサンフジ,0000262443,フジキセキ,0000237322,セキサンシラオキ,0000333862,サンデーサイレンス(USA),0000069360,マルゼンスキー
0001118432,セキショウ,0000700008,シンボリクリスエス(USA),0000286899,ホーネットピアス,0000336209,Kris S.(USA),0000333862,サンデーサイレンス(USA)
0001092343,セクシイスイート,0000262437,タヤスツヨシ,0000611872,ラブリースイート,0000333862,サンデーサイレンス(USA),0000165847,ボールドノースマン
0000724379,セクシーココナッツ,0000274883,ダンスインザダーク,0000432605,ココパシオン(FR),0000333862,サンデーサイレンス(USA),0000336862,グルームダンサー(USA)
0001222874,セグレドスペリオル,0001103854,トーセンホマレボシ,0001126074,アイズオンリー,0000742976,ディープインパクト,0000701577,ネオユニヴァース
0001110816,セコンドピアット,0000722158,ハーツクライ,0000899543,エービーヌードル(USA),0000333862,サンデーサイレンス(USA),0000361813,Alphabet Soup(USA)
0001110861,セシリア,0000324933,アグネスタキオン,0000905767,マシュール(USA),0000333862,サンデーサイレンス(USA),0000372708,Giant's Causeway(USA)
0001163944,セセリ,0001051353,Curlin(USA),0000903385,Mine Inning(USA),0000365210,Smart Strike(CAN),0000337380,マイニング(USA)
0000760737,セタガヤフラッグ,0000294840,キングヘイロー,0000323536,セタガヤウタヒメ,0000336853,ダンシングブレーヴ(USA),0000249114,ナリタブライアン
0001191897,セダブリランテス,0001110554,ディープブリランテ,0000726928,シルクユニバーサル,0000742976,ディープインパクト,0000333844,ブライアンズタイム(USA)
0000888842,セッカチセージ,0000313435,アッミラーレ,0000329582,ルナソルウィンク,0000333862,サンデーサイレンス(USA),0000362599,ラムタラ(USA)
0001163945,セトアロー,0001051353,Curlin(USA),0001163379,Ramatuelle(CHI),0000365210,Smart Strike(CAN),0000361067,Jeune Homme(USA)
0000730751,セトノシェーバー,0000214492,リンドシェーバー(USA),0000281382,レインボーアルファ,0000336305,Alydar(USA),0000182480,アサティス(USA)
0001091397,セトノシャンクス,0000333844,ブライアンズタイム(USA),0000329103,ジョウノイザベラ,0000335167,Roberto(USA),0000342675,ウォーニング(GB)
0000853164,セトノゼディタブ,0000342779,Zeditave(AUS),0000849413,Roadstop(AUS),0000342778,The Judge(AUS),0000337486,Bluebird(USA)
0000730405,セトノヒット,0000361855,エンドスウィープ(USA),0000199942,ラビットボール,0000337550,フォーティナイナー(USA),0000333593,ラツキーソブリン(USA)
0000324976,セトブリッジ,0000263174,ペンタイア(GB),0000158509,シヤダイビユーテイ,0000335936,Be My Guest(USA),0000335915,Lord Avie(USA)
0000704086,セピアメモリー,0000365330,ボストンハーバー(USA),0000700080,Home Again(USA),0000336568,Capote(USA),0000337550,フォーティナイナー(USA)
0000761807,セフティバーニング,0000333894,コマンダーインチーフ(GB),0000383726,シアトルロケット(USA),0000336853,ダンシングブレーヴ(USA),0000335964,Seattle Slew(USA)
0000612262,セフティーエンペラ,0000337101,ソヴィエトスター(USA),0000224921,マチカネポッペア,0000336085,Nureyev(USA),0000333539,サーペンフロ(GB)
0000255450,セフティーフライト,0000333753,パーフライト(USA),0000181871,ブレシツドアゲン,0000334720,In Reality(USA),0000333634,ソーブレスド(GB)
0000990413,セブンシークィーン,0000368659,コロナドズクエスト(USA),0000297013,ダンツプリンセス,0000337550,フォーティナイナー(USA),0000333862,サンデーサイレンス(USA)
0001219205,セプタリアン,0000294840,キングヘイロー,0001047860,リビングプルーフ,0000336853,ダンシングブレーヴ(USA),0000626942,ファルブラヴ(IRE)
0000798494,セラフィックロンプ,0000324971,マンハッタンカフェ,0000218648,エルソル,0000333862,サンデーサイレンス(USA),0000333637,ロイヤルスキー(USA)
0000735750,セリーナトロフィー,0000293624,スペシャルウィーク,0000384290,トロフィーポイント(USA),0000333862,サンデーサイレンス(USA),0000337527,オジジアン(USA)
0000852605,セルフフリット,0000834372,Cicerao(IRE),0000852606,Pretext(NZ),0000339659,Alzao(USA),0000368957,Pre Catelan(AUS)
0000299321,セレクトグリーン,0000336568,Capote(USA),0000405063,Damewood(USA),0000335964,Seattle Slew(USA),0000120593,Majesty's Prince(USA)
0000852716,セレスエンブレム,0000339656,Belong to Me(USA),0000852231,Decorated Empress(USA),0000336082,Danzig(USA),0000337277,Well Decorated(USA)
0000917918,セレスケイ,0000369802,Arch(USA),0000625300,ミスエアクラフト(USA),0000336209,Kris S.(USA),0000339829,Marquetry(USA)
0000762336,セレスステーラー,0000299089,グラスワンダー(USA),0000405124,シルヴアード(USA),0000336890,Silver Hawk(USA),0000335154,Halo(USA)
0000901673,セレスダイナミック,0000372626,More Than Ready(USA),0000624529,Jolly Ginny(USA),0000344537,サザンヘイロー(USA),0000343734,Broad Brush(USA)
0000882851,セレスハント,0000368659,コロナドズクエスト(USA),0000237642,エリモシンフォニー(CAN),0000337550,フォーティナイナー(USA),0000335274,Blushing Groom(FR)
0001049350,セレスロンディー,0000372825,プリサイスエンド(USA),0000732622,ロンドインディ,0000361855,エンドスウィープ(USA),0000262443,フジキセキ
0001172932,セレッソプリマベラ,0000372825,プリサイスエンド(USA),0000988841,ナスノロビン,0000361855,エンドスウィープ(USA),0000701577,ネオユニヴァース
0001141537,セレナビアンカ,0000325200,ジャングルポケット,0000889914,ミュージカルパレス,0000161740,トニービン(IRE),0000324933,アグネスタキオン
0001088157,セレブリティ,0000611525,タニノギムレット,0000269880,タニノシスター,0000333844,ブライアンズタイム(USA),0000337279,ルション(USA)
0001125130,セレブリティモデル,0000729458,キングカメハメハ,0000762488,マンハッタンセレブ,0000347989,Kingmambo(USA),0000333862,サンデーサイレンス(USA)
0000744682,センカク,0000256512,マーベラスサンデー,0000275636,セイメイ(USA),0000333862,サンデーサイレンス(USA),0000337395,Exuberant(USA)
0000808376,センギョウシュフ,0000621944,マリエンバード(IRE),0000763156,オンヴェルベット(USA),0000336202,Caerleon(USA),0000337445,Woodman(USA)
0000721610,センコス,0000342225,Nikos(GB),0000721611,Vincenza,0000333684,ノノアルコ(USA),0000333713,グランデイ(IRE)
0000703180,センターアンジェロ,0000339572,オペラハウス(GB),0000383117,サマーミストレス(USA),0000336572,Sadler's Wells(USA),0000337082,Master Willie(GB)
0000181826,センチュリオン,0000333684,ノノアルコ(USA),0000024270,ホーオーエース,0000334378,Nearctic(CAN),0000333286,インデイアナ(GB)
0001202812,センテリュオ,0000742976,ディープインパクト,0000743072,アドマイヤキラメキ,0000333862,サンデーサイレンス(USA),0000361855,エンドスウィープ(USA)
0001045369,セントアンズ,0000293624,スペシャルウィーク,0000328060,ローズレディ,0000333862,サンデーサイレンス(USA),0000337550,フォーティナイナー(USA)
0000721146,セントスティーヴン,0000337906,Hula Town(NZ),0000721160,Gabby(NZ),0000336557,Sir Tristram(IRE),0000342116,In the Purple(FR)
0001222491,セントセシリア,0001115148,ハービンジャー(GB),0001110861,セシリア,0000372531,Dansili(GB),0000324933,アグネスタキオン
0000257685,セントラルオーカン,0000333860,ローズリーフⅡ(GB),0000182280,タケミクイン,0000334047,Mill Reef(USA),0000333564,ハードツービート(IRE)
0001033845,セントラルコースト,0000621154,War Chant(USA),0000447030,Taine(USA),0000336082,Danzig(USA),0000333957,Sir Ivor(USA)
0000897671,セントルイスガール,0000336890,Silver Hawk(USA),0000299168,エイシンシンシアナ(USA),0000335167,Roberto(USA),0000337102,Storm Cat(USA)
0000752575,センパツトモ,0000333872,アジュディケーティング(USA),0000202900,ヤマタケマダム,0000336082,Danzig(USA),0000333484,イエローゴツド(GB)
0000705345,センリツ,0000333707,リアルシヤダイ(USA),0000237034,ヤマフジビゼン,0000335167,Roberto(USA),0000333801,ヤワ(IRE)
0000620137,セヴンスバード,0000161740,トニービン(IRE),0000383911,ホワットケイティーディド(USA),0000336378,カンパラ(GB),0000336085,Nureyev(USA)
0000003407,ゼッツー,0000455641,コーゴーザン,0000456739,ハツクモ,0000333055,サラ　ロツキーモアー,,
0000986521,ゼットカーク,0000340074,Selkirk(USA),0000444998,Wannabe Grand(IRE),0000336086,Sharpen Up(GB),0000337424,デインヒル(USA)
0000757971,ゼットコマンダー,0000333894,コマンダーインチーフ(GB),0000291055,ダンツサンデー,0000336853,ダンシングブレーヴ(USA),0000333862,サンデーサイレンス(USA)
0000880951,ゼットフラッシュ,0000369753,ファンタスティックライト(USA),0000432282,Rohita(IRE),0000337553,Rahy(USA),0000337273,ワージブ(IRE)
0000319043,ゼフィランサス,0000333757,ノーリユート(FR),0000245039,ハーモニーホー,0000334060,Luthier(FR),0000333776,ミルフオード(GB)
0000619382,ゼロス,0000192967,カコイーシーズ(USA),0000201719,リアルセクレタリー,0000336305,Alydar(USA),0000333707,リアルシヤダイ(USA)
0001150234,ゼンノイザナギ,0000619768,ゴールドアリュール,0000326981,ヒシアイドル,0000333862,サンデーサイレンス(USA),0000145106,サクラユタカオー
0000735242,ゼンノエキスプレス,0000287943,ゼンノメイジン(USA),0000275749,エメラルドビコー(USA),0000337445,Woodman(USA),0000337421,アフリート(CAN)
0000321292,ゼンノエルシド,0000336202,Caerleon(USA),0000414319,エンブラ(GB),0000333996,Nijinsky(CAN),0000337340,Dominion(GB)
0000618103,ゼンノカルナック,0000274883,ダンスインザダーク,0000181341,ミヤマポピー,0000333862,サンデーサイレンス(USA),0000051177,カブラヤオー
0000759605,ゼンノグッドウッド,0000298391,エアジハード,0000309033,ブレスマイスターズ,0000145106,サクラユタカオー,0000237704,ホワイトマズル(GB)
0000725791,ゼンノコーラル,0000299155,エルコンドルパサー(USA),0000198065,スロクルージュ,0000347989,Kingmambo(USA),0000115349,アスワン
0000316319,ゼンノショウグン,0000333862,サンデーサイレンス(USA),0000191064,スイートダイアナ,0000335154,Halo(USA),0000333665,モガミ(FR)
0000701525,ゼンノジャンゴ,0000274914,バブルガムフェロー,0000145780,ダイナクラシツク,0000333862,サンデーサイレンス(USA),0000333544,ノーザンテースト(CAN)
0000315745,ゼンノスウィング,0000359154,ティッカネン(USA),0000179102,ピュリースイート,0000337423,Cozzene(USA),0000333665,モガミ(FR)
0000705879,ゼンノストライカー,0000341849,Carson City(USA),0000446408,ケイティディド(USA),0000335975,Mr. Prospector(USA),0000336085,Nureyev(USA)
0001167252,ゼンノタヂカラオ,0000729458,キングカメハメハ,0000324989,ダイヤモンドビコー,0000347989,Kingmambo(USA),0000333862,サンデーサイレンス(USA)
0001168193,ゼンノトライブ,0000286968,ステイゴールド,0000620067,ジュリアビコー,0000333862,サンデーサイレンス(USA),0000333874,ジェイドロバリー(USA)
0001171840,ゼンノハーデース,0000701668,ゼンノロブロイ,0000853242,ウインアンジェラス,0000333862,サンデーサイレンス(USA),0000369590,Bertolini(USA)
0000742964,ゼンノパルテノン,0000337421,アフリート(CAN),0000298388,ミルズウィスパー,0000335975,Mr. Prospector(USA),0000161740,トニービン(IRE)
0001153595,ゼンノブレーメン,0001115148,ハービンジャー(GB),0000754116,ウインシンシア,0000372531,Dansili(GB),0000274883,ダンスインザダーク
0001043249,ゼンノベラーノ,0000362799,フレンチデピュティ(USA),0000299418,ゼンノシチョウ(USA),0000338072,Deputy Minister(CAN),0000337445,Woodman(USA)
0000313631,ゼンノマングローブ,0000337424,デインヒル(USA),0000222049,アプルオブマイアイ,0000336082,Danzig(USA),0000061253,トウシヨウボーイ
0001089908,ゼンノルジェロ,0000700008,シンボリクリスエス(USA),0000309206,フサイチエアデール,0000336209,Kris S.(USA),0000333862,サンデーサイレンス(USA)
0000701668,ゼンノロブロイ,0000333862,サンデーサイレンス(USA),0000432408,ローミンレイチェル(USA),0000335154,Halo(USA),0000337380,マイニング(USA)
0001208303,ゼーゲン,0000742976,ディープインパクト,0001142885,ソベラニア(GER),0000333862,サンデーサイレンス(USA),0000361091,Monsun(GER)
0001168698,ゼーヴィント,0000742976,ディープインパクト,0000706261,シルキーラグーン,0000333862,サンデーサイレンス(USA),0000333844,ブライアンズタイム(USA)
0001201786,ソイルトゥザソウル,0000805347,ローレルゲレイロ,0000706484,ローレルディライト,0000294840,キングヘイロー,0000263172,Singspiel(IRE)
0000166620,ソウゴン,0000333478,ロンバード(GB),0000060881,サンイチバン,0000334056,Ragusa(GB),0000009239,ゴールデンパス
0001194124,ソウルスターリング,0001161935,Frankel(GB),0001127387,スタセリタ(FR),0000714343,Galileo(IRE),0000361091,Monsun(GER)
0001043135,ソウルフルヴォイス,0000729458,キングカメハメハ,0000298434,トレアンサンブル,0000347989,Kingmambo(USA),0000161740,トニービン(IRE)
0000219115,ソウルミュージック,0000098433,ネオキーストン,0000126855,フロイデアイン,0000333549,ベイラーン(IRE),0000019148,アローエクスプレス
0001205216,ソシアルクラブ,0000729458,キングカメハメハ,0000989286,ブエナビスタ,0000347989,Kingmambo(USA),0000293624,スペシャルウィーク
0001048948,ソムニア,0000293624,スペシャルウィーク,0000726993,ドリームスケイプ,0000333862,サンデーサイレンス(USA),0000299155,エルコンドルパサー(USA)
0001043101,ソリタリーキング,0000729458,キングカメハメハ,0000298313,スカーレットレディ,0000347989,Kingmambo(USA),0000333862,サンデーサイレンス(USA)
0000757994,ソリッドプラチナム,0000286968,ステイゴールド,0000291270,リザーブシート,0000333862,サンデーサイレンス(USA),0000333864,クリエイター(GB)
0000732807,ソリッドラヴ,0000298971,マイネルラヴ(USA),0000234831,リードルーブル,0000337444,Seeking the Gold(USA),0000333722,ラシアンルーブル(USA)
0000742722,ソルジャーズソング,0000333862,サンデーサイレンス(USA),0000287818,アイリッシュカーリ(IRE),0000335154,Halo(USA),0000336202,Caerleon(USA)
0001193271,ソルティコメント,0000365210,Smart Strike(CAN),0001002750,Salty Response(USA),0000335975,Mr. Prospector(USA),0000337423,Cozzene(USA)
0000731694,ソルティビッド,0000339861,Salt Lake(USA),0000408344,Piper Piper(USA),0000338072,Deputy Minister(CAN),0000336402,Spectacular Bid(USA)
0000326572,ソルトレイクスター,0000337380,マイニング(USA),0000190274,ループルシーザ,0000335975,Mr. Prospector(USA),0000333722,ラシアンルーブル(USA)
0001103291,ソルレヴァンテ,0000729458,キングカメハメハ,0000307461,ヒシバイタル,0000347989,Kingmambo(USA),0000161740,トニービン(IRE)
0001172122,ソルヴェイグ,0000725485,ダイワメジャー,0000885348,アスドゥクール,0000333862,サンデーサイレンス(USA),0000325200,ジャングルポケット
0001147059,ソレミア,0000359232,Poliglote(GB),0000408037,Brooklyn's Dance(FR),0000336572,Sadler's Wells(USA),0000335305,Shirley Heights(GB)
0000701768,ソロデビュー,0000274883,ダンスインザダーク,0000275609,ニーニャデガルチ(CAN),0000333862,サンデーサイレンス(USA),0000339836,Gulch(USA)
0001168353,ソロフライト,0000326916,ミスキャスト,0000700590,アリーテ,0000333862,サンデーサイレンス(USA),0000361977,サンダーガルチ(USA)
0001121972,ソロル,0000700008,シンボリクリスエス(USA),0000701434,ラバヤデール,0000336209,Kris S.(USA),0000333862,サンデーサイレンス(USA)
0000760831,ソングオブウインド,0000299155,エルコンドルパサー(USA),0000324908,メモリアルサマー,0000347989,Kingmambo(USA),0000333862,サンデーサイレンス(USA)
0001123837,ソンブレロ,0000611525,タニノギムレット,0000735280,タニノローゼ,0000333844,ブライアンズタイム(USA),0000340528,ジェネラス(IRE)
0001188876,ソーグリッタリング,0000286968,ステイゴールド,0000890077,ソーマジック,0000333862,サンデーサイレンス(USA),0000700008,シンボリクリスエス(USA)
0001168491,ソーディヴァイン,0000901749,キンシャサノキセキ(AUS),0000702057,ソーアラート,0000262443,フジキセキ,0000365099,エリシオ(FR)
0000890077,ソーマジック,0000700008,シンボリクリスエス(USA),0000449318,スーア(IRE),0000336209,Kris S.(USA),0000337427,Fairy King(USA)
0000727620,ソーユアフロスト,0000333894,コマンダーインチーフ(GB),0000408411,バルチックチル(USA),0000336853,ダンシングブレーヴ(USA),0000336082,Danzig(USA)
0001156982,ソールインパクト,0000742976,ディープインパクト,0001036980,クリームオンリー(USA),0000333862,サンデーサイレンス(USA),0000372667,Exchange Rate(USA)
0000706504,タイカサブランカ,0000333874,ジェイドロバリー(USA),0000256743,タイオラシオン,0000335975,Mr. Prospector(USA),0000333844,ブライアンズタイム(USA)
0000800372,タイカーリアン,0000274915,フサイチコンコルド,0000256747,タイガロピーヌ,0000336202,Caerleon(USA),0000030382,タイテエム
0000619851,タイガーカフェ,0000333862,サンデーサイレンス(USA),0000383999,セトフローリアンⅡ(AUS),0000335154,Halo(USA),0000343950,Bellotto(USA)
0000763192,タイガーグルーム,0000340633,アラジ(USA),0000436084,Rifada(IRE),0000335274,Blushing Groom(FR),0000336370,Ela-Mana-Mou(IRE)
0000995786,タイガーストーン,0000337421,アフリート(CAN),0000704211,ルンバブギー(GB),0000335975,Mr. Prospector(USA),0000337286,Rainbow Quest(USA)
0000745102,タイガーテイル,0000341091,Priolo(USA),0000436425,Tiger Stripes(GB),0000336206,Sovereign Dancer(USA),0000343329,Prince Rupert(FR)
0000732033,タイガーモーション,0000369314,Grand Slam(USA),0000731670,Sandhill(BRZ),0000337432,Gone West(USA),0000345629,Baynoun(IRE)
0000701045,タイガーロータリー,0000134393,ワカオライデン,0000160488,ウエスタンイーグル,0000333637,ロイヤルスキー(USA),0000333621,マグニテユード(IRE)
0000708398,タイキアルファ,0000274914,バブルガムフェロー,0000275658,タイキフォレスト(USA),0000333862,サンデーサイレンス(USA),0000336325,Green Forest(USA)
0001040703,タイキエイワン,0000274915,フサイチコンコルド,0000229351,ヤエノジョオー,0000336202,Caerleon(USA),0000335907,Cure the Blues(USA)
0000749853,タイキエニグマ,0000339712,Rubiano(USA),0000395260,Certain Secret(GB),0000336225,Fappiano(USA),0000335911,Known Fact(USA)
0000749858,タイキシフォン,0000337563,Red Ransom(USA),0000396402,ウェルシュマフィン(GB),0000335167,Roberto(USA),0000336202,Caerleon(USA)
0000713935,タイキジリオン,0000359332,トワイニング(USA),0000404864,La Gueriere(USA),0000337550,フォーティナイナー(USA),0000336772,Lord At War(ARG)
0000318514,タイキスティング,0000333874,ジェイドロバリー(USA),0000214500,レイクサマー(IRE),0000335975,Mr. Prospector(USA),0000336152,Lomond(USA)
0000705449,タイキダイナスティ,0000347989,Kingmambo(USA),0000383336,ビラローズ(USA),0000335975,Mr. Prospector(USA),0000334745,Key to the Mint(USA)
0000310603,タイキダイヤ,0000337527,オジジアン(USA),0000396404,パテントリークリア(USA),0000334660,Damascus(USA),0000336395,Miswaki(USA)
0000308351,タイキダグラス,0000203356,メジロマックイーン,0000191345,レッドプリティ,0000110447,メジロテイターン,0000333672,ベストブラツド
0000708397,タイキチャペル,0000262443,フジキセキ,0000287934,タイキハニー(IRE),0000333862,サンデーサイレンス(USA),0000337983,ポリッシュパトリオット(USA)
0000308304,タイキトゥインクル,0000333707,リアルシヤダイ(USA),0000225875,サブミッション(IRE),0000335167,Roberto(USA),0000336887,Darshaan(GB)
0000310596,タイキトレジャー,0000336395,Miswaki(USA),0000427140,ロイヤルブライド(USA),0000335975,Mr. Prospector(USA),0000335274,Blushing Groom(FR)
0000749854,タイキバカラ,0000344537,サザンヘイロー(USA),0000263133,タイキクリスタル(USA),0000335154,Halo(USA),0000336395,Miswaki(USA)
0001087196,タイキパーシヴァル,0000619768,ゴールドアリュール,0000229351,ヤエノジョオー,0000333862,サンデーサイレンス(USA),0000335907,Cure the Blues(USA)
0001207920,タイキフェルヴール,0000807282,フリオーソ,0001112863,アッシュベリー,0000333844,ブライアンズタイム(USA),0001030715,Any Given Saturday(USA)
0000298562,タイキブライドル,0000333792,スリルシヨー(USA),0000225875,サブミッション(IRE),0000335989,Northern Baby(CAN),0000336887,Darshaan(GB)
0000308307,タイキポーラ,0000207623,トウカイテイオー,0000383240,スターオブザノース(IRE),0000140567,シンボリルドルフ,0000337222,Chief Singer(IRE)
0000762299,タイキマドレーヌ,0000333844,ブライアンズタイム(USA),0000396402,ウェルシュマフィン(GB),0000335167,Roberto(USA),0000336202,Caerleon(USA)
0000318510,タイキメビウス,0000336569,ダンスオブライフ(USA),0000275665,タイキミステリー(USA),0000333996,Nijinsky(CAN),0000336325,Green Forest(USA)
0000705451,タイキリオン,0000336574,Wild Again(USA),0000396404,パテントリークリア(USA),0000334747,Icecapade(USA),0000336395,Miswaki(USA)
0000920815,タイキレーザー,0000362679,Spectrum(IRE),0000446765,Private Encore(IRE),0000337286,Rainbow Quest(USA),0000336870,Niniski(USA)
0000713933,タイキヴァンベール,0000339712,Rubiano(USA),0000421511,Sapphire Breeze(USA),0000336225,Fappiano(USA),0000334968,Lyphard(USA)
0000318292,タイギャラント,0000341457,ロイヤルアカデミーⅡ(USA),0000225884,タイバーバラ(USA),0000333996,Nijinsky(CAN),0000336879,Saratoga Six(USA)
0000759972,タイセイアトム,0000225628,サクラバクシンオー,0000314018,アトムチェリー,0000145106,サクラユタカオー,0000333887,ヘクタープロテクター(USA)
0001150768,タイセイアプローズ,0000722158,ハーツクライ,0000611933,スターフェスタ,0000333862,サンデーサイレンス(USA),0000365099,エリシオ(FR)
0001203939,タイセイアベニール,0001148419,ベーカバド(FR),0000805462,ハロードリーム,0000363470,Cape Cross(IRE),0000333844,ブライアンズタイム(USA)
0001122462,タイセイウインディ,0000324971,マンハッタンカフェ,0000706883,フィクシャス,0000333862,サンデーサイレンス(USA),0000347989,Kingmambo(USA)
0001136990,タイセイクルーズ,0000615577,クロフネ(USA),0000701702,エルダンジュ,0000362799,フレンチデピュティ(USA),0000333862,サンデーサイレンス(USA)
0001102806,タイセイグルーヴィ,0000274883,ダンスインザダーク,0000297553,ノーザンヴィーナス,0000333862,サンデーサイレンス(USA),0000333544,ノーザンテースト(CAN)
0001170174,タイセイサミット,0000725485,ダイワメジャー,0000750312,ヴァインドレッサー,0000333862,サンデーサイレンス(USA),0000361855,エンドスウィープ(USA)
0001104394,タイセイシュバリエ,0000615577,クロフネ(USA),0000325126,ダンスノワール,0000362799,フレンチデピュティ(USA),0000333862,サンデーサイレンス(USA)
0001189039,タイセイスターリー,0000324971,マンハッタンカフェ,0000899522,スターアイル(IRE),0000333862,サンデーサイレンス(USA),0000714421,ロックオブジブラルタル(IRE)
0001108499,タイセイスティング,0000619768,ゴールドアリュール,0000734068,ミラクルケープ,0000333862,サンデーサイレンス(USA),0000337550,フォーティナイナー(USA)
0001206185,タイセイソニック,0001110554,ディープブリランテ,0001042730,ヴィエナトウショウ,0000742976,ディープインパクト,0000369358,ワイルドラッシュ(USA)
0001139876,タイセイティグレス,0000704212,アサクサデンエン(GB),0000762214,ホットレディ,0000263172,Singspiel(IRE),0000333862,サンデーサイレンス(USA)
0000727432,タイセイドラゴン,0000262443,フジキセキ,0000202783,ハグミートウショウ,0000333862,サンデーサイレンス(USA),0000333600,ノーザンディクテイター(USA)
0000185845,タイセイドリーム,0000082571,タイセイシルバー,0000103694,アイノシユーホー,0000040277,ミノハクバ,0000455715,ミヤマシユーホー
0000755954,タイセイハニー,0000361855,エンドスウィープ(USA),0000262330,ロザヴィア,0000337550,フォーティナイナー(USA),0000333862,サンデーサイレンス(USA)
0001121496,タイセイバスター,0000321138,アグネスデジタル(USA),0000618090,レイドフラワー,0000336770,Crafty Prospector(USA),0000333894,コマンダーインチーフ(GB)
0001095858,タイセイファントム,0000369753,ファンタスティックライト(USA),0000749856,タイキシャレード(USA),0000337553,Rahy(USA),0000337863,Boundary(USA)
0001187993,タイセイブレーク,0000725485,ダイワメジャー,0000806477,インプレスゴールド,0000333862,サンデーサイレンス(USA),0000333844,ブライアンズタイム(USA)
0000724723,タイセイブレーヴ,0000225628,サクラバクシンオー,0000382976,サブリーナ(USA),0000145106,サクラユタカオー,0000336325,Green Forest(USA)
0001153144,タイセイプライド,0000727032,メイショウボーラー,0000737670,サンライトリーダ,0000287925,タイキシャトル(USA),0000274883,ダンスインザダーク
0001174615,タイセイマライカ,0000849057,バゴ(FR),0001089779,ミヤビアルカディア,0000342649,Nashwan(USA),0000701577,ネオユニヴァース
0001140840,タイセイララバイ,0000700008,シンボリクリスエス(USA),0000807903,シーディドアラバイ,0000336209,Kris S.(USA),0000325200,ジャングルポケット
0001043835,タイセイレジェンド,0000729458,キングカメハメハ,0000309187,シャープキック,0000347989,Kingmambo(USA),0000203356,メジロマックイーン
0001123064,タイセイロバリー,0000372825,プリサイスエンド(USA),0000725794,シンワロバリー,0000361855,エンドスウィープ(USA),0000333874,ジェイドロバリー(USA)
0001046474,タイセイワイルド,0000369358,ワイルドラッシュ(USA),0000449507,ノベンバースルー(USA),0000336574,Wild Again(USA),0000335964,Seattle Slew(USA)
0000043980,タイタン,0000333276,ラテイフイケイシヨン(GB),0000007412,豊焔,0000334188,Court Martial(GB),0000333115,ライジングフレーム(IRE)
0000330426,タイチルドレン,0000337436,ラストタイクーン(IRE),0000198346,タイティアラ,0000336129,トライマイベスト(USA),0000333539,サーペンフロ(GB)
0001201517,タイドオーバー,0000722797,ブラックタイド,0000700335,ディアマイフレンズ,0000333862,サンデーサイレンス(USA),0000347531,ミシエロ(USA)
0000736555,タイニーウイナー,0000129863,ニホンピロウイナー,0000323641,プリディクション,0000333618,ステイールハート(IRE),0000361344,ソウルオブザマター(USA)
0000807882,タイニーダンサー,0000262437,タヤスツヨシ,0000619940,ダンスオウサンバ,0000333862,サンデーサイレンス(USA),0000203356,メジロマックイーン
0000318298,タイノーブルレディ,0000341457,ロイヤルアカデミーⅡ(USA),0000219003,タイルピナス,0000333996,Nijinsky(CAN),0000333707,リアルシヤダイ(USA)
0000616793,タイフィール,0000340630,ブラックタイアフェアー(IRE),0000249364,タイスケルツォ,0000336395,Miswaki(USA),0000333792,スリルシヨー(USA)
0001055983,タイフーンルビー,0000361396,Unbridled's Song(USA),0001052604,Tale of a Queen(USA),0000340629,Unbridled(USA),0000369621,Tale of the Cat(USA)
0000706516,タイポシビリイ,0000337436,ラストタイクーン(IRE),0000219399,タイマーメード,0000336129,トライマイベスト(USA),0000333788,ノーパスノーセール(IRE)
0000701787,タイムウィルテル,0000333844,ブライアンズタイム(USA),0000247102,フサイチカツラ,0000335167,Roberto(USA),0000336572,Sadler's Wells(USA)
0000283207,タイムカード,0000333844,ブライアンズタイム(USA),0000158776,アイアンシンザン,0000335167,Roberto(USA),0000008661,シンザン
0001088288,タイムズアロー,0000325098,タイムパラドックス,0000274792,サンデーエイコーン,0000333844,ブライアンズタイム(USA),0000333862,サンデーサイレンス(USA)
0001050005,タイムチェイサー,0000293624,スペシャルウィーク,0000763907,フェミニンガール(USA),0000333862,サンデーサイレンス(USA),0000347989,Kingmambo(USA)
0000324913,タイムトゥチェンジ,0000333862,サンデーサイレンス(USA),0000383818,タイムトゥダンス(USA),0000335154,Halo(USA),0000333996,Nijinsky(CAN)
0001185887,タイムトリップ,0000714234,ロードアルティマ(USA),0000724146,ミルフォードスバル,0000337444,Seeking the Gold(USA),0000362818,ホークアタック(USA)
0000325098,タイムパラドックス,0000333844,ブライアンズタイム(USA),0000425325,ジョリーザザ(IRE),0000335167,Roberto(USA),0000339659,Alzao(USA)
0000324097,タイムフェアレディ,0000203356,メジロマックイーン,0000190295,トキファイター,0000110447,メジロテイターン,0000124927,カツラギエース
0001204045,タイムフライヤー,0000722158,ハーツクライ,0000807033,タイムトラベリング,0000333862,サンデーサイレンス(USA),0000333844,ブライアンズタイム(USA)
0000611916,タイムレスワールド,0000333844,ブライアンズタイム(USA),0000263056,サンクレール(IRE),0000335167,Roberto(USA),0000336572,Sadler's Wells(USA)
0001096726,タカオノボル,0000701577,ネオユニヴァース,0000861364,ゴールドプライシズライジング(USA),0000333862,サンデーサイレンス(USA),0000365218,Touch Gold(USA)
0000726072,タカオファースト,0000339572,オペラハウス(GB),0000307711,タカオサクセス,0000336572,Sadler's Wells(USA),0000337436,ラストタイクーン(IRE)
0000706534,タカオルビー,0000347983,テンビー(GB),0000307711,タカオサクセス,0000336202,Caerleon(USA),0000337436,ラストタイクーン(IRE)
0000326263,タカノキセキオー,0000262443,フジキセキ,0000241036,タカノエル,0000333862,サンデーサイレンス(USA),0000129264,スズカコバン
0000020231,タカノキング,0000333243,ガーサント(FR),0000005255,ヤシマガーデン,0000334936,Bubbles(FR),0000001195,ヤシママンナ
0001121603,タカノハーバー,0000700008,シンボリクリスエス(USA),0000619755,チェリッシュレディ,0000336209,Kris S.(USA),0000274914,バブルガムフェロー
0001140488,タカミツスズラン,0000287925,タイキシャトル(USA),0000803502,イーサンラヴ,0000337092,Devil's Bag(USA),0000298971,マイネルラヴ(USA)
0000727753,タカラアジュディ,0000333872,アジュディケーティング(USA),0000209077,ヒートウェイブ,0000336082,Danzig(USA),0000333769,パークリージエント(CAN)
0000702205,タカラシャーディー,0000337447,シャーディー(USA),0000186204,オオクラダンサー,0000336082,Danzig(USA),0000333603,ナイスダンサー(CAN)
0001052403,タカラストーン,0000365179,Grindstone(USA),0000430646,Tropico Cielo(USA),0000340629,Unbridled(USA),0000333891,セクレト(USA)
0000807778,タカラボス,0000299015,アメリカンボス(USA),0000618373,オオミーヘイロ,0000347989,Kingmambo(USA),0000340556,ジョリーズヘイロー(USA)
0000714133,タガジョーシャトル,0000256512,マーベラスサンデー,0000383461,アイリッシュシャドウ(USA),0000333862,サンデーサイレンス(USA),0000336421,Irish River(FR)
0001154075,タガノアザガル,0000849057,バゴ(FR),0000762070,ライアメロディー,0000342649,Nashwan(USA),0000309184,アドマイヤベガ
0001184101,タガノアシュラ,0000324971,マンハッタンカフェ,0000309053,レイサッシュ,0000333862,サンデーサイレンス(USA),0000225913,パラダイスクリーク(USA)
0001185821,タガノアスワド,0000701577,ネオユニヴァース,0000722957,エイシンミュー,0000333862,サンデーサイレンス(USA),0000362681,スピニングワールド(USA)
0000761979,タガノアルサルディ,0000287925,タイキシャトル(USA),0000383944,アルサルディ(USA),0000337092,Devil's Bag(USA),0000336305,Alydar(USA)
0001168701,タガノアーバニティ,0000701668,ゼンノロブロイ,0000706275,ウインディアナ,0000333862,サンデーサイレンス(USA),0000361977,サンダーガルチ(USA)
0001042654,タガノイノセンス,0000324971,マンハッタンカフェ,0000287854,ウッドフェアリー(USA),0000333862,サンデーサイレンス(USA),0000337445,Woodman(USA)
0000757686,タガノエクリプス,0000262443,フジキセキ,0000286819,サマープロテクター,0000333862,サンデーサイレンス(USA),0000333887,ヘクタープロテクター(USA)
0001156668,タガノエスプレッソ,0000722797,ブラックタイド,0000995570,タガノレヴェントン,0000333862,サンデーサイレンス(USA),0000729458,キングカメハメハ
0000761249,タガノエスペランサ,0000274883,ダンスインザダーク,0000329716,タガノスカーレット,0000333862,サンデーサイレンス(USA),0000333544,ノーザンテースト(CAN)
0001141895,タガノエッヴィーバ,0000619768,ゴールドアリュール,0000988169,タガノスティード,0000333862,サンデーサイレンス(USA),0000365159,チーフベアハート(CAN)
0000707459,タガノエトワール,0000333799,フオテイテン(USA),0000188103,ミューゼス,0000336085,Nureyev(USA),0000333631,サテインゴ(GB)
0001047395,タガノエリザベート,0000293624,スペシャルウィーク,0000620010,ストレイキャット,0000333862,サンデーサイレンス(USA),0000337102,Storm Cat(USA)
0000890733,タガノエルシコ,0000255813,マヤノトップガン,0000618415,タガノピアース,0000333844,ブライアンズタイム(USA),0000274883,ダンスインザダーク
0000269715,タガノエンブレム,0000127142,ウインザーノツト,0000188366,ユーノーブル,0000333257,パーソロン(IRE),0000127165,リードホーユー
0001185517,タガノカトレア,0000749845,エンパイアメーカー(USA),0000704074,タガノチャーリーズ(USA),0000340629,Unbridled(USA),0000339631,Saint Ballado(CAN)
0000316289,タガノガルチ,0000339836,Gulch(USA),0000432725,オーブアンディアンヌ(FR),0000335975,Mr. Prospector(USA),0000337486,Bluebird(USA)
0001047460,タガノガルーダ,0000701577,ネオユニヴァース,0000620370,タガノシャルフ,0000333862,サンデーサイレンス(USA),0000161740,トニービン(IRE)
0000892076,タガノクリスエス,0000700008,シンボリクリスエス(USA),0000704074,タガノチャーリーズ(USA),0000336209,Kris S.(USA),0000339631,Saint Ballado(CAN)
0000804678,タガノグラマラス,0000293624,スペシャルウィーク,0000316292,タガノターキン,0000333862,サンデーサイレンス(USA),0000336862,グルームダンサー(USA)
0001140562,タガノグランパ,0000729458,キングカメハメハ,0000804678,タガノグラマラス,0000347989,Kingmambo(USA),0000293624,スペシャルウィーク
0001190289,タガノグルナ,0001042049,ルーラーシップ,0001044292,ラヴソレイユ,0000729458,キングカメハメハ,0000262443,フジキセキ
0001102323,タガノグーフォ,0000701577,ネオユニヴァース,0000283997,タガノサファイヤ,0000333862,サンデーサイレンス(USA),0000336853,ダンシングブレーヴ(USA)
0000733209,タガノゲルニカ,0000333844,ブライアンズタイム(USA),0000432225,ブロードマラ(IRE),0000335167,Roberto(USA),0000336439,Thatching(IRE)
0000195002,タガノゴールド,0000455918,アリラバツト(FR),0000023643,サラ　ゼアーオンワード,0000466789,アラ　Djerba Oua,0000003331,オンワードゼア
0000292069,タガノサイクロン,0000337280,シャルード(USA),0000383727,プライヴェイトスリッパー(USA),0000334731,Caro(IRE),0000336504,Private Account(USA)
0001191477,タガノシャルドネ,0000760877,アドマイヤムーン,0001113561,ゴールデンイエラ(GB),0000361855,エンドスウィープ(USA),0000337496,Machiavellian(USA)
0001218944,タガノジェロディ,0001178418,ノヴェリスト(IRE),0001044345,タガノディーバ,0000361091,Monsun(GER),0000262443,フジキセキ
0001048563,タガノジョーカー,0000849057,バゴ(FR),0000717513,リベラノ(USA),0000342649,Nashwan(USA),0000339712,Rubiano(USA)
0001048061,タガノジンガロ,0000729458,キングカメハメハ,0000704074,タガノチャーリーズ(USA),0000347989,Kingmambo(USA),0000339631,Saint Ballado(CAN)
0000704074,タガノチャーリーズ,0000339631,Saint Ballado(CAN),0000700073,Charlies Paradise(USA),0000335154,Halo(USA),0000337868,Winrightt(USA)
0000612856,タガノツヨシ,0000262437,タヤスツヨシ,0000258188,サンエイブレイヴ,0000333862,サンデーサイレンス(USA),0000333640,ブレイヴエストローマン(USA)
0000751325,タガノティアーズ,0000286968,ステイゴールド,0000167830,ポツプアート,0000333862,サンデーサイレンス(USA),0000333544,ノーザンテースト(CAN)
0001188115,タガノディグオ,0000749845,エンパイアメーカー(USA),0000807782,タガノティアーズ,0000340629,Unbridled(USA),0000611525,タニノギムレット
0000742717,タガノデンジャラス,0000361855,エンドスウィープ(USA),0000313334,フレンドレイ,0000337550,フォーティナイナー(USA),0000337424,デインヒル(USA)
0001126816,タガノトネール,0000714411,ケイムホーム(USA),0000995570,タガノレヴェントン,0000337432,Gone West(USA),0000729458,キングカメハメハ
0000618416,タガノナポレオン,0000333874,ジェイドロバリー(USA),0000229869,タガノワッスル,0000335975,Mr. Prospector(USA),0000333836,ワツスル(GB)
0001122323,タガノハピネス,0000733209,タガノゲルニカ,0000704987,タガノラフレシア,0000333844,ブライアンズタイム(USA),0000365099,エリシオ(FR)
0000753548,タガノバスティーユ,0000333844,ブライアンズタイム(USA),0000223531,ウィーンコンサート,0000335167,Roberto(USA),0000145106,サクラユタカオー
0001047209,タガノパルムドール,0000365159,チーフベアハート(CAN),0000618415,タガノピアース,0000337339,Chief's Crown(USA),0000274883,ダンスインザダーク
0000298345,タガノビジョン,0000333887,ヘクタープロテクター(USA),0000190921,ドリームビジヨン,0000337445,Woodman(USA),0000333544,ノーザンテースト(CAN)
0001101438,タガノビッグバン,0000262443,フジキセキ,0000247201,セプテンバーソング,0000333862,サンデーサイレンス(USA),0000333707,リアルシヤダイ(USA)
0000223997,タガノフォーティ,0000333799,フオテイテン(USA),0000381376,レタキヤ(GB),0000336085,Nureyev(USA),0000334192,Crepello(GB)
0001141503,タガノブルグ,0000719054,ヨハネスブルグ(USA),0000889598,スペシャルディナー,0000362819,ヘネシー(USA),0000293624,スペシャルウィーク
0000808284,タガノプルミエール,0000324933,アグネスタキオン,0000714246,ウェスタースケルド(USA),0000333862,サンデーサイレンス(USA),0000337432,Gone West(USA)
0000620015,タガノマイバッハ,0000274883,ダンスインザダーク,0000383625,アフターザサン(USA),0000333862,サンデーサイレンス(USA),0000336177,Storm Bird(CAN)
0000759211,タガノマーシャル,0000333894,コマンダーインチーフ(GB),0000305323,タガノブルードレス,0000336853,ダンシングブレーヴ(USA),0000262443,フジキセキ
0001106345,タガノミュルザンヌ,0000324933,アグネスタキオン,0000621389,レディアップステージ(IRE),0000333862,サンデーサイレンス(USA),0000339659,Alzao(USA)
0001122802,タガノミューチャン,0000722158,ハーツクライ,0000722957,エイシンミュー,0000333862,サンデーサイレンス(USA),0000362681,スピニングワールド(USA)
0001171673,タガノミルキー,0000733209,タガノゲルニカ,0000807930,タガノプレジール,0000333844,ブライアンズタイム(USA),0000375505,スウェプトオーヴァーボード(USA)
0001188467,タガノヤグラ,0000728492,カンパニー,0000884170,ワイルドエキサイト,0000298352,ミラクルアドマイヤ,0000274883,ダンスインザダーク
0000704987,タガノラフレシア,0000365099,エリシオ(FR),0000384094,スプリンターキャット(USA),0000337427,Fairy King(USA),0000337102,Storm Cat(USA)
0001121744,タガノラルフ,0000293624,スペシャルウィーク,0000621389,レディアップステージ(IRE),0000333862,サンデーサイレンス(USA),0000339659,Alzao(USA)
0001094043,タガノラヴキセキ,0000262443,フジキセキ,0000706963,タガノシャルマン,0000333862,サンデーサイレンス(USA),0000161740,トニービン(IRE)
0001108446,タガノルミナーレ,0000611525,タニノギムレット,0000733403,キャンディカラー,0000333844,ブライアンズタイム(USA),0000262443,フジキセキ
0001093761,タガノロックオン,0000714421,ロックオブジブラルタル(IRE),0000704074,タガノチャーリーズ(USA),0000337424,デインヒル(USA),0000339631,Saint Ballado(CAN)
0000885206,タガノヴァレオ,0000700008,シンボリクリスエス(USA),0000286787,タガノラピス,0000336209,Kris S.(USA),0000333862,サンデーサイレンス(USA)
0001174392,タガノヴィアーレ,0000725485,ダイワメジャー,0001051758,ビーグレイシャス,0000333862,サンデーサイレンス(USA),0000362868,Mr. Greeley(USA)
0001157453,タガノヴェリテ,0000722158,ハーツクライ,0001052222,ヴィオレットステラ(IRE),0000333862,サンデーサイレンス(USA),0000372680,Invincible Spirit(IRE)
0001157081,タガノヴェルリー,0000237704,ホワイトマズル(GB),0001042527,タガノデムジュール,0000336853,ダンシングブレーヴ(USA),0000369639,ストラヴィンスキー(USA)
0001189746,タガノヴェローナ,0000615577,クロフネ(USA),0000995570,タガノレヴェントン,0000362799,フレンチデピュティ(USA),0000729458,キングカメハメハ
0000989735,タキオンクール,0000324933,アグネスタキオン,0000284773,フラワーケープ,0000333862,サンデーサイレンス(USA),0000077996,ヤマニンスキー
0000317548,タキノスペシャル,0000333842,スマコバクリーク(USA),0000207978,マウントグローリ,0000335975,Mr. Prospector(USA),0000333642,キヤタオラ(USA)
0000614174,タクミシルバー,0000333855,トロメオ(IRE),0000209165,オグリプレス,0000333635,リイフオー(GB),0000072342,プレストウコウ
0000729090,タケイチグッド,0000158501,ダイナコスモス,0000254311,マイネスカーレット,0000333612,ハンターコム(GB),0000171990,イブンベイ(GB)
0000320131,タケイチショウリ,0000262922,スキーキャプテン(USA),0000222003,ダイワスタン,0000336177,Storm Bird(CAN),0000069360,マルゼンスキー
0000805538,タケイチゼット,0000361351,タバスコキャット(USA),0000325966,タケイチイチホース,0000337102,Storm Cat(USA),0000262443,フジキセキ
0000736698,タケカワルキューレ,0000274883,ダンスインザダーク,0000150859,イセスズカ,0000333862,サンデーサイレンス(USA),0000069360,マルゼンスキー
0000882901,タケショウオージ,0000333894,コマンダーインチーフ(GB),0000240784,タケショウティアラ,0000336853,ダンシングブレーヴ(USA),0000129863,ニホンピロウイナー
0000325863,タケデンジュリアス,0000340528,ジェネラス(IRE),0000219143,タケデンコスモス,0000336202,Caerleon(USA),0000077790,タケデン
0000058420,タケデンタイガー,0000333353,プリヴイカウンシラー(GB),0000024047,ミホノユキコ,0000338909,Counsel(GB),0000333270,セダン(FR)
0000726136,タケデンノキボー,0000333874,ジェイドロバリー(USA),0000231770,タケデンオパール,0000335975,Mr. Prospector(USA),0000139369,タケデンリーダー
0000614642,タケハナオペラ,0000179021,サツカーボーイ,0000223389,タケハナホープ,0000333664,デイクタス(FR),0000333749,ナグルスキー(CAN)
0000881081,タケミカヅチ,0000619768,ゴールドアリュール,0000166449,カズミハルコマ,0000333862,サンデーサイレンス(USA),0000069360,マルゼンスキー
0001154784,タケルオウジ,0000375505,スウェプトオーヴァーボード(USA),0000805024,ロングビクトリア,0000361855,エンドスウィープ(USA),0000611525,タニノギムレット
0001149543,タケルラムセス,0000729458,キングカメハメハ,0000310403,ヒシピナクル(USA),0000347989,Kingmambo(USA),0000337450,Theatrical(IRE)
0000797903,タスカータソルテ,0000325200,ジャングルポケット,0000201707,ブリリアントカット,0000161740,トニービン(IRE),0000333544,ノーザンテースト(CAN)
0001125189,タッチザターゲット,0000615577,クロフネ(USA),0000763028,タッチザピーク,0000362799,フレンチデピュティ(USA),0000293624,スペシャルウィーク
0000763028,タッチザピーク,0000293624,スペシャルウィーク,0000634420,タッチフォーゴールド(USA),0000333862,サンデーサイレンス(USA),0000335975,Mr. Prospector(USA)
0000218845,タッチミーノット,0000151215,パーシヤンボーイ(GB),0000161405,ベルカント,0000335199,Persian Bold(IRE),0000333614,ゼダーン(GB)
0001157737,タッチングスピーチ,0000742976,ディープインパクト,0001127924,リッスン(IRE),0000333862,サンデーサイレンス(USA),0000336572,Sadler's Wells(USA)
0001162908,タップザット,0000849372,Tapit(USA),0001157874,アートプリンセス(USA),0000337958,Pulpit(USA),0000719773,Officer(USA)
0000321156,タップダンスシチー,0000339742,Pleasant Tap(USA),0000421971,All Dance(USA),0000335991,Pleasant Colony(USA),0000334002,Northern Dancer(CAN)
0000388866,タップデイ,0000334943,Bull Lea(USA),0000388653,Scurry(USA),0000339289,Bull Dog(FR),0000335468,Diavolo(USA)
0001156786,タツゴウゲキ,0000256512,マーベラスサンデー,0000998988,ニシノプルメリア,0000333862,サンデーサイレンス(USA),0000263172,Singspiel(IRE)
0001109470,タツストロング,0000225628,サクラバクシンオー,0000756424,リンリングリーン,0000145106,サクラユタカオー,0000287925,タイキシャトル(USA)
0001095123,タツミリュウ,0000365159,チーフベアハート(CAN),0000730907,メイショウユウゼン,0000337339,Chief's Crown(USA),0000287925,タイキシャトル(USA)
0001095628,タナトス,0000700008,シンボリクリスエス(USA),0000737978,ジョウノビクトリア,0000336209,Kris S.(USA),0000333862,サンデーサイレンス(USA)
0000760182,タニオブゴールド,0000274914,バブルガムフェロー,0000316127,クラクエンレディー,0000333862,サンデーサイレンス(USA),0000161740,トニービン(IRE)
0001123744,タニオブローズ,0000701577,ネオユニヴァース,0000734190,サンタローズ,0000333862,サンデーサイレンス(USA),0000365262,パントレセレブル(USA)
0001166548,タニセンビクトリー,0000722158,ハーツクライ,0000302072,スルーザシーズン,0000333862,サンデーサイレンス(USA),0000333886,スキャン(USA)
0000726189,タニノアレグロ,0000333886,スキャン(USA),0000266107,タニノメール,0000335975,Mr. Prospector(USA),0000333821,リヴリア(USA)
0001194551,タニノアーバンシー,0001113706,Sea The Stars(IRE),0000801136,ウオッカ,0000363470,Cape Cross(IRE),0000611525,タニノギムレット
0000327443,タニノエタニティ,0000362599,ラムタラ(USA),0000230389,タニノビッグネーム,0000333996,Nijinsky(CAN),0000124927,カツラギエース
0001044159,タニノエポレット,0000274883,ダンスインザダーク,0000314852,タニノカリス,0000333862,サンデーサイレンス(USA),0000340528,ジェネラス(IRE)
0000611525,タニノギムレット,0000333844,ブライアンズタイム(USA),0000212372,タニノクリスタル,0000335167,Roberto(USA),0000333732,クリスタルパレス(FR)
0000314855,タニノゴードン,0000203356,メジロマックイーン,0000176019,タニノセブンツー,0000110447,メジロテイターン,0000333611,ヴアイスリーガル(CAN)
0001105549,タニノシュヴァリエ,0000626942,ファルブラヴ(IRE),0000611528,タニノクラリッジ,0000337427,Fairy King(USA),0000333894,コマンダーインチーフ(GB)
0000989461,タニノスバル,0000375505,スウェプトオーヴァーボード(USA),0000279580,タニノマウナケア,0000361855,エンドスウィープ(USA),0000337447,シャーディー(USA)
0001117994,タニノタキシード,0000611525,タニノギムレット,0000269880,タニノシスター,0000333844,ブライアンズタイム(USA),0000337279,ルション(USA)
0000760038,タニノディキディキ,0000339572,オペラハウス(GB),0000314848,カガヤキマイカ,0000336572,Sadler's Wells(USA),0000333844,ブライアンズタイム(USA)
0000807002,タニノハイクレア,0000615577,クロフネ(USA),0000421618,インヴァイト(IRE),0000362799,フレンチデピュティ(USA),0000335936,Be My Guest(USA)
0001108650,タニノハービービー,0000611525,タニノギムレット,0000735771,アイコチャン,0000333844,ブライアンズタイム(USA),0000263178,ピルサドスキー(IRE)
0001228783,タニノフランケル,0001161935,Frankel(GB),0000801136,ウオッカ,0000714343,Galileo(IRE),0000611525,タニノギムレット
0000756430,タニノベリーニ,0000362799,フレンチデピュティ(USA),0000269880,タニノシスター,0000338072,Deputy Minister(CAN),0000337279,ルション(USA)
0000991683,タニノベローナ,0000299089,グラスワンダー(USA),0000314862,タニノミリオネーヤ,0000336890,Silver Hawk(USA),0000333862,サンデーサイレンス(USA)
0000702062,タニノボルガ,0000340528,ジェネラス(IRE),0000243396,キンジョウテンカ,0000336202,Caerleon(USA),0000333821,リヴリア(USA)
0000702070,タニノマティーニ,0000342675,ウォーニング(GB),0000266107,タニノメール,0000335911,Known Fact(USA),0000333821,リヴリア(USA)
0000735280,タニノローゼ,0000340528,ジェネラス(IRE),0000314856,タニノホロホロ,0000336202,Caerleon(USA),0000161740,トニービン(IRE)
0000315019,タフネススター,0000159311,ラグビーボール,0000169714,ユキノサクラ,0000333603,ナイスダンサー(CAN),0000107516,リードワンダー
0001118089,タプローム,0000714411,ケイムホーム(USA),0000274823,サンデーワールド,0000337432,Gone West(USA),0000333862,サンデーサイレンス(USA)
0001151518,タマノブリュネット,0000891931,ディープスカイ,0000701780,カフェピノコ,0000324933,アグネスタキオン,0000333874,ジェイドロバリー(USA)
0000319406,タマノユウユウ,0000333665,モガミ(FR),0000168929,ミヨウコウザン,0000334968,Lyphard(USA),0000069360,マルゼンスキー
0000008961,タマヒカル,0000003337,サラ　ヒカルメイジ,0000453646,トモツル,0000334138,Bois Roussel(FR),0000333123,サラ　月友
0001109405,タマブラックホール,0000309103,ブラックタキシード,0000755267,タママリア,0000333862,サンデーサイレンス(USA),0000294840,キングヘイロー
0000755267,タママリア,0000294840,キングヘイロー,0000253217,タマビッグエックス,0000336853,ダンシングブレーヴ(USA),0000333837,リドヘイム(GB)
0000724808,タマモオーシャン,0000369768,オース(IRE),0000198698,サンスピリット,0000337427,Fairy King(USA),0000097140,ハワイアンイメージ
0000889918,タマモクリエイト,0000372284,カリズマティック(USA),0000434249,コンキスタドレス(USA),0000340714,Summer Squall(USA),0000337444,Seeking the Gold(USA)
0000802463,タマモグレアー,0000262275,ジェニュイン,0000290794,ドリーミーアイ,0000333862,サンデーサイレンス(USA),0000192967,カコイーシーズ(USA)
0000706543,タマモゲット,0000166681,タマモクロス,0000290794,ドリーミーアイ,0000082169,シービークロス,0000192967,カコイーシーズ(USA)
0000733758,タマモコンチェルト,0000333894,コマンダーインチーフ(GB),0000441091,ティリオブストラッフォード(USA),0000336853,ダンシングブレーヴ(USA),0000338072,Deputy Minister(CAN)
0001126797,タマモコンパス,0000701577,ネオユニヴァース,0000994029,チャームライト,0000333862,サンデーサイレンス(USA),0000369358,ワイルドラッシュ(USA)
0000885419,タマモサプライズ,0000611525,タニノギムレット,0000290794,ドリーミーアイ,0000333844,ブライアンズタイム(USA),0000192967,カコイーシーズ(USA)
0000761067,タマモサポート,0000166681,タマモクロス,0000327520,アンサーミー,0000082169,シービークロス,0000340556,ジョリーズヘイロー(USA)
0001103225,タマモショパン,0000760877,アドマイヤムーン,0000306420,ノクターン,0000361855,エンドスウィープ(USA),0000337265,クリスタルグリツターズ(USA)
0000992517,タマモシンボル,0000700008,シンボリクリスエス(USA),0000324470,エレガントグリーン,0000336209,Kris S.(USA),0000207623,トウカイテイオー
0000888593,タマモスクワート,0000621040,スクワートルスクワート(USA),0000327520,アンサーミー,0000339829,Marquetry(USA),0000340556,ジョリーズヘイロー(USA)
0000323768,タマモスプリング,0000201489,メジロライアン,0000231342,イナズマビクトリア,0000098122,アンバーシヤダイ,0000082169,シービークロス
0000708925,タマモディスタイム,0000274883,ダンスインザダーク,0000291263,ネクストタイム,0000333862,サンデーサイレンス(USA),0000337421,アフリート(CAN)
0001101733,タマモトッププレイ,0000262443,フジキセキ,0000262364,ホットプレイ,0000333862,サンデーサイレンス(USA),0000333544,ノーザンテースト(CAN)
0000883919,タマモナイスプレイ,0000262443,フジキセキ,0000262364,ホットプレイ,0000333862,サンデーサイレンス(USA),0000333544,ノーザンテースト(CAN)
0000303333,タマモヒビキ,0000333894,コマンダーインチーフ(GB),0000155714,タマモハツピー,0000336853,ダンシングブレーヴ(USA),0000333661,モーニングフローリツク(USA)
0001088871,タマモブラウン,0000333844,ブライアンズタイム(USA),0000290794,ドリーミーアイ,0000335167,Roberto(USA),0000192967,カコイーシーズ(USA)
0001169835,タマモブリリアン,0000274883,ダンスインザダーク,0000737076,チャームダイヤ,0000333862,サンデーサイレンス(USA),0000362819,ヘネシー(USA)
0001124968,タマモプラネット,0000701577,ネオユニヴァース,0000760780,チャームスター,0000333862,サンデーサイレンス(USA),0000166681,タマモクロス
0001117846,タマモベストプレイ,0000262443,フジキセキ,0000262364,ホットプレイ,0000333862,サンデーサイレンス(USA),0000333544,ノーザンテースト(CAN)
0000728903,タマモホットプレイ,0000262443,フジキセキ,0000262364,ホットプレイ,0000333862,サンデーサイレンス(USA),0000333544,ノーザンテースト(CAN)
0001136389,タマモホルン,0000369358,ワイルドラッシュ(USA),0000616080,ハイジ,0000336574,Wild Again(USA),0000274883,ダンスインザダーク
0001154119,タマモボレロ,0000722158,ハーツクライ,0000762390,チャームダンス,0000333862,サンデーサイレンス(USA),0000337421,アフリート(CAN)
0000990538,タマモユニヴァース,0000701577,ネオユニヴァース,0000298493,ローズウォーター,0000333862,サンデーサイレンス(USA),0000161740,トニービン(IRE)
0000702130,タマモリッチ,0000201489,メジロライアン,0000213254,クラリッサ,0000098122,アンバーシヤダイ,0000061253,トウシヨウボーイ
0001156561,タマモルミエール,0000722158,ハーツクライ,0000994029,チャームライト,0000333862,サンデーサイレンス(USA),0000369358,ワイルドラッシュ(USA)
0001154044,タマモワカサマ,0000722797,ブラックタイド,0000761801,ヒトリムスメ,0000333862,サンデーサイレンス(USA),0000337421,アフリート(CAN)
0000298744,タマルファイター,0000333846,キンググローリアス(USA),0000178449,イズミケリー,0000336724,Naevus(USA),0000333376,インターメゾ(GB)
0001047110,タムロスカイ,0000262443,フジキセキ,0000617044,タムロチェリー,0000333862,サンデーサイレンス(USA),0000333891,セクレト(USA)
0000756925,タムロスターディ,0000299089,グラスワンダー(USA),0000275709,フラッシュメモリー(USA),0000336890,Silver Hawk(USA),0000341551,Dayjur(USA)
0001153897,タムロダイチ,0000749845,エンパイアメーカー(USA),0000759416,ソフィアルージュ,0000340629,Unbridled(USA),0000615577,クロフネ(USA)
0000617044,タムロチェリー,0000333891,セクレト(USA),0000237006,ミスグローリー,0000334002,Northern Dancer(CAN),0000145106,サクラユタカオー
0001103780,タムロトップステイ,0000725485,ダイワメジャー,0000316199,メジロバーバラ,0000333862,サンデーサイレンス(USA),0000214564,ミシル(USA)
0001218019,タムロドリーム,0001106251,ジャスタウェイ,0000990871,タムロウイング,0000722158,ハーツクライ,0000287600,ブラックホーク(GB)
0001152454,タムロミラクル,0000742976,ディープインパクト,0000728119,タムロイーネー,0000333862,サンデーサイレンス(USA),0000340556,ジョリーズヘイロー(USA)
0000298440,タヤスメドウ,0000333862,サンデーサイレンス(USA),0000169459,ダイナフアンキー,0000335154,Halo(USA),0000333632,ダンサーズイメージ(USA)
0001209439,タワーオブロンドン,0001083952,Raven's Pass(USA),0001144573,スノーパイン(GB),0000364615,Elusive Quality(USA),0000745340,Dalakhani(IRE)
0001172721,タンサンドール,0000619835,デュランダル,0000901636,ミルククラウン(USA),0000333862,サンデーサイレンス(USA),0000362868,Mr. Greeley(USA)
0000701705,タンザナイト,0000333862,サンデーサイレンス(USA),0000409632,キャサリーンパー(USA),0000335154,Halo(USA),0000335664,Riverman(USA)
0001041005,タンジブルアセット,0000369639,ストラヴィンスキー(USA),0000242636,ノースミッチー,0000336085,Nureyev(USA),0000115064,ホリスキー
0001120858,タンスチョキン,0000369639,ストラヴィンスキー(USA),0000439221,ジャウンティング(USA),0000336085,Nureyev(USA),0000335964,Seattle Slew(USA)
0001157608,タンタアレグリア,0000701668,ゼンノロブロイ,0001097028,タンタスエルテ(CHI),0000333862,サンデーサイレンス(USA),0000347559,Stuka(USA)
0000262335,ターゲットゾーン,0000333707,リアルシヤダイ(USA),0000145780,ダイナクラシツク,0000335167,Roberto(USA),0000333544,ノーザンテースト(CAN)
0001096465,ターゲットマシン,0000742976,ディープインパクト,0000793893,ハンターズマーク(USA),0000333862,サンデーサイレンス(USA),0000362694,Titus Livius(FR)
0001101294,ターコイズクラウド,0000274915,フサイチコンコルド,0000237681,シクレノンソシエテ(FR),0000336202,Caerleon(USA),0000336203,Law Society(USA)
0000735567,タータンフィールズ,0000333844,ブライアンズタイム(USA),0000255580,シマノシンシア,0000335167,Roberto(USA),0000333809,ベリフア(IRE)
0000888018,タートルベイ,0000615577,クロフネ(USA),0000321267,リキマドレード(USA),0000362799,フレンチデピュティ(USA),0000336395,Miswaki(USA)
0001103802,ターフデライト,0000324933,アグネスタキオン,0000316288,マンデーデライト,0000333862,サンデーサイレンス(USA),0000333707,リアルシヤダイ(USA)
0001129254,タールタン,0000849372,Tapit(USA),0001128957,Indian Town,0000337958,Pulpit(USA),0000341829,Glitterman(USA)
0000994914,ダイアナバローズ,0000700008,シンボリクリスエス(USA),0000617356,チッキーズディスコ(GB),0000336209,Kris S.(USA),0000335305,Shirley Heights(GB)
0001174275,ダイアナヘイロー,0000294840,キングヘイロー,0001049267,ヤマカツセイレーン,0000336853,ダンシングブレーヴ(USA),0000299089,グラスワンダー(USA)
0000763146,ダイアモンドヘッド,0000333862,サンデーサイレンス(USA),0000731989,ダンジグウィズウルヴス(USA),0000335154,Halo(USA),0000336082,Danzig(USA)
0000726259,ダイイチアトム,0000293624,スペシャルウィーク,0000247299,ダイイチフローネ,0000333862,サンデーサイレンス(USA),0000333707,リアルシヤダイ(USA)
0001184231,ダイイチターミナル,0001099904,コンデュイット(IRE),0000315029,ベルグチケット,0000745340,Dalakhani(IRE),0000230809,ウイニングチケット
0000325194,ダイイチダンヒル,0000333862,サンデーサイレンス(USA),0000233072,ダイイチリカー,0000335154,Halo(USA),0000333707,リアルシヤダイ(USA)
0000703074,ダイキチムスメ,0000250204,タイキブリザード(USA),0000274947,インザジャングル,0000335964,Seattle Slew(USA),0000333887,ヘクタープロテクター(USA)
0000701244,ダイコーマリナ,0000134393,ワカオライデン,0000274542,ミヤラビ,0000333637,ロイヤルスキー(USA),0000333665,モガミ(FR)
0000735189,ダイゴシラギク,0000201489,メジロライアン,0000383953,カーフィリィ(IRE),0000098122,アンバーシヤダイ,0000336202,Caerleon(USA)
0000757452,ダイショウジェット,0000368681,クリプティックラスカル(USA),0000284022,デューティエコー,0000342433,Cryptoclearance(USA),0000333621,マグニテユード(IRE)
0000885609,ダイシンオレンジ,0000321138,アグネスデジタル(USA),0000293383,アシヤマダム,0000336770,Crafty Prospector(USA),0000333722,ラシアンルーブル(USA)
0000805036,ダイシングロウ,0000274883,ダンスインザダーク,0000319372,コウユーラヴ,0000333862,サンデーサイレンス(USA),0000333874,ジェイドロバリー(USA)
0000161323,ダイシンサンダー,0000333638,ニゾン(USA),0000060610,ハードトウシヨウ,0000333996,Nijinsky(CAN),0000333303,ハードリドン(GB)
0001205384,ダイシンステルラ,0000885609,ダイシンオレンジ,0000991423,ダイシンモード,0000321138,アグネスデジタル(USA),0000298971,マイネルラヴ(USA)
0000766334,ダイシンチャンス,0000368103,Smoke Glacken(USA),0000763184,Mercedes Too(USA),0000347573,Two Punch(USA),0000341843,Mercedes Won(USA)
0001174977,ダイシンプラン,0000615577,クロフネ(USA),0001103578,ダイシンキャンディ,0000362799,フレンチデピュティ(USA),0000324933,アグネスタキオン
0000708362,ダイタクアルビン,0000237393,サクラチトセオー,0000234653,ダイタクイチバン,0000161740,トニービン(IRE),0000333697,ノーアテンシヨン(FR)
0000330173,ダイタクバートラム,0000274883,ダンスインザダーク,0000261486,スプリングネヴァー,0000333862,サンデーサイレンス(USA),0000145106,サクラユタカオー
0000613503,ダイタクフラッグ,0000249114,ナリタブライアン,0000171975,ダイタクジーニアス,0000333844,ブライアンズタイム(USA),0000333608,ミルジヨージ(USA)
0000318739,ダイタクリーヴァ,0000262443,フジキセキ,0000261486,スプリングネヴァー,0000333862,サンデーサイレンス(USA),0000145106,サクラユタカオー
0001169025,ダイチラディウス,0000294840,キングヘイロー,0000723828,クリスタルヴィオレ,0000336853,ダンシングブレーヴ(USA),0000362939,Skip Away(USA)
0001157490,ダイトウキョウ,0000324971,マンハッタンカフェ,0001071087,マネーペニー(USA),0000333862,サンデーサイレンス(USA),0000714393,Monarchos(USA)
0000884834,ダイナマイトシコク,0000621040,スクワートルスクワート(USA),0000280359,ジンミスカオリ,0000339829,Marquetry(USA),0000333864,クリエイター(GB)
0000987488,ダイナマイトボディ,0000317768,レギュラーメンバー,0000225269,マーガレットママ,0000333894,コマンダーインチーフ(GB),0000333544,ノーザンテースト(CAN)
0000290865,ダイナミックガイ,0000339534,ロドリゴデトリアーノ(USA),0000202565,アイカラー,0000336924,El Gran Senor(USA),0000333715,トレボロ(USA)
0000806848,ダイナミックグロウ,0000302080,テイエムオペラオー,0000384285,グリーンインディ(USA),0000339572,オペラハウス(GB),0000339653,A.P. Indy(USA)
0000733476,ダイナミックゴール,0000333894,コマンダーインチーフ(GB),0000431910,マルケッタ(USA),0000336853,ダンシングブレーヴ(USA),0000337445,Woodman(USA)
0000889557,ダイバーシティ,0000325200,ジャングルポケット,0000384139,メインスルー(USA),0000161740,トニービン(IRE),0000336883,Slew o' Gold(USA)
0001047153,ダイメイザクラ,0000225628,サクラバクシンオー,0000617695,プリモピアット,0000145106,サクラユタカオー,0000333608,ミルジヨージ(USA)
0000323432,ダイメイフジ,0000239453,オールセンプー,0000152314,イチテムジン,0000102210,トライバルセンプー,0000455881,アサテンリユウ
0001174311,ダイメイプリンセス,0000294840,キングヘイロー,0001049856,ダイメイダーク,0000336853,ダンシングブレーヴ(USA),0000274883,ダンスインザダーク
0001139532,ダイヤモンドハイ,0000760877,アドマイヤムーン,0000757260,ルックアミリオン,0000361855,エンドスウィープ(USA),0000362799,フレンチデピュティ(USA)
0000324989,ダイヤモンドビコー,0000333862,サンデーサイレンス(USA),0000408749,ステラマドリッド(USA),0000335154,Halo(USA),0000336305,Alydar(USA)
0000807269,ダイレクトキャッチ,0000293624,スペシャルウィーク,0000448819,レッドキャット(USA),0000333862,サンデーサイレンス(USA),0000337102,Storm Cat(USA)
0001047981,ダイワアセット,0000293624,スペシャルウィーク,0000702834,ダイワエンジェル,0000333862,サンデーサイレンス(USA),0000287925,タイキシャトル(USA)
0000750217,ダイワアプセット,0000299155,エルコンドルパサー(USA),0000299304,ダイワリプルス(USA),0000347989,Kingmambo(USA),0000337432,Gone West(USA)
0000891277,ダイワアンリ,0000621944,マリエンバード(IRE),0000702482,フェニックスバード,0000336202,Caerleon(USA),0000347989,Kingmambo(USA)
0001109432,ダイワインスパイア,0000725485,ダイワメジャー,0000755684,ダイワパッション,0000333862,サンデーサイレンス(USA),0000337550,フォーティナイナー(USA)
0001156720,ダイワインパルス,0000742999,ヴァーミリアン,0000996802,プロテクトジアース,0000299155,エルコンドルパサー(USA),0000337421,アフリート(CAN)
0000313981,ダイワウインダム,0000098122,アンバーシヤダイ,0000235747,キシュウラック,0000333544,ノーザンテースト(CAN),0000333821,リヴリア(USA)
0000731030,ダイワエルシエーロ,0000333862,サンデーサイレンス(USA),0000293158,ロンドンブリッジ,0000335154,Halo(USA),0000225905,ドクターデヴィアス(IRE)
0000999153,ダイワエンパイア,0000372808,Forest Camp(USA),0000999038,R Natalie(USA),0000338072,Deputy Minister(CAN),0000336773,Valid Appeal(USA)
0000755979,ダイワオンディーヌ,0000615577,クロフネ(USA),0000262392,クリアースター,0000362799,フレンチデピュティ(USA),0000161740,トニービン(IRE)
0000321266,ダイワカーソン,0000341849,Carson City(USA),0000398012,My Marchesa(USA),0000335975,Mr. Prospector(USA),0000337448,ステートリードン(USA)
0001185165,ダイワキャグニー,0000729458,キングカメハメハ,0000619880,トリプレックス,0000347989,Kingmambo(USA),0000333862,サンデーサイレンス(USA)
0000735998,ダイワキングコン,0000369047,Victory Gallop(CAN),0000731227,ブラッシュウィズテキーラ(USA),0000342433,Cryptoclearance(USA),0000343734,Broad Brush(USA)
0000890013,ダイワシークレット,0000337550,フォーティナイナー(USA),0000443987,パーレイ(USA),0000335975,Mr. Prospector(USA),0000336553,Mt. Livermore(USA)
0000309002,ダイワジアン,0000333544,ノーザンテースト(CAN),0000190911,ナショナルフラッグ,0000334002,Northern Dancer(CAN),0000333664,デイクタス(FR)
0000888628,ダイワジャンヌ,0000611525,タニノギムレット,0000327817,ケーキカット,0000333844,ブライアンズタイム(USA),0000337848,デヒア(USA)
0000798369,ダイワスカーレット,0000324933,アグネスタキオン,0000213918,スカーレットブーケ,0000333862,サンデーサイレンス(USA),0000333544,ノーザンテースト(CAN)
0001122175,ダイワストリーム,0000725485,ダイワメジャー,0000702834,ダイワエンジェル,0000333862,サンデーサイレンス(USA),0000287925,タイキシャトル(USA)
0001104667,ダイワスパンキー,0000321138,アグネスデジタル(USA),0000327826,スレンダーガール,0000336770,Crafty Prospector(USA),0000337421,アフリート(CAN)
0000885591,ダイワスピリット,0000274883,ダンスインザダーク,0000293158,ロンドンブリッジ,0000333862,サンデーサイレンス(USA),0000225905,ドクターデヴィアス(IRE)
0001103388,ダイワズーム,0000722158,ハーツクライ,0000309025,フォルナリーナ,0000333862,サンデーサイレンス(USA),0000336568,Capote(USA)
0000706027,ダイワセレクション,0000336853,ダンシングブレーヴ(USA),0000145719,ダイナジヤネツト,0000334968,Lyphard(USA),0000333637,ロイヤルスキー(USA)
0001140213,ダイワソフィー,0000626923,チチカステナンゴ(FR),0000798827,ダイワジェラート,0000361696,Smadoun(FR),0000262443,フジキセキ
0001172490,ダイワダッチェス,0001129430,ワークフォース(GB),0000890012,ファルネーゼ,0000372784,キングズベスト(USA),0000362799,フレンチデピュティ(USA)
0000802659,ダイワディライト,0000337421,アフリート(CAN),0000293158,ロンドンブリッジ,0000335975,Mr. Prospector(USA),0000225905,ドクターデヴィアス(IRE)
0001106821,ダイワデッセー,0000293624,スペシャルウィーク,0000702834,ダイワエンジェル,0000333862,サンデーサイレンス(USA),0000287925,タイキシャトル(USA)
0000302291,ダイワデュール,0000129863,ニホンピロウイナー,0000146912,サカエクインヒメ,0000333618,ステイールハート(IRE),0000060646,ホクトボーイ
0000271360,ダイワデンバー,0000115349,アスワン,0000159936,ギンガスポート,0000333544,ノーザンテースト(CAN),0000333614,ゼダーン(GB)
0001172102,ダイワドレッサー,0000701577,ネオユニヴァース,0000885208,リバティープリント,0000333862,サンデーサイレンス(USA),0000375505,スウェプトオーヴァーボード(USA)
0001048683,ダイワナイト,0000225628,サクラバクシンオー,0000723199,レイクミード,0000145106,サクラユタカオー,0000274883,ダンスインザダーク
0000728432,ダイワネバダ,0000214562,スターオブコジーン(USA),0000383321,ブラダマンテ(USA),0000337423,Cozzene(USA),0000335167,Roberto(USA)
0000760861,ダイワバゼラード,0000361855,エンドスウィープ(USA),0000325062,マストシーストップ,0000337550,フォーティナイナー(USA),0000333862,サンデーサイレンス(USA)
0000749491,ダイワバンディット,0000365330,ボストンハーバー(USA),0000449907,Texas Robbery(USA),0000336568,Capote(USA),0000335975,Mr. Prospector(USA)
0000992587,ダイワバーガンディ,0000333844,ブライアンズタイム(USA),0000324986,ダイワルージュ,0000335167,Roberto(USA),0000333862,サンデーサイレンス(USA)
0001047941,ダイワバーバリアン,0000324971,マンハッタンカフェ,0000702482,フェニックスバード,0000333862,サンデーサイレンス(USA),0000347989,Kingmambo(USA)
0000755684,ダイワパッション,0000337550,フォーティナイナー(USA),0000258966,サンルージュ,0000335975,Mr. Prospector(USA),0000171987,シエイデイハイツ(GB)
0001044974,ダイワファルコン,0000325200,ジャングルポケット,0000324986,ダイワルージュ,0000161740,トニービン(IRE),0000333862,サンデーサイレンス(USA)
0001040819,ダイワフェズブルー,0000701577,ネオユニヴァース,0000233140,ノンストップレディ,0000333862,サンデーサイレンス(USA),0000333544,ノーザンテースト(CAN)
0000612123,ダイワフォーチュン,0000347515,Mountain Cat(USA),0000439572,コンティンジェンシー(USA),0000337102,Storm Cat(USA),0000335203,Alleged(USA)
0000612121,ダイワフロリダ,0000362599,ラムタラ(USA),0000421801,ヴェリガ(USA),0000333996,Nijinsky(CAN),0000335975,Mr. Prospector(USA)
0001125412,ダイワブレイディ,0000626923,チチカステナンゴ(FR),0000798827,ダイワジェラート,0000361696,Smadoun(FR),0000262443,フジキセキ
0000701551,ダイワブレスイング,0000333862,サンデーサイレンス(USA),0000423056,バレークラシック(USA),0000335154,Halo(USA),0000336572,Sadler's Wells(USA)
0001003713,ダイワプリベール,0000749845,エンパイアメーカー(USA),0000794722,ミスベガス(IRE),0000340629,Unbridled(USA),0000339566,Efisio(GB)
0001151611,ダイワプロパー,0000725485,ダイワメジャー,0000702834,ダイワエンジェル,0000333862,サンデーサイレンス(USA),0000287925,タイキシャトル(USA)
0001118641,ダイワポライト,0000725485,ダイワメジャー,0000294455,ダイワキャンディ,0000333862,サンデーサイレンス(USA),0000333719,ランズダーン(USA)
0000899886,ダイワマックワン,0000365186,Langfuhr(CAN),0000622073,コートアウト(USA),0000336082,Danzig(USA),0000365210,Smart Strike(CAN)
0001105326,ダイワマッジョーレ,0000725485,ダイワメジャー,0000434134,ファンジカ(IRE),0000333862,サンデーサイレンス(USA),0000336203,Law Society(USA)
0001109810,ダイワミストレス,0000725485,ダイワメジャー,0000762383,サウンドバイト,0000333862,サンデーサイレンス(USA),0000237704,ホワイトマズル(GB)
0000725485,ダイワメジャー,0000333862,サンデーサイレンス(USA),0000213918,スカーレットブーケ,0000335154,Halo(USA),0000333544,ノーザンテースト(CAN)
0000273948,ダイワメンフィス,0000333840,ラシアンボンド(USA),0000178047,ダイワモンロー,0000336082,Danzig(USA),0000069360,マルゼンスキー
0001170554,ダイワリアクション,0000700008,シンボリクリスエス(USA),0000758660,ダイワベルタ,0000336209,Kris S.(USA),0000293624,スペシャルウィーク
0001135267,ダイワリベラル,0000725485,ダイワメジャー,0000324990,オレンジジェラート,0000333862,サンデーサイレンス(USA),0000161740,トニービン(IRE)
0000807300,ダイワルビア,0000615577,クロフネ(USA),0000611066,ルビア(USA),0000362799,フレンチデピュティ(USA),0000339712,Rubiano(USA)
0000324986,ダイワルージュ,0000333862,サンデーサイレンス(USA),0000213918,スカーレットブーケ,0000335154,Halo(USA),0000333544,ノーザンテースト(CAN)
0000619857,ダイワレイダース,0000333862,サンデーサイレンス(USA),0000145819,ダイナアイドル,0000335154,Halo(USA),0000333544,ノーザンテースト(CAN)
0000890017,ダイワワイルドボア,0000324933,アグネスタキオン,0000444378,セニョラージェ(USA),0000333862,サンデーサイレンス(USA),0000336085,Nureyev(USA)
0000706209,ダウトレス,0000333894,コマンダーインチーフ(GB),0000397600,マジェニカ(USA),0000336853,ダンシングブレーヴ(USA),0000336090,Majestic Light(USA)
0001047056,ダウンザライン,0000318327,ニューイングランド,0000616558,シルクラブソング,0000333862,サンデーサイレンス(USA),0000274915,フサイチコンコルド
0001094302,ダコール,0000742976,ディープインパクト,0000721591,アジアンミーティア(USA),0000333862,サンデーサイレンス(USA),0000340629,Unbridled(USA)
0001047603,ダッシャーゴーゴー,0000225628,サクラバクシンオー,0000634657,ネガノ(CAN),0000145106,サクラユタカオー,0000336395,Miswaki(USA)
0001093302,ダッシャーワン,0000362799,フレンチデピュティ(USA),0000634657,ネガノ(CAN),0000338072,Deputy Minister(CAN),0000336395,Miswaki(USA)
0001193411,ダッシングブレイズ,0000979726,Kitten's Joy(USA),0001077476,Blazing Bliss(USA),0000340508,El Prado(IRE),0000362822,Honour and Glory(USA)
0000619979,ダディーズドリーム,0000161740,トニービン(IRE),0000262338,ダディーズシューズ,0000336378,カンパラ(GB),0000145106,サクラユタカオー
0001215703,ダディーズマインド,0001103854,トーセンホマレボシ,0000743042,ケイティーズギフト,0000742976,ディープインパクト,0000362799,フレンチデピュティ(USA)
0001178038,ダノンアイリス,0000369802,Arch(USA),0001177661,カリフォルニアネクター(USA),0000336209,Kris S.(USA),0000749811,Stormy Atlantic(USA)
0001136967,ダノンアンビシャス,0000742976,ディープインパクト,0000701600,レンドフェリーチェ,0000333862,サンデーサイレンス(USA),0000337423,Cozzene(USA)
0001052206,ダノンイサオ,0000361387,Swain(IRE),0000868201,Freudenau(USA),0000342649,Nashwan(USA),0000337483,Meadowlake(USA)
0000886794,ダノンインスパイア,0000309184,アドマイヤベガ,0000308703,ブゼンキャンドル,0000333862,サンデーサイレンス(USA),0000333665,モガミ(FR)
0000989106,ダノンエリモトップ,0000729458,キングカメハメハ,0000272015,エリモシック,0000347989,Kingmambo(USA),0000336853,ダンシングブレーヴ(USA)
0000989337,ダノンカモン,0000700008,シンボリクリスエス(USA),0000275596,シンコウエンジェル(USA),0000336209,Kris S.(USA),0000337527,オジジアン(USA)
0001191617,ダノンキングダム,0000286968,ステイゴールド,0001142873,ヴィヤダーナ(FR),0000333862,サンデーサイレンス(USA),0001003784,Azamour(IRE)
0001162880,ダノングッド,0000364615,Elusive Quality(USA),0001157818,マイグッドネス(USA),0000337432,Gone West(USA),0000337102,Storm Cat(USA)
0001156150,ダノングラシアス,0000324971,マンハッタンカフェ,0000986495,サーキットレディ(USA),0000333862,サンデーサイレンス(USA),0000369314,Grand Slam(USA)
0001208426,ダノングレース,0000742976,ディープインパクト,0001177702,チェリーコレクト(IRE),0000333862,サンデーサイレンス(USA),0000862148,Oratorio(IRE)
0001191549,ダノンケンリュウ,0000742976,ディープインパクト,0001127229,レインデート(USA),0000333862,サンデーサイレンス(USA),0000361396,Unbridled's Song(USA)
0001052225,ダノンゴーゴー,0000714301,アルデバランⅡ(USA),0000787495,Potrinner(ARG),0000335975,Mr. Prospector(USA),0000361301,Potrillazo(ARG)
0001111012,ダノンゴールド,0000619768,ゴールドアリュール,0001037090,ライブリーチューン(USA),0000333862,サンデーサイレンス(USA),0000336397,Dixieland Band(USA)
0001050184,ダノンシャンティ,0000262443,フジキセキ,0000873719,シャンソネット(GB),0000333862,サンデーサイレンス(USA),0000365110,Mark of Esteem(IRE)
0001095857,ダノンシャーク,0000742976,ディープインパクト,0000749847,カーラパワー(GB),0000333862,サンデーサイレンス(USA),0000336202,Caerleon(USA)
0001110934,ダノンジェラート,0000742976,ディープインパクト,0000999068,ペンカナプリンセス(IRE),0000333862,サンデーサイレンス(USA),0000365118,Pivotal(GB)
0001226433,ダノンジャスティス,0001223183,Kingman(GB),0001132633,マンビア(GB),0000372680,Invincible Spirit(IRE),0000714301,アルデバランⅡ(USA)
0001045973,ダノンスパシーバ,0000362799,フレンチデピュティ(USA),0000384068,レースカム(USA),0000338072,Deputy Minister(CAN),0000335975,Mr. Prospector(USA)
0001172682,ダノンスパーク,0001046333,ヴィクトワールピサ,0000899522,スターアイル(IRE),0000701577,ネオユニヴァース,0000714421,ロックオブジブラルタル(IRE)
0001208468,ダノンスマッシュ,0001089850,ロードカナロア,0001193008,スピニングワイルドキャット(USA),0000729458,キングカメハメハ,0001051344,ハードスパン(USA)
0001187872,ダノンディスタンス,0001042049,ルーラーシップ,0000804088,アゲヒバリ,0000729458,キングカメハメハ,0000615577,クロフネ(USA)
0001192370,ダノンディーヴァ,0000742976,ディープインパクト,0001049799,ダノンプリマドンナ,0000333862,サンデーサイレンス(USA),0000700008,シンボリクリスエス(USA)
0001190625,ダノンハイパワー,0001050184,ダノンシャンティ,0001050373,ダノンボンジュール,0000262443,フジキセキ,0000858233,Shamardal(USA)
0001047425,ダノンハラショー,0000611525,タニノギムレット,0000620115,ジュピターズジャズ,0000333844,ブライアンズタイム(USA),0000333862,サンデーサイレンス(USA)
0001052205,ダノンバッカス,0000714910,Dubai Destination(USA),0000866389,Lady Bankes(IRE),0000347989,Kingmambo(USA),0000339659,Alzao(USA)
0001139382,ダノンバトゥーラ,0000729458,キングカメハメハ,0000754828,グレイスティアラ,0000347989,Kingmambo(USA),0000262443,フジキセキ
0001090769,ダノンバラード,0000742976,ディープインパクト,0000321374,レディバラード(IRE),0000333862,サンデーサイレンス(USA),0000340629,Unbridled(USA)
0001050087,ダノンパッション,0000324933,アグネスタキオン,0000808411,スターズインハーアイズ(IRE),0000333862,サンデーサイレンス(USA),0000337445,Woodman(USA)
0000990494,ダノンヒデキ,0000274883,ダンスインザダーク,0000298333,ハリウッドレビュー,0000333862,サンデーサイレンス(USA),0000333544,ノーザンテースト(CAN)
0000763808,ダノンビクトリー,0000369047,Victory Gallop(CAN),0000763236,Summer Fantasy(USA),0000342433,Cryptoclearance(USA),0000340714,Summer Squall(USA)
0001221856,ダノンファンタジー,0000742976,ディープインパクト,0001177691,ライフフォーセール(ARG),0000333862,サンデーサイレンス(USA),0000897975,Not for Sale(ARG)
0001095848,ダノンフェアリー,0000225628,サクラバクシンオー,0000749473,サザンフェアリー(USA),0000145106,サクラユタカオー,0000344537,サザンヘイロー(USA)
0001172964,ダノンフェイス,0000729458,キングカメハメハ,0000989334,アイアムカミノマゴ,0000347989,Kingmambo(USA),0000324933,アグネスタキオン
0001096837,ダノンフェニックス,0000701577,ネオユニヴァース,0000901643,バシマー(IRE),0000333862,サンデーサイレンス(USA),0000337862,Grand Lodge(USA)
0000901646,ダノンブリエ,0000349699,Mister Baileys(GB),0000899784,Silver Purse(GB),0000336744,Robellino(USA),0000360351,Interrex(CAN)
0001157776,ダノンプラチナ,0000742976,ディープインパクト,0001143075,バディーラ(USA),0000333862,サンデーサイレンス(USA),0000361396,Unbridled's Song(USA)
0001049799,ダノンプリマドンナ,0000700008,シンボリクリスエス(USA),0000747839,ゴーカロライナ(USA),0000336209,Kris S.(USA),0000337553,Rahy(USA)
0001208294,ダノンプレミアム,0000742976,ディープインパクト,0001142868,インディアナギャル(IRE),0000333862,サンデーサイレンス(USA),0000369531,Intikhab(USA)
0000995121,ダノンプログラマー,0000731452,ウォーエンブレム(USA),0000619769,クリックヒア,0000362883,Our Emblem(USA),0000333862,サンデーサイレンス(USA)
0000994232,ダノンベルベール,0000324933,アグネスタキオン,0000444507,ミスベルベール(FR),0000333862,サンデーサイレンス(USA),0000337417,Bering(GB)
0001208286,ダノンマジェスティ,0000742976,ディープインパクト,0001142847,ドバイマジェスティ(USA),0000333862,サンデーサイレンス(USA),0000714948,Essence of Dubai(USA)
0001140971,ダノンマッキンレー,0000262443,フジキセキ,0000852005,ビューティーコンテスト(IRE),0000333862,サンデーサイレンス(USA),0000263172,Singspiel(IRE)
0001089233,ダノンマックイン,0000722158,ハーツクライ,0000298333,ハリウッドレビュー,0000333862,サンデーサイレンス(USA),0000333544,ノーザンテースト(CAN)
0001090960,ダノンミル,0000325200,ジャングルポケット,0000325066,スターリーロマンス,0000161740,トニービン(IRE),0000333862,サンデーサイレンス(USA)
0000998969,ダノンムロー,0000337432,Gone West(USA),0000746079,ファイナルデスティネーション(NZ),0000335975,Mr. Prospector(USA),0000371697,O'Reilly(NZ)
0001157769,ダノンメジャー,0000725485,ダイワメジャー,0001142873,ヴィヤダーナ(FR),0000333862,サンデーサイレンス(USA),0001003784,Azamour(IRE)
0000993132,ダノンヨーヨー,0000274883,ダンスインザダーク,0000329062,フローラルグリーン,0000333862,サンデーサイレンス(USA),0000337550,フォーティナイナー(USA)
0001222577,ダノンラスター,0000742976,ディープインパクト,0001209429,プリンセスオブシルマー(USA),0000333862,サンデーサイレンス(USA),0001083691,マジェスティックウォリアー(USA)
0001152279,ダノンリバティ,0000729458,キングカメハメハ,0000725489,スカーレットベル,0000347989,Kingmambo(USA),0000365099,エリシオ(FR)
0001162685,ダノンレジェンド,0000621973,Macho Uno(USA),0001157818,マイグッドネス(USA),0000361247,Holy Bull(USA),0000337102,Storm Cat(USA)
0000808148,ダノンヴィッター,0000293624,スペシャルウィーク,0000703163,タガノヴィヴィアン,0000333862,サンデーサイレンス(USA),0000333901,ティンバーカントリー(USA)
0000995857,ダブルウェッジ,0000298971,マイネルラヴ(USA),0000705038,ファインディンプル,0000337444,Seeking the Gold(USA),0000336890,Silver Hawk(USA)
0000160131,ダブルオーセブン,0000333469,ザポテコ(USA),0000077044,クラリエイト,0000334204,Delta Judge(USA),0000333506,クリスタルボール(USA)
0001203569,ダブルシャープ,0001148419,ベーカバド(FR),0000796977,メジロルーシュバー,0000363470,Cape Cross(IRE),0000324933,アグネスタキオン
0000132056,ダブルスター,0000455919,トスター(FR),0000466183,アラ系　テングスター,0000335840,サラ　Star(FR),0000455663,アア　リキスベビー
0000619488,ダブルタイトル,0000237704,ホワイトマズル(GB),0000297920,ネオン,0000336853,ダンシングブレーヴ(USA),0000337497,オールドヴィック(GB)
0000743017,ダブルティンパニー,0000333862,サンデーサイレンス(USA),0000326014,オイスターチケット,0000335154,Halo(USA),0000230809,ウイニングチケット
0000616186,ダブルネーム,0000249114,ナリタブライアン,0000275693,ゴールデンカラーズ(USA),0000333844,ブライアンズタイム(USA),0000335975,Mr. Prospector(USA)
0000319843,ダブルハピネス,0000341457,ロイヤルアカデミーⅡ(USA),0000209724,エンジェルクロス,0000333996,Nijinsky(CAN),0000082169,シービークロス
0001206176,ダブルフラット,0000324971,マンハッタンカフェ,0001042636,アガルタ,0000333862,サンデーサイレンス(USA),0000729458,キングカメハメハ
0000614859,ダブルレインボー,0000340633,アラジ(USA),0000383690,バンデリリエロス(USA),0000335274,Blushing Groom(FR),0000337428,ファーディナンド(USA)
0000013166,ダルタニアン,0000004057,シユンエイ,0000457034,カネトモ,0000333115,サラ　ライジングフレーム(IRE),,
0001107030,ダローネガ,0000725485,ダイワメジャー,0000705586,カメリアローズ,0000333862,サンデーサイレンス(USA),0000237704,ホワイトマズル(GB)
0000988574,ダンケシェーン,0000319426,スターリングローズ,0000258980,ブラークリット,0000337421,アフリート(CAN),0000333707,リアルシヤダイ(USA)
0000700669,ダンサーズナカヤマ,0000340630,ブラックタイアフェアー(IRE),0000272843,ユタカダンサー,0000336395,Miswaki(USA),0000145106,サクラユタカオー
0001208397,ダンサール,0000722158,ハーツクライ,0001165011,バラダセール(ARG),0000333862,サンデーサイレンス(USA),0000897975,Not for Sale(ARG)
0001135449,ダンシングハート,0000615577,クロフネ(USA),0000327039,ダンシングスナーク,0000362799,フレンチデピュティ(USA),0000336862,グルームダンサー(USA)
0001046106,ダンシングマオ,0000619768,ゴールドアリュール,0000384287,エスカビオーサ(ARG),0000333862,サンデーサイレンス(USA),0000342419,Payant(ARG)
0001143677,ダンシングレイン,0000362560,Danehill Dancer(IRE),0000451118,Rain Flower(IRE),0000337424,デインヒル(USA),0000342656,Indian Ridge(IRE)
0001157400,ダンシングワンダー,0000299089,グラスワンダー(USA),0001050391,スマーティーダンス(USA),0000336890,Silver Hawk(USA),0000879370,Smarty Jones(USA)
0000701538,ダンシンリボルバー,0000274883,ダンスインザダーク,0000225206,ディスコホール,0000333862,サンデーサイレンス(USA),0000333544,ノーザンテースト(CAN)
0000727042,ダンスアジョイ,0000274883,ダンスインザダーク,0000261758,ナイルスター,0000333862,サンデーサイレンス(USA),0000161740,トニービン(IRE)
0001139452,ダンスアミーガ,0000225628,サクラバクシンオー,0000755970,ダンスオールナイト,0000145106,サクラユタカオー,0000299155,エルコンドルパサー(USA)
0001109191,ダンスインザマミー,0000611525,タニノギムレット,0000750308,フラップアウェイ,0000333844,ブライアンズタイム(USA),0000299155,エルコンドルパサー(USA)
0000726398,ダンスインザムード,0000333862,サンデーサイレンス(USA),0000383247,ダンシングキイ(USA),0000335154,Halo(USA),0000333996,Nijinsky(CAN)
0000735927,ダンスインザモア,0000274883,ダンスインザダーク,0000231842,スーパーリヴリア,0000333862,サンデーサイレンス(USA),0000333821,リヴリア(USA)
0000737176,ダンスオブサロメ,0000295366,ビワタケヒデ,0000321386,スターマレイン(USA),0000333844,ブライアンズタイム(USA),0000337445,Woodman(USA)
0000233910,ダンスオールナイト,0000179063,ミユゲロワイヤル,0000170899,シングルソング,0000333707,リアルシヤダイ(USA),0000333599,ノーザリー(USA)
0001124751,ダンスディレクター,0000714301,アルデバランⅡ(USA),0000757167,マザーリーフ,0000335975,Mr. Prospector(USA),0000333862,サンデーサイレンス(USA)
0001094703,ダンスファンタジア,0000626942,ファルブラヴ(IRE),0000726398,ダンスインザムード,0000337427,Fairy King(USA),0000333862,サンデーサイレンス(USA)
0000757788,ダンスフォーウィン,0000274883,ダンスインザダーク,0000287585,エムジーピッコロ(USA),0000333862,サンデーサイレンス(USA),0000340653,ハウスバスター(USA)
0000722638,ダンツアイリッシュ,0000333844,ブライアンズタイム(USA),0000199730,イチリュウグラマー,0000335167,Roberto(USA),0000333640,ブレイヴエストローマン(USA)
0000258414,ダンツアトラス,0000114852,バンブーアトラス,0000177311,ミュウレン,0000333578,ジムフレンチ(USA),0000333582,コインドシルバー(USA)
0000886283,ダンツウィニング,0000333894,コマンダーインチーフ(GB),0000303154,テーケーレディー,0000336853,ダンシングブレーヴ(USA),0000333842,スマコバクリーク(USA)
0001169253,ダンツエイコウ,0000325200,ジャングルポケット,0000727733,シュガーアート,0000161740,トニービン(IRE),0000287925,タイキシャトル(USA)
0001169804,ダンツエンペラー,0000742999,ヴァーミリアン,0000736621,ラドランファーマ,0000299155,エルコンドルパサー(USA),0000237704,ホワイトマズル(GB)
0000891436,ダンツキッスイ,0000700008,シンボリクリスエス(USA),0000705003,サンフラワーガール,0000336209,Kris S.(USA),0000287925,タイキシャトル(USA)
0000732680,ダンツキッチョウ,0000333862,サンデーサイレンス(USA),0000158811,レイホーソロン,0000335154,Halo(USA),0000333257,パーソロン(IRE)
0000313979,ダンツキャスト,0000129863,ニホンピロウイナー,0000235751,エンジェルコール,0000333618,ステイールハート(IRE),0000333769,パークリージエント(CAN)
0001138671,ダンツキャノン,0000611525,タニノギムレット,0000735771,アイコチャン,0000333844,ブライアンズタイム(USA),0000263178,ピルサドスキー(IRE)
0001139343,ダンツキャンサー,0000737164,アドマイヤジャパン,0000753950,チョウカイクリス,0000333862,サンデーサイレンス(USA),0000225628,サクラバクシンオー
0000735670,ダンツクインビー,0000293624,スペシャルウィーク,0000262989,ダンツシュアー(CAN),0000333862,サンデーサイレンス(USA),0000337102,Storm Cat(USA)
0001207135,ダンツクレイオー,0001129430,ワークフォース(GB),0001091975,ステラプラド,0000372784,キングズベスト(USA),0000722158,ハーツクライ
0000708725,ダンツシェイク,0000263172,Singspiel(IRE),0000435107,Belize Tropical(IRE),0000341850,In The Wings(GB),0000333861,バイアモン(USA)
0000614725,ダンツジャッジ,0000342675,ウォーニング(GB),0000260766,ループスキークロス,0000335911,Known Fact(USA),0000333848,ナスルエルアラブ(USA)
0001204874,ダンツセイケイ,0000725485,ダイワメジャー,0000891037,オスカルフランソワ,0000333862,サンデーサイレンス(USA),0000369358,ワイルドラッシュ(USA)
0000700396,ダンツソールジャー,0000166681,タマモクロス,0000275529,ルワンジュ(USA),0000082169,シービークロス,0000120594,Strawberry Road(AUS)
0000326421,ダンツフレーム,0000333844,ブライアンズタイム(USA),0000235491,インターピレネー,0000335167,Roberto(USA),0000333816,サンキリコ(USA)
0000254844,ダンツブロード,0000144902,ライフタテヤマ,0000149608,インパルス,0000036106,ハイセイコー,0000333362,ネプテユーヌス(FR)
0001173480,ダンツプリウス,0000333844,ブライアンズタイム(USA),0000996194,ストロングレダ,0000335167,Roberto(USA),0000324971,マンハッタンカフェ
0001170492,ダンツペンダント,0000701701,オレハマッテルゼ,0000757615,ノースプリンセス,0000333862,サンデーサイレンス(USA),0000333872,アジュディケーティング(USA)
0000889825,ダンツホウテイ,0000324971,マンハッタンカフェ,0000424417,グランスオークス(USA),0000333862,サンデーサイレンス(USA),0000336085,Nureyev(USA)
0001102219,ダンツミュータント,0000298971,マイネルラヴ(USA),0000280167,ウメノローマン,0000337444,Seeking the Gold(USA),0000107516,リードワンダー
0001041486,ダンツミラション,0000729458,キングカメハメハ,0000258966,サンルージュ,0000347989,Kingmambo(USA),0000171987,シエイデイハイツ(GB)
0001152682,ダンツメガヒット,0000287925,タイキシャトル(USA),0000731054,アイズビューティー,0000337092,Devil's Bag(USA),0000365099,エリシオ(FR)
0000319856,ダンツランニング,0000340528,ジェネラス(IRE),0000383700,メイトリアーク(USA),0000336202,Caerleon(USA),0000337546,Wavering Monarch(USA)
0000276932,ダンディズム,0000184656,ビソウエルシド,0000133319,ダイヤトウザイ,0000455756,エルシド(FR),0000093587,キタノトウザイ
0000302197,ダンディラッシュ,0000225905,ドクターデヴィアス(IRE),0000235488,イクノリバー,0000336322,Ahonoora(GB),0000336421,Irish River(FR)
0000304490,ダンディーアロー,0000130523,ミスターシービー,0000148796,アローウエンデイー,0000061253,トウシヨウボーイ,0000019148,アローエクスプレス
0001137753,ダンディーズムーン,0000760877,アドマイヤムーン,0000723795,アドマイヤダンサー,0000361855,エンドスウィープ(USA),0000299155,エルコンドルパサー(USA)
0001129467,ダンディーノ,0000372531,Dansili(GB),0001129460,Generous Diana(GB),0000337424,デインヒル(USA),0000340528,ジェネラス(IRE)
0001185395,ダンビュライト,0001042049,ルーラーシップ,0000701705,タンザナイト,0000729458,キングカメハメハ,0000333862,サンデーサイレンス(USA)
0000890882,ダークエンジェル,0000274883,ダンスインザダーク,0000620034,シェーンクライト,0000333862,サンデーサイレンス(USA),0000365099,エリシオ(FR)
0001043215,ダークシャドウ,0000274883,ダンスインザダーク,0000299263,マチカネハツシマダ(USA),0000333862,サンデーサイレンス(USA),0000336504,Private Account(USA)
0000727735,ダークマター,0000274883,ダンスインザダーク,0000286007,パローニアクレスト,0000333862,サンデーサイレンス(USA),0000333846,キンググローリアス(USA)
0001104206,ダークマレイン,0000888300,サブミーカー,0000321386,スターマレイン(USA),0000225628,サクラバクシンオー,0000337445,Woodman(USA)
0000760253,ダークメッセージ,0000274883,ダンスインザダーク,0000316487,エヴリウィスパー,0000333862,サンデーサイレンス(USA),0000333544,ノーザンテースト(CAN)
0001200995,ダークリパルサー,0001051344,ハードスパン(USA),0000329435,エミネントシチー,0000336082,Danzig(USA),0000333844,ブライアンズタイム(USA)
0001091629,ダーズンローズ,0000262443,フジキセキ,0000383656,ローザネイ(FR),0000333862,サンデーサイレンス(USA),0000334968,Lyphard(USA)
0001088747,ダートムーア,0000615577,クロフネ(USA),0000286897,カーリーパッション,0000362799,フレンチデピュティ(USA),0000161740,トニービン(IRE)
0001122969,ダービーフィズ,0000325200,ジャングルポケット,0000724693,マンハッタンフィズ,0000161740,トニービン(IRE),0000333862,サンデーサイレンス(USA)
0000324771,ダービーレグノ,0000161740,トニービン(IRE),0000263042,ダービーキングダム(GB),0000336378,カンパラ(GB),0000341457,ロイヤルアカデミーⅡ(USA)
0000308326,ダービーワイルド,0000337265,クリスタルグリツターズ(USA),0000149862,ダービーハンド,0000335274,Blushing Groom(FR),0000333563,シヤイニングナイト(USA)
0001106369,ダームドゥラック,0000700008,シンボリクリスエス(USA),0000624192,フェアリーテールタイム(USA),0000336209,Kris S.(USA),0000337427,Fairy King(USA)
0000806904,チアズウイナー,0000337550,フォーティナイナー(USA),0000397678,ダーケストスター(USA),0000335975,Mr. Prospector(USA),0000336839,Star de Naskra(USA)
0000760540,チアズガディス,0000362799,フレンチデピュティ(USA),0000319544,チアズグレイス,0000338072,Deputy Minister(CAN),0000333862,サンデーサイレンス(USA)
0000614653,チアズシャイニング,0000333894,コマンダーインチーフ(GB),0000181724,グリーンスミレ,0000336853,ダンシングブレーヴ(USA),0000333599,ノーザリー(USA)
0000620418,チアズシュタルク,0000333862,サンデーサイレンス(USA),0000230318,チアズフラワー,0000335154,Halo(USA),0000336336,Al Nasr(FR)
0000295767,チアズニューパワー,0000336853,ダンシングブレーヴ(USA),0000129263,シマノリマンド,0000334968,Lyphard(USA),0000333363,リマンド(GB)
0000708861,チアズヒカリ,0000255813,マヤノトップガン,0000383929,サラトガシャドーズ(USA),0000333844,ブライアンズタイム(USA),0000336879,Saratoga Six(USA)
0000702950,チアズファルコン,0000333846,キンググローリアス(USA),0000274579,メジロソシアル,0000336724,Naevus(USA),0000161740,トニービン(IRE)
0000327548,チアズブライトリー,0000333862,サンデーサイレンス(USA),0000273579,チアズダンサー,0000335154,Halo(USA),0000098122,アンバーシヤダイ
0000702195,チアズメッセージ,0000333862,サンデーサイレンス(USA),0000273579,チアズダンサー,0000335154,Halo(USA),0000098122,アンバーシヤダイ
0000620419,チアズリガス,0000333862,サンデーサイレンス(USA),0000243689,チアズリリー,0000335154,Halo(USA),0000130523,ミスターシービー
0000705891,チアフルスマイル,0000333862,サンデーサイレンス(USA),0000275693,ゴールデンカラーズ(USA),0000335154,Halo(USA),0000335975,Mr. Prospector(USA)
0000852718,チアフルワールド,0000362681,スピニングワールド(USA),0000852079,Cheer Cheer(USA),0000336085,Nureyev(USA),0000367863,Lord Carson(USA)
0000726451,チェストウイング,0000293624,スペシャルウィーク,0000298284,チェイスザウインド,0000333862,サンデーサイレンス(USA),0000161740,トニービン(IRE)
0001192048,チェスナットコート,0000722158,ハーツクライ,0000808046,ホワイトヴェール,0000333862,サンデーサイレンス(USA),0000615577,クロフネ(USA)
0001167301,チェッキーノ,0000729458,キングカメハメハ,0000325217,ハッピーパス,0000347989,Kingmambo(USA),0000333862,サンデーサイレンス(USA)
0000324137,チェックザラック,0000337421,アフリート(CAN),0000250179,ペシェミョン(IRE),0000335975,Mr. Prospector(USA),0000336572,Sadler's Wells(USA)
0000755027,チェリーストーム,0000263178,ピルサドスキー(IRE),0000247728,ケイワンビーナス,0000342688,Polish Precedent(USA),0000333845,アイシーグルーム(USA)
0001044092,チェリーソウマ,0000225628,サクラバクシンオー,0000314018,アトムチェリー,0000145106,サクラユタカオー,0000333887,ヘクタープロテクター(USA)
0000327568,チェリーブラスト,0000237704,ホワイトマズル(GB),0000224103,ヒカルビション,0000336853,ダンシングブレーヴ(USA),0000333713,グランデイ(IRE)
0001107046,チェリーメドゥーサ,0000742581,シックスセンス,0000705745,キョウワグレイス,0000333862,サンデーサイレンス(USA),0000333844,ブライアンズタイム(USA)
0000888521,チェレブリタ,0000287600,ブラックホーク(GB),0000327032,アカプルコ,0000336085,Nureyev(USA),0000098122,アンバーシヤダイ
0001046540,チェンジオブシーン,0000274883,ダンスインザダーク,0000611523,ステージヴァージン,0000333862,サンデーサイレンス(USA),0000161740,トニービン(IRE)
0000317228,チカラダユウキ,0000339572,オペラハウス(GB),0000242240,ホーマンマルサ,0000336572,Sadler's Wells(USA),0000333817,プリンスオブバーズ(USA)
0000730539,チキリサンサン,0000255813,マヤノトップガン,0000291661,リキアイメガミ,0000333844,ブライアンズタイム(USA),0000336853,ダンシングブレーヴ(USA)
0000702296,チキリテイオー,0000140567,シンボリルドルフ,0000212337,リュウコウサクラ,0000333257,パーソロン(IRE),0000145106,サクラユタカオー
0000888386,チキリボーイ,0000310442,メイショウドトウ(IRE),0000325906,マリンパンサー,0000353279,Bigstone(IRE),0000333901,ティンバーカントリー(USA)
0001188817,チシャーキャット,0000727032,メイショウボーラー,0000889584,ナンヨーナイト,0000287925,タイキシャトル(USA),0000615577,クロフネ(USA)
0000618104,チトセサクセス,0000237393,サクラチトセオー,0000242983,アトラスボンバー,0000161740,トニービン(IRE),0000333747,サウスアトランテイツク(IRE)
0000726484,チャイナバロック,0000166681,タマモクロス,0000384119,チャイナブリーズ(USA),0000082169,シービークロス,0000336568,Capote(USA)
0000797036,チャイニーズフレア,0000262437,タヤスツヨシ,0000158437,ダイナチヤイナ,0000333862,サンデーサイレンス(USA),0000333544,ノーザンテースト(CAN)
0000228999,チャクラ,0000147332,シリウスシンボリ,0000114242,ホーセイスキー,0000333665,モガミ(FR),0000069360,マルゼンスキー
0000750295,チャッティーギャル,0000299155,エルコンドルパサー(USA),0000298445,チャッターリップス,0000347989,Kingmambo(USA),0000336348,リファーズウィッシュ(FR)
0000731243,チャニングガール,0000337863,Boundary(USA),0000731183,Raisin Goldie(USA),0000336082,Danzig(USA),0000335992,Raise a Man(USA)
0001134934,チャプレット,0000701668,ゼンノロブロイ,0000317103,ブレスマイソウル,0000333862,サンデーサイレンス(USA),0000166681,タマモクロス
0000620006,チャペルコンサート,0000333862,サンデーサイレンス(USA),0000434145,リープフォージョイ(GB),0000335154,Halo(USA),0000336330,Sharpo(GB)
0001191830,チャロネグロ,0000722158,ハーツクライ,0000619980,ルミネンス,0000333862,サンデーサイレンス(USA),0000333874,ジェイドロバリー(USA)
0000269301,チャンストウライ,0000114852,バンブーアトラス,0000146124,スワローソロン,0000333578,ジムフレンチ(USA),0000333257,パーソロン(IRE)
0001101417,チャンピオンヤマト,0000727032,メイショウボーラー,0000246782,アクアライデン,0000287925,タイキシャトル(USA),0000134393,ワカオライデン
0001137106,チャンピオンルパン,0000722158,ハーツクライ,0000702827,マイマスタートップ,0000333862,サンデーサイレンス(USA),0000342675,ウォーニング(GB)
0001109528,チャーチクワイア,0000701577,ネオユニヴァース,0000757730,ロレットチャペル,0000333862,サンデーサイレンス(USA),0000362799,フレンチデピュティ(USA)
0000732035,チャーミングクリス,0000336209,Kris S.(USA),0000731669,Too Cool to Fool(USA),0000335167,Roberto(USA),0000334740,Foolish Pleasure(USA)
0000242569,チャームダンス,0000145801,スクラムダイナ,0000179427,アルファルナー,0000333664,デイクタス(FR),0000036106,ハイセイコー
0000883359,チャームナデシコ,0000369358,ワイルドラッシュ(USA),0000250128,ナデシコ(IRE),0000336574,Wild Again(USA),0000336572,Sadler's Wells(USA)
0000988742,チャームポット,0000262443,フジキセキ,0000262364,ホットプレイ,0000333862,サンデーサイレンス(USA),0000333544,ノーザンテースト(CAN)
0001161956,チャーリーブレイヴ,0000369336,Indian Charlie(USA),0000840769,Catchofthecentury(USA),0000339710,In Excess(IRE),0000341849,Carson City(USA)
0001216663,チュウワフライヤー,0001028940,ヘニーヒューズ(USA),0000804093,ヴィヴィッドカラー,0000362819,ヘネシー(USA),0000274883,ダンスインザダーク
0000991880,チュウワプリンス,0000324971,マンハッタンカフェ,0000316411,コンパス,0000333862,サンデーサイレンス(USA),0000333544,ノーザンテースト(CAN)
0000707795,チューニー,0000333862,サンデーサイレンス(USA),0000383936,フロムビヨンド(GB),0000335154,Halo(USA),0000336087,Kris(GB)
0000990614,チョイワルグランパ,0000324971,マンハッタンカフェ,0000299263,マチカネハツシマダ(USA),0000333862,サンデーサイレンス(USA),0000336504,Private Account(USA)
0000754544,チョウカイサンデー,0000333862,サンデーサイレンス(USA),0000241073,チョウカイキャロル,0000335154,Halo(USA),0000333844,ブライアンズタイム(USA)
0000733199,チョウカイシャトル,0000263178,ピルサドスキー(IRE),0000241073,チョウカイキャロル,0000342688,Polish Precedent(USA),0000333844,ブライアンズタイム(USA)
0000756384,チョウカイファイト,0000324933,アグネスタキオン,0000269265,ホクトペンダント,0000333862,サンデーサイレンス(USA),0000333769,パークリージエント(CAN)
0000612970,チョウカイフライト,0000333862,サンデーサイレンス(USA),0000241073,チョウカイキャロル,0000335154,Halo(USA),0000333844,ブライアンズタイム(USA)
0000309028,チョウカイリョウガ,0000333862,サンデーサイレンス(USA),0000383827,ポインテッドパス(GB),0000335154,Halo(USA),0000336087,Kris(GB)
0000728446,チョウカイロイヤル,0000333844,ブライアンズタイム(USA),0000405750,ブラッシングストーム(USA),0000335167,Roberto(USA),0000335274,Blushing Groom(FR)
0000739260,チョウサン,0000274883,ダンスインザダーク,0000316574,ステイヤング,0000333862,サンデーサイレンス(USA),0000179021,サツカーボーイ
0000888607,チョウサンデイ,0000268975,エイシンサンディ,0000327733,チョウハッスル,0000333862,サンデーサイレンス(USA),0000337436,ラストタイクーン(IRE)
0001133490,チョコレートバイン,0000742976,ディープインパクト,0000263170,シャンクシー(USA),0000333862,サンデーサイレンス(USA),0000342645,Zilzal(USA)
0000760826,チヨノドラゴン,0000274914,バブルガムフェロー,0000324791,ブリリアントノバ,0000333862,サンデーサイレンス(USA),0000340528,ジェネラス(IRE)
0000729875,チリエージェ,0000225628,サクラバクシンオー,0000260405,メガミゲラン,0000145106,サクラユタカオー,0000171987,シエイデイハイツ(GB)
0001142686,ツァーリ,0000293624,スペシャルウィーク,0001086766,グランドアメリフローラ(USA),0000333862,サンデーサイレンス(USA),0000369314,Grand Slam(USA)
0000760708,ツアーデフォース,0000287925,タイキシャトル(USA),0000321343,サンタママ(USA),0000337092,Devil's Bag(USA),0000336869,Lear Fan(USA)
0001133280,ツィンクルソード,0000619835,デュランダル,0000247228,ツィンクルブライド,0000333862,サンデーサイレンス(USA),0000334968,Lyphard(USA)
0000726519,ツィンクルヴェール,0000333862,サンデーサイレンス(USA),0000247228,ツィンクルブライド,0000335154,Halo(USA),0000334968,Lyphard(USA)
0000701423,ツイスティングラヴ,0000274883,ダンスインザダーク,0000275439,クラッシーマダム(USA),0000333862,サンデーサイレンス(USA),0000336770,Crafty Prospector(USA)
0001169567,ツイセキシャ,0000615577,クロフネ(USA),0000732988,ガンバリッコ,0000362799,フレンチデピュティ(USA),0000333862,サンデーサイレンス(USA)
0000218028,ツインクルスター,0000333770,ワツスルタツチ(USA),0000050197,ヒデマツカゼ,0000334002,Northern Dancer(CAN),0000333282,ムーテイエ(FR)
0000797154,ツカサラッキー,0000365086,デザートストーリー(IRE),0000169413,エイシンハピネス,0000336430,Green Desert(USA),0000333544,ノーザンテースト(CAN)
0001092867,ツカサリボン,0000729458,キングカメハメハ,0000617626,エターナルシャイン,0000347989,Kingmambo(USA),0000333544,ノーザンテースト(CAN)
0000705997,ツキノミコト,0000192966,ホークスター(USA),0000218961,コスモライフ,0000336890,Silver Hawk(USA),0000336876,Pilgrim(USA)
0001138238,ツクバアスナロ,0000742996,サムライハート,0000729906,メジロヒラリー,0000333862,サンデーサイレンス(USA),0000299155,エルコンドルパサー(USA)
0001139009,ツクバアズマオー,0000286968,ステイゴールド,0000743027,ニューグランジ,0000333862,サンデーサイレンス(USA),0000372708,Giant's Causeway(USA)
0001096803,ツクバコガネオー,0000729458,キングカメハメハ,0000897738,シンディ(USA),0000347989,Kingmambo(USA),0000339653,A.P. Indy(USA)
0000990693,ツクバホクトオー,0000262443,フジキセキ,0000302129,ステファニーチャン,0000333862,サンデーサイレンス(USA),0000347636,アーミジャー(GB)
0001125250,ツクバリンカーン,0000701712,リンカーン,0000766320,ウェディングバレー(USA),0000333862,サンデーサイレンス(USA),0000361933,Peaks and Valleys(USA)
0001121446,ツクバローレル,0000700008,シンボリクリスエス(USA),0000617175,ローレルアンジュ,0000336209,Kris S.(USA),0000225913,パラダイスクリーク(USA)
0001154240,ツジスーパーサクラ,0000626923,チチカステナンゴ(FR),0000763922,ヴイプラド(USA),0000361696,Smadoun(FR),0000340508,El Prado(IRE)
0000304743,ツジノワンダー,0000203356,メジロマックイーン,0000197604,ツジノチドリ,0000110447,メジロテイターン,0000069360,マルゼンスキー
0001187127,ツヅク,0000762445,マツリダゴッホ,0000757696,ザッツザウェイ,0000333862,サンデーサイレンス(USA),0000274915,フサイチコンコルド
0001203839,ツヅミモン,0000995275,ストロングリターン,0000803447,カタマチボタン,0000700008,シンボリクリスエス(USA),0000274883,ダンスインザダーク
0000800704,ツバサドリーム,0000324933,アグネスタキオン,0000262264,フライングカラーズ,0000333862,サンデーサイレンス(USA),0000333874,ジェイドロバリー(USA)
0000254856,ツムジカゼ,0000124927,カツラギエース,0000095842,ミネノユウヒ,0000333594,ボイズイーボーイ(GB),0000333239,テユーダーペリオツド(GB)
0000702840,ツルガオカハヤテ,0000247220,エアダブリン,0000275619,エアパッション(USA),0000161740,トニービン(IRE),0000335154,Halo(USA)
0000617539,ツルギセンタン,0000333890,クリミナルタイプ(USA),0000258891,ウインドチェリー,0000336305,Alydar(USA),0000159702,ウインドストース
0000799801,ツルマルオジョウ,0000274883,ダンスインザダーク,0000245665,ツルマルガール,0000333862,サンデーサイレンス(USA),0000179021,サツカーボーイ
0000733121,ツルマルオトメ,0000287925,タイキシャトル(USA),0000384118,メモリーズオブロニー(USA),0000337092,Devil's Bag(USA),0000337102,Storm Cat(USA)
0000620027,ツルマルグラマー,0000262443,フジキセキ,0000383839,エラティス(USA),0000333862,サンデーサイレンス(USA),0000336924,El Gran Senor(USA)
0000309008,ツルマルザムライ,0000098122,アンバーシヤダイ,0000201749,ビクトリーダンス,0000333544,ノーザンテースト(CAN),0000333632,ダンサーズイメージ(USA)
0000726569,ツルマルシスター,0000274883,ダンスインザダーク,0000245665,ツルマルガール,0000333862,サンデーサイレンス(USA),0000179021,サツカーボーイ
0000233518,ツルマルジャパン,0000333773,スーパールーセント(USA),0000382639,ローマンフレアー(USA),0000334968,Lyphard(USA),0000334744,Proudest Roman(USA)
0001049979,ツルマルジュピター,0000324971,マンハッタンカフェ,0000763151,オマイタ(USA),0000333862,サンデーサイレンス(USA),0000336395,Miswaki(USA)
0000889469,ツルマルストーム,0000700008,シンボリクリスエス(USA),0000384026,キトゥントリックス(USA),0000336209,Kris S.(USA),0000337102,Storm Cat(USA)
0000993771,ツルマルハロー,0000321138,アグネスデジタル(USA),0000384107,スリーソウツ(USA),0000336770,Crafty Prospector(USA),0000335154,Halo(USA)
0000614758,ツルマルファイター,0000337550,フォーティナイナー(USA),0000245665,ツルマルガール,0000335975,Mr. Prospector(USA),0000179021,サツカーボーイ
0000329607,ツルマルボーイ,0000274883,ダンスインザダーク,0000245665,ツルマルガール,0000333862,サンデーサイレンス(USA),0000179021,サツカーボーイ
0000701648,ツルマルヨカニセ,0000274883,ダンスインザダーク,0000383773,ビーモル(USA),0000333862,サンデーサイレンス(USA),0000334968,Lyphard(USA)
0001044037,ツルマルライダー,0000324971,マンハッタンカフェ,0000313522,ユーワジュリエット,0000333862,サンデーサイレンス(USA),0000337421,アフリート(CAN)
0001096748,ツルマルレオン,0000722158,ハーツクライ,0000875117,カストリア(USA),0000333862,サンデーサイレンス(USA),0000347989,Kingmambo(USA)
0001093105,ツルマルワンピース,0000729458,キングカメハメハ,0000620027,ツルマルグラマー,0000347989,Kingmambo(USA),0000262443,フジキセキ
0000759236,ツルミトゥインクル,0000309184,アドマイヤベガ,0000305609,リンクスオブタイム,0000333862,サンデーサイレンス(USA),0000333874,ジェイドロバリー(USA)
0001169696,ツーエムレジェンド,0000362799,フレンチデピュティ(USA),0000735178,プリンセスイブ,0000338072,Deputy Minister(CAN),0000274914,バブルガムフェロー
0001111005,ツーオブアス,0000262443,フジキセキ,0001032774,チナンデガ(FR),0000333862,サンデーサイレンス(USA),0000626923,チチカステナンゴ(FR)
0000989451,ツーデイズノーチス,0000333887,ヘクタープロテクター(USA),0000279447,ユニバース,0000337445,Woodman(USA),0000336853,ダンシングブレーヴ(USA)
0000995419,ティアップゴールド,0000615577,クロフネ(USA),0000634885,アラデヤ(GB),0000362799,フレンチデピュティ(USA),0000337496,Machiavellian(USA)
0001090860,ティアップブレイズ,0000701712,リンカーン,0000324269,ドリームシンデレラ,0000333862,サンデーサイレンス(USA),0000333769,パークリージエント(CAN)
0000991951,ティアップワイルド,0000369358,ワイルドラッシュ(USA),0000316864,フォーティエース,0000336574,Wild Again(USA),0000337550,フォーティナイナー(USA)
0000761310,ティアラプリンセス,0000362599,ラムタラ(USA),0000330432,タイプリンセス,0000333996,Nijinsky(CAN),0000145106,サクラユタカオー
0000256081,ティアーモ,0000182444,ジャンダルム(IRE),0000068654,フレーミング,0000334285,Habitat(USA),0000333318,ミンシオ(FR)
0000763794,ティウチェフ,0000337101,ソヴィエトスター(USA),0000430207,Cut Ahead(GB),0000336085,Nureyev(USA),0000340142,Kalaglow(IRE)
0000321409,ティエッチグレース,0000336568,Capote(USA),0000408330,コンファームドダンサー(USA),0000335964,Seattle Slew(USA),0000335293,Green Dancer(USA)
0000317100,ティコティコタック,0000179021,サツカーボーイ,0000242085,ワンアイドバンブー,0000333664,デイクタス(FR),0000333844,ブライアンズタイム(USA)
0001113696,ティズウェイ,0000621100,Tiznow(USA),0000439406,Bethany(USA),0000341817,Cee's Tizzy(USA),0000341551,Dayjur(USA)
0001144142,ティズトレメンダス,0001031113,Tiz Wonderful(USA),0001144108,Proof Positive(USA),0000621100,Tiznow(USA),0000362784,Editor's Note(USA)
0000882553,ティソーナ,0000321292,ゼンノエルシド(IRE),0000231323,エレガントクイン,0000336202,Caerleon(USA),0000333749,ナグルスキー(CAN)
0001045960,ティファニーケイス,0000287925,タイキシャトル(USA),0000384046,ベイダー(GB),0000337092,Devil's Bag(USA),0000336430,Green Desert(USA)
0001129463,ティモス,0000714936,Sholokhov(IRE),0000715071,Triclaria(GER),0000336572,Sadler's Wells(USA),0000340370,Surumu(GER)
0000725024,ティリアンパープル,0000333862,サンデーサイレンス(USA),0000384280,シャルウォーカミーズ(IRE),0000335154,Halo(USA),0000336572,Sadler's Wells(USA)
0000996531,ティルナノーグ,0000369358,ワイルドラッシュ(USA),0000726993,ドリームスケイプ,0000336574,Wild Again(USA),0000299155,エルコンドルパサー(USA)
0001100804,ティンカップチャリ,0000342622,Crusader Sword(USA),0001100803,Twice Forbidden(USA),0000334660,Damascus(USA),0000336402,Spectacular Bid(USA)
0000311322,ティンバーウルフ,0000204194,レオグリングリン,0000162958,レツドスペクター,0000084657,シナノリンボー,0000094343,エビタカラ
0001151682,ティーエスクライ,0000722158,ハーツクライ,0000704381,レイナワルツ,0000333862,サンデーサイレンス(USA),0000340630,ブラックタイアフェアー(IRE)
0001155632,ティーズアライズ,0000369358,ワイルドラッシュ(USA),0000887302,ナムラエラン,0000336574,Wild Again(USA),0000324933,アグネスタキオン
0001126023,ティーハーフ,0000620927,ストーミングホーム(GB),0000846033,ビールジャント(GB),0000337496,Machiavellian(USA),0000336430,Green Desert(USA)
0000721164,ティーベンジャン,0000721165,Cyborg(FR),0000721167,Pampa Maid,0000336088,Arctic Tern(USA),0000336212,Pampabird(GB)
0000728347,テイエムアクション,0000262443,フジキセキ,0000290953,フリートスティード,0000333862,サンデーサイレンス(USA),0000336853,ダンシングブレーヴ(USA)
0000805973,テイエムアタック,0000302080,テイエムオペラオー,0000329871,テイエムキララ,0000339572,オペラハウス(GB),0000262443,フジキセキ
0001187788,テイエムアニマンテ,0000742946,カネヒキリ,0000802482,セイシンアスリート,0000262443,フジキセキ,0000304230,ナリタトップロード
0000722414,テイエムアラムシャ,0000337550,フォーティナイナー(USA),0000284105,アラマサブレーヴ,0000335975,Mr. Prospector(USA),0000336853,ダンシングブレーヴ(USA)
0000802984,テイエムアンコール,0000339572,オペラハウス(GB),0000297116,スナークサクセス,0000336572,Sadler's Wells(USA),0000333844,ブライアンズタイム(USA)
0001187664,テイエムアンムート,0001085636,パイロ(USA),0000800125,フィフスアベニュー,0000337958,Pulpit(USA),0000324971,マンハッタンカフェ
0000611907,テイエムイットー,0000336853,ダンシングブレーヴ(USA),0000186231,カムイイットー,0000334968,Lyphard(USA),0000333593,ラツキーソブリン(USA)
0000248209,テイエムイナズマ,0000333846,キンググローリアス(USA),0000099951,キヨウエイラツク,0000336724,Naevus(USA),0000333299,テスコボーイ(GB)
0000208069,テイエムエース,0000124927,カツラギエース,0000158457,ダイナジエルソミナ,0000333594,ボイズイーボーイ(GB),0000333544,ノーザンテースト(CAN)
0001087743,テイエムオオタカ,0000237704,ホワイトマズル(GB),0000255495,ハヤテグレシャス,0000336853,ダンシングブレーヴ(USA),0000333622,ネヴアーダンス(USA)
0000705415,テイエムオゴジョ,0000201489,メジロライアン,0000222053,コマンチクイーン,0000098122,アンバーシヤダイ,0000333757,ノーリユート(FR)
0001140444,テイエムオドロキ,0000256512,マーベラスサンデー,0000802879,テイエムビックイ,0000333862,サンデーサイレンス(USA),0000302080,テイエムオペラオー
0001104488,テイエムオペラドン,0000302080,テイエムオペラオー,0000326052,テイエムオーシャン,0000339572,オペラハウス(GB),0000336853,ダンシングブレーヴ(USA)
0000326052,テイエムオーシャン,0000336853,ダンシングブレーヴ(USA),0000243348,リヴァーガール,0000334968,Lyphard(USA),0000333821,リヴリア(USA)
0000291310,テイエムオーロラ,0000333878,リズム(USA),0000192316,サクラジョイナー,0000335975,Mr. Prospector(USA),0000077016,サクラシヨウリ
0000798329,テイエムカゲムシャ,0000361351,タバスコキャット(USA),0000213116,ベラミスキー,0000337102,Storm Cat(USA),0000333646,コリムスキー(USA)
0000736419,テイエムカミガカリ,0000293624,スペシャルウィーク,0000440623,ポリッシュデイム(USA),0000333862,サンデーサイレンス(USA),0000336082,Danzig(USA)
0000704546,テイエムガルチオー,0000361977,サンダーガルチ(USA),0000269202,シマノビューティー,0000339836,Gulch(USA),0000336853,ダンシングブレーヴ(USA)
0000724918,テイエムキャット,0000274883,ダンスインザダーク,0000384104,シーヴェ(USA),0000333862,サンデーサイレンス(USA),0000337102,Storm Cat(USA)
0001139852,テイエムキュウコー,0000302080,テイエムオペラオー,0000762047,テイエムクリスタル,0000339572,オペラハウス(GB),0000225628,サクラバクシンオー
0001088726,テイエムキューバ,0000225913,パラダイスクリーク(USA),0000286839,フルフリングス,0000336421,Irish River(FR),0000333544,ノーザンテースト(CAN)
0000886856,テイエムクレナイ,0000333901,ティンバーカントリー(USA),0000309050,グラヴィール,0000337445,Woodman(USA),0000161740,トニービン(IRE)
0001151705,テイエムクロタカ,0000727032,メイショウボーラー,0000704749,タカノドレスアップ,0000287925,タイキシャトル(USA),0000262443,フジキセキ
0000729088,テイエムコンバット,0000342675,ウォーニング(GB),0000253258,マイネシャリオ,0000335911,Known Fact(USA),0000171990,イブンベイ(GB)
0000326285,テイエムゴーカイ,0000333849,エブロス(USA),0000146912,サカエクインヒメ,0000335975,Mr. Prospector(USA),0000060646,ホクトボーイ
0000326075,テイエムサウスポー,0000337550,フォーティナイナー(USA),0000245145,テイエムメデル,0000335975,Mr. Prospector(USA),0000333793,ロングミツク(FR)
0000612257,テイエムサザンオー,0000358543,カーネギー(IRE),0000383987,ピュアオブハート(USA),0000336572,Sadler's Wells(USA),0000337445,Woodman(USA)
0000733449,テイエムサムライ,0000243723,サクラローレル,0000384105,サムスイート(USA),0000337286,Rainbow Quest(USA),0000339836,Gulch(USA)
0000724118,テイエムサンタオー,0000201489,メジロライアン,0000280012,グランシェール,0000098122,アンバーシヤダイ,0000139946,ビゼンニシキ
0000302578,テイエムサンデー,0000333862,サンデーサイレンス(USA),0000235615,サーストンフラッグ,0000335154,Halo(USA),0000333697,ノーアテンシヨン(FR)
0001121049,テイエムシシーポス,0000302080,テイエムオペラオー,0000611771,テイエムピンキー,0000339572,オペラハウス(GB),0000161740,トニービン(IRE)
0000331179,テイエムシャトウ,0000333841,シアトルスキー(USA),0000171387,シヤドウマウンテン,0000335964,Seattle Slew(USA),0000333631,サテインゴ(GB)
0001123842,テイエムシングン,0000225628,サクラバクシンオー,0000735354,スズカブルーム,0000145106,サクラユタカオー,0000626597,スキャターザゴールド(CAN)
0000616067,テイエムジェネラス,0000340528,ジェネラス(IRE),0000248498,リキサンフラッシュ,0000336202,Caerleon(USA),0000333834,フラツシユオブステイール(IRE)
0001155728,テイエムジンソク,0000615577,クロフネ(USA),0000888481,マイディスカバリー,0000362799,フレンチデピュティ(USA),0000337550,フォーティナイナー(USA)
0001201269,テイエムスグレモン,0001110554,ディープブリランテ,0000615761,フォレストゾーン(USA),0000742976,ディープインパクト,0000349487,Forest Wildcat(USA)
0001105783,テイエムセイリュウ,0000302578,テイエムサンデー,0000613555,テイエムコラール,0000333862,サンデーサイレンス(USA),0000161740,トニービン(IRE)
0000269772,テイエムタイホー,0000337279,ルション(USA),0000081311,ブラウンデージ,0000335664,Riverman(USA),0000333447,ボンモー(FR)
0001091729,テイエムターゲット,0000262443,フジキセキ,0000383937,ダイリンズデライト(IRE),0000333862,サンデーサイレンス(USA),0000337427,Fairy King(USA)
0000307542,テイエムダイオー,0000333544,ノーザンテースト(CAN),0000156106,シングルホーク,0000334002,Northern Dancer(CAN),0000333613,サンプリンス(IRE)
0001125853,テイエムダイパワー,0000737164,アドマイヤジャパン,0000807050,フミノオリヒメ,0000333862,サンデーサイレンス(USA),0000299089,グラスワンダー(USA)
0001156181,テイエムダンシング,0000274883,ダンスインザダーク,0000987186,ティファイファイ,0000333862,サンデーサイレンス(USA),0000319426,スターリングローズ
0000750531,テイエムチュラサン,0000287925,タイキシャトル(USA),0000286839,フルフリングス,0000337092,Devil's Bag(USA),0000333544,ノーザンテースト(CAN)
0001139212,テイエムチュラッコ,0000302080,テイエムオペラオー,0000750531,テイエムチュラサン,0000339572,オペラハウス(GB),0000287925,タイキシャトル(USA)
0000891929,テイエムチーター,0000700008,シンボリクリスエス(USA),0000750804,カフェオペラ(USA),0000336209,Kris S.(USA),0000336572,Sadler's Wells(USA)
0000701436,テイエムテンライ,0000333862,サンデーサイレンス(USA),0000408440,ハイランドトーク(USA),0000335154,Halo(USA),0000336864,Highland Park(USA)
0001204047,テイエムディラン,0000722797,ブラックタイド,0000807050,フミノオリヒメ,0000333862,サンデーサイレンス(USA),0000299089,グラスワンダー(USA)
0000705418,テイエムトキメキ,0000333844,ブライアンズタイム(USA),0000230316,テイエムスコール,0000335167,Roberto(USA),0000166681,タマモクロス
0000758405,テイエムトッパズレ,0000302080,テイエムオペラオー,0000295872,テイエムシャルマン,0000339572,オペラハウス(GB),0000337448,ステートリードン(USA)
0000732901,テイエムドラゴン,0000309184,アドマイヤベガ,0000222495,ヤエシラオキ,0000333862,サンデーサイレンス(USA),0000069360,マルゼンスキー
0001091871,テイエムドンマイ,0000372825,プリサイスエンド(USA),0000384205,エンピリカル(USA),0000361855,エンドスウィープ(USA),0000336395,Miswaki(USA)
0001134975,テイエムナデューラ,0000737164,アドマイヤジャパン,0000317814,レインボーフェロー,0000333862,サンデーサイレンス(USA),0000203356,メジロマックイーン
0001173285,テイエムナナヒカリ,0000325200,ジャングルポケット,0000993748,エリモトゥデイ,0000161740,トニービン(IRE),0000369358,ワイルドラッシュ(USA)
0000762107,テイエムノブシオー,0000361351,タバスコキャット(USA),0000384105,サムスイート(USA),0000337102,Storm Cat(USA),0000339836,Gulch(USA)
0001104772,テイエムハエンカゼ,0000302080,テイエムオペラオー,0000329079,テイエムシーズン,0000339572,オペラハウス(GB),0000192967,カコイーシーズ(USA)
0000613018,テイエムハヤカゼ,0000250204,タイキブリザード(USA),0000201033,サチモジャンヌ,0000335964,Seattle Slew(USA),0000333667,ターゴワイス(USA)
0000732917,テイエムハヤブサ,0000263178,ピルサドスキー(IRE),0000243348,リヴァーガール,0000342688,Polish Precedent(USA),0000333821,リヴリア(USA)
0000991343,テイエムハリアー,0000318327,ニューイングランド,0000309424,フェリアード,0000333862,サンデーサイレンス(USA),0000337448,ステートリードン(USA)
0001217649,テイエムバリバリ,0001103854,トーセンホマレボシ,0000897686,ヴァリュー(USA),0000742976,ディープインパクト,0000339656,Belong to Me(USA)
0000762059,テイエムヒスイ,0000302080,テイエムオペラオー,0000384046,ベイダー(GB),0000339572,オペラハウス(GB),0000336430,Green Desert(USA)
0001188622,テイエムヒッタマゲ,0000302080,テイエムオペラオー,0000886856,テイエムクレナイ,0000339572,オペラハウス(GB),0000333901,ティンバーカントリー(USA)
0000740582,テイエムヒットベ,0000333887,ヘクタープロテクター(USA),0000316038,ワカセイウン,0000337445,Woodman(USA),0000115064,ホリスキー
0001126584,テイエムブシドー,0000700008,シンボリクリスエス(USA),0000897680,レムリア(USA),0000336209,Kris S.(USA),0000337450,Theatrical(IRE)
0001041209,テイエムブユウデン,0000333844,ブライアンズタイム(USA),0000248498,リキサンフラッシュ,0000335167,Roberto(USA),0000333834,フラツシユオブステイール(IRE)
0000759682,テイエムプリキュア,0000225913,パラダイスクリーク(USA),0000309424,フェリアード,0000336421,Irish River(FR),0000337448,ステートリードン(USA)
0000728360,テイエムボッケモン,0000214562,スターオブコジーン(USA),0000286839,フルフリングス,0000337423,Cozzene(USA),0000333544,ノーザンテースト(CAN)
0000728645,テイエムマウンテン,0000287925,タイキシャトル(USA),0000383924,プレザントソーサリス(USA),0000337092,Devil's Bag(USA),0000335991,Pleasant Colony(USA)
0000617197,テイエムマズルカ,0000237704,ホワイトマズル(GB),0000248822,テイエムテンホー,0000336853,ダンシングブレーヴ(USA),0000167875,サクラロータリー
0000327982,テイエムマッチョ,0000337421,アフリート(CAN),0000158875,タイセイスキー,0000335975,Mr. Prospector(USA),0000069360,マルゼンスキー
0000742592,テイエムメガスター,0000225628,サクラバクシンオー,0000316262,アスペンリーフ,0000145106,サクラユタカオー,0000333862,サンデーサイレンス(USA)
0000258410,テイエムメダリスト,0000191120,ウィナーズサークル,0000117639,ヒダカセツシヨン,0000333476,シーホーク(FR),0000333470,ラム(USA)
0000797161,テイエムモノノフ,0000214562,スターオブコジーン(USA),0000169465,エイシンギヤロツプ,0000337423,Cozzene(USA),0000333544,ノーザンテースト(CAN)
0000729035,テイエムヤマトオー,0000333844,ブライアンズタイム(USA),0000446537,マーズヴァイオレット(USA),0000335167,Roberto(USA),0000335975,Mr. Prospector(USA)
0001092555,テイエムライジン,0000302080,テイエムオペラオー,0000613555,テイエムコラール,0000339572,オペラハウス(GB),0000161740,トニービン(IRE)
0000705784,テイエムリキサン,0000287925,タイキシャトル(USA),0000248498,リキサンフラッシュ,0000337092,Devil's Bag(USA),0000333834,フラツシユオブステイール(IRE)
0001092950,テイクアベット,0000225628,サクラバクシンオー,0000618654,テイクザケイク,0000145106,サクラユタカオー,0000333886,スキャン(USA)
0001003685,テイクオーバーターゲット,0000361623,Celtic Swing(GB),0001003686,Shady Stream(AUS),0000337284,ダミスター(USA),0000350332,Archregent(CAN)
0000891731,テイクバイストーム,0000626942,ファルブラヴ(IRE),0000721467,グレイトフィーヴァー(FR),0000337427,Fairy King(USA),0000336817,Kaldoun(FR)
0000150779,テイクファイブ,0000333666,イングリツシユプリンス(IRE),0000099096,リツチガール,0000334415,Petingo(GB),0000333540,リツチボーイ(GB)
0001153359,テイケイラピッド,0001039506,スニッツェル(AUS),0000743767,ラプーマ(USA),0000375619,Redoute's Choice(AUS),0000336772,Lord At War(ARG)
0001170090,テイケイレーヴ,0001129430,ワークフォース(GB),0000743767,ラプーマ(USA),0000372784,キングズベスト(USA),0000336772,Lord At War(ARG)
0001040277,テイラーバートン,0000325200,ジャングルポケット,0000201707,ブリリアントカット,0000161740,トニービン(IRE),0000333544,ノーザンテースト(CAN)
0001138987,テオドリーコ,0000626923,チチカステナンゴ(FR),0000742754,ウエストミンスター,0000361696,Smadoun(FR),0000611101,ディクタット(GB)
0001170052,テオドール,0001115148,ハービンジャー(GB),0000743081,アンブロワーズ,0000372531,Dansili(GB),0000362799,フレンチデピュティ(USA)
0000034147,テキサスイーグル,0000455732,アア　タケホマレ,0000000976,アア　チヨムサシ,0000000376,サラ　クモノハナ,0000333084,サラ　ハクリユウ
0001094283,テキサスルビー,0000293624,スペシャルウィーク,0000719783,ストレイトフロムテキサス(USA),0000333862,サンデーサイレンス(USA),0000361881,Judge T C(USA)
0001098963,テスタマッタ,0000849372,Tapit(USA),0001017102,ディフィカルト(USA),0000337958,Pulpit(USA),0000361835,Concern(USA)
0001206537,テトラドラクマ,0001042049,ルーラーシップ,0001047860,リビングプルーフ,0000729458,キングカメハメハ,0000626942,ファルブラヴ(IRE)
0001208356,テトラルキア,0000722158,ハーツクライ,0001157823,マリアロワイヤル(IRE),0000333862,サンデーサイレンス(USA),0000369845,Montjeu(IRE)
0000064415,テネシーガール,0000455726,マスホマレ,0000463552,クインアーリ,0000000352,サラ　タカクラヤマ,0000455664,トモスベビー
0000016749,テムジン,0000333245,ダイハード(GB),0000006814,ワカフジ,0000334000,Never Say Die(USA),0000001197,ボストニアン
0000756832,テューダーローズ,0000333862,サンデーサイレンス(USA),0000274980,ロゼカラー,0000335154,Halo(USA),0000335305,Shirley Heights(GB)
0000885242,テラノファントム,0000262443,フジキセキ,0000286894,マイバレンタイン,0000333862,サンデーサイレンス(USA),0000161740,トニービン(IRE)
0000319829,テルテルボウズ,0000214562,スターオブコジーン(USA),0000259953,レモンドロップ,0000337423,Cozzene(USA),0000333854,サドラーズラッド(IRE)
0001094181,テルバイク,0000611525,タニノギムレット,0000708980,クライインシンパシ,0000333844,ブライアンズタイム(USA),0000225628,サクラバクシンオー
0000701567,テルミドール,0000098122,アンバーシヤダイ,0000275170,フラワーコロネット,0000333544,ノーザンテースト(CAN),0000333874,ジェイドロバリー(USA)
0001152443,テルメディカラカラ,0001115148,ハービンジャー(GB),0000727985,ジョリーダンス,0000372531,Dansili(GB),0000274883,ダンスインザダーク
0000619930,テレグノシス,0000161740,トニービン(IRE),0000201805,メイクアウイッシュ,0000336378,カンパラ(GB),0000333544,ノーザンテースト(CAN)
0000701426,テレジェニック,0000225628,サクラバクシンオー,0000233151,ショーアップ,0000145106,サクラユタカオー,0000333792,スリルシヨー(USA)
0000165938,テンイムホウ,0000333607,ルボデユール(USA),0000034502,チドリジヨー,0000334002,Northern Dancer(CAN),0000333303,ハードリドン(GB)
0000616542,テンエイウイング,0000231850,ビワハヤヒデ,0000249106,ストロングタイム,0000337280,シャルード(USA),0000333844,ブライアンズタイム(USA)
0000761302,テンエイヤシャオー,0000287925,タイキシャトル(USA),0000330385,ハピネスヒロイン,0000337092,Devil's Bag(USA),0000249114,ナリタブライアン
0000634851,テンカタイヘイ,0000333844,ブライアンズタイム(USA),0000384055,フジャブ(USA),0000335167,Roberto(USA),0000337445,Woodman(USA)
0000235273,テンクウ,0000147048,ミホシンザン,0000192702,キタノイチリン,0000008661,シンザン,0000333640,ブレイヴエストローマン(USA)
0000003982,テンケイ,0000333098,サラ　アサフジ,0000453190,セイコー,0000333075,プリメロ(GB),,
0001192472,テンザワールド,0000725485,ダイワメジャー,0001091971,クォリティシーズン,0000333862,サンデーサイレンス(USA),0000359332,トワイニング(USA)
0000799730,テンザンコノハナ,0000372284,カリズマティック(USA),0000244197,テンザンユタカ,0000340714,Summer Squall(USA),0000145106,サクラユタカオー
0000326910,テンザンセイザ,0000161740,トニービン(IRE),0000411597,ケイシー(GB),0000336378,カンパラ(GB),0000336202,Caerleon(USA)
0000326484,テンザンデザート,0000336430,Green Desert(USA),0000384094,スプリンターキャット(USA),0000336082,Danzig(USA),0000337102,Storm Cat(USA)
0000246374,テンザントップ,0000157437,テンザンテースト,0000119371,コウシユウエース,0000333544,ノーザンテースト(CAN),0000333594,ボイズイーボーイ(GB)
0000326216,テンシノキセキ,0000262443,フジキセキ,0000384018,ビーバップアルー(USA),0000333862,サンデーサイレンス(USA),0000335975,Mr. Prospector(USA)
0000762493,テンシノコンコルド,0000274915,フサイチコンコルド,0000430194,タブロイドタトル(USA),0000336202,Caerleon(USA),0000336504,Private Account(USA)
0000761545,テンシノゴールド,0000286968,ステイゴールド,0000383231,デイムキリー(IRE),0000333862,サンデーサイレンス(USA),0000336572,Sadler's Wells(USA)
0000888645,テンシノボストン,0000365330,ボストンハーバー(USA),0000327928,ミスズアロイ,0000336568,Capote(USA),0000337550,フォーティナイナー(USA)
0000230393,テンシンランマン,0000337265,クリスタルグリツターズ(USA),0000144798,タニノブーケ,0000335274,Blushing Groom(FR),0000333600,ノーザンディクテイター(USA)
0000619748,テンジンオーカン,0000339572,オペラハウス(GB),0000246778,ワカオーカン,0000336572,Sadler's Wells(USA),0000333621,マグニテユード(IRE)
0001123442,テンジンキヨモリ,0000299089,グラスワンダー(USA),0000730263,ユシマミヅキ,0000336890,Silver Hawk(USA),0000293624,スペシャルウィーク
0000726242,テンジンムサシ,0000262437,タヤスツヨシ,0000214089,ダービーローズ,0000333862,サンデーサイレンス(USA),0000091169,ヨシノスキー
0001156340,テンダリーヴォイス,0000742976,ディープインパクト,0000989953,ミスアンコール,0000333862,サンデーサイレンス(USA),0000729458,キングカメハメハ
0000327402,テントップサンダー,0000224703,トロットサンダー,0000223713,タカショウジュンコ,0000158501,ダイナコスモス,0000333713,グランデイ(IRE)
0001040102,テンノウセイ,0000333901,ティンバーカントリー(USA),0000169413,エイシンハピネス,0000337445,Woodman(USA),0000333544,ノーザンテースト(CAN)
0000328905,テンビーエース,0000347983,テンビー(GB),0000233413,イズミブルー,0000336202,Caerleon(USA),0000061253,トウシヨウボーイ
0001092227,テンペル,0000742976,ディープインパクト,0000449274,シーズアン(IRE),0000333862,サンデーサイレンス(USA),0000237708,Zieten(USA)
0000329766,テンリットル,0000337439,モガンボ(USA),0000220479,フェデレーション,0000335975,Mr. Prospector(USA),0000333646,コリムスキー(USA)
0001205801,テーオーエナジー,0000742946,カネヒキリ,0000997278,シルキークラフト(USA),0000262443,フジキセキ,0000336770,Crafty Prospector(USA)
0000995886,テーオーストーム,0000324971,マンハッタンカフェ,0000705469,フェアリーワルツ(USA),0000333862,サンデーサイレンス(USA),0000336869,Lear Fan(USA)
0001090879,テーオーゼウス,0000611525,タニノギムレット,0000324471,シーセモア,0000333844,ブライアンズタイム(USA),0000333862,サンデーサイレンス(USA)
0001133537,テーオーソルジャー,0000619768,ゴールドアリュール,0000268595,ウェディングベリー,0000333862,サンデーサイレンス(USA),0000333886,スキャン(USA)
0000993796,テーオーティアラ,0000293624,スペシャルウィーク,0000384138,デローベ(NZ),0000333862,サンデーサイレンス(USA),0000340330,Pompeii Court(USA)
0001189771,テーオーフォルテ,0001115148,ハービンジャー(GB),0000996100,グッデーコパ,0000372531,Dansili(GB),0000324971,マンハッタンカフェ
0001192901,テーオーヘリオス,0000621167,Fusaichi Pegasus(USA),0000905158,リーグルメアリー(USA),0000335975,Mr. Prospector(USA),0000361794,Afternoon Deelites(USA)
0000989775,デアモント,0000293624,スペシャルウィーク,0000285461,ツキノショウリ,0000333862,サンデーサイレンス(USA),0000333544,ノーザンテースト(CAN)
0000750310,デアリングハート,0000333862,サンデーサイレンス(USA),0000396592,デアリングダンジグ(USA),0000335154,Halo(USA),0000336082,Danzig(USA)
0000726547,デアレガーロ,0000262275,ジェニュイン,0000292444,ツジノフライヤー,0000333862,サンデーサイレンス(USA),0000333707,リアルシヤダイ(USA)
0001044851,ディアアレトゥーサ,0000732134,トーセンダンス,0000323903,ディアウィンク,0000333862,サンデーサイレンス(USA),0000333889,タイトスポット(USA)
0000176654,ディアコンチェルト,0000095495,モンテプリンス,0000123809,シベーレス,0000333476,シーホーク(FR),0000333438,ラデイガ(USA)
0001141597,ディアゴッホ,0000762445,マツリダゴッホ,0000891170,アイリスモレア,0000333862,サンデーサイレンス(USA),0000325977,ショウナンカンプ
0001185516,ディアシューター,0000742996,サムライハート,0000704072,ナムラクロシェット(USA),0000333862,サンデーサイレンス(USA),0000336395,Miswaki(USA)
0001202178,ディアジラソル,0000313435,アッミラーレ,0000727294,ノーザンスター,0000333862,サンデーサイレンス(USA),0000358543,カーネギー(IRE)
0000987542,ディアジーナ,0000203356,メジロマックイーン,0000229087,アイネスターキン,0000110447,メジロテイターン,0000333804,ビシヨツプボブ(CAN)
0001126515,ディアセルヴィス,0000737164,アドマイヤジャパン,0000891170,アイリスモレア,0000333862,サンデーサイレンス(USA),0000325977,ショウナンカンプ
0001157805,ディアタイガ,0000742996,サムライハート,0001095218,ディアインビクタス,0000333862,サンデーサイレンス(USA),0000369639,ストラヴィンスキー(USA)
0000729361,ディアチャンス,0000287925,タイキシャトル(USA),0000240911,マルカムーンライト,0000337092,Devil's Bag(USA),0000069360,マルゼンスキー
0000886350,ディアディアー,0000319149,ウインマーベラス,0000303869,シアトルブリッジ,0000333862,サンデーサイレンス(USA),0000333886,スキャン(USA)
0000743031,ディアデラノビア,0000333862,サンデーサイレンス(USA),0000634722,ポトリザリス(ARG),0000335154,Halo(USA),0000361301,Potrillazo(ARG)
0001124250,ディアデラマドレ,0000729458,キングカメハメハ,0000743031,ディアデラノビア,0000347989,Kingmambo(USA),0000333862,サンデーサイレンス(USA)
0001139012,ディアデルレイ,0000729458,キングカメハメハ,0000743031,ディアデラノビア,0000347989,Kingmambo(USA),0000333862,サンデーサイレンス(USA)
0001155319,ディアドムス,0000325200,ジャングルポケット,0000881986,マイネランデブー,0000161740,トニービン(IRE),0000321138,アグネスデジタル(USA)
0001042390,ディアドラ,0000316266,アグネスフライト,0000283404,カルミナブラーナ,0000333862,サンデーサイレンス(USA),0000214492,リンドシェーバー(USA)
0001088015,ディアフォルティス,0000369358,ワイルドラッシュ(USA),0000265705,ハートステイジ,0000336574,Wild Again(USA),0000192967,カコイーシーズ(USA)
0001047765,ディアブラスト,0000262437,タヤスツヨシ,0000701450,ラピュセル,0000333862,サンデーサイレンス(USA),0000365099,エリシオ(FR)
0001153480,ディアマイダーリン,0000722158,ハーツクライ,0000750663,オネストリーダーリン(USA),0000333862,サンデーサイレンス(USA),0000347989,Kingmambo(USA)
0001127034,ディアマイベイビー,0000742976,ディープインパクト,0001051964,オールザウェイベイビー(USA),0000333862,サンデーサイレンス(USA),0000369314,Grand Slam(USA)
0000995047,ディアマイホース,0000271682,ゴーカイ,0000618859,ダンスフォンテン,0000333822,ジヤツジアンジエルーチ(USA),0000274883,ダンスインザダーク
0000989938,ディアマジェスティ,0000333844,ブライアンズタイム(USA),0000287734,レーブドグランパ(GB),0000335167,Roberto(USA),0000337496,Machiavellian(USA)
0001172894,ディアマルコ,0000701708,スパイキュール,0000988123,エコパン,0000333862,サンデーサイレンス(USA),0000329607,ツルマルボーイ
0001093831,ディアマンボウ,0000310467,サウスヴィグラス(USA),0000704819,ラッシュトゥウィン,0000361855,エンドスウィープ(USA),0000287925,タイキシャトル(USA)
0000884983,ディアヤマト,0000302578,テイエムサンデー,0000283047,メモリアルスポート,0000333862,サンデーサイレンス(USA),0000336853,ダンシングブレーヴ(USA)
0000806856,ディオスクロイ,0000337550,フォーティナイナー(USA),0000384294,ディアブロズストーリー(USA),0000335975,Mr. Prospector(USA),0000340066,ディアブロ(USA)
0001189603,ディオスコリダー,0000742946,カネヒキリ,0000993748,エリモトゥデイ,0000262443,フジキセキ,0000369358,ワイルドラッシュ(USA)
0001110648,ディサイファ,0000742976,ディープインパクト,0000880824,ミズナ(USA),0000333862,サンデーサイレンス(USA),0000372664,Dubai Millennium(GB)
0000744177,ディスタービングザピース,0000744178,Bold Badgett(USA),0000744179,Regal Riot(USA),0000334660,Damascus(USA),0000336206,Sovereign Dancer(USA)
0000993056,ディバインコード,0000318327,ニューイングランド,0000328360,ラビットニチカ,0000333862,サンデーサイレンス(USA),0000337436,ラストタイクーン(IRE)
0000331290,ディバインシルバー,0000347814,Silver Deputy(CAN),0000398137,Be My Baby(USA),0000338072,Deputy Minister(CAN),0000337527,オジジアン(USA)
0001207425,ディバインブリーズ,0001042049,ルーラーシップ,0001098871,スズカモンスーン,0000729458,キングカメハメハ,0000372626,More Than Ready(USA)
0001046463,ディミータ,0000274883,ダンスインザダーク,0000448819,レッドキャット(USA),0000333862,サンデーサイレンス(USA),0000337102,Storm Cat(USA)
0000889671,ディルガ,0000225628,サクラバクシンオー,0000384294,ディアブロズストーリー(USA),0000145106,サクラユタカオー,0000340066,ディアブロ(USA)
0001191660,ディヴァインハイツ,0000722158,ハーツクライ,0001157824,ドバウィハイツ(GB),0000333862,サンデーサイレンス(USA),0001111493,Dubawi(IRE)
0000298477,ディヴァインライト,0000333862,サンデーサイレンス(USA),0000115369,メルドスポート,0000335154,Halo(USA),0000333544,ノーザンテースト(CAN)
0000616001,ディーエスサンダー,0000262437,タヤスツヨシ,0000231254,アフターディナー,0000333862,サンデーサイレンス(USA),0000069360,マルゼンスキー
0001117459,ディーエスタイド,0000722797,ブラックタイド,0000231276,ラストキッス,0000333862,サンデーサイレンス(USA),0000069360,マルゼンスキー
0000736609,ディーエスハリアー,0000333894,コマンダーインチーフ(GB),0000167989,エリモシユーテング,0000336853,ダンシングブレーヴ(USA),0000333299,テスコボーイ(GB)
0000991568,ディーズハイビガー,0000321138,アグネスデジタル(USA),0000313697,マーズプリンセス,0000336770,Crafty Prospector(USA),0000337424,デインヒル(USA)
0001172898,ディーズプラネット,0000615577,クロフネ(USA),0000988287,ザデイ,0000362799,フレンチデピュティ(USA),0000700008,シンボリクリスエス(USA)
0000804391,ディーズメンフィス,0000255813,マヤノトップガン,0000313697,マーズプリンセス,0000333844,ブライアンズタイム(USA),0000337424,デインヒル(USA)
0001191207,ディーパワンサ,0001110554,ディープブリランテ,0001099005,ポロンナルワ,0000742976,ディープインパクト,0000337553,Rahy(USA)
0000798938,ディープアイ,0000293624,スペシャルウィーク,0000228743,エリモフローレンス,0000333862,サンデーサイレンス(USA),0000333775,イルドブルボン(USA)
0000324172,ディープインサイド,0000249114,ナリタブライアン,0000198536,マツクスフリート,0000333844,ブライアンズタイム(USA),0000333632,ダンサーズイメージ(USA)
0000742976,ディープインパクト,0000333862,サンデーサイレンス(USA),0000430846,ウインドインハーヘア(IRE),0000335154,Halo(USA),0000339659,Alzao(USA)
0001204219,ディープインラヴ,0000742976,ディープインパクト,0000852566,ラヴアンドバブルズ(USA),0000333862,サンデーサイレンス(USA),0000369004,Loup Sauvage(USA)
0001188005,ディープウォーリア,0000742976,ディープインパクト,0000806661,アマノチェリーラン,0000333862,サンデーサイレンス(USA),0000365324,デザートキング(IRE)
0000763121,ディープエアー,0000287925,タイキシャトル(USA),0000719875,ハイパスチャー(USA),0000337092,Devil's Bag(USA),0000336924,El Gran Senor(USA)
0001174486,ディープエクシード,0000742976,ディープインパクト,0001086385,オールアイキャンセイイズワウ(USA),0000333862,サンデーサイレンス(USA),0000621983,Street Cry(IRE)
0000882322,ディープキッス,0000324933,アグネスタキオン,0000224884,メジロカンムリ,0000333862,サンデーサイレンス(USA),0000333758,パドスール(GB)
0001096778,ディープサウンド,0000742976,ディープインパクト,0000896724,ジョセット(IRE),0000333862,サンデーサイレンス(USA),0000337424,デインヒル(USA)
0000736202,ディープサマー,0000287925,タイキシャトル(USA),0000383655,チカリー(IRE),0000337092,Devil's Bag(USA),0000336572,Sadler's Wells(USA)
0001156136,ディープジュエリー,0000742976,ディープインパクト,0000983742,ジュエルオブザナイト(USA),0000333862,サンデーサイレンス(USA),0000372708,Giant's Causeway(USA)
0000891931,ディープスカイ,0000324933,アグネスタキオン,0000763149,アビ(GB),0000333862,サンデーサイレンス(USA),0000337339,Chief's Crown(USA)
0000800329,ディープスピリット,0000255813,マヤノトップガン,0000256245,アイシスシェリー,0000333844,ブライアンズタイム(USA),0000069360,マルゼンスキー
0001110554,ディープブリランテ,0000742976,ディープインパクト,0000852566,ラヴアンドバブルズ(USA),0000333862,サンデーサイレンス(USA),0000369004,Loup Sauvage(USA)
0001167517,ディーマジェスティ,0000742976,ディープインパクト,0000329252,エルメスティアラ,0000333862,サンデーサイレンス(USA),0000333844,ブライアンズタイム(USA)
0000996181,デイトユアドリーム,0000359332,トワイニング(USA),0000714107,マハーブ(USA),0000337550,フォーティナイナー(USA),0000336085,Nureyev(USA)
0000760812,デイトレーダー,0000363414,アントレプレナー(GB),0000324583,ニシノハナフブキ,0000336572,Sadler's Wells(USA),0000161740,トニービン(IRE)
0000085755,デイドリーム,0000005038,ヘリオス,0000035285,ヒカリジヤパン,0000333191,ブツフラー(GB),0000333279,インフアチユエイシヨン(GB)
0000852055,デイフラッシュ,0000369660,Stormin Fever(USA),0000851951,Roses n Silks(CAN),0000337102,Storm Cat(USA),0000344255,Golden Choice(CAN)
0001132748,デインドリーム,0000340380,Lomitas(GB),0000895841,Danedrop(IRE),0000336870,Niniski(USA),0000337424,デインヒル(USA)
0001089238,デウスウルト,0000729458,キングカメハメハ,0000298354,バプティスタ,0000347989,Kingmambo(USA),0000333862,サンデーサイレンス(USA)
0000992330,デグラーティア,0000262443,フジキセキ,0000321146,デフィニット(USA),0000333862,サンデーサイレンス(USA),0000337848,デヒア(USA)
0000734532,デザートモーニング,0000299089,グラスワンダー(USA),0000258966,サンルージュ,0000336890,Silver Hawk(USA),0000171987,シエイデイハイツ(GB)
0001184870,デスティニーソング,0000727032,メイショウボーラー,0000611429,マルカデスティニー,0000287925,タイキシャトル(USA),0000333862,サンデーサイレンス(USA)
0001138515,デスティニーラブ,0000321138,アグネスデジタル(USA),0000733934,スローアキッス,0000336770,Crafty Prospector(USA),0000293624,スペシャルウィーク
0000801464,デストラメンテ,0000308300,アドマイヤコジーン,0000274898,ディコーラム,0000337423,Cozzene(USA),0000192969,フレンチグローリー(IRE)
0000189539,デスペラード,0000029738,ロングエース,0000025023,ラツキーコーワ,0000333303,ハードリドン(GB),0000333277,タマナー(FR)
0001126790,デニムアンドルビー,0000742976,ディープインパクト,0000993563,ベネンシアドール,0000333862,サンデーサイレンス(USA),0000729458,キングカメハメハ
0000626194,デノン,0000335991,Pleasant Colony(USA),0000409051,Aviance(IRE),0000335990,His Majesty(USA),0000334003,Northfields(USA)
0000137410,デビル,0000333561,メイワイラン,0000062232,セントツキハ,0000333996,Nijinsky(CAN),0000333371,セントクレスピン(GB)
0001172041,デピュティスカイ,0000362799,フレンチデピュティ(USA),0000883964,アースマリン,0000338072,Deputy Minister(CAN),0000621944,マリエンバード(IRE)
0001192961,デブリン,0000851583,Congrats(USA),0001030705,Hatta Flower(USA),0000339653,A.P. Indy(USA),0000372662,Dixie Union(USA)
0000464196,デボネア,0000455684,クロシオ,0000461222,キンレイ,0000455635,ニユーバラツケー,,
0000742586,デポジットブック,0000361855,エンドスウィープ(USA),0000298495,インデポジット,0000337550,フォーティナイナー(USA),0000336085,Nureyev(USA)
0000986499,デマントイドリバー,0000361396,Unbridled's Song(USA),0000850496,Crystal River(USA),0000340629,Unbridled(USA),0000340630,ブラックタイアフェアー(IRE)
0000325270,デモリションマン,0000262443,フジキセキ,0000213880,レジナサンドラ,0000333862,サンデーサイレンス(USA),0000333544,ノーザンテースト(CAN)
0001093536,デュアルスウォード,0000619835,デュランダル,0000701759,デュアルストーリー,0000333862,サンデーサイレンス(USA),0000361855,エンドスウィープ(USA)
0000701759,デュアルストーリー,0000361855,エンドスウィープ(USA),0000384294,ディアブロズストーリー(USA),0000337550,フォーティナイナー(USA),0000340066,ディアブロ(USA)
0000803269,デュオトーン,0000611525,タニノギムレット,0000299488,タイキタムレット(USA),0000333844,ブライアンズタイム(USA),0000337450,Theatrical(IRE)
0001202797,デュッセルドルフ,0001178418,ノヴェリスト(IRE),0000743033,ガラディナー,0000361091,Monsun(GER),0000333862,サンデーサイレンス(USA)
0000619835,デュランダル,0000333862,サンデーサイレンス(USA),0000190874,サワヤカプリンセス,0000335154,Halo(USA),0000333544,ノーザンテースト(CAN)
0000801649,デュークラヴィング,0000293624,スペシャルウィーク,0000278646,デューククリスタル,0000333862,サンデーサイレンス(USA),0000337265,クリスタルグリツターズ(USA)
0000885039,デューン,0000321138,アグネスデジタル(USA),0000283817,ラモーダバンブー,0000336770,Crafty Prospector(USA),0000225905,ドクターデヴィアス(IRE)
0001094789,デラコリーナ,0000324933,アグネスタキオン,0000727408,フロムアップランド,0000333862,サンデーサイレンス(USA),0000365099,エリシオ(FR)
0000991252,デリキットピース,0000237704,ホワイトマズル(GB),0000308944,デリキット,0000336853,ダンシングブレーヴ(USA),0000333862,サンデーサイレンス(USA)
0001138324,デリッツァリモーネ,0000729458,キングカメハメハ,0000730867,ドルチェリモーネ,0000347989,Kingmambo(USA),0000333862,サンデーサイレンス(USA)
0001136998,デルカイザー,0000729458,キングカメハメハ,0000701734,シェリール,0000347989,Kingmambo(USA),0000333862,サンデーサイレンス(USA)
0001240510,デルタバローズ,0001084779,Into Mischief(USA),0001148381,Sweet Seventeen(USA),0000719305,Harlan's Holiday(USA),0001051344,ハードスパン(USA)
0000726656,デルタブルース,0000274883,ダンスインザダーク,0000405304,ディクシースプラッシュ(USA),0000333862,サンデーサイレンス(USA),0000336397,Dixieland Band(USA)
0001200640,デルニエオール,0000286968,ステイゴールド,0000316406,オリエンタルアート,0000333862,サンデーサイレンス(USA),0000203356,メジロマックイーン
0001140598,デルフィーノ,0000722158,ハーツクライ,0000805238,レディアーティスト,0000333862,サンデーサイレンス(USA),0000362799,フレンチデピュティ(USA)
0000187079,デルフォイ,0000333484,イエローゴツド(GB),0000127060,イースターパレード,0000334068,Red God(USA),0000333538,シユプリームギフト(IRE)
0001228766,デルマキセキ,0001003260,Scat Daddy(USA),0000743990,Tashawak(IRE),0000719054,ヨハネスブルグ(USA),0000337551,Night Shift(USA)
0000282036,デルマキングオー,0000125443,ギヤロツプダイナ,0000147498,ヤマサボールド,0000333544,ノーザンテースト(CAN),0000333523,ボールドコンバタント(USA)
0001136673,デルマサリーチャン,0000237704,ホワイトマズル(GB),0000620148,ローザロッサ,0000336853,ダンシングブレーヴ(USA),0000274883,ダンスインザダーク
0001093101,デルマドゥルガー,0000701712,リンカーン,0000620021,アドマイヤアイリス,0000333862,サンデーサイレンス(USA),0000333874,ジェイドロバリー(USA)
0001124905,デルマヌラリヒョン,0000275436,バトルライン(USA),0000759595,オープンアップ,0000337527,オジジアン(USA),0000262437,タヤスツヨシ
0000890876,デルマベガ,0000308973,スリリングサンデー,0000620021,アドマイヤアイリス,0000333862,サンデーサイレンス(USA),0000333874,ジェイドロバリー(USA)
0001173912,デンコウアンジュ,0000760084,メイショウサムソン,0001042213,デンコウラッキー,0000339572,オペラハウス(GB),0000621944,マリエンバード(IRE)
0001042753,デンコウオクトパス,0000255813,マヤノトップガン,0000291606,シルキーマニッシュ,0000333844,ブライアンズタイム(USA),0000333878,リズム(USA)
0000760534,デンコウグリーン,0000292180,メイショウオウドウ,0000319498,メイショウペトロ,0000333862,サンデーサイレンス(USA),0000340528,ジェネラス(IRE)
0000760614,デンシャミチ,0000225628,サクラバクシンオー,0000320324,バーンダンス,0000145106,サクラユタカオー,0000069360,マルゼンスキー
0000797905,デンタルスピリット,0000241413,テイエムジャンボ,0000201711,チームスピリット,0000337265,クリスタルグリツターズ(USA),0000333544,ノーザンテースト(CAN)
0000886438,デヴェロッペ,0000365330,ボストンハーバー(USA),0000304792,ショウエイミズキ,0000336568,Capote(USA),0000342649,Nashwan(USA)
0000807287,トゥインクル,0000344537,サザンヘイロー(USA),0000451517,トワイライトⅡ(IRE),0000335154,Halo(USA),0000336202,Caerleon(USA)
0000614893,トゥインチアズ,0000337447,シャーディー(USA),0000260718,グッバイチアズ,0000336082,Danzig(USA),0000140567,シンボリルドルフ
0001043831,トゥザグローリー,0000729458,キングカメハメハ,0000309174,トゥザヴィクトリー,0000347989,Kingmambo(USA),0000333862,サンデーサイレンス(USA)
0000742708,トゥザワールド,0000299155,エルコンドルパサー(USA),0000419699,アセマ(USA),0000347989,Kingmambo(USA),0000337450,Theatrical(IRE)
0000309174,トゥザヴィクトリー,0000333862,サンデーサイレンス(USA),0000383774,フェアリードール(USA),0000335154,Halo(USA),0000336085,Nureyev(USA)
0000384109,トゥスール,0000336571,Highest Honor(FR),0000412254,Ruffle(FR),0000336570,Kenmare(FR),0000336666,High Line(GB)
0001045145,トゥニーポート,0000286968,ステイゴールド,0000326173,ピサノロッセル,0000333862,サンデーサイレンス(USA),0000333844,ブライアンズタイム(USA)
0001206952,トゥラヴェスーラ,0000804714,ドリームジャーニー,0001088352,ジャジャマーチャン,0000286968,ステイゴールド,0000308300,アドマイヤコジーン
0000987688,トゥリオンファーレ,0000293624,スペシャルウィーク,0000233038,カーリーエンジェル,0000333862,サンデーサイレンス(USA),0000333822,ジヤツジアンジエルーチ(USA)
0000709148,トゥルーサーパス,0000339653,A.P. Indy(USA),0000431494,Dancing Mirage(USA),0000335964,Seattle Slew(USA),0000335203,Alleged(USA)
0000248824,トゥルーハート,0000333808,テンパレートシル(USA),0000181154,ハナスイシヨー,0000336307,Temperence Hill(USA),0000333539,サーペンフロ(GB)
0000746119,トゥルーリーズン,0000347814,Silver Deputy(CAN),0000434352,Strawberry Reason(USA),0000338072,Deputy Minister(CAN),0000120594,Strawberry Road(AUS)
0000042254,トウカイアロー,0000333296,フアラモンド(FR),0000014121,ハギヒメ,0000334487,Sicambre(FR),0000333249,マーチウインド(IRE)
0000706141,トウカイエリート,0000333862,サンデーサイレンス(USA),0000146600,トウカイナチユラル,0000335154,Halo(USA),0000333603,ナイスダンサー(CAN)
0000798851,トウカイオスカー,0000207623,トウカイテイオー,0000225252,ブリリアントミスト,0000140567,シンボリルドルフ,0000333707,リアルシヤダイ(USA)
0000151668,トウカイオーザ,0000082670,ナンシユーホマレ,0000040348,ヨシスミ,0000021130,サトーエース,0000007212,フルヒカル
0000726757,トウカイカムカム,0000207623,トウカイテイオー,0000282353,トウカイパステル,0000140567,シンボリルドルフ,0000333862,サンデーサイレンス(USA)
0001169196,トウカイシェーン,0000725485,ダイワメジャー,0000726745,トウカイポピー,0000333862,サンデーサイレンス(USA),0000362681,スピニングワールド(USA)
0001140482,トウカイセンス,0000722158,ハーツクライ,0000803354,トウカイファイン,0000333862,サンデーサイレンス(USA),0000362799,フレンチデピュティ(USA)
0000330152,トウカイトニー,0000161740,トニービン(IRE),0000234057,トウカイミヤビ,0000336378,カンパラ(GB),0000069360,マルゼンスキー
0000734588,トウカイトリック,0000299155,エルコンドルパサー(USA),0000405481,ズーナクア(USA),0000347989,Kingmambo(USA),0000336890,Silver Hawk(USA)
0000726767,トウカイハッスル,0000359332,トワイニング(USA),0000234057,トウカイミヤビ,0000337550,フォーティナイナー(USA),0000069360,マルゼンスキー
0001150107,トウカイバレット,0000701577,ネオユニヴァース,0000325102,オータムブリーズ,0000333862,サンデーサイレンス(USA),0000333901,ティンバーカントリー(USA)
0001040845,トウカイパラダイス,0000619768,ゴールドアリュール,0000234057,トウカイミヤビ,0000333862,サンデーサイレンス(USA),0000069360,マルゼンスキー
0000307884,トウカイパルサー,0000207623,トウカイテイオー,0000383318,イングリッシュホーマー(USA),0000140567,シンボリルドルフ,0000336424,Conquistador Cielo(USA)
0000803354,トウカイファイン,0000362799,フレンチデピュティ(USA),0000302440,トウカイステラ,0000338072,Deputy Minister(CAN),0000207623,トウカイテイオー
0000993634,トウカイフィット,0000287925,タイキシャトル(USA),0000383897,ボブズディレンマ(USA),0000337092,Devil's Bag(USA),0000335975,Mr. Prospector(USA)
0000613472,トウカイブレーン,0000207623,トウカイテイオー,0000260838,トウカイプラザ,0000140567,シンボリルドルフ,0000333809,ベリフア(IRE)
0000307837,トウカイポイント,0000207623,トウカイテイオー,0000233142,マッチポイント,0000140567,シンボリルドルフ,0000333707,リアルシヤダイ(USA)
0000758991,トウカイポリシー,0000299155,エルコンドルパサー(USA),0000303328,トウカイティアラ,0000347989,Kingmambo(USA),0000333862,サンデーサイレンス(USA)
0000989356,トウカイミステリー,0000729458,キングカメハメハ,0000275665,タイキミステリー(USA),0000347989,Kingmambo(USA),0000336325,Green Forest(USA)
0001044942,トウカイメロディ,0000365159,チーフベアハート(CAN),0000324791,ブリリアントノバ,0000337339,Chief's Crown(USA),0000340528,ジェネラス(IRE)
0001043486,トウカイライフ,0000207623,トウカイテイオー,0000304769,ファヴォリ,0000140567,シンボリルドルフ,0000333707,リアルシヤダイ(USA)
0000707829,トウカイラブ,0000274883,ダンスインザダーク,0000278511,トウカイロータス,0000333862,サンデーサイレンス(USA),0000336853,ダンシングブレーヴ(USA)
0000304796,トウカイリザーブ,0000337461,Trempolino(USA),0000383872,スラヴォニア(USA),0000336086,Sharpen Up(GB),0000333996,Nijinsky(CAN)
0000281771,トウカイルナ,0000192967,カコイーシーズ(USA),0000171195,トウカイテンダー,0000336305,Alydar(USA),0000333667,ターゴワイス(USA)
0001123127,トウカイルーチェ,0000274883,ダンスインザダーク,0000726745,トウカイポピー,0000333862,サンデーサイレンス(USA),0000362681,スピニングワールド(USA)
0000292183,トウカイロッキー,0000337441,ポリッシュネイビー(USA),0000146639,トウカイスコール,0000336082,Danzig(USA),0000061253,トウシヨウボーイ
0000732839,トウカイワイルド,0000333862,サンデーサイレンス(USA),0000383897,ボブズディレンマ(USA),0000335154,Halo(USA),0000335975,Mr. Prospector(USA)
0000284970,トウケイゴールド,0000333816,サンキリコ(USA),0000118624,ビユーテイライダー,0000333635,リイフオー(GB),0000333483,ダツパーダン(USA)
0001134310,トウケイタイガー,0000325098,タイムパラドックス,0000303415,ヒノデモンテローザ,0000333844,ブライアンズタイム(USA),0000069360,マルゼンスキー
0001101652,トウケイヘイロー,0000314130,ゴールドヘイロー,0000259048,ダンスクィーン,0000333862,サンデーサイレンス(USA),0000333608,ミルジヨージ(USA)
0000306961,トウショウアンドレ,0000262443,フジキセキ,0000124398,プリテイトウシヨウ,0000333862,サンデーサイレンス(USA),0000061253,トウシヨウボーイ
0000884094,トウショウウェイヴ,0000286968,ステイゴールド,0000266580,スパークトウショウ,0000333862,サンデーサイレンス(USA),0000157042,ニツポーテイオー
0000254950,トウショウカズン,0000138397,サクラトウコウ,0000148596,カメリアトウシヨウ,0000069360,マルゼンスキー,0000333581,ハンザダンサー(USA)
0000735839,トウショウカレッジ,0000337436,ラストタイクーン(IRE),0000315276,ロゼトウショウ,0000336129,トライマイベスト(USA),0000225628,サクラバクシンオー
0000702544,トウショウギア,0000337527,オジジアン(USA),0000254962,ターナートウショウ,0000334660,Damascus(USA),0000333603,ナイスダンサー(CAN)
0001093648,トウショウクラウン,0000619768,ゴールドアリュール,0000702554,レトロトウショウ,0000333862,サンデーサイレンス(USA),0000337380,マイニング(USA)
0000243824,トウショウシロッコ,0000157042,ニツポーテイオー,0000078803,ガールトウシヨウ,0000333635,リイフオー(GB),0000333224,チヤイナロツク(GB)
0000727259,トウショウジェイル,0000339572,オペラハウス(GB),0000202794,ヌエボトウショウ,0000336572,Sadler's Wells(USA),0000099622,トウシヨウゴツド
0000988889,トウショウデザイア,0000729458,キングカメハメハ,0000266567,タバサトウショウ,0000347989,Kingmambo(USA),0000336853,ダンシングブレーヴ(USA)
0000994433,トウショウデザート,0000365324,デザートキング(IRE),0000611988,バージントウショウ,0000337424,デインヒル(USA),0000262443,フジキセキ
0000315288,トウショウトリガー,0000337101,ソヴィエトスター(USA),0000230476,マザートウショウ,0000336085,Nureyev(USA),0000333618,ステイールハート(IRE)
0000702541,トウショウトリック,0000340630,ブラックタイアフェアー(IRE),0000225800,ソヴリナトウショウ(USA),0000336395,Miswaki(USA),0000336206,Sovereign Dancer(USA)
0001168523,トウショウドラフタ,0000993502,アンライバルド,0000702535,ウイッチトウショウ,0000701577,ネオユニヴァース,0000333874,ジェイドロバリー(USA)
0000729626,トウショウナイト,0000333901,ティンバーカントリー(USA),0000384200,ミッドナイトオアシス(USA),0000337445,Woodman(USA),0000337434,Java Gold(USA)
0000291160,トウショウノア,0000337497,オールドヴィック(GB),0000176310,サマンサトウショウ,0000336572,Sadler's Wells(USA),0000061253,トウシヨウボーイ
0000735835,トウショウパワーズ,0000274883,ダンスインザダーク,0000212684,シスタートウショウ,0000333862,サンデーサイレンス(USA),0000061253,トウシヨウボーイ
0001151590,トウショウピスト,0000719054,ヨハネスブルグ(USA),0000702537,シーイズトウショウ,0000362819,ヘネシー(USA),0000225628,サクラバクシンオー
0001041755,トウショウフリーク,0000729458,キングカメハメハ,0000266567,タバサトウショウ,0000347989,Kingmambo(USA),0000336853,ダンシングブレーヴ(USA)
0000315291,トウショウリープ,0000225628,サクラバクシンオー,0000383127,リバーフエイム(USA),0000145106,サクラユタカオー,0000335664,Riverman(USA)
0000735833,トウショウヴォイス,0000337436,ラストタイクーン(IRE),0000280052,オーロラトウショウ,0000336129,トライマイベスト(USA),0000333846,キンググローリアス(USA)
0001087672,トウシンイーグル,0000722158,ハーツクライ,0000253050,エリモアメジスト,0000333862,サンデーサイレンス(USA),0000335964,Seattle Slew(USA)
0001047354,トウシンボルト,0000700008,シンボリクリスエス(USA),0000619878,マルカパール,0000336209,Kris S.(USA),0000333862,サンデーサイレンス(USA)
0001120121,トウシンモンステラ,0000729458,キングカメハメハ,0000325250,ピンクパピヨン,0000347989,Kingmambo(USA),0000333862,サンデーサイレンス(USA)
0000616539,トウホープログレス,0000249114,ナリタブライアン,0000275206,シンデレラロード,0000333844,ブライアンズタイム(USA),0000333872,アジュディケーティング(USA)
0000299093,トキオパーフェクト,0000337553,Rahy(USA),0000397141,Perfect Probe(USA),0000335274,Blushing Groom(FR),0000335975,Mr. Prospector(USA)
0001096319,トキノエクセレント,0000313435,アッミラーレ,0000762360,ダンシングドミニア,0000333862,サンデーサイレンス(USA),0000333844,ブライアンズタイム(USA)
0000702164,トキノゲンジ,0000220170,セキテイリュウオー,0000213070,セイグンジョイナー,0000061253,トウシヨウボーイ,0000333677,スイフトスワロー(USA)
0000729512,トキノコジロー,0000115064,ホリスキー,0000177938,ミスコンバツト,0000069360,マルゼンスキー,0000333593,ラツキーソブリン(USA)
0000987264,トキノナスティア,0000318327,ニューイングランド,0000218677,ブランディニー,0000333862,サンデーサイレンス(USA),0000333757,ノーリユート(FR)
0001205437,トキノパイレーツ,0001192958,モンテロッソ(GB),0000992090,エルサフィール,0001111493,Dubawi(IRE),0000262437,タヤスツヨシ
0001209304,トキノメガミ,0001164976,トビーズコーナー(USA),0000987952,マーベラスローズ,0001127392,Bellamy Road(USA),0000333844,ブライアンズタイム(USA)
0000997033,トシキャンディ,0000274914,バブルガムフェロー,0000789276,コルチカ(GB),0000333862,サンデーサイレンス(USA),0000337496,Machiavellian(USA)
0001049019,トシギャングスター,0000615577,クロフネ(USA),0000727924,ピサノバーキン,0000362799,フレンチデピュティ(USA),0000333862,サンデーサイレンス(USA)
0001136886,トシザキミ,0000905094,ジャイアントレッカー(USA),0000700862,トシキセキ,0000372708,Giant's Causeway(USA),0000262443,フジキセキ
0000755513,トシザサンサン,0000340630,ブラックタイアフェアー(IRE),0000256495,サツマリーベ,0000336395,Miswaki(USA),0000192967,カコイーシーズ(USA)
0000612569,トシザダンサー,0000336880,シアトルダンサーⅡ(USA),0000200532,ノルデンフリマー,0000333996,Nijinsky(CAN),0000333640,ブレイヴエストローマン(USA)
0000301872,トシザブイ,0000337345,ヴィジョン(USA),0000200532,ノルデンフリマー,0000333996,Nijinsky(CAN),0000333640,ブレイヴエストローマン(USA)
0000732756,トシザヘネシー,0000362819,ヘネシー(USA),0000257799,ヤングエブロス,0000337102,Storm Cat(USA),0000333849,エブロス(USA)
0000626288,トシザボス,0000343203,Lost Code(USA),0000615651,Lady Glenna(USA),0000336743,Codex(USA),0000373982,Lion d'Or(USA)
0001043998,トシザマキ,0000619835,デュランダル,0000313185,ソルトレイクブルー,0000333862,サンデーサイレンス(USA),0000337424,デインヒル(USA)
0000291878,トシザミカ,0000337441,ポリッシュネイビー(USA),0000237641,サツマノンリー(USA),0000336082,Danzig(USA),0000337380,マイニング(USA)
0000986911,トシザワイルド,0000369358,ワイルドラッシュ(USA),0000200532,ノルデンフリマー,0000336574,Wild Again(USA),0000333640,ブレイヴエストローマン(USA)
0000881580,トシナギサ,0000287925,タイキシャトル(USA),0000200532,ノルデンフリマー,0000337092,Devil's Bag(USA),0000333640,ブレイヴエストローマン(USA)
0001221791,トスアップ,0001106251,ジャスタウェイ,0001157873,トップライナーⅡ(USA),0000722158,ハーツクライ,0000361977,サンダーガルチ(USA)
0000891267,トッカータ,0000369765,ムタファーウエク(USA),0000702252,タフネスフローラ,0000336890,Silver Hawk(USA),0000266932,ロイヤルタッチ
0000750904,トップオブサンデー,0000268975,エイシンサンディ,0000126873,サマーブリーズ,0000333862,サンデーサイレンス(USA),0000333611,ヴアイスリーガル(CAN)
0000754143,トップオブツヨシ,0000262437,タヤスツヨシ,0000233153,ラテルネ,0000333862,サンデーサイレンス(USA),0000161740,トニービン(IRE)
0000990740,トップオブピーコイ,0000268975,エイシンサンディ,0000302670,プラチナレディー,0000333862,サンデーサイレンス(USA),0000337436,ラストタイクーン(IRE)
0000726846,トップオブワールド,0000340413,シャンハイ(USA),0000261862,トップサンキスト,0000337055,Procida(USA),0000182480,アサティス(USA)
0000754089,トップオンターフ,0000316550,フサイチソニック,0000232912,トップアンブリー,0000337424,デインヒル(USA),0000333792,スリルシヨー(USA)
0000993200,トップカミング,0000619768,ゴールドアリュール,0000329673,レッドヴィーナス,0000333862,サンデーサイレンス(USA),0000225628,サクラバクシンオー
0000737148,トップガンジョー,0000255813,マヤノトップガン,0000286965,ゴールデンノヴァ,0000333844,ブライアンズタイム(USA),0000192975,ゴールデンフェザント(USA)
0000991827,トップクリフォード,0000325200,ジャングルポケット,0000316253,ティアドロップス,0000161740,トニービン(IRE),0000333862,サンデーサイレンス(USA)
0000313329,トップコマンダー,0000333894,コマンダーインチーフ(GB),0000240513,ファーストセーラ,0000336853,ダンシングブレーヴ(USA),0000333608,ミルジヨージ(USA)
0000191004,トップコメット,0000333488,ビービービー(USA),0000123704,トクラダンサー,0000335001,Better Bee(USA),0000333581,ハンザダンサー(USA)
0000612701,トップコーリング,0000220336,ミホノブルボン,0000230485,デビートウショウ,0000333621,マグニテユード(IRE),0000157042,ニツポーテイオー
0001044041,トップシノワーズ,0000316266,アグネスフライト,0000313548,ローランシノワーズ,0000333862,サンデーサイレンス(USA),0000161740,トニービン(IRE)
0001091045,トップシャイン,0000701668,ゼンノロブロイ,0000325630,シェリルウーマン,0000333862,サンデーサイレンス(USA),0000201489,メジロライアン
0000225043,トップジャンボ,0000333757,ノーリユート(FR),0000169164,パンドライール,0000334060,Luthier(FR),0000044000,キタノカチドキ
0000198701,トップセラー,0000036106,ハイセイコー,0000107496,トツププロスパー,0000333224,チヤイナロツク(GB),0000333410,フアーザーズイメージ(USA)
0000990113,トップゾーン,0000286968,ステイゴールド,0000292197,レッドストリーム,0000333862,サンデーサイレンス(USA),0000347636,アーミジャー(GB)
0001156783,トップディーヴォ,0000729458,キングカメハメハ,0000998982,セクシーザムライ(USA),0000347989,Kingmambo(USA),0000338072,Deputy Minister(CAN)
0000703433,トップパシコ,0000225628,サクラバクシンオー,0000211892,パシコルビー,0000145106,サクラユタカオー,0000333608,ミルジヨージ(USA)
0000994168,トップフリーダム,0000256512,マーベラスサンデー,0000439187,フォーフリーダムス(FR),0000333862,サンデーサイレンス(USA),0000336430,Green Desert(USA)
0000313871,トッププロテクター,0000333887,ヘクタープロテクター(USA),0000209669,アスターレディー,0000337445,Woodman(USA),0000333638,ニゾン(USA)
0000329648,トップボンバー,0000337421,アフリート(CAN),0000145890,ダイナホツト,0000335975,Mr. Prospector(USA),0000333664,デイクタス(FR)
0001031959,トップモンジュー,0000369845,Montjeu(IRE),0001003770,Dunshara(USA),0000336572,Sadler's Wells(USA),0000341551,Dayjur(USA)
0001167763,トップライセンス,0000901749,キンシャサノキセキ(AUS),0000452536,キャリアコレクション(USA),0000262443,フジキセキ,0000340704,General Meeting(USA)
0001093231,トツゼンノハピネス,0000701577,ネオユニヴァース,0000625983,ヴィーナスコロニー(USA),0000333862,サンデーサイレンス(USA),0000336085,Nureyev(USA)
0000614300,トニーディアマンテ,0000161740,トニービン(IRE),0000237663,ケイウーマン(IRE),0000336378,カンパラ(GB),0000337436,ラストタイクーン(IRE)
0000996953,トパンガ,0000729458,キングカメハメハ,0000749468,リアルナンバー(ARG),0000347989,Kingmambo(USA),0000340412,Rainbow Corner(GB)
0001109506,トミケンアルドール,0000325200,ジャングルポケット,0000757367,エリモインプレス,0000161740,トニービン(IRE),0000299155,エルコンドルパサー(USA)
0000727824,トミケンウイナー,0000333850,マジックマイルズ(USA),0000180446,ヒデノラブリー,0000335975,Mr. Prospector(USA),0000069360,マルゼンスキー
0001125497,トミケンスラーヴァ,0000287925,タイキシャトル(USA),0000800846,タイキクララ,0000337092,Devil's Bag(USA),0000337848,デヒア(USA)
0000313158,トミケンブライト,0000134393,ワカオライデン,0000176390,ブライトベール,0000333637,ロイヤルスキー(USA),0000035602,ホワイトフオンテン
0000703358,トミケンマイルズ,0000333850,マジックマイルズ(USA),0000170841,ラッキーアルテミス,0000335975,Mr. Prospector(USA),0000061253,トウシヨウボーイ
0001108645,トミケンユークアイ,0000727032,メイショウボーラー,0000735762,アマゾナイト,0000287925,タイキシャトル(USA),0000337421,アフリート(CAN)
0001109737,トミーバローズ,0000760877,アドマイヤムーン,0000761755,モンテドーター,0000361855,エンドスウィープ(USA),0000333844,ブライアンズタイム(USA)
0000702362,トムミラクル,0000115064,ホリスキー,0000186477,マナードライン,0000069360,マルゼンスキー,0000333702,マナード(IRE)
0001174517,トモジャクール,0000727032,メイショウボーラー,0001087358,セキサンキセキ,0000287925,タイキシャトル(USA),0000262443,フジキセキ
0001173169,トモトモリバー,0000722797,ブラックタイド,0000991930,ローズエンジェル,0000333862,サンデーサイレンス(USA),0000321138,アグネスデジタル(USA)
0000992616,トモロポケット,0000325200,ジャングルポケット,0000325070,レモンキャンディー,0000161740,トニービン(IRE),0000333862,サンデーサイレンス(USA)
0000989915,トライアンフマーチ,0000293624,スペシャルウィーク,0000287403,キョウエイマーチ,0000333862,サンデーサイレンス(USA),0000336853,ダンシングブレーヴ(USA)
0000615919,トライワンズラック,0000161740,トニービン(IRE),0000427087,ブラッシングインザレイン(USA),0000336378,カンパラ(GB),0000335274,Blushing Groom(FR)
0001207455,トライン,0000742976,ディープインパクト,0001100487,マルケサ(USA),0000333862,サンデーサイレンス(USA),0000347989,Kingmambo(USA)
0001157396,トラキアンコード,0000324971,マンハッタンカフェ,0001050382,レッドルンバ(IRE),0000333862,サンデーサイレンス(USA),0000337563,Red Ransom(USA)
0001136455,トラキチシャチョウ,0000255813,マヤノトップガン,0000617488,タイキプレリュード(USA),0000333844,ブライアンズタイム(USA),0000337423,Cozzene(USA)
0001186000,トラスト,0000801447,スクリーンヒーロー,0000726340,グローリサンディ,0000299089,グラスワンダー(USA),0000268975,エイシンサンディ
0001203229,トラストケンシン,0000722158,ハーツクライ,0000759164,アフェランドラ,0000333862,サンデーサイレンス(USA),0000299155,エルコンドルパサー(USA)
0000733659,トラストジュゲム,0000626597,スキャターザゴールド(CAN),0000253430,ジュウジホウセキ,0000335975,Mr. Prospector(USA),0000069360,マルゼンスキー
0000769593,トラストスター,0000369621,Tale of the Cat(USA),0000617423,Noble Pursuit(USA),0000337102,Storm Cat(USA),0000336350,Affirmed(USA)
0000700355,トラストセレビー,0000333894,コマンダーインチーフ(GB),0000383935,グラブ(USA),0000336853,ダンシングブレーヴ(USA),0000336082,Danzig(USA)
0000886317,トラストパープル,0000298971,マイネルラヴ(USA),0000303537,サストワンダー,0000337444,Seeking the Gold(USA),0000214308,レオダーバン
0000324224,トラストファイヤー,0000333862,サンデーサイレンス(USA),0000383505,イージームービング(IRE),0000335154,Halo(USA),0000336202,Caerleon(USA)
0001149153,トラストレイカ,0000714411,ケイムホーム(USA),0000298320,シャコージュノー,0000337432,Gone West(USA),0000333544,ノーザンテースト(CAN)
0000210830,トラストワン,0000129863,ニホンピロウイナー,0000117377,エイコースター,0000333618,ステイールハート(IRE),0000333535,トライバルチーフ(GB)
0000727669,トラッドスキーム,0000299155,エルコンドルパサー(USA),0000308949,パープルホワイト,0000347989,Kingmambo(USA),0000262443,フジキセキ
0001186565,トラネコ,0000725727,スズカマンボ,0000737037,ヒミノオトヒメ,0000333862,サンデーサイレンス(USA),0000333894,コマンダーインチーフ(GB)
0000883939,トランスワープ,0000626942,ファルブラヴ(IRE),0000262438,ボンヌシャンス,0000337427,Fairy King(USA),0000333707,リアルシヤダイ(USA)
0000989072,トランセンド,0000369358,ワイルドラッシュ(USA),0000270881,シネマスコープ,0000336574,Wild Again(USA),0000161740,トニービン(IRE)
0000067635,トリアノン,0000333301,ラークスパー(IRE),0000379307,ネギシ,0000334000,Never Say Die(USA),0000333215,マイナーズランプ(IRE)
0000117752,トリオンフ,0000333516,モバリツズ(IRE),0000023417,オークテツク,0000333971,Sing Sing(GB),0000333297,ベンマーシヤル(GB)
0001189886,トリコロールブルー,0000286968,ステイゴールド,0000999068,ペンカナプリンセス(IRE),0000333862,サンデーサイレンス(USA),0000365118,Pivotal(GB)
0000620259,トリッキーアイズ,0000340630,ブラックタイアフェアー(IRE),0000383735,ランバダスタイル(IRE),0000336395,Miswaki(USA),0000336853,ダンシングブレーヴ(USA)
0000177979,トリップ,0000333513,ダイアトム(GB),0000081887,スノーラン,0000334487,Sicambre(FR),0000333456,スノツブ(FR)
トリップトゥパリス,トリップトゥパリス,,,,,,,,
0000052403,トリノ,0000333371,セントクレスピン(GB),0000005697,クインコート,0000333932,Aureole(GB),0000333116,タークスリライアンス(FR)
0000885993,トリビュートソング,0000299089,グラスワンダー(USA),0000298434,トレアンサンブル,0000336890,Silver Hawk(USA),0000161740,トニービン(IRE)
0000619880,トリプレックス,0000333862,サンデーサイレンス(USA),0000411325,トリプルワウ(CAN),0000335154,Halo(USA),0000336028,Coastal(USA)
0001225879,トリリオネア,0001111493,Dubawi(IRE),0001127850,Many Colours(GB),0000372664,Dubai Millennium(GB),0000336430,Green Desert(USA)
0000714278,トリリオンカット,0000361387,Swain(IRE),0000713987,Sabeline(IRE),0000342649,Nashwan(USA),0000336202,Caerleon(USA)
0001126891,トルークマクト,0000737164,アドマイヤジャパン,0001000708,ロゼ,0000333862,サンデーサイレンス(USA),0000719408,High Chaparral(IRE)
0000247109,トレイルブレイザー,0000333758,パドスール(GB),0000145844,コンキストダイナ,0000334047,Mill Reef(USA),0000333544,ノーザンテースト(CAN)
0000724199,トレオウオブキング,0000214562,スターオブコジーン(USA),0000150889,グレイスハニー,0000337423,Cozzene(USA),0000069360,マルゼンスキー
0000251731,トレジャー,0000455913,サルタモンテス(FR),0000464718,シマウタホマレ,0000455972,Florestan II,0000455785,タガミホマレ
0001048063,トレジャーチェスト,0000615577,クロフネ(USA),0000704078,ディアマンノワール(USA),0000362799,フレンチデピュティ(USA),0000337563,Red Ransom(USA)
0000702483,トレジャーハンター,0000333901,ティンバーカントリー(USA),0000410048,ドミナントダンサー(USA),0000337445,Woodman(USA),0000340800,Moscow Ballet(USA)
0001135621,トレジャーマップ,0000286968,ステイゴールド,0000329411,ポイントフラッグ,0000333862,サンデーサイレンス(USA),0000203356,メジロマックイーン
0001045381,トレノエンジェル,0000287925,タイキシャトル(USA),0000328153,アスクコマンダー,0000337092,Devil's Bag(USA),0000333894,コマンダーインチーフ(GB)
0000887631,トレノクリスエス,0000700008,シンボリクリスエス(USA),0000317504,フューチャサンデー,0000336209,Kris S.(USA),0000333862,サンデーサイレンス(USA)
0000758012,トレノジュビリー,0000225628,サクラバクシンオー,0000291469,テンザンキラリ,0000145106,サクラユタカオー,0000192975,ゴールデンフェザント(USA)
0000990837,トレノパズル,0000237704,ホワイトマズル(GB),0000303850,マルスフラウ,0000336853,ダンシングブレーヴ(USA),0000069360,マルゼンスキー
0001100504,トレラピッド,0000714381,Anabaa Blue(GB),0000621663,Tres Ravi(GER),0000365067,Anabaa(USA),0000361091,Monsun(GER)
0001093631,トレンドハンター,0000324971,マンハッタンカフェ,0000702473,ロイヤルペルラ,0000333862,サンデーサイレンス(USA),0000333844,ブライアンズタイム(USA)
0001177382,トレーディングレザー,0001003266,Teofilo(IRE),0001175558,Night Visit(GB),0000714343,Galileo(IRE),0000372792,Sinndar(IRE)
0000305439,トロットスター,0000337284,ダミスター(USA),0000218103,カルメンシータ,0000335975,Mr. Prospector(USA),0000333797,ワイズカウンセラー(USA)
0000192387,トロピカルクイーン,0000068921,トウシヨウゲート,0000053314,フアバーセダン,0000333422,シヤトーゲイ(USA),0000333374,フアバージ(FR)
0001185995,トロピカルスパート,0000807282,フリオーソ,0000726200,タヒチアンメモリ,0000333844,ブライアンズタイム(USA),0000333894,コマンダーインチーフ(GB)
0001107286,トロピカルメジャー,0000725485,ダイワメジャー,0000708773,ノンストップガール,0000333862,サンデーサイレンス(USA),0000263178,ピルサドスキー(IRE)
0001320516,トロピカルライト,0001120570,キズナ,0001043830,トロピカルスイーツ,0000742976,ディープインパクト,0000362799,フレンチデピュティ(USA)
0000762475,トロフィーディール,0000333862,サンデーサイレンス(USA),0000427405,プリンセスリーマ(USA),0000335154,Halo(USA),0000336350,Affirmed(USA)
0001208563,トロワゼトワル,0001089850,ロードカナロア,0001110816,セコンドピアット,0000729458,キングカメハメハ,0000722158,ハーツクライ
0001122521,トロワボヌール,0000849057,バゴ(FR),0000707795,チューニー,0000342649,Nashwan(USA),0000333862,サンデーサイレンス(USA)
0001191137,トワイライトライフ,0000619768,ゴールドアリュール,0001096771,ラプターセイハート,0000333862,サンデーサイレンス(USA),0000359332,トワイニング(USA)
0000256457,トンボイ,0000333846,キンググローリアス(USA),0000168982,ニシノバーバラ,0000336724,Naevus(USA),0000333683,レツドアラート(IRE)
0000316159,トーアカゼノオー,0000237393,サクラチトセオー,0000169318,トーアシユプール,0000161740,トニービン(IRE),0000333637,ロイヤルスキー(USA)
0000726712,トーアグレイス,0000266932,ロイヤルタッチ,0000308768,トーアハリウッド,0000333862,サンデーサイレンス(USA),0000203356,メジロマックイーン
0000326862,トーアコマンダー,0000333894,コマンダーインチーフ(GB),0000272696,ホッコーオウカ,0000336853,ダンシングブレーヴ(USA),0000214492,リンドシェーバー(USA)
0001170017,トーアディラン,0000728492,カンパニー,0000742847,トーアビバリーヒル,0000298352,ミラクルアドマイヤ,0000274883,ダンスインザダーク
0001170018,トーアヒミコ,0000615577,クロフネ(USA),0000742849,トーアセンヒメ,0000362799,フレンチデピュティ(USA),0000262443,フジキセキ
0000619656,トーアメイウン,0000333872,アジュディケーティング(USA),0000222805,フルーツカクテル,0000336082,Danzig(USA),0000333697,ノーアテンシヨン(FR)
0000089052,トーアライジン,0000333293,フイダルゴ(GB),0000037052,トーアヒーロー,0000334962,Arctic Star(GB),0000333224,チヤイナロツク(GB)
0000727612,トーキングドラム,0000225913,パラダイスクリーク(USA),0000244898,バラライカ,0000336421,Irish River(FR),0000165998,メリーナイス
0000705123,トーコーカント,0000283958,サニーブライアン,0000262653,パワールミネ,0000333844,ブライアンズタイム(USA),0000082169,シービークロス
0000327165,トーシンブリザード,0000333879,デュラブ(USA),0000254118,ユーワトップレディ,0000336769,Topsider(USA),0000333640,ブレイヴエストローマン(USA)
0001043767,トーセンアドミラル,0000729458,キングカメハメハ,0000308931,サンデーピクニック,0000347989,Kingmambo(USA),0000333862,サンデーサイレンス(USA)
0001124677,トーセンアルニカ,0000760084,メイショウサムソン,0000755955,セシルブルース,0000339572,オペラハウス(GB),0000299155,エルコンドルパサー(USA)
0001045928,トーセンアレス,0000620131,アドマイヤドン,0000383998,レース(USA),0000333901,ティンバーカントリー(USA),0000339836,Gulch(USA)
0001206802,トーセンアンバー,0000742976,ディープインパクト,0001052594,ワルツオブキャット,0000333862,サンデーサイレンス(USA),0000628952,Songandaprayer(USA)
0000853125,トーセンアーチャー,0000337692,Barathea(IRE),0000717099,インターラプション(GB),0000336572,Sadler's Wells(USA),0000347622,Zafonic(USA)
0001153976,トーセンアーネスト,0000700008,シンボリクリスエス(USA),0000760710,ビーチフェスタ,0000336209,Kris S.(USA),0000262443,フジキセキ
0000736693,トーセンエンパイア,0000362799,フレンチデピュティ(USA),0000317576,シャルマンダダ,0000338072,Deputy Minister(CAN),0000358543,カーネギー(IRE)
0000618302,トーセンエール,0000333707,リアルシヤダイ(USA),0000247091,エールノーザン,0000335167,Roberto(USA),0000333544,ノーザンテースト(CAN)
0001222181,トーセンオパール,0000375505,スウェプトオーヴァーボード(USA),0001092214,トーセンルクリア,0000361855,エンドスウィープ(USA),0000274883,ダンスインザダーク
0000707555,トーセンオリオン,0000213000,カリスタグローリ,0000214011,ペルソナソレイユ,0000333640,ブレイヴエストローマン(USA),0000333544,ノーザンテースト(CAN)
0000988187,トーセンオーパス,0000274915,フサイチコンコルド,0000247267,ホールオブフェーム,0000336202,Caerleon(USA),0000161734,アレミロード(USA)
0000804017,トーセンキャプテン,0000325200,ジャングルポケット,0000308931,サンデーピクニック,0000161740,トニービン(IRE),0000333862,サンデーサイレンス(USA)
0001214379,トーセンギムレット,0001110554,ディープブリランテ,0000615757,エラドゥーラ(USA),0000742976,ディープインパクト,0000339830,Sultry Song(USA)
0000807584,トーセンクラウン,0000339572,オペラハウス(GB),0000614860,サンデーブレーヴ,0000336572,Sadler's Wells(USA),0000336853,ダンシングブレーヴ(USA)
0001204911,トーセンクリーガー,0001105295,トーセンロレンス,0000891874,トーセンスクリュー,0000725485,ダイワメジャー,0000362799,フレンチデピュティ(USA)
0001095832,トーセンケイトゥー,0000722158,ハーツクライ,0000746079,ファイナルデスティネーション(NZ),0000333862,サンデーサイレンス(USA),0000371697,O'Reilly(NZ)
0000882348,トーセンコックス,0000237704,ホワイトマズル(GB),0000225191,フリートレガッタ,0000336853,ダンシングブレーヴ(USA),0000333707,リアルシヤダイ(USA)
0000705168,トーセンサニー,0000283958,サニーブライアン,0000286995,アトラスマーカー,0000333844,ブライアンズタイム(USA),0000098122,アンバーシヤダイ
0000706398,トーセンザオー,0000274914,バブルガムフェロー,0000247084,アニーブラウン,0000333862,サンデーサイレンス(USA),0000333544,ノーザンテースト(CAN)
0000754822,トーセンシャナオー,0000333862,サンデーサイレンス(USA),0000245191,ジョウノエンジェル,0000335154,Halo(USA),0000061253,トウシヨウボーイ
0001141135,トーセンシルエット,0000732134,トーセンダンス,0000881632,トーセンビレッタ,0000333862,サンデーサイレンス(USA),0000375505,スウェプトオーヴァーボード(USA)
0001094100,トーセンジャガー,0000324971,マンハッタンカフェ,0000707644,トーセンザサン,0000333862,サンデーサイレンス(USA),0000333874,ジェイドロバリー(USA)
0000722346,トーセンジョウオー,0000333901,ティンバーカントリー(USA),0000243251,アナスミラビリス,0000337445,Woodman(USA),0000333707,リアルシヤダイ(USA)
0000756868,トーセンジョーカー,0000339572,オペラハウス(GB),0000275439,クラッシーマダム(USA),0000336572,Sadler's Wells(USA),0000336770,Crafty Prospector(USA)
0000991898,トーセンジョーダン,0000325200,ジャングルポケット,0000316487,エヴリウィスパー,0000161740,トニービン(IRE),0000333544,ノーザンテースト(CAN)
0001139037,トーセンスターダム,0000742976,ディープインパクト,0000743072,アドマイヤキラメキ,0000333862,サンデーサイレンス(USA),0000361855,エンドスウィープ(USA)
0001149166,トーセンスパンキー,0000293624,スペシャルウィーク,0000298404,バースデイローズ,0000333862,サンデーサイレンス(USA),0000161740,トニービン(IRE)
0001120796,トーセンソレイユ,0000701577,ネオユニヴァース,0000430846,ウインドインハーヘア(IRE),0000333862,サンデーサイレンス(USA),0000339659,Alzao(USA)
0001090029,トーセンタイガー,0000729458,キングカメハメハ,0000310715,フサイチフェスタ(AUS),0000347989,Kingmambo(USA),0000342033,Zabeel(NZ)
0000327376,トーセンダンディ,0000237704,ホワイトマズル(GB),0000223328,キクノトッポリーノ,0000336853,ダンシングブレーヴ(USA),0000333732,クリスタルパレス(FR)
0000732773,トーセンディライト,0000333874,ジェイドロバリー(USA),0000169572,ノトリイフオー,0000335975,Mr. Prospector(USA),0000333635,リイフオー(GB)
0001136037,トーセンデューク,0000742976,ディープインパクト,0000449318,スーア(IRE),0000333862,サンデーサイレンス(USA),0000337427,Fairy King(USA)
0001157526,トーセンナチュラル,0000760084,メイショウサムソン,0001087004,ガールズトーク,0000339572,オペラハウス(GB),0000286968,ステイゴールド
0001119632,トーセンハナミズキ,0000287925,タイキシャトル(USA),0000316527,クラレットパンチ,0000337092,Devil's Bag(USA),0000262443,フジキセキ
0000735151,トーセンハピネス,0000333862,サンデーサイレンス(USA),0000383616,リッジフィールド(USA),0000335154,Halo(USA),0000336879,Saratoga Six(USA)
0001123822,トーセンハルカゼ,0000729458,キングカメハメハ,0000735151,トーセンハピネス,0000347989,Kingmambo(USA),0000333862,サンデーサイレンス(USA)
0001154772,トーセンバジル,0001115148,ハービンジャー(GB),0000804737,ケアレスウィスパー,0000372531,Dansili(GB),0000262443,フジキセキ
0001123075,トーセンパワフル,0000701577,ネオユニヴァース,0000725959,アコースティクス,0000333862,サンデーサイレンス(USA),0000363470,Cape Cross(IRE)
0001041131,トーセンパーシモン,0000849057,バゴ(FR),0000247079,ダイヤモンドラップ,0000342649,Nashwan(USA),0000130523,ミスターシービー
0001149507,トーセンビクトリー,0000729458,キングカメハメハ,0000309174,トゥザヴィクトリー,0000347989,Kingmambo(USA),0000333862,サンデーサイレンス(USA)
0001043123,トーセンファントム,0000701577,ネオユニヴァース,0000298404,バースデイローズ,0000333862,サンデーサイレンス(USA),0000161740,トニービン(IRE)
0000613064,トーセンフェアー,0000158547,ダイナガリバー,0000177353,ミルフォードミドリ,0000333544,ノーザンテースト(CAN),0000333620,マラケート(USA)
0001044025,トーセンフリージア,0000700008,シンボリクリスエス(USA),0000313394,タガノアイリス,0000336209,Kris S.(USA),0000161740,トニービン(IRE)
0000618457,トーセンフレンド,0000337284,ダミスター(USA),0000208367,ダイゴウロリエル,0000335975,Mr. Prospector(USA),0000147426,ミルグロリー
0000722261,トーセンブライト,0000333844,ブライアンズタイム(USA),0000306383,アサヒブライト,0000335167,Roberto(USA),0000333874,ジェイドロバリー(USA)
0001204544,トーセンブレス,0000742976,ディープインパクト,0000886300,ブルーミンバー,0000333862,サンデーサイレンス(USA),0000626942,ファルブラヴ(IRE)
0001108140,トーセンプラチナ,0000321138,アグネスデジタル(USA),0000729546,トーセンサファイア,0000336770,Crafty Prospector(USA),0000333862,サンデーサイレンス(USA)
0001109390,トーセンベニザクラ,0000725485,ダイワメジャー,0000754960,トーセンブリリアン,0000333862,サンデーサイレンス(USA),0000237704,ホワイトマズル(GB)
0001103854,トーセンホマレボシ,0000742976,ディープインパクト,0000316487,エヴリウィスパー,0000333862,サンデーサイレンス(USA),0000333544,ノーザンテースト(CAN)
0000733331,トーセンマエストロ,0000359332,トワイニング(USA),0000169832,フエードエリカ,0000337550,フォーティナイナー(USA),0000069360,マルゼンスキー
0001142441,トーセンマタコイヤ,0000742976,ディープインパクト,0001032555,ミュージカルウェイ(FR),0000333862,サンデーサイレンス(USA),0000369159,Gold Away(IRE)
0001042559,トーセンマリーン,0000700008,シンボリクリスエス(USA),0000286886,ブルーデキシー,0000336209,Kris S.(USA),0000145106,サクラユタカオー
0001266155,トーセンマルゴー,0000722261,トーセンブライト,0001089898,ハイランドダンス,0000333844,ブライアンズタイム(USA),0000701668,ゼンノロブロイ
0001095789,トーセンマルス,0000325200,ジャングルポケット,0000743130,アクアプラネット,0000161740,トニービン(IRE),0000299155,エルコンドルパサー(USA)
0000800718,トーセンマーチ,0000362799,フレンチデピュティ(USA),0000262303,サイレントプレアー,0000338072,Deputy Minister(CAN),0000333862,サンデーサイレンス(USA)
0000328015,トーセンメイザン,0000214562,スターオブコジーン(USA),0000210011,スイートスター,0000337423,Cozzene(USA),0000333665,モガミ(FR)
0001155516,トーセンメリッサ,0000722261,トーセンブライト,0000885599,トーセンマドンナ,0000333844,ブライアンズタイム(USA),0000324971,マンハッタンカフェ
0000889947,トーセンモナーク,0000324933,アグネスタキオン,0000439039,ホワイトウォーターアフェア(GB),0000333862,サンデーサイレンス(USA),0000337496,Machiavellian(USA)
0000798564,トーセンラピュタ,0000262443,フジキセキ,0000219937,ミヤビサクラコ,0000333862,サンデーサイレンス(USA),0000333544,ノーザンテースト(CAN)
0001096885,トーセンラー,0000742976,ディープインパクト,0000998955,プリンセスオリビア(USA),0000333862,サンデーサイレンス(USA),0000340529,Lycius(USA)
0001154826,トーセンラーク,0000714301,アルデバランⅡ(USA),0000805538,タケイチゼット,0000335975,Mr. Prospector(USA),0000361351,タバスコキャット(USA)
0000703399,トーセンリリー,0000098122,アンバーシヤダイ,0000242780,ミデオンレディー,0000333544,ノーザンテースト(CAN),0000333795,アンフイールド(IRE)
0000994306,トーセンルーチェ,0000621944,マリエンバード(IRE),0000450366,ファーザ(USA),0000336202,Caerleon(USA),0000335975,Mr. Prospector(USA)
0001126705,トーセンレディ,0000725485,ダイワメジャー,0000981280,レディインディ(USA),0000333862,サンデーサイレンス(USA),0000339653,A.P. Indy(USA)
0001088332,トーセンレーヴ,0000742976,ディープインパクト,0000275176,ビワハイジ,0000333862,サンデーサイレンス(USA),0000336202,Caerleon(USA)
0000737634,トーセンロッキー,0000365159,チーフベアハート(CAN),0000209034,ターナゲイン,0000337339,Chief's Crown(USA),0000061253,トウシヨウボーイ
0000991873,トーセンロマネ,0000611525,タニノギムレット,0000316397,ベルモット,0000333844,ブライアンズタイム(USA),0000333862,サンデーサイレンス(USA)
0001126680,トーセンワープ,0000742976,ディープインパクト,0000904678,ピンロックリー(USA),0000333862,サンデーサイレンス(USA),0000339653,A.P. Indy(USA)
0000731440,トータルインパクト,0000347559,Stuka(USA),0000731441,Pebbles(CHI),0000337289,ジェイドハンター(USA),0000360457,Manos de Piedra(USA)
0001148423,トータルヒート,0000621983,Street Cry(IRE),0001144660,リーサルヒート(USA),0000337496,Machiavellian(USA),0000361780,Unusual Heat(USA)
0001188776,トーホウアイレス,0000722158,ハーツクライ,0000888823,トーホウドルチェ,0000333862,サンデーサイレンス(USA),0000310467,サウスヴィグラス(USA)
0000700870,トーホウアスカ,0000365159,チーフベアハート(CAN),0000229343,カガミアスカ,0000337339,Chief's Crown(USA),0000335868,General Assembly(USA)
0000804548,トーホウアタック,0000304500,トーホウエンペラー,0000315188,トーホウビーナス,0000333844,ブライアンズタイム(USA),0000337445,Woodman(USA)
0001109923,トーホウアマポーラ,0000262443,フジキセキ,0000763911,トーホウガイア(USA),0000333862,サンデーサイレンス(USA),0000361396,Unbridled's Song(USA)
0000756721,トーホウアモーレ,0000324933,アグネスタキオン,0000273958,ステージバンダム,0000333862,サンデーサイレンス(USA),0000069360,マルゼンスキー
0000762003,トーホウアラン,0000274883,ダンスインザダーク,0000383980,ヒドゥンダンス(USA),0000333862,サンデーサイレンス(USA),0000336085,Nureyev(USA)
0001208938,トーホウアルテミス,0000722158,ハーツクライ,0000763911,トーホウガイア(USA),0000333862,サンデーサイレンス(USA),0000361396,Unbridled's Song(USA)
0000304500,トーホウエンペラー,0000333844,ブライアンズタイム(USA),0000209800,レインボーブルー,0000335167,Roberto(USA),0000333757,ノーリユート(FR)
0000885380,トーホウオルビス,0000304500,トーホウエンペラー,0000287944,トーホウパール(USA),0000333844,ブライアンズタイム(USA),0000337432,Gone West(USA)
0000317415,トーホウシデン,0000333844,ブライアンズタイム(USA),0000427087,ブラッシングインザレイン(USA),0000335167,Roberto(USA),0000335274,Blushing Groom(FR)
0000762704,トーホウシャイン,0000293624,スペシャルウィーク,0000448595,ホークズフォーチュン(USA),0000333862,サンデーサイレンス(USA),0000336890,Silver Hawk(USA)
0001140023,トーホウジャッカル,0000293624,スペシャルウィーク,0000763911,トーホウガイア(USA),0000333862,サンデーサイレンス(USA),0000361396,Unbridled's Song(USA)
0000299500,トーホウスパーク,0000336202,Caerleon(USA),0000397490,Drums Of Freedom(USA),0000333996,Nijinsky(CAN),0000336325,Green Forest(USA)
0000312910,トーホウダイオー,0000337550,フォーティナイナー(USA),0000383453,レディーム(USA),0000335975,Mr. Prospector(USA),0000336177,Storm Bird(CAN)
0001044189,トーホウチェイサー,0000619768,ゴールドアリュール,0000315188,トーホウビーナス,0000333862,サンデーサイレンス(USA),0000337445,Woodman(USA)
0000726732,トーホウチェリー,0000299181,トーホウキング(IRE),0000293293,トーホウユヤ,0000337427,Fairy King(USA),0000161740,トニービン(IRE)
0001189565,トーホウドミンゴ,0000701577,ネオユニヴァース,0000993106,トーホウリッチ,0000333862,サンデーサイレンス(USA),0000298971,マイネルラヴ(USA)
0000319991,トーホウドリーム,0000201489,メジロライアン,0000212891,サクラササヤキ,0000098122,アンバーシヤダイ,0000333697,ノーアテンシヨン(FR)
0000888823,トーホウドルチェ,0000310467,サウスヴィグラス(USA),0000329340,トーホウウインド,0000361855,エンドスウィープ(USA),0000333844,ブライアンズタイム(USA)
0001150960,トーホウハニー,0000286968,ステイゴールド,0000615580,トーホウメドゥーサ(USA),0000333862,サンデーサイレンス(USA),0000337483,Meadowlake(USA)
0001089310,トーホウペッグ,0000326684,カルストンライトオ,0000298985,トーホウユカコ(USA),0000342675,ウォーニング(GB),0000339653,A.P. Indy(USA)
0000806718,トーホウラムセス,0000324933,アグネスタキオン,0000384118,メモリーズオブロニー(USA),0000333862,サンデーサイレンス(USA),0000337102,Storm Cat(USA)
0000738999,トーホウレビン,0000179021,サツカーボーイ,0000280429,ホクトロビン,0000333664,デイクタス(FR),0000333833,ブランコ(USA)
0000800366,トーホウレーサー,0000365159,チーフベアハート(CAN),0000256672,パシアン,0000337339,Chief's Crown(USA),0000145106,サクラユタカオー
0000900048,トーヨーエーピー,0000369550,Old Trieste(USA),0000430879,Putthepowdertoit(USA),0000339653,A.P. Indy(USA),0000337384,Talc(USA)
0000310488,トーヨーシーザー,0000340714,Summer Squall(USA),0000407028,Nice Assay(USA),0000336177,Storm Bird(CAN),0000336401,Clever Trick(USA)
0000900047,トーヨースルーオ,0000361387,Swain(IRE),0000880962,Gold Pattern(USA),0000342649,Nashwan(USA),0000336883,Slew o' Gold(USA)
0001217458,トーラスジェミニ,0000372784,キングズベスト(USA),0000889180,エリモエトワール,0000347989,Kingmambo(USA),0000324971,マンハッタンカフェ
0000258656,トールハンマー,0000333608,ミルジヨージ(USA),0000136678,タニイチパワー,0000334047,Mill Reef(USA),0000333254,ネヴアービート(GB)
0000885974,トールポピー,0000325200,ジャングルポケット,0000298377,アドマイヤサンデー,0000161740,トニービン(IRE),0000333862,サンデーサイレンス(USA)
0000752304,トーワスラッガー,0000256512,マーベラスサンデー,0000198660,トーワルビー,0000333862,サンデーサイレンス(USA),0000100485,サクラシンゲキ
0000318107,トーワトレジャー,0000161740,トニービン(IRE),0000383164,グリーングッズ(USA),0000336378,カンパラ(GB),0000336401,Clever Trick(USA)
0000888158,トーワヒヨシマル,0000318327,ニューイングランド,0000324324,トーワマドンナ,0000333862,サンデーサイレンス(USA),0000362599,ラムタラ(USA)
0000798085,トーワベガ,0000309184,アドマイヤベガ,0000208099,トーワディステニー,0000333862,サンデーサイレンス(USA),0000127142,ウインザーノツト
0000988929,ドゥミポワント,0000310467,サウスヴィグラス(USA),0000267437,マウントモガミ,0000361855,エンドスウィープ(USA),0000333665,モガミ(FR)
0001185120,ドゥモワゼル,0000325977,ショウナンカンプ,0000618808,ステキプレゼント,0000225628,サクラバクシンオー,0000262275,ジェニュイン
0001151936,ドゥラメンテ,0000729458,キングカメハメハ,0000713851,アドマイヤグルーヴ,0000347989,Kingmambo(USA),0000333862,サンデーサイレンス(USA)
0000799937,ドゥーカ,0000316565,アドマイヤボス,0000247330,スイートタラゴン,0000333862,サンデーサイレンス(USA),0000333665,モガミ(FR)
0001178416,ドゥーナデン,0000719045,Nicobar(GB),0001178415,La Marlia(FR),0000342656,Indian Ridge(IRE),0000361734,Kaldounevees(FR)
0000619043,ドゥーワンズベスト,0000274883,ダンスインザダーク,0000250003,サーレッツダンス,0000333862,サンデーサイレンス(USA),0000129863,ニホンピロウイナー
0001185956,ドウディ,0001099904,コンデュイット(IRE),0000725365,ストームイメージ,0000745340,Dalakhani(IRE),0000274883,ダンスインザダーク
0000737986,ドクターグリム,0000214562,スターオブコジーン(USA),0000304332,ドクターベローナ,0000337423,Cozzene(USA),0000201489,メジロライアン
0000992296,ドクターラオウ,0000729458,キングカメハメハ,0000320526,イアラスーベニア,0000347989,Kingmambo(USA),0000358543,カーネギー(IRE)
0001119009,ドクタールキア,0000294840,キングヘイロー,0000304332,ドクターベローナ,0000336853,ダンシングブレーヴ(USA),0000201489,メジロライアン
0001125599,ドコフクカゼ,0000369358,ワイルドラッシュ(USA),0000803064,デピュティプリミエ,0000336574,Wild Again(USA),0000362799,フレンチデピュティ(USA)
0000318409,ドゴール,0000337983,ポリッシュパトリオット(USA),0000382848,シルヴアンウオーク(USA),0000336082,Danzig(USA),0000336325,Green Forest(USA)
0001098784,ドスライス,0000719250,Speightstown(USA),0000972510,Daisies and Nites(USA),0000337432,Gone West(USA),0000339631,Saint Ballado(CAN)
0000884082,ドットコム,0000333844,ブライアンズタイム(USA),0000266516,ビューチフルドラマ,0000335167,Roberto(USA),0000333887,ヘクタープロテクター(USA)
0001220187,ドナウデルタ,0001089850,ロードカナロア,0001096852,ドナウブルー,0000729458,キングカメハメハ,0000742976,ディープインパクト
0001096852,ドナウブルー,0000742976,ディープインパクト,0000906036,ドナブリーニ(GB),0000333862,サンデーサイレンス(USA),0000369590,Bertolini(USA)
0001108013,ドナメデューサ,0000225628,サクラバクシンオー,0000728176,モアマイガール,0000145106,サクラユタカオー,0000262443,フジキセキ
0001194162,ドナルチア,0000776823,Malibu Moon(USA),0000769380,Lady Tak(USA),0000339653,A.P. Indy(USA),0000362626,Mutakddim(USA)
0001045525,ドナルドバローズ,0000365330,ボストンハーバー(USA),0000329582,ルナソルウィンク,0000336568,Capote(USA),0000362599,ラムタラ(USA)
0001043039,ドビュッシー,0000333844,ブライアンズタイム(USA),0000297095,アマートベン,0000335167,Roberto(USA),0000201489,メジロライアン
0000887802,ドモナラズ,0000337421,アフリート(CAN),0000319182,アンプルカット,0000335975,Mr. Prospector(USA),0000197320,ナリタハヤブサ
0001170671,ドライヴナイト,0001040066,カジノドライヴ(USA),0000760847,カウントオンミー,0000744351,Mineshaft(USA),0000274914,バブルガムフェロー
0001217506,ドラウプニル,0001042049,ルーラーシップ,0000889857,ヴェルザンディ,0000729458,キングカメハメハ,0000324933,アグネスタキオン
0001205584,ドラグーンシチー,0001089850,ロードカナロア,0000994150,メイショウアンデス,0000729458,キングカメハメハ,0000274883,ダンスインザダーク
0000705864,ドラゴンアイズ,0000337447,シャーディー(USA),0000293623,フラワーウイナー,0000336082,Danzig(USA),0000129863,ニホンピロウイナー
0000899710,ドラゴンウェルズ,0000342430,Dynaformer(USA),0000404625,Poolesta(IRE),0000335167,Roberto(USA),0000337269,Hero's Honor(USA)
0000730346,ドラゴンキャプテン,0000098122,アンバーシヤダイ,0000220262,ラグーナブランカ,0000333544,ノーザンテースト(CAN),0000333707,リアルシヤダイ(USA)
0001152885,ドラゴンゲート,0000727032,メイショウボーラー,0000734513,デュークタイフーン,0000287925,タイキシャトル(USA),0000262443,フジキセキ
0001125987,ドラゴンサクラ,0000286968,ステイゴールド,0000808434,ドバイソプラノ(GB),0000333862,サンデーサイレンス(USA),0000347622,Zafonic(USA)
0001139968,ドラゴンスズラン,0000619768,ゴールドアリュール,0000762843,チェリーフォレスト,0000333862,サンデーサイレンス(USA),0000225628,サクラバクシンオー
0000305237,ドラゴンハンター,0000333768,スルーザドラゴン(USA),0000160455,ミユキロマン,0000335964,Seattle Slew(USA),0000060540,クライムカイザー
0001155127,ドラゴンバローズ,0000729458,キングカメハメハ,0000846327,ポーリッシュピンク(IRE),0000347989,Kingmambo(USA),0000342688,Polish Precedent(USA)
0000804558,ドラゴンファイヤー,0000333844,ブライアンズタイム(USA),0000315224,マジカルウーマン,0000335167,Roberto(USA),0000225913,パラダイスクリーク(USA)
0000887738,ドラゴンファング,0000287925,タイキシャトル(USA),0000318510,タイキメビウス,0000337092,Devil's Bag(USA),0000336569,ダンスオブライフ(USA)
0001108648,ドラゴンフォルテ,0000742976,ディープインパクト,0000735766,ヴィフォルテ,0000333862,サンデーサイレンス(USA),0000337848,デヒア(USA)
0001124116,ドラゴンレジェンド,0000286968,ステイゴールド,0000738328,レーゲンボーゲン,0000333862,サンデーサイレンス(USA),0000362799,フレンチデピュティ(USA)
0000743308,ドリーミーオペラ,0000339572,オペラハウス(GB),0000190592,キオイドリーム,0000336572,Sadler's Wells(USA),0000333621,マグニテユード(IRE)
0000020731,ドリームアロー,0000333251,ラヴアンダン(FR),0000007633,レツドアンバー,0000334951,Verso(FR),0000000512,トシハヤ
0000263658,ドリームカイザー,0000083541,ダーダネルス,0000173012,ミドリベル,0000333418,サラ　ルイスデール(GB),0000102869,タカラトウザイ
0001042037,ドリームカトラス,0000619835,デュランダル,0000274790,ゴールドリーフ,0000333862,サンデーサイレンス(USA),0000158547,ダイナガリバー
0000327818,ドリームカムカム,0000201489,メジロライアン,0000225848,ドリーミングガール(IRE),0000098122,アンバーシヤダイ,0000336152,Lomond(USA)
0000890844,ドリームガードナー,0000359332,トワイニング(USA),0000619853,モスフロックス,0000337550,フォーティナイナー(USA),0000333862,サンデーサイレンス(USA)
0000885789,ドリームガールズ,0000225628,サクラバクシンオー,0000295898,エリモドリーム,0000145106,サクラユタカオー,0000333844,ブライアンズタイム(USA)
0000891551,ドリームキューブ,0000286650,メジロブライト,0000706535,コスモハイクラス,0000201489,メジロライアン,0000342675,ウォーニング(GB)
0001179442,ドリームキラリ,0000372708,Giant's Causeway(USA),0001164325,Truant(USA),0000337102,Storm Cat(USA),0000337432,Gone West(USA)
0000743193,ドリームゲッター,0000298971,マイネルラヴ(USA),0000190734,マキシドリーム,0000337444,Seeking the Gold(USA),0000069416,ブゼンダイオー
0000303555,ドリームコンサート,0000192975,ゴールデンフェザント(USA),0000243180,ドリームファミリー,0000334731,Caro(IRE),0000114852,バンブーアトラス
0000803037,ドリームサンデー,0000287925,タイキシャトル(USA),0000298012,ボストンタイム,0000337092,Devil's Bag(USA),0000333844,ブライアンズタイム(USA)
0000886877,ドリームシグナル,0000321138,アグネスデジタル(USA),0000309131,ダイイチアピール,0000336770,Crafty Prospector(USA),0000333862,サンデーサイレンス(USA)
0000804714,ドリームジャーニー,0000286968,ステイゴールド,0000316406,オリエンタルアート,0000333862,サンデーサイレンス(USA),0000203356,メジロマックイーン
0000889281,ドリームスカイラブ,0000298971,マイネルラヴ(USA),0000383748,ファンザブリーズ(USA),0000337444,Seeking the Gold(USA),0000336869,Lear Fan(USA)
0001048673,ドリームセーリング,0000615577,クロフネ(USA),0000723076,グローバルピース,0000362799,フレンチデピュティ(USA),0000333862,サンデーサイレンス(USA)
0000992984,ドリームゼニス,0000256512,マーベラスサンデー,0000327826,スレンダーガール,0000333862,サンデーサイレンス(USA),0000337421,アフリート(CAN)
0001109434,ドリームチャージ,0000769476,シーキングザダイヤ(USA),0000755804,サンクイーン,0000337102,Storm Cat(USA),0000309184,アドマイヤベガ
0000226428,ドリームトレイン,0000113044,コマツタイム,0000132663,マイテイテイモー,0000032819,タイムライン,0000056471,ホクトライデン
0000992037,ドリームハッチ,0000299089,グラスワンダー(USA),0000317828,ナイストレビアン,0000336890,Silver Hawk(USA),0000333544,ノーザンテースト(CAN)
0001047582,ドリームバスケット,0000286968,ステイゴールド,0000634397,ピクニックムード(FR),0000333862,サンデーサイレンス(USA),0000337551,Night Shift(USA)
0001049453,ドリームバレンチノ,0000848478,ロージズインメイ(USA),0000734894,コスモヴァレンチ,0000339820,Devil His Due(USA),0000298971,マイネルラヴ(USA)
0000303153,ドリームバロン,0000337497,オールドヴィック(GB),0000207429,ミルフォードスルー,0000336572,Sadler's Wells(USA),0000333768,スルーザドラゴン(USA)
0000760868,ドリームパスポート,0000262443,フジキセキ,0000325091,グレースランド,0000333862,サンデーサイレンス(USA),0000161740,トニービン(IRE)
0000701534,ドリームパートナー,0000365099,エリシオ(FR),0000262374,ダンスパートナー,0000337427,Fairy King(USA),0000333862,サンデーサイレンス(USA)
0001048730,ドリームヒーロー,0000256512,マーベラスサンデー,0000723700,マイドリームラン,0000333862,サンデーサイレンス(USA),0000342675,ウォーニング(GB)
0001041871,ドリームフォワード,0000620083,アドマイヤマックス,0000269794,トライトップゴール,0000333862,サンデーサイレンス(USA),0000333608,ミルジヨージ(USA)
0000799917,ドリームフライト,0000316550,フサイチソニック,0000247231,ドリームストーリー,0000337424,デインヒル(USA),0000333707,リアルシヤダイ(USA)
0000239810,ドリームマジック,0000102634,マルケンダイドウ,0000065484,ニユーミスモンザ,0000040167,スマノダイドウ,0000455756,エルシド(FR)
0000999192,ドリームライナー,0000621167,Fusaichi Pegasus(USA),0000903402,ファーストナイト(IRE),0000335975,Mr. Prospector(USA),0000336572,Sadler's Wells(USA)
0000888321,ドリームローズ,0000225628,サクラバクシンオー,0000325228,ビスクドール,0000145106,サクラユタカオー,0000333862,サンデーサイレンス(USA)
0000730867,ドルチェリモーネ,0000333862,サンデーサイレンス(USA),0000432256,レモンスフレⅡ(GB),0000335154,Halo(USA),0000337556,Salse(USA)
0001173671,ドルチャーリオ,0000760877,アドマイヤムーン,0001003496,ラドルチェ(USA),0000361855,エンドスウィープ(USA),0000337432,Gone West(USA)
0001044322,ドレスアフェアー,0000293624,スペシャルウィーク,0000316372,ジェミードレス,0000333862,サンデーサイレンス(USA),0000161740,トニービン(IRE)
0001170024,ドレッドノータス,0001115148,ハービンジャー(GB),0000743031,ディアデラノビア,0000372531,Dansili(GB),0000333862,サンデーサイレンス(USA)
0000236931,ドレッドノート,0000085885,カツラノハイセイコ,0000114101,クローバダンサー,0000036106,ハイセイコー,0000333581,ハンザダンサー(USA)
0001112992,ドロ,0000628943,D'Wildcat(USA),0000794426,Casino Bound(USA),0000349487,Forest Wildcat(USA),0000365186,Langfuhr(CAN)
0001188533,ドロウアカード,0000725485,ダイワメジャー,0000885348,アスドゥクール,0000333862,サンデーサイレンス(USA),0000325200,ジャングルポケット
0000731534,ドローアウター,0000365171,Distorted Humor(USA),0000731194,Glamorous Habit(USA),0000337550,フォーティナイナー(USA),0000333644,ハビトニー(IRE)
0000738532,ドンクール,0000262275,ジェニュイン,0000293520,メイショウマキバコ,0000333862,サンデーサイレンス(USA),0000207667,ヤマニンゼファー
0000805293,ドングラシアス,0000256512,マーベラスサンデー,0000323713,ヤワラブライト,0000333862,サンデーサイレンス(USA),0000333894,コマンダーインチーフ(GB)
0001168558,ドンチャブ,0000722158,ハーツクライ,0000703089,ウォータームーン,0000333862,サンデーサイレンス(USA),0000361977,サンダーガルチ(USA)
0001206651,ドンフォルティス,0001028940,ヘニーヒューズ(USA),0001049725,グロッタアズーラ,0000362819,ヘネシー(USA),0000262443,フジキセキ
0000721133,ドンリファール,0000342181,Dom Pasquini(FR),0000721142,Lichima,0000340417,Rheffic(FR),0000342870,Lichine(USA)
0000806025,ドールリヴィエール,0000365099,エリシオ(FR),0000330432,タイプリンセス,0000337427,Fairy King(USA),0000145106,サクラユタカオー
0000298704,ナイアガラ,0000347636,アーミジャー(GB),0000157025,シヤンバラ,0000337286,Rainbow Quest(USA),0000061253,トウシヨウボーイ
0001156200,ナイアガラモンロー,0000760877,アドマイヤムーン,0000987558,マルハチメイフェア,0000361855,エンドスウィープ(USA),0000237704,ホワイトマズル(GB)
0000031245,ナイアード,0000003134,サラ　ラプソデー,0000453473,フライパレード,0000333147,フランクリー(USA),0000333132,サラ　イーストパレード
0000705666,ナイキアディライト,0000340066,ディアブロ(USA),0000249615,ナイキアラモード,0000337092,Devil's Bag(USA),0000333792,スリルシヨー(USA)
0000306902,ナイキアフリート,0000337421,アフリート(CAN),0000176266,ブレイブウーマン,0000335975,Mr. Prospector(USA),0000333640,ブレイヴエストローマン(USA)
0000705461,ナイキアヘッド,0000365330,ボストンハーバー(USA),0000700072,Bay Barrister(USA),0000336568,Capote(USA),0000336395,Miswaki(USA)
0000203047,ナイキアロー,0000333747,サウスアトランテイツク(IRE),0000043388,アインアロー,0000334047,Mill Reef(USA),0000334043,Manacle(GB)
0000760081,ナイキアースワーク,0000333844,ブライアンズタイム(USA),0000315224,マジカルウーマン,0000335167,Roberto(USA),0000225913,パラダイスクリーク(USA)
0000731683,ナイキゲルマン,0000365210,Smart Strike(CAN),0000434358,Top Ruhl(USA),0000335975,Mr. Prospector(USA),0000341595,Ruhlmann(USA)
0000731684,ナイキフェイバー,0000369033,Favorite Trick(USA),0000731184,Sixy Chic(USA),0000336875,Phone Trick(USA),0000336879,Saratoga Six(USA)
0000996984,ナイキマドリード,0000369358,ワイルドラッシュ(USA),0000750759,スイートテイスト(USA),0000336574,Wild Again(USA),0000339861,Salt Lake(USA)
0000614219,ナイスアルカング,0000340457,アルカング(USA),0000177102,スルーオベスト,0000340193,Sagace(FR),0000030382,タイテエム
0000728114,ナイストップボーイ,0000262437,タヤスツヨシ,0000157078,フアニートウシヨウ,0000333862,サンデーサイレンス(USA),0000061253,トウシヨウボーイ
0001107108,ナイスヘイロー,0000294840,キングヘイロー,0000706267,ナイストップクイン,0000336853,ダンシングブレーヴ(USA),0000274883,ダンスインザダーク
0000312338,ナイスミーチュー,0000250718,ナイスフレンド,0000195047,ハナワエルシド,0000455943,フオーモサボーイ(GB),0000032819,タイムライン
0000882483,ナイスラッキー,0000340556,ジョリーズヘイロー(USA),0000229748,ナイスムラマサ,0000335154,Halo(USA),0000333603,ナイスダンサー(CAN)
0000756995,ナイスヴァレー,0000362799,フレンチデピュティ(USA),0000278426,ヴァレリー,0000338072,Deputy Minister(CAN),0000333862,サンデーサイレンス(USA)
0001100823,ナイトオブザオペラ,0000339653,A.P. Indy(USA),0000452834,Jena Jena(USA),0000335964,Seattle Slew(USA),0000336397,Dixieland Band(USA)
0001169102,ナイトオブナイツ,0001115148,ハービンジャー(GB),0000725009,シャイニングアレキ,0000372531,Dansili(GB),0000333862,サンデーサイレンス(USA)
0001186273,ナイトバナレット,0001110554,ディープブリランテ,0000731684,ナイキフェイバー(USA),0000742976,ディープインパクト,0000369033,Favorite Trick(USA)
0001155019,ナイトフォックス,0000225628,サクラバクシンオー,0000807680,アドマイヤシズカ,0000145106,サクラユタカオー,0000274883,ダンスインザダーク
0000230507,ナイトフッド,0000333743,テリオス(GB),0000140432,ノースアニー,0000334047,Mill Reef(USA),0000333611,ヴアイスリーガル(CAN)
0000619935,ナイトフライヤー,0000274883,ダンスインザダーク,0000262933,ユーキャンフライ(USA),0000333862,サンデーサイレンス(USA),0000337421,アフリート(CAN)
0000042932,ナイトフラワー,0000008514,ハクズイコウ,0000006754,キクワカ,0000334308,Imbros(USA),0000333173,ヒロサクラ
0000758617,ナイトレセプション,0000299155,エルコンドルパサー(USA),0000298339,ミッドナイトボイス,0000347989,Kingmambo(USA),0000129863,ニホンピロウイナー
0001218992,ナイママ,0001090769,ダノンバラード,0001044923,ニシノマドカ,0000742976,ディープインパクト,0000325200,ジャングルポケット
0001137811,ナインテイルズ,0000619817,ローエングリン,0000724462,マイネフォクシー,0000263172,Singspiel(IRE),0000201489,メジロライアン
0000232150,ナオミノユメ,0000118821,ホスピタリテイ,0000097148,ドレスジヨオー,0000333537,テユデナム(IRE),0000333532,ドレスアツプ(USA)
0000735705,ナカナカ,0000359154,ティッカネン(USA),0000295469,カシマリンドウ,0000337423,Cozzene(USA),0000214492,リンドシェーバー(USA)
0001089531,ナカヤマナイト,0000286968,ステイゴールド,0000304006,フィジーガール,0000333862,サンデーサイレンス(USA),0000192967,カコイーシーズ(USA)
0000763786,ナカヤマバスター,0000369358,ワイルドラッシュ(USA),0000763248,ソープオペラクイーン(USA),0000336574,Wild Again(USA),0000336115,Never Tabled(USA)
0000762844,ナカヤマパラダイス,0000225913,パラダイスクリーク(USA),0000615767,レビューナカヤマ(USA),0000336421,Irish River(FR),0000347515,Mountain Cat(USA)
0000992448,ナカヤマフェスタ,0000286968,ステイゴールド,0000323903,ディアウィンク,0000333862,サンデーサイレンス(USA),0000333889,タイトスポット(USA)
0001107550,ナガラオリオン,0000620083,アドマイヤマックス,0000723259,オオシマセリーヌ,0000333862,サンデーサイレンス(USA),0000359332,トワイニング(USA)
0001157606,ナガラフラワー,0000274883,ダンスインザダーク,0001096892,ガリカローズ,0000333862,サンデーサイレンス(USA),0000714421,ロックオブジブラルタル(IRE)
0001043659,ナシュワンヒーロー,0000849057,バゴ(FR),0000307282,レガシークラウド,0000342649,Nashwan(USA),0000347636,アーミジャー(GB)
0000030989,ナスノアオバ,0000333306,アイアンリージ(USA),0000009247,ナスノホシ,0000334943,Bull Lea(USA),0000334251,Faux Tirage(GB)
0001209103,ナスノシンフォニー,0000722158,ハーツクライ,0001131139,ナスノシベリウス(USA),0000333862,サンデーサイレンス(USA),0000361396,Unbridled's Song(USA)
0000728067,ナスノストローク,0000298391,エアジハード,0000282116,ファインドレス,0000145106,サクラユタカオー,0000225905,ドクターデヴィアス(IRE)
0001153429,ナスノセイカン,0000722158,ハーツクライ,0000750099,ナスノフィオナ,0000333862,サンデーサイレンス(USA),0000237704,ホワイトマズル(GB)
0000750099,ナスノフィオナ,0000237704,ホワイトマズル(GB),0000280504,ナスノフローラ,0000336853,ダンシングブレーヴ(USA),0000333889,タイトスポット(USA)
0000328851,ナゾ,0000248076,スターマン,0000191339,シベルレディー,0000333797,ワイズカウンセラー(USA),0000333544,ノーザンテースト(CAN)
0000806650,ナタラージャ,0000274883,ダンスインザダーク,0000384028,ニキーヤ(USA),0000333862,サンデーサイレンス(USA),0000336085,Nureyev(USA)
0001170843,ナタリーバローズ,0000760084,メイショウサムソン,0000762741,ルビーレジェンド,0000339572,オペラハウス(GB),0000324933,アグネスタキオン
0000135982,ナチュラルナイン,0000036106,ハイセイコー,0000053307,サンスクリツト,0000333224,チヤイナロツク(GB),0000333323,パーシア(GB)
0000701692,ナチュラルリーダー,0000361855,エンドスウィープ(USA),0000384241,エロークエントリーダー(USA),0000337550,フォーティナイナー(USA),0000334738,Mr. Leader(USA)
0001172780,ナックビーナス,0000725485,ダイワメジャー,0000984731,レディトゥプリーズ(USA),0000333862,サンデーサイレンス(USA),0000372626,More Than Ready(USA)
0001206217,ナディア,0001178418,ノヴェリスト(IRE),0001043236,カスクドール,0000361091,Monsun(GER),0000274883,ダンスインザダーク
0000995542,ナドレ,0000375505,スウェプトオーヴァーボード(USA),0000701480,セイクリッドオース,0000361855,エンドスウィープ(USA),0000333862,サンデーサイレンス(USA)
0001092660,ナナクサ,0000316565,アドマイヤボス,0000614893,トゥインチアズ,0000333862,サンデーサイレンス(USA),0000337447,シャーディー(USA)
0000763905,ナナツボシ,0000344537,サザンヘイロー(USA),0000263158,クワント(USA),0000335154,Halo(USA),0000337339,Chief's Crown(USA)
0000733834,ナナヨーティアラ,0000298971,マイネルラヴ(USA),0000272631,ナナヨーストーム,0000337444,Seeking the Gold(USA),0000333882,セレスティアルストーム(USA)
0000727090,ナナヨーヒマワリ,0000298391,エアジハード,0000283537,ナナヨーウイング,0000145106,サクラユタカオー,0000333882,セレスティアルストーム(USA)
0000992024,ナニハトモアレ,0000287600,ブラックホーク(GB),0000317692,ペルファヴォーレ,0000336085,Nureyev(USA),0000337421,アフリート(CAN)
0000626517,ナニワビクトリー,0000262443,フジキセキ,0000217853,ニッポーダイリン,0000333862,サンデーサイレンス(USA),0000335936,Be My Guest(USA)
0001189543,ナムラアイドル,0000372784,キングズベスト(USA),0000992712,ナムラミーティア,0000347989,Kingmambo(USA),0000225628,サクラバクシンオー
0001205483,ナムラアッパレ,0000701577,ネオユニヴァース,0000992712,ナムラミーティア,0000333862,サンデーサイレンス(USA),0000225628,サクラバクシンオー
0000761171,ナムラアトランテス,0000365324,デザートキング(IRE),0000328785,ナムラウタヒメ,0000337424,デインヒル(USA),0000337550,フォーティナイナー(USA)
0000234769,ナムラアラシ,0000128737,エリモタイヨー,0000127283,ナムラジエンヌ,0000333624,パーソナリテイ(USA),0000333614,ゼダーン(GB)
0001151918,ナムラアン,0000749845,エンパイアメーカー(USA),0000708991,アイリッシュピース,0000340629,Unbridled(USA),0000333862,サンデーサイレンス(USA)
0000611358,ナムラエキスプレス,0000274883,ダンスインザダーク,0000426758,バーハレン(USA),0000333862,サンデーサイレンス(USA),0000336568,Capote(USA)
0001088309,ナムラオウドウ,0000365159,チーフベアハート(CAN),0000274896,ビストロドゥパリ,0000337339,Chief's Crown(USA),0000192969,フレンチグローリー(IRE)
0000989545,ナムラカイシュウ,0000701577,ネオユニヴァース,0000280769,ナムラヒミコ,0000333862,サンデーサイレンス(USA),0000333846,キンググローリアス(USA)
0000701887,ナムラキャサリン,0000333799,フオテイテン(USA),0000384130,フェナ(GB),0000336085,Nureyev(USA),0000343380,ドージング(USA)
0000881701,ナムラクレセント,0000616466,ヤマニンセラフィム,0000203377,サクラコミナ,0000333862,サンデーサイレンス(USA),0000077016,サクラシヨウリ
0000704769,ナムラコロンブス,0000362532,アマジックマン(FR),0000235293,チョウカイオバコ,0000337148,The Wonder(FR),0000333640,ブレイヴエストローマン(USA)
0000614084,ナムラサンクス,0000237393,サクラチトセオー,0000267462,テンザンナイーブ,0000161740,トニービン(IRE),0000333768,スルーザドラゴン(USA)
0001175263,ナムラシングン,0001046333,ヴィクトワールピサ,0001157864,ドリームオブジェニー(FR),0000701577,ネオユニヴァース,0000365118,Pivotal(GB)
0000723490,ナムラシーザー,0000365159,チーフベアハート(CAN),0000384153,カスカディア(IRE),0000337339,Chief's Crown(USA),0000336202,Caerleon(USA)
0000806728,ナムラジョンブル,0000324933,アグネスタキオン,0000384130,フェナ(GB),0000333862,サンデーサイレンス(USA),0000343380,ドージング(USA)
0000612034,ナムラジーガー,0000129863,ニホンピロウイナー,0000223119,イイデコマクサ,0000333618,ステイールハート(IRE),0000061253,トウシヨウボーイ
0000318841,ナムラスピリット,0000339534,ロドリゴデトリアーノ(USA),0000125495,ダイナハニー,0000336924,El Gran Senor(USA),0000333439,ボールドアンドエイブル(USA)
0000996518,ナムラタイシ,0000611525,タニノギムレット,0000726632,ナムラヒスイ,0000333844,ブライアンズタイム(USA),0000237393,サクラチトセオー
0000990058,ナムラタイタン,0000310467,サウスヴィグラス(USA),0000291263,ネクストタイム,0000361855,エンドスウィープ(USA),0000337421,アフリート(CAN)
0000883959,ナムラチェンジ,0000318327,ニューイングランド,0000262788,コスモトップレディ,0000333862,サンデーサイレンス(USA),0000192967,カコイーシーズ(USA)
0000613966,ナムラハクシャ,0000274914,バブルガムフェロー,0000267333,マキシムメルシー,0000333862,サンデーサイレンス(USA),0000171990,イブンベイ(GB)
0000890693,ナムラハンター,0000369358,ワイルドラッシュ(USA),0000617985,ナムラミステリー,0000336574,Wild Again(USA),0000262275,ジェニュイン
0001203162,ナムラバンザイ,0000719054,ヨハネスブルグ(USA),0000757677,ソアリングピアス,0000362819,ヘネシー(USA),0000299155,エルコンドルパサー(USA)
0001108831,ナムラビクター,0000701668,ゼンノロブロイ,0000737630,ナムラシゲコ,0000333862,サンデーサイレンス(USA),0000361855,エンドスウィープ(USA)
0000726029,ナムラビッグタイム,0000225628,サクラバクシンオー,0000275665,タイキミステリー(USA),0000145106,サクラユタカオー,0000336325,Green Forest(USA)
0000314409,ナムラフロンティア,0000333874,ジェイドロバリー(USA),0000179013,サクラスズカゼ,0000335975,Mr. Prospector(USA),0000333544,ノーザンテースト(CAN)
0000884857,ナムラブレイブ,0000324933,アグネスタキオン,0000280769,ナムラヒミコ,0000333862,サンデーサイレンス(USA),0000333846,キンググローリアス(USA)
0001042060,ナムラボルテージ,0000621925,グランデラ(IRE),0000274896,ビストロドゥパリ,0000337862,Grand Lodge(USA),0000192969,フレンチグローリー(IRE)
0000315411,ナムラマイカ,0000225628,サクラバクシンオー,0000237409,サクラマツリ,0000145106,サクラユタカオー,0000333722,ラシアンルーブル(USA)
0000209701,ナムラマース,0000072342,プレストウコウ,0000168423,ナムラホトン,0000333393,グスタフ(GB),0000333608,ミルジヨージ(USA)
0000303923,ナムラマームード,0000333894,コマンダーインチーフ(GB),0000190261,ケイジヨイナー,0000336853,ダンシングブレーヴ(USA),0000333641,サドンソー(CAN)
0001167118,ナムラミラクル,0000701708,スパイキュール,0000319539,アーダーチャリス,0000333862,サンデーサイレンス(USA),0000225628,サクラバクシンオー
0000992712,ナムラミーティア,0000225628,サクラバクシンオー,0000325655,ハナコスマイル,0000145106,サクラユタカオー,0000336569,ダンスオブライフ(USA)
0001192564,ナムラムラサキ,0001103854,トーセンホマレボシ,0001102049,ナムラオーキッド,0000742976,ディープインパクト,0000365159,チーフベアハート(CAN)
0000700497,ナムラモンスター,0000333886,スキャン(USA),0000186365,ナナヨーアトラス,0000335975,Mr. Prospector(USA),0000114852,バンブーアトラス
0000727578,ナムラリュージュ,0000237393,サクラチトセオー,0000426758,バーハレン(USA),0000161740,トニービン(IRE),0000336568,Capote(USA)
0001201954,ナラトゥリス,0001042049,ルーラーシップ,0000722360,イストワール,0000729458,キングカメハメハ,0000333862,サンデーサイレンス(USA)
0000889872,ナリタアタッカー,0000309184,アドマイヤベガ,0000431790,トネスボウス(USA),0000333862,サンデーサイレンス(USA),0000336082,Danzig(USA)
0000613272,ナリタキセキボーイ,0000262443,フジキセキ,0000202789,キスミートウショウ,0000333862,サンデーサイレンス(USA),0000061253,トウシヨウボーイ
0001093373,ナリタキングロード,0000742976,ディープインパクト,0000700535,オースミハルカ,0000333862,サンデーサイレンス(USA),0000274915,フサイチコンコルド
0000992621,ナリタクリスタル,0000293624,スペシャルウィーク,0000325084,プレシャスラバー,0000333862,サンデーサイレンス(USA),0000263174,ペンタイア(GB)
0000891056,ナリタシャトル,0000287925,タイキシャトル(USA),0000634653,ミスティックライト(GB),0000337092,Devil's Bag(USA),0000337496,Machiavellian(USA)
0000991034,ナリタシリカ,0000333894,コマンダーインチーフ(GB),0000306501,オースミリンド,0000336853,ダンシングブレーヴ(USA),0000337445,Woodman(USA)
0001046104,ナリタシルクロード,0000293624,スペシャルウィーク,0000384285,グリーンインディ(USA),0000333862,サンデーサイレンス(USA),0000339653,A.P. Indy(USA)
0000738121,ナリタシークレット,0000262443,フジキセキ,0000298361,フラワースカイ,0000333862,サンデーサイレンス(USA),0000336202,Caerleon(USA)
0001149476,ナリタスターワン,0000325977,ショウナンカンプ,0000309027,ボーンスター,0000225628,サクラバクシンオー,0000333862,サンデーサイレンス(USA)
0001110421,ナリタスーパーワン,0000731452,ウォーエンブレム(USA),0000807894,マルセイユキャット,0000362883,Our Emblem(USA),0000362799,フレンチデピュティ(USA)
0000620128,ナリタセンチュリー,0000161740,トニービン(IRE),0000262423,プリンセスリーベ,0000336378,カンパラ(GB),0000333544,ノーザンテースト(CAN)
0000887289,ナリタダイコク,0000262443,フジキセキ,0000314856,タニノホロホロ,0000333862,サンデーサイレンス(USA),0000161740,トニービン(IRE)
0000315688,ナリタダイドウ,0000166681,タマモクロス,0000422855,ワッキープリンセス(USA),0000082169,シービークロス,0000336395,Miswaki(USA)
0000304230,ナリタトップロード,0000179021,サツカーボーイ,0000383477,フローラルマジック(USA),0000333664,デイクタス(FR),0000336350,Affirmed(USA)
0001106630,ナリタハリケーン,0000729458,キングカメハメハ,0000701556,シュペリユール,0000347989,Kingmambo(USA),0000333862,サンデーサイレンス(USA)
0001124883,ナリタパイレーツ,0000325200,ジャングルポケット,0000759322,ナリタジューン,0000161740,トニービン(IRE),0000262443,フジキセキ
0000702599,ナリタフロンテアー,0000340066,ディアブロ(USA),0000260798,ユーワマユミ,0000337092,Devil's Bag(USA),0000069360,マルゼンスキー
0000733612,ナリタブラック,0000340630,ブラックタイアフェアー(IRE),0000258666,ウェディングダイヤ,0000336395,Miswaki(USA),0000333844,ブライアンズタイム(USA)
0001043121,ナリタブルースター,0000324971,マンハッタンカフェ,0000298398,ストームティグレス,0000333862,サンデーサイレンス(USA),0000337102,Storm Cat(USA)
0000734607,ナリタプレリュード,0000262443,フジキセキ,0000285682,ロングディライト,0000333862,サンデーサイレンス(USA),0000333608,ミルジヨージ(USA)
0000295403,ナリタホマレ,0000188033,オースミシャダイ,0000126954,ヒカリホマレ,0000333707,リアルシヤダイ(USA),0000333299,テスコボーイ(GB)
0001102940,ナリタポセイドン,0000722158,ハーツクライ,0000299263,マチカネハツシマダ(USA),0000333862,サンデーサイレンス(USA),0000336504,Private Account(USA)
0000705620,ナリタマローラ,0000337550,フォーティナイナー(USA),0000384169,マローラ(IRE),0000335975,Mr. Prospector(USA),0000336202,Caerleon(USA)
0000236595,ナンシーシャイン,0000333823,アンシエントタイム(USA),0000147988,ガネースポート,0000333996,Nijinsky(CAN),0000333609,アークテイツクフラツシユ(CAN)
0001177867,ナンチンノン,0001025142,Parading(USA),0001177857,Etro(USA),0000337958,Pulpit(USA),0000347814,Silver Deputy(CAN)
0001044359,ナンデヤネン,0000700008,シンボリクリスエス(USA),0000316508,スギノフォルモーザ,0000336209,Kris S.(USA),0000333862,サンデーサイレンス(USA)
0000990490,ナンヨーアイドル,0000729458,キングカメハメハ,0000298316,ラクシャリーラス,0000347989,Kingmambo(USA),0000333544,ノーザンテースト(CAN)
0000725169,ナンヨーアルトラブ,0000214562,スターオブコジーン(USA),0000241596,シンキョウエリナ,0000337423,Cozzene(USA),0000069360,マルゼンスキー
0001219115,ナンヨーイザヨイ,0001052586,エイシンフラッシュ,0001046483,シャルルヴォア,0000372784,キングズベスト(USA),0000293624,スペシャルウィーク
0000992639,ナンヨークイーン,0000359332,トワイニング(USA),0000325155,ラフィカ,0000337550,フォーティナイナー(USA),0000333862,サンデーサイレンス(USA)
0001125138,ナンヨーケンゴー,0000611525,タニノギムレット,0000762565,ブーケティアラ,0000333844,ブライアンズタイム(USA),0000324933,アグネスタキオン
0001156064,ナンヨーテンプル,0000701668,ゼンノロブロイ,0000899891,ハイカックウ,0000333862,サンデーサイレンス(USA),0000719408,High Chaparral(IRE)
0000762690,ナンヨーノサガ,0000365324,デザートキング(IRE),0000446612,モーニングミュージック(GB),0000337424,デインヒル(USA),0000336430,Green Desert(USA)
0000891943,ナンヨーヒルトップ,0000372284,カリズマティック(USA),0000763182,パリモニー(USA),0000340714,Summer Squall(USA),0000337444,Seeking the Gold(USA)
0001207249,ナンヨープランタン,0001042049,ルーラーシップ,0001094283,テキサスルビー,0000729458,キングカメハメハ,0000293624,スペシャルウィーク
0000797047,ナンヨーヘブン,0000293624,スペシャルウィーク,0000158545,ダイナアクトレス,0000333862,サンデーサイレンス(USA),0000333544,ノーザンテースト(CAN)
0001138871,ナンヨーマーク,0000701668,ゼンノロブロイ,0000738076,フィリス,0000333862,サンデーサイレンス(USA),0000337421,アフリート(CAN)
0001186710,ナンヨーマーズ,0000722158,ハーツクライ,0000742752,アクティビスト,0000333862,サンデーサイレンス(USA),0000362799,フレンチデピュティ(USA)
0001118809,ナンヨーユナ,0000325200,ジャングルポケット,0000298820,フサイチケリー,0000161740,トニービン(IRE),0000333862,サンデーサイレンス(USA)
0001151866,ナヴィオン,0000722158,ハーツクライ,0000707747,ユキノスイトピー,0000333862,サンデーサイレンス(USA),0000337436,ラストタイクーン(IRE)
0000019413,ニケ,0000333224,チヤイナロツク(GB),0000007339,ソウメイ,0000334462,Rockefella(GB),0000002195,メイヂヒカリ
0000852032,ニコバリー,0000361095,Nicolotte(GB),0000852033,Rothbury Imp(NZ),0000337551,Night Shift(USA),0000337458,Imposing(AUS)
0001109423,ニコールバローズ,0000701668,ゼンノロブロイ,0000755601,ブーケドレーヌ,0000333862,サンデーサイレンス(USA),0000362799,フレンチデピュティ(USA)
0001091371,ニザエモン,0000262443,フジキセキ,0000328851,ナゾ,0000333862,サンデーサイレンス(USA),0000248076,スターマン
0001095274,ニシオドリーム,0000897270,デビッドジュニア(USA),0000733311,ターフマジョリック,0000339742,Pleasant Tap(USA),0000287925,タイキシャトル(USA)
0000614840,ニシオノーブル,0000179021,サツカーボーイ,0000267289,メインステージ,0000333664,デイクタス(FR),0000333799,フオテイテン(USA)
0001142057,ニシケンムート,0000369639,ストラヴィンスキー(USA),0000992608,レインズオブパワー,0000336085,Nureyev(USA),0000225628,サクラバクシンオー
0001135217,ニシケンモノノフ,0000727032,メイショウボーラー,0000324359,グリーンヒルコマチ,0000287925,タイキシャトル(USA),0000337421,アフリート(CAN)
0000213375,ニシノアカツキ,0000333605,シヤンペンチヤーリー(USA),0000145520,ニシノアグネス,0000334002,Northern Dancer(CAN),0000333587,フアーストドーン(USA)
0001184049,ニシノアップルパイ,0000991842,リーチザクラウン,0000306957,アップルトウショウ,0000293624,スペシャルウィーク,0000098122,アンバーシヤダイ
0001187603,ニシノアモーレ,0001099904,コンデュイット(IRE),0000798787,ニシノマナムスメ,0000745340,Dalakhani(IRE),0000324933,アグネスタキオン
0000316647,ニシノアラウンド,0000225913,パラダイスクリーク(USA),0000383778,プレイリースカイ(CAN),0000336421,Irish River(FR),0000337432,Gone West(USA)
0000742883,ニシノアレックス,0000333862,サンデーサイレンス(USA),0000308511,ニシノディセンシー,0000335154,Halo(USA),0000336085,Nureyev(USA)
0000756737,ニシノアンサー,0000293624,スペシャルウィーク,0000274276,ニシノファイナル,0000333862,サンデーサイレンス(USA),0000333791,マラキム(USA)
0000757875,ニシノウェーブ,0000201489,メジロライアン,0000287960,ウェストビーチ(USA),0000098122,アンバーシヤダイ,0000336395,Miswaki(USA)
0001205937,ニシノウララ,0000991842,リーチザクラウン,0001023500,パラディナ(FR),0000293624,スペシャルウィーク,0000337553,Rahy(USA)
0000891861,ニシノエモーション,0000700008,シンボリクリスエス(USA),0000731225,ナドラ(IRE),0000336209,Kris S.(USA),0000336572,Sadler's Wells(USA)
0000316652,ニシノカグヤヒメ,0000225913,パラダイスクリーク(USA),0000383639,リリダミタ(USA),0000336421,Irish River(FR),0000335989,Northern Baby(CAN)
0001110978,ニシノカチヅクシ,0000701668,ゼンノロブロイ,0001023500,パラディナ(FR),0000333862,サンデーサイレンス(USA),0000337553,Rahy(USA)
0000853198,ニシノカムシン,0000365110,Mark of Esteem(IRE),0000424310,ラニーンアルワタール(GB),0000336887,Darshaan(GB),0000336572,Sadler's Wells(USA)
0000888364,ニシノガーランド,0000201489,メジロライアン,0000325633,サーニャ,0000098122,アンバーシヤダイ,0000262443,フジキセキ
0001043740,ニシノキュアノス,0000333872,アジュディケーティング(USA),0000308516,ニシノカメリア,0000336082,Danzig(USA),0000337421,アフリート(CAN)
0000797940,ニシノクイック,0000207667,ヤマニンゼファー,0000201921,ブランドピート,0000129863,ニホンピロウイナー,0000114553,シルクテンザンオー
0001096644,ニシノクエーサー,0000369639,ストラヴィンスキー(USA),0000808484,ニューサイエダッティ(USA),0000336085,Nureyev(USA),0000336881,Shadeed(USA)
0001154707,ニシノクラッチ,0000714411,ケイムホーム(USA),0000803971,ニシノマオ,0000337432,Gone West(USA),0000225628,サクラバクシンオー
0000701116,ニシノコンサフォス,0000333844,ブライアンズタイム(USA),0000412315,リフカ(USA),0000335167,Roberto(USA),0000334968,Lyphard(USA)
0000804762,ニシノコンドコソ,0000372284,カリズマティック(USA),0000316608,ニシノチャペル,0000340714,Summer Squall(USA),0000179021,サツカーボーイ
0000620206,ニシノサブライム,0000262443,フジキセキ,0000232474,ブランドノーブル,0000333862,サンデーサイレンス(USA),0000333798,シエルシユールドール(USA)
0000701108,ニシノシタン,0000225628,サクラバクシンオー,0000201921,ブランドピート,0000145106,サクラユタカオー,0000114553,シルクテンザンオー
0000886778,ニシノシュテルン,0000325200,ジャングルポケット,0000308516,ニシノカメリア,0000161740,トニービン(IRE),0000337421,アフリート(CAN)
0000701106,ニシノシンフォニー,0000201489,メジロライアン,0000246543,ブランドセレナーデ,0000098122,アンバーシヤダイ,0000333747,サウスアトランテイツク(IRE)
0001173582,ニシノジャーニー,0000804714,ドリームジャーニー,0000998979,ピュアーフレーム(USA),0000286968,ステイゴールド,0000347814,Silver Deputy(CAN)
0001107580,ニシノスタイル,0000619835,デュランダル,0000723532,セイウンヒメラギ,0000333862,サンデーサイレンス(USA),0000333894,コマンダーインチーフ(GB)
0001092519,ニシノステディー,0000621925,グランデラ(IRE),0000613176,セイウンタカコ,0000337862,Grand Lodge(USA),0000333874,ジェイドロバリー(USA)
0000620211,ニシノセレッソ,0000237393,サクラチトセオー,0000383641,プリディクティング(USA),0000161740,トニービン(IRE),0000336090,Majestic Light(USA)
0001208514,ニシノダンテ,0000287925,タイキシャトル(USA),0001093230,カナエチャン,0000337092,Devil's Bag(USA),0000324971,マンハッタンカフェ
0000798786,ニシノチャーミー,0000225628,サクラバクシンオー,0000224524,ブランドミッシェル,0000145106,サクラユタカオー,0000120564,ニシノエトランゼ(USA)
0001220101,ニシノデイジー,0001115148,ハービンジャー(GB),0001095992,ニシノヒナギク,0000372531,Dansili(GB),0000324933,アグネスタキオン
0000727161,ニシノデュー,0000333844,ブライアンズタイム(USA),0000224549,ニシノフラワー,0000335167,Roberto(USA),0000336090,Majestic Light(USA)
0001136367,ニシノデンジャラス,0000293624,スペシャルウィーク,0000615761,フォレストゾーン(USA),0000333862,サンデーサイレンス(USA),0000349487,Forest Wildcat(USA)
0000742893,ニシノドコマデモ,0000294840,キングヘイロー,0000316608,ニシノチャペル,0000336853,ダンシングブレーヴ(USA),0000179021,サツカーボーイ
0000742908,ニシノナースコール,0000333844,ブライアンズタイム(USA),0000274938,ノーブルドノール,0000335167,Roberto(USA),0000333544,ノーザンテースト(CAN)
0000620193,ニシノハナグルマ,0000225913,パラダイスクリーク(USA),0000213377,ニシノハナカゴ,0000336421,Irish River(FR),0000120564,ニシノエトランゼ(USA)
0001107899,ニシノビークイック,0000619835,デュランダル,0000727157,ニシノビギン,0000333862,サンデーサイレンス(USA),0000225913,パラダイスクリーク(USA)
0001094271,ニシノフウウンジ,0000619835,デュランダル,0000717298,ミスダイナクリス(USA),0000333862,サンデーサイレンス(USA),0000342430,Dynaformer(USA)
0000753634,ニシノフジムスメ,0000294840,キングヘイロー,0000224555,ブランドアート,0000336853,ダンシングブレーヴ(USA),0000333804,ビシヨツプボブ(CAN)
0000754060,ニシノフリーダム,0000324933,アグネスタキオン,0000232474,ブランドノーブル,0000333862,サンデーサイレンス(USA),0000333798,シエルシユールドール(USA)
0000726697,ニシノブラッサム,0000333862,サンデーサイレンス(USA),0000382984,デユプリシト(USA),0000335154,Halo(USA),0000336082,Danzig(USA)
0000806941,ニシノブルームーン,0000611525,タニノギムレット,0000408243,カプリッチョーサ(IRE),0000333844,ブライアンズタイム(USA),0000339659,Alzao(USA)
0000050723,ニシノプライド,0000333290,グレイモナーク(GB),0000007911,ルツ,0000333952,Grey Sovereign(GB),0000002128,ケゴン
0000324605,ニシノプロミネンス,0000333844,ブライアンズタイム(USA),0000232474,ブランドノーブル,0000335167,Roberto(USA),0000333798,シエルシユールドール(USA)
0000727155,ニシノヘブンズドア,0000333901,ティンバーカントリー(USA),0000286329,ニシノテンモン,0000337445,Woodman(USA),0000333858,シェリフズスター(GB)
0000993367,ニシノホウギョク,0000333844,ブライアンズタイム(USA),0000382984,デユプリシト(USA),0000335167,Roberto(USA),0000336082,Danzig(USA)
0000803971,ニシノマオ,0000225628,サクラバクシンオー,0000308498,ニシノボナリー,0000145106,サクラユタカオー,0000129863,ニホンピロウイナー
0000798787,ニシノマナムスメ,0000324933,アグネスタキオン,0000224549,ニシノフラワー,0000333862,サンデーサイレンス(USA),0000336090,Majestic Light(USA)
0001139330,ニシノミチシルベ,0000287925,タイキシャトル(USA),0000753633,ニシノミライ,0000337092,Devil's Bag(USA),0000297806,セイウンスカイ
0000620217,ニシノムーンライト,0000336499,Diesis(GB),0000384215,リメンバーミッドナイト(USA),0000336086,Sharpen Up(GB),0000335907,Cure the Blues(USA)
0001047451,ニシノメイゲツ,0000619835,デュランダル,0000620217,ニシノムーンライト,0000333862,サンデーサイレンス(USA),0000336499,Diesis(GB)
0001050059,ニシノモレッタ,0000287925,タイキシャトル(USA),0000794748,ミストラスト(USA),0000337092,Devil's Bag(USA),0000342649,Nashwan(USA)
0001125651,ニシノモンクス,0000611525,タニノギムレット,0000804022,パープルストック,0000333844,ブライアンズタイム(USA),0000362799,フレンチデピュティ(USA)
0001153357,ニシノラッシュ,0000225628,サクラバクシンオー,0000743721,キャッスルブラウン(USA),0000145106,サクラユタカオー,0000336890,Silver Hawk(USA)
0000759525,ニシノロドリゲス,0000324933,アグネスタキオン,0000308511,ニシノディセンシー,0000333862,サンデーサイレンス(USA),0000336085,Nureyev(USA)
0001089488,ニジブルーム,0000274883,ダンスインザダーク,0000303395,タヤスブルーム,0000333862,サンデーサイレンス(USA),0000336202,Caerleon(USA)
0000325324,ニチドウマジック,0000340556,ジョリーズヘイロー(USA),0000422618,シャープエフォート(USA),0000335154,Halo(USA),0000336568,Capote(USA)
0001047144,ニチドウルチル,0000626942,ファルブラヴ(IRE),0000617585,ニチドウジョリーズ,0000337427,Fairy King(USA),0000340556,ジョリーズヘイロー(USA)
0000724858,ニチリンコトブキ,0000243723,サクラローレル,0000266861,サンライト,0000337286,Rainbow Quest(USA),0000069360,マルゼンスキー
0000885578,ニックバイエフオー,0000304230,ナリタトップロード,0000292873,ベストマリー,0000179021,サツカーボーイ,0000340413,シャンハイ(USA)
0000321405,ニックルフェザー,0000336869,Lear Fan(USA),0000408504,Nickle Lady(USA),0000335167,Roberto(USA),0000335913,Plugged Nickle(USA)
0000730823,ニッシングリン,0000263178,ピルサドスキー(IRE),0000383453,レディーム(USA),0000342688,Polish Precedent(USA),0000336177,Storm Bird(CAN)
0001149592,ニットウスバル,0000898530,フォーティナイナーズサン(USA),0000313220,エイシンサーメット,0000365171,Distorted Humor(USA),0000268975,エイシンサンディ
0000281571,ニッポーアトラス,0000333873,マークオブディスティンクション(GB),0000209556,グリーンヒルケイ,0000335911,Known Fact(USA),0000145106,サクラユタカオー
0001049689,ニホンピロアワーズ,0000237704,ホワイトマズル(GB),0000739151,ニホンピロルピナス,0000336853,ダンシングブレーヴ(USA),0000309184,アドマイヤベガ
0001140225,ニホンピロアンバー,0000375505,スウェプトオーヴァーボード(USA),0000798996,ニホンピロエミリー,0000361855,エンドスウィープ(USA),0000337848,デヒア(USA)
0000885482,ニホンピロキリバス,0000359332,トワイニング(USA),0000291458,ニホンピロテイト,0000337550,フォーティナイナー(USA),0000333862,サンデーサイレンス(USA)
0000727229,ニホンピロキース,0000166681,タマモクロス,0000229548,ニホンピロポリーナ,0000082169,シービークロス,0000129863,ニホンピロウイナー
0000327026,ニホンピロサート,0000214562,スターオブコジーン(USA),0000229548,ニホンピロポリーナ,0000337423,Cozzene(USA),0000129863,ニホンピロウイナー
0000732969,ニホンピロザプラウ,0000369797,ウェイオブライト(USA),0000291458,ニホンピロテイト,0000337445,Woodman(USA),0000333862,サンデーサイレンス(USA)
0000803534,ニホンピロシェリー,0000309184,アドマイヤベガ,0000304221,ニホンピロステージ,0000333862,サンデーサイレンス(USA),0000140567,シンボリルドルフ
0001207015,ニホンピロタイド,0000722797,ブラックタイド,0001089608,ニホンピロヴィータ,0000333862,サンデーサイレンス(USA),0001039506,スニッツェル(AUS)
0000318605,ニホンピロニール,0000333862,サンデーサイレンス(USA),0000383905,ミルカレント(USA),0000335154,Halo(USA),0000335152,Little Current(USA)
0000303147,ニホンピロハーレー,0000333882,セレスティアルストーム(USA),0000181122,ニホンピロエリス,0000335167,Roberto(USA),0000333667,ターゴワイス(USA)
0001125518,ニホンピロバロン,0000759656,フサイチリシャール,0000801314,ニホンピロアニカ,0000615577,クロフネ(USA),0000372848,キャプテンスティーヴ(USA)
0000761952,ニホンピロファイブ,0000333862,サンデーサイレンス(USA),0000383905,ミルカレント(USA),0000335154,Halo(USA),0000335152,Little Current(USA)
0000727217,ニホンピロブリュレ,0000214564,ミシル(USA),0000270469,ニホンピロダンス,0000336395,Miswaki(USA),0000336569,ダンスオブライフ(USA)
0000180836,ニホンピロブレイブ,0000333537,テユデナム(IRE),0000036018,ライトスピード,0000333990,Tudor Melody(GB),0000333301,ラークスパー(IRE)
0000735254,ニホンピロリビエラ,0000347983,テンビー(GB),0000281069,ニホンピロリヴリア,0000336202,Caerleon(USA),0000333821,リヴリア(USA)
0000753879,ニホンピロレガーロ,0000309184,アドマイヤベガ,0000229548,ニホンピロポリーナ,0000333862,サンデーサイレンス(USA),0000129863,ニホンピロウイナー
0001157506,ニューエディション,0000760877,アドマイヤムーン,0001083693,ニューチャプターⅡ(USA),0000361855,エンドスウィープ(USA),0000339653,A.P. Indy(USA)
0001110518,ニューダイナスティ,0000742976,ディープインパクト,0000850869,ダイナズクラブ(USA),0000333862,サンデーサイレンス(USA),0000342430,Dynaformer(USA)
0000988366,ニューパワー,0000611525,タニノギムレット,0000254248,ユニオンワラダー,0000333844,ブライアンズタイム(USA),0000337265,クリスタルグリツターズ(USA)
0000316230,ニュービギニング,0000339572,オペラハウス(GB),0000169239,クリロータリー,0000336572,Sadler's Wells(USA),0000333664,デイクタス(FR)
0000325235,ニューベリー,0000262443,フジキセキ,0000232975,ブリリアントベリー,0000333862,サンデーサイレンス(USA),0000333544,ノーザンテースト(CAN)
0000750232,ニューヨークカフェ,0000333862,サンデーサイレンス(USA),0000429438,サトルチェンジ(IRE),0000335154,Halo(USA),0000336203,Law Society(USA)
0001104070,ニライジンク,0000729458,キングカメハメハ,0000319363,トップレディスター,0000347989,Kingmambo(USA),0000333862,サンデーサイレンス(USA)
0000762043,ニルヴァーナ,0000333862,サンデーサイレンス(USA),0000384028,ニキーヤ(USA),0000335154,Halo(USA),0000336085,Nureyev(USA)
0000722083,ニンジャ,0000266932,ロイヤルタッチ,0000262548,アイガールビー,0000333862,サンデーサイレンス(USA),0000333792,スリルシヨー(USA)
0001223007,ニヴィアン,0001163245,アイルハヴアナザー(USA),0001109811,ハルシュタット,0001002331,Flower Alley(USA),0000372610,ファスリエフ(USA)
0000006713,ニードルポイント,0000000372,ハタカゼ,0000376166,優歡,0000333163,クモハタ,0000333020,セントユートピア
0001046968,ニーマルオトメ,0000701668,ゼンノロブロイ,0000615761,フォレストゾーン(USA),0000333862,サンデーサイレンス(USA),0000349487,Forest Wildcat(USA)
0000729984,ヌチグスイ,0000337848,デヒア(USA),0000275654,メロンパン(USA),0000338072,Deputy Minister(CAN),0000337450,Theatrical(IRE)
0000462157,ヌーベルバーグ,0000333177,サラ　アヅマライ,0000460769,太陽,0000333075,プリメロ(GB),,
0001138078,ヌーヴォレコルト,0000722158,ハーツクライ,0000728034,オメガスピリット,0000333862,サンデーサイレンス(USA),0000362681,スピニングワールド(USA)
0000803465,ネイキッド,0000362799,フレンチデピュティ(USA),0000303508,アランダ,0000338072,Deputy Minister(CAN),0000333862,サンデーサイレンス(USA)
0000620576,ネイチャーヒーラー,0000354519,Valiant Nature(USA),0000428766,Mintullah(USA),0000335990,His Majesty(USA),0000335164,The Minstrel(CAN)
0001170400,ネイチャーレット,0000611525,タニノギムレット,0000755805,ネヴァカグラ,0000333844,ブライアンズタイム(USA),0000324933,アグネスタキオン
0000626398,ネイティヴハート,0000214562,スターオブコジーン(USA),0000139575,ポトマツクチエリー,0000337423,Cozzene(USA),0000333544,ノーザンテースト(CAN)
0000705536,ネイビーズドーター,0000340413,シャンハイ(USA),0000280685,ネイビータッチ,0000337055,Procida(USA),0000337441,ポリッシュネイビー(USA)
0001179449,ネオアトラクション,0000369845,Montjeu(IRE),0000879605,Attraction(GB),0000336572,Sadler's Wells(USA),0000339566,Efisio(GB)
0001126600,ネオウィズダム,0000701577,ネオユニヴァース,0000899211,ゴレラ(FR),0000333862,サンデーサイレンス(USA),0000365098,Grape Tree Road(GB)
0001042993,ネオサクセス,0000701577,ネオユニヴァース,0000296169,ラークスマイル,0000333862,サンデーサイレンス(USA),0000333544,ノーザンテースト(CAN)
0001153314,ネオスターダム,0000701577,ネオユニヴァース,0000743072,アドマイヤキラメキ,0000333862,サンデーサイレンス(USA),0000361855,エンドスウィープ(USA)
0000887529,ネオスピリッツ,0000700008,シンボリクリスエス(USA),0000316548,ネオクラシック,0000336209,Kris S.(USA),0000333862,サンデーサイレンス(USA)
0001093032,ネオブラックダイヤ,0000701668,ゼンノロブロイ,0000619754,オレンジパラダイス,0000333862,サンデーサイレンス(USA),0000365099,エリシオ(FR)
0001043721,ネオポラリス,0000701577,ネオユニヴァース,0000308307,タイキポーラ,0000333862,サンデーサイレンス(USA),0000207623,トウカイテイオー
0000321378,ネオポリス,0000336424,Conquistador Cielo(USA),0000398103,Maratha(USA),0000335975,Mr. Prospector(USA),0000337092,Devil's Bag(USA)
0000617681,ネオマエストロ,0000333862,サンデーサイレンス(USA),0000263008,イージーマインド(USA),0000335154,Halo(USA),0000341713,Easy Goer(USA)
0000701577,ネオユニヴァース,0000333862,サンデーサイレンス(USA),0000383827,ポインテッドパス(GB),0000335154,Halo(USA),0000336087,Kris(GB)
0001133915,ネオリアリズム,0000701577,ネオユニヴァース,0000287775,トキオリアリティー(USA),0000333862,サンデーサイレンス(USA),0000337483,Meadowlake(USA)
0001149861,ネオルミエール,0000701577,ネオユニヴァース,0000318070,シルクプリマドンナ,0000333862,サンデーサイレンス(USA),0000333844,ブライアンズタイム(USA)
0000994319,ネオレボルーション,0000701577,ネオユニヴァース,0000452729,リアリーハッピー(USA),0000333862,サンデーサイレンス(USA),0000341664,Avenue of Flags(USA)
0001137004,ネオヴァロン,0000325200,ジャングルポケット,0000701769,エイグレット,0000161740,トニービン(IRE),0000333862,サンデーサイレンス(USA)
0001106240,ネオヴァンクル,0000362799,フレンチデピュティ(USA),0000619926,ユアライフスタイル,0000338072,Deputy Minister(CAN),0000333901,ティンバーカントリー(USA)
0001049082,ネオヴァンドーム,0000701577,ネオユニヴァース,0000728489,プリンセスカット,0000333862,サンデーサイレンス(USA),0000161740,トニービン(IRE)
0000992588,ネオヴェリーベリー,0000237704,ホワイトマズル(GB),0000324987,サンセットバレー,0000336853,ダンシングブレーヴ(USA),0000336862,グルームダンサー(USA)
0001209766,ネオヴェルザンディ,0001114210,Temple City(USA),0001001959,Sixta(USA),0000342430,Dynaformer(USA),0000369660,Stormin Fever(USA)
0000700011,ネガティブリターン,0000362822,Honour and Glory(USA),0000634943,Onemoresunrise(USA),0000337275,Relaunch(USA),0000337092,Devil's Bag(USA)
0001174330,ネクストムーブ,0001111834,バトルプラン(USA),0001050129,ナスケンアイリス,0000749845,エンパイアメーカー(USA),0000362799,フレンチデピュティ(USA)
0001105447,ネクタル,0000619768,ゴールドアリュール,0000446728,ピノシェット(USA),0000333862,サンデーサイレンス(USA),0000337102,Storm Cat(USA)
0001118576,ネコタイショウ,0000742996,サムライハート,0000292330,パシェンテ,0000333862,サンデーサイレンス(USA),0000336853,ダンシングブレーヴ(USA)
0001170016,ネコダンサー,0000722797,ブラックタイド,0000742819,スイートリヴァー,0000333862,サンデーサイレンス(USA),0000225913,パラダイスクリーク(USA)
0000990122,ネコパンチ,0000318327,ニューイングランド,0000292330,パシェンテ,0000333862,サンデーサイレンス(USA),0000336853,ダンシングブレーヴ(USA)
0001192445,ネコワールド,0000321265,ノボジャック(USA),0001090166,イーグルフォンテン,0000362799,フレンチデピュティ(USA),0000225628,サクラバクシンオー
0000852063,ネリエット,0000361412,Vettori(IRE),0000412331,Neraida(USA),0000337496,Machiavellian(USA),0000336519,Giboulee(CAN)
0000246988,ネレイス,0000088791,ニチドウアラシ,0000088936,ユートピアルーラー,0000333439,ボールドアンドエイブル(USA),0000333488,ビービービー(USA)
0000030729,ネロ,0000333257,パーソロン(IRE),0000379066,オクタヴイア,0000334048,Milesian(GB),0000333207,パールダイヴアー(FR)
0001124210,ネロディアマンテ,0000700008,シンボリクリスエス(USA),0000742734,アドマイヤマダム,0000336209,Kris S.(USA),0000333862,サンデーサイレンス(USA)
0000761481,ネヴァブション,0000256512,マーベラスサンデー,0000383081,パールネツクレース(GB),0000333862,サンデーサイレンス(USA),0000334047,Mill Reef(USA)
0000736604,ネヴァートルネード,0000626597,スキャターザゴールド(CAN),0000303850,マルスフラウ,0000335975,Mr. Prospector(USA),0000069360,マルゼンスキー
0000732852,ネヴァーピリオド,0000287925,タイキシャトル(USA),0000313277,フューチャハッピー,0000337092,Devil's Bag(USA),0000337424,デインヒル(USA)
0000327895,ネームヴァリュー,0000362822,Honour and Glory(USA),0000384113,マジソンカウンティ(USA),0000337275,Relaunch(USA),0000335964,Seattle Slew(USA)
0000988547,ノアウイニング,0000368681,クリプティックラスカル(USA),0000258498,カチウマキャシー,0000342433,Cryptoclearance(USA),0000333820,ストームオンザルース(CAN)
0001127145,ノウレッジ,0001031979,ストリートセンス(USA),0001053259,チャリティークエスト(USA),0000621983,Street Cry(IRE),0000368659,コロナドズクエスト(USA)
0001172479,ノガロ,0000729458,キングカメハメハ,0000889913,ムードインディゴ,0000347989,Kingmambo(USA),0000274883,ダンスインザダーク
0001206603,ノストラダムス,0001115148,ハービンジャー(GB),0001048948,ソムニア,0000372531,Dansili(GB),0000293624,スペシャルウィーク
0000891652,ノットアローン,0000324933,アグネスタキオン,0000709100,ソニンク(GB),0000333862,サンデーサイレンス(USA),0000337496,Machiavellian(USA)
0001157210,ノットフォーマル,0000742999,ヴァーミリアン,0001046108,リミッターブレイク,0000299155,エルコンドルパサー(USA),0000324971,マンハッタンカフェ
0000324985,ノブレスオブリッジ,0000333862,サンデーサイレンス(USA),0000191064,スイートダイアナ,0000335154,Halo(USA),0000333665,モガミ(FR)
0000327902,ノボアイルランド,0000333903,ペルジノ(USA),0000156394,フアーストマイテイ,0000336082,Danzig(USA),0000333404,ステインテイノ(IRE)
0001044869,ノボクン,0000321265,ノボジャック(USA),0000324019,ノボチッチ,0000362799,フレンチデピュティ(USA),0000201489,メジロライアン
0000615753,ノボサンシャイン,0000337432,Gone West(USA),0000398247,Hidden Dreams(GB),0000335975,Mr. Prospector(USA),0000337101,ソヴィエトスター(USA)
0000321265,ノボジャック,0000362799,フレンチデピュティ(USA),0000398011,フライトオブエンジェルス(USA),0000338072,Deputy Minister(CAN),0000337421,アフリート(CAN)
0000804138,ノボスイーツ,0000308300,アドマイヤコジーン,0000309648,タバサ,0000337423,Cozzene(USA),0000237704,ホワイトマズル(GB)
0000310498,ノボトゥルー,0000343734,Broad Brush(USA),0000410054,Nastique(USA),0000333910,Ack Ack(USA),0000335988,Naskra(USA)
0001153870,ノボバカラ,0000801496,アドマイヤオーラ,0000758798,ノボキッス,0000324933,アグネスタキオン,0000362799,フレンチデピュティ(USA)
0000759005,ノボライトニング,0000256512,マーベラスサンデー,0000303414,ホホエミガエシ,0000333862,サンデーサイレンス(USA),0000069360,マルゼンスキー
0001120079,ノボリディアーナ,0000362799,フレンチデピュティ(USA),0000325066,スターリーロマンス,0000338072,Deputy Minister(CAN),0000333862,サンデーサイレンス(USA)
0000887132,ノボリデューク,0000287925,タイキシャトル(USA),0000313393,サンデーミッチー,0000337092,Devil's Bag(USA),0000333862,サンデーサイレンス(USA)
0000729756,ノボリハウツー,0000274883,ダンスインザダーク,0000304749,ミントエンジェル,0000333862,サンデーサイレンス(USA),0000337496,Machiavellian(USA)
0000304748,ノボリユキオー,0000161740,トニービン(IRE),0000188283,フアーストラブ,0000336378,カンパラ(GB),0000333603,ナイスダンサー(CAN)
0001135141,ノボリレジェンド,0000742976,ディープインパクト,0000321305,ミルグレイン(GB),0000333862,サンデーサイレンス(USA),0000342688,Polish Precedent(USA)
0000760680,ノボワールド,0000324933,アグネスタキオン,0000321201,ノボエンジェル(USA),0000333862,サンデーサイレンス(USA),0000335964,Seattle Slew(USA)
0000616696,ノムラリューオー,0000333886,スキャン(USA),0000234398,ノムラテスコレデー,0000335975,Mr. Prospector(USA),0000115349,アスワン
0000803821,ノワールシチー,0000309103,ブラックタキシード,0000306933,アズマエデン,0000333862,サンデーサイレンス(USA),0000225913,パラダイスクリーク(USA)
0001153787,ノンコノユメ,0000359332,トワイニング(USA),0000757694,ノンコ,0000337550,フォーティナイナー(USA),0000324933,アグネスタキオン
0001087923,ノヴァグロリア,0000701577,ネオユニヴァース,0000262295,グロリオーサ,0000333862,サンデーサイレンス(USA),0000192969,フレンチグローリー(IRE)
0000129601,ノーザンリバー,0000333628,ノーザンネイテイヴ(CAN),0000071511,アンネイリバー,0000334378,Nearctic(CAN),0000333296,フアラモンド(FR)
0000613890,ノースシェーバー,0000214492,リンドシェーバー(USA),0000257891,ミッチースマイル,0000336305,Alydar(USA),0000069360,マルゼンスキー
0001135148,ノースショアビーチ,0000729458,キングカメハメハ,0000321370,ビーチフラッグ(USA),0000347989,Kingmambo(USA),0000337863,Boundary(USA)
0000219471,ノースストーム,0000333724,プルラリズム(USA),0000149687,テスコワンダー,0000335164,The Minstrel(CAN),0000333299,テスコボーイ(GB)
0000729622,ノーススポット,0000333889,タイトスポット(USA),0000257891,ミッチースマイル,0000335990,His Majesty(USA),0000069360,マルゼンスキー
0001095014,ノーステア,0000701668,ゼンノロブロイ,0000729781,ムガール,0000333862,サンデーサイレンス(USA),0000336890,Silver Hawk(USA)
0001051659,ノーヒーロー,0000340340,Heroicity(AUS),0001051660,Fair And Square,0000340339,Cheraw(IRE),0000626624,Crown Lease(GB)
0001173972,ノーフォロワー,0000763904,パーソナルラッシュ(USA),0001043374,モエレサンタマリア,0000369358,ワイルドラッシュ(USA),0000314130,ゴールドヘイロー
0001205790,ノーブルアース,0000722158,ハーツクライ,0000997134,ピサノルビー,0000333862,サンデーサイレンス(USA),0000333844,ブライアンズタイム(USA)
0001208566,ノーブルカリナン,0000742976,ディープインパクト,0001111154,ノーブルジュエリー(USA),0000333862,サンデーサイレンス(USA),0000879370,Smarty Jones(USA)
0001126929,ノーブルコロネット,0000742976,ディープインパクト,0001020636,ノーブルステラ(GER),0000333862,サンデーサイレンス(USA),0000361091,Monsun(GER)
0001134586,ノーブルサイレンス,0000298971,マイネルラヴ(USA),0000309253,エイシンサイレンス,0000337444,Seeking the Gold(USA),0000333862,サンデーサイレンス(USA)
0001186081,ノーブルサターン,0001040066,カジノドライヴ(USA),0000727946,クロスマイハート,0000744351,Mineshaft(USA),0000293624,スペシャルウィーク
0001111154,ノーブルジュエリー,0000879370,Smarty Jones(USA),0001020636,ノーブルステラ(GER),0000364615,Elusive Quality(USA),0000361091,Monsun(GER)
0001124063,ノーブルジュピタ,0000758596,アドマイヤジュピタ,0000737587,アイアイボタン,0000362799,フレンチデピュティ(USA),0000309184,アドマイヤベガ
0001166347,ノーブルマーズ,0000325200,ジャングルポケット,0000287864,アイアンドユー(USA),0000161740,トニービン(IRE),0000336890,Silver Hawk(USA)
0001151756,ノーブルリーズン,0000701577,ネオユニヴァース,0000705586,カメリアローズ,0000333862,サンデーサイレンス(USA),0000237704,ホワイトマズル(GB)
0001153695,ノーブルルージュ,0000325977,ショウナンカンプ,0000756033,スプラッシュビート,0000225628,サクラバクシンオー,0000250204,タイキブリザード(USA)
0001148686,ノーブルヴィーナス,0000714411,ケイムホーム(USA),0000266753,ローレンシア,0000337432,Gone West(USA),0000115064,ホリスキー
0001203281,ノームコア,0001115148,ハービンジャー(GB),0000760266,クロノロジスト,0000372531,Dansili(GB),0000615577,クロフネ(USA)
0001173160,ノーモアゲーム,0000728098,ハイアーゲーム,0000991890,メジロホリデイ,0000333862,サンデーサイレンス(USA),0000362799,フレンチデピュティ(USA)
0000616476,ノーリーズン,0000333844,ブライアンズタイム(USA),0000430458,アンブロジン(USA),0000335167,Roberto(USA),0000335975,Mr. Prospector(USA)
0001049827,ノーワンエルス,0000375505,スウェプトオーヴァーボード(USA),0000750301,フォーノーワン,0000361855,エンドスウィープ(USA),0000333862,サンデーサイレンス(USA)
0000728098,ハイアーゲーム,0000333862,サンデーサイレンス(USA),0000434134,ファンジカ(IRE),0000335154,Halo(USA),0000336203,Law Society(USA)
0001139047,ハイアーレート,0000701668,ゼンノロブロイ,0000743093,スルーレート,0000333862,サンデーサイレンス(USA),0000362799,フレンチデピュティ(USA)
0000889882,ハイエストホワイト,0000324933,アグネスタキオン,0000432174,アドマイス(FR),0000333862,サンデーサイレンス(USA),0000336571,Highest Honor(FR)
0000899891,ハイカックウ,0000719408,High Chaparral(IRE),0000848120,オブザーヴァント(USA),0000336572,Sadler's Wells(USA),0000336568,Capote(USA)
0000009462,ハイクラウン,0000003815,クリペロ,0000005348,コローネツト,0000000871,クリノハナ,0000000478,イツセイ
0000807145,ハイソサエティー,0000362799,フレンチデピュティ(USA),0000439022,クイーンモード(IRE),0000338072,Deputy Minister(CAN),0000336328,Akarad(FR)
0001123841,ハイパーチャージ,0000286968,ステイゴールド,0000735350,グランドエナジー,0000333862,サンデーサイレンス(USA),0000362799,フレンチデピュティ(USA)
0000724216,ハイパーバトル,0000275436,バトルライン(USA),0000383915,グロウオブプライド(USA),0000337527,オジジアン(USA),0000335975,Mr. Prospector(USA)
0000212225,ハイヒール,0000333714,カジユン(IRE),0000043095,カグラベンチ,0000335870,Red Regent(IRE),0000333316,キングスベンチ(GB)
0000706164,ハイフレンドトライ,0000333707,リアルシヤダイ(USA),0000275756,ハイフレンドバード(USA),0000335167,Roberto(USA),0000336880,シアトルダンサーⅡ(USA)
0000223533,ハイマウンテン,0000333775,イルドブルボン(USA),0000127587,ヒカリカツプ,0000333996,Nijinsky(CAN),0000333374,フアバージ(FR)
0000724059,ハイヤーザンヘブン,0000256512,マーベラスサンデー,0000275545,クリプトコンデッサ(USA),0000333862,サンデーサイレンス(USA),0000342433,Cryptoclearance(USA)
0001190895,ハイランドピーク,0000722261,トーセンブライト,0001089898,ハイランドダンス,0000333844,ブライアンズタイム(USA),0000701668,ゼンノロブロイ
0000062257,ハイリリー,0000333394,シアイボーイ(GB),0000379023,ケゴンシユースイ,0000334092,Alycidon(GB),0000333259,アトランテイス(IRE)
0000231989,ハイローラー,0000166681,タマモクロス,0000144955,マエコウプリンセス,0000082169,シービークロス,0000333635,リイフオー(GB)
0001191279,ハギノアレス,0000722158,ハーツクライ,0001103181,ハギノアーク,0000333862,サンデーサイレンス(USA),0000760877,アドマイヤムーン
0000732300,ハギノグラッド,0000333886,スキャン(USA),0000262259,ウィーアワーズ,0000335975,Mr. Prospector(USA),0000333544,ノーザンテースト(CAN)
0000734191,ハギノコマチ,0000365341,ジェリ(USA),0000272460,ハギノトニーレディ,0000337450,Theatrical(IRE),0000161740,トニービン(IRE)
0001108774,ハギノコメント,0000626942,ファルブラヴ(IRE),0000737128,ハギノフェリーチェ,0000337427,Fairy King(USA),0000333862,サンデーサイレンス(USA)
0000229168,ハギノジョイフル,0000161401,ハギノビジヨウフ,0000179234,ビユーテイペイジ,0000061253,トウシヨウボーイ,0000114524,ハギノカムイオー
0000305409,ハギノスプレンダー,0000333887,ヘクタープロテクター(USA),0000213944,サベージレディ,0000337445,Woodman(USA),0000333664,デイクタス(FR)
0000302590,ハギノハイグレイド,0000333894,コマンダーインチーフ(GB),0000211350,ラシアンパーティ,0000336853,ダンシングブレーヴ(USA),0000333722,ラシアンルーブル(USA)
0001135261,ハギノハイブリッド,0000611525,タニノギムレット,0000324969,ハッピーペインター,0000333844,ブライアンズタイム(USA),0000161740,トニービン(IRE)
0001152738,ハギノパトリオット,0000729458,キングカメハメハ,0000732461,エリモファイナル,0000347989,Kingmambo(USA),0000339572,オペラハウス(GB)
0000153649,ハギノプリンセス,0000040167,スマノダイドウ,0000027175,リキスター,0000004739,ミトタカラ,0000455663,リキスベビー
0000721593,ハギノベルテンポ,0000336553,Mt. Livermore(USA),0000432813,Sea Breezer(USA),0000335274,Blushing Groom(FR),0000339836,Gulch(USA)
0000990963,ハギノリベラ,0000367860,シルバーチャーム(USA),0000305409,ハギノスプレンダー,0000336432,Silver Buck(USA),0000333887,ヘクタープロテクター(USA)
0000808036,ハギノルチェーレ,0000274883,ダンスインザダーク,0000634419,フランカ(USA),0000333862,サンデーサイレンス(USA),0000337444,Seeking the Gold(USA)
0000618734,ハギノヴァルカン,0000203356,メジロマックイーン,0000213944,サベージレディ,0000110447,メジロテイターン,0000333664,デイクタス(FR)
0000000471,ハクサン,0000333161,セフト(IRE),0000376199,白漣,0000334797,Tetratema(GB),0000332996,レヴユーオーダー(GB)
0001217302,ハクサンタイヨウ,0000722797,ブラックタイド,0000886773,クルンプホルツ,0000333862,サンデーサイレンス(USA),0000700008,シンボリクリスエス(USA)
0001206624,ハクサンフエロ,0000888992,シルポート,0001049324,メンブランツァ,0000237704,ホワイトマズル(GB),0000287925,タイキシャトル(USA)
0001108175,ハクサンムーン,0000760877,アドマイヤムーン,0000729875,チリエージェ,0000361855,エンドスウィープ(USA),0000225628,サクラバクシンオー
0000167239,ハクサンラッキー,0000333593,ラツキーソブリン(USA),0000085923,ライトラツシユ,0000333996,Nijinsky(CAN),0000333413,プロント(FR)
0001169146,ハクサンルドルフ,0000760877,アドマイヤムーン,0000725780,キングスミール,0000361855,エンドスウィープ(USA),0000337450,Theatrical(IRE)
0000314927,ハコダテサンサン,0000214564,ミシル(USA),0000383717,プレジャートレジャー(FR),0000336395,Miswaki(USA),0000336202,Caerleon(USA)
0000994099,ハシッテホシーノ,0000324933,アグネスタキオン,0000432174,アドマイス(FR),0000333862,サンデーサイレンス(USA),0000336571,Highest Honor(FR)
0000804498,ハストラング,0000214562,スターオブコジーン(USA),0000314721,エレガントフライ,0000337423,Cozzene(USA),0000333544,ノーザンテースト(CAN)
0000735716,ハスフェル,0000337421,アフリート(CAN),0000439180,ケイエイローズ(USA),0000335975,Mr. Prospector(USA),0000336883,Slew o' Gold(USA)
0000195338,ハスラー,0000093587,キタノトウザイ,0000057010,グリンミラク,0000032673,スカレー,0000455795,イチコージンオー
0000302544,ハタノアドニス,0000333872,アジュディケーティング(USA),0000243850,グリンパサー,0000336082,Danzig(USA),0000336132,Vice Regent(CAN)
0001103563,ハタノヴァンクール,0000729458,キングカメハメハ,0000313209,ハタノプリエ,0000347989,Kingmambo(USA),0000333844,ブライアンズタイム(USA)
0000804782,ハチマンダイボサツ,0000256512,マーベラスサンデー,0000316806,アジヤタイリン,0000333862,サンデーサイレンス(USA),0000145106,サクラユタカオー
0001137507,ハッシュ,0000626815,コマンズ(AUS),0000714031,サイレント,0000337424,デインヒル(USA),0000333862,サンデーサイレンス(USA)
0001107018,ハッシュドトーン,0000324971,マンハッタンカフェ,0000705459,ハッシュバンバン(FR),0000333862,サンデーサイレンス(USA),0000336817,Kaldoun(FR)
0000210163,ハットトリック,0000098151,ナンキンリユウエン,0000097878,フラワーハツト,0000333544,ノーザンテースト(CAN),0000333400,ハイハツト(GB)
0000304900,ハッピーアワー,0000333890,クリミナルタイプ(USA),0000201810,イブキリセス,0000336305,Alydar(USA),0000333544,ノーザンテースト(CAN)
0001106650,ハッピーウィーク,0000293624,スペシャルウィーク,0000701628,マイティーカラー,0000333862,サンデーサイレンス(USA),0000161740,トニービン(IRE)
0001040149,ハッピーカオル,0000294840,キングヘイロー,0000186231,カムイイットー,0000336853,ダンシングブレーヴ(USA),0000333593,ラツキーソブリン(USA)
0001090596,ハッピーグラス,0000742976,ディープインパクト,0000319215,ビッグハッピー,0000333862,サンデーサイレンス(USA),0000337421,アフリート(CAN)
0001204096,ハッピーグリン,0000619817,ローエングリン,0000807546,レディセラヴィ,0000263172,Singspiel(IRE),0000324933,アグネスタキオン
0000991395,ハッピーシャトル,0000287925,タイキシャトル(USA),0000310340,グレートイーリス(USA),0000337092,Devil's Bag(USA),0000337102,Storm Cat(USA)
0001135823,ハッピースプリント,0000313435,アッミラーレ,0000384207,マーゴーン(USA),0000333862,サンデーサイレンス(USA),0000341551,Dayjur(USA)
0001096505,ハッピーティア,0000237704,ホワイトマズル(GB),0000798299,ハッピーチケット,0000336853,ダンシングブレーヴ(USA),0000274914,バブルガムフェロー
0000743994,ハッピートゥモロー,0000336553,Mt. Livermore(USA),0000432392,Northern Emerald(USA),0000335274,Blushing Groom(FR),0000335293,Green Dancer(USA)
0000325217,ハッピーパス,0000333862,サンデーサイレンス(USA),0000394840,ハッピートレイルズ(IRE),0000335154,Halo(USA),0000333761,ポツセ(USA)
0000736420,ハッピーヘイロー,0000294840,キングヘイロー,0000199868,キンセングローリー,0000336853,ダンシングブレーヴ(USA),0000333716,ヒツタイトグローリー(GB)
0001137676,ハッピーベリンダ,0000321138,アグネスデジタル(USA),0000722965,エイシンベリンダ,0000336770,Crafty Prospector(USA),0000299155,エルコンドルパサー(USA)
0000318347,ハッピーマキシマム,0000225628,サクラバクシンオー,0000149062,カタクラヒメ,0000145106,サクラユタカオー,0000013633,タケシバオー
0000616675,ハッピーモーメント,0000333844,ブライアンズタイム(USA),0000225713,スイートルイーゼ,0000335167,Roberto(USA),0000140567,シンボリルドルフ
0001151227,ハッピーユニバンス,0000325200,ジャングルポケット,0000620124,アドマイヤセラヴィ,0000161740,トニービン(IRE),0000333862,サンデーサイレンス(USA)
0000316279,ハッピーリクエスト,0000161740,トニービン(IRE),0000383128,エイプリルソネット(USA),0000336378,カンパラ(GB),0000334696,Dike(USA)
0000325180,ハッピールック,0000161740,トニービン(IRE),0000274912,シンコウビューティ,0000336378,カンパラ(GB),0000336202,Caerleon(USA)
0001140931,ハツガツオ,0000225913,パラダイスクリーク(USA),0000842354,グラントアウィッシュ(USA),0000336421,Irish River(FR),0000336085,Nureyev(USA)
0000459282,ハツラツ,0000003446,セイユウ,0000004091,ミスツバメ,0000333115,サラ　ライジングフレーム(IRE),0000455635,ニユーバラツケー
0001208148,ハトホル,0001192958,モンテロッソ(GB),0001127079,フローズンムーン,0001111493,Dubawi(IRE),0000760877,アドマイヤムーン
0001137989,ハドソンヤード,0000324971,マンハッタンカフェ,0000726993,ドリームスケイプ,0000333862,サンデーサイレンス(USA),0000299155,エルコンドルパサー(USA)
0000141560,ハナイチリン,0000040045,ケリマイジヤーズ,0000463710,フオーリユウ,0000455785,タガミホマレ,0000003444,ハマノオー
0001104899,ハナズゴール,0000701701,オレハマッテルゼ,0000330529,シャンハイジェル,0000333862,サンデーサイレンス(USA),0000340413,シャンハイ(USA)
0001149574,ハナズプルメリア,0000729458,キングカメハメハ,0000310685,スイートフルーレ(USA),0000347989,Kingmambo(USA),0000336430,Green Desert(USA)
0001135497,ハナズリベンジ,0000722158,ハーツクライ,0000327803,トロピカルフラワー,0000333862,サンデーサイレンス(USA),0000225628,サクラバクシンオー
0001047601,ハナノシンノスケ,0000365159,チーフベアハート(CAN),0000634654,フェアリージェム(IRE),0000337339,Chief's Crown(USA),0000337427,Fairy King(USA)
0001148811,ハナモモ,0000237704,ホワイトマズル(GB),0000278436,サンデーストーリー,0000336853,ダンシングブレーヴ(USA),0000333862,サンデーサイレンス(USA)
0000181938,ハナレイムーン,0000333672,ベストブラツド,0000117102,イソナミ,0000333257,パーソロン(IRE),0000333439,ボールドアンドエイブル(USA)
0001042959,ハニーメロンチャン,0000310467,サウスヴィグラス(USA),0000295551,エピーメロン,0000361855,エンドスウィープ(USA),0000333862,サンデーサイレンス(USA)
0000759488,ハネダテンシ,0000262443,フジキセキ,0000308106,ブルーサヴァンナ,0000333862,サンデーサイレンス(USA),0000140567,シンボリルドルフ
0000611589,ハネダレンジャー,0000262443,フジキセキ,0000266164,キハク,0000333862,サンデーサイレンス(USA),0000182480,アサティス(USA)
0001089252,ハノハノ,0000308300,アドマイヤコジーン,0000298407,プロミネントカット,0000337423,Cozzene(USA),0000161740,トニービン(IRE)
0001093840,ハピシン,0000777071,ルールオブロー(USA),0000704884,フランチェスカ,0000347989,Kingmambo(USA),0000340630,ブラックタイアフェアー(IRE)
0001139739,ハピネスダンサー,0000760084,メイショウサムソン,0000760266,クロノロジスト,0000339572,オペラハウス(GB),0000615577,クロフネ(USA)
0001096696,ハブルバブル,0000742976,ディープインパクト,0000852566,ラヴアンドバブルズ(USA),0000333862,サンデーサイレンス(USA),0000369004,Loup Sauvage(USA)
0000991690,ハマノエルマー,0000214562,スターオブコジーン(USA),0000314980,ミスサプライズ,0000337423,Cozzene(USA),0000203571,ミュージックタイム(USA)
0000891246,ハマノオラトリオ,0000333901,ティンバーカントリー(USA),0000701871,オペラビジン,0000337445,Woodman(USA),0000339572,オペラハウス(GB)
0001110109,ハマノヴィグラス,0000310467,サウスヴィグラス(USA),0000799815,ミラクルファンタジ,0000361855,エンドスウィープ(USA),0000333886,スキャン(USA)
0000188047,ハマヒルガオ,0000100252,トウシヨウルチエー,0000090906,ヒルガオ,0000333545,ダンデイルート(FR),0000333404,ステインテイノ(IRE)
0001110451,ハヤブサソング,0000725727,スズカマンボ,0000808405,プレシャスキャット(USA),0000333862,サンデーサイレンス(USA),0000337102,Storm Cat(USA)
0001122274,ハヤブサユウサン,0000293624,スペシャルウィーク,0000704521,シアトルビューティ,0000333862,サンデーサイレンス(USA),0000250204,タイキブリザード(USA)
0001003336,ハリカナサス,0000363470,Cape Cross(IRE),0000625156,Launch Time(USA),0000336430,Green Desert(USA),0000337275,Relaunch(USA)
0000703503,ハリーコマンド,0000333894,コマンダーインチーフ(GB),0000236362,ドミナスクリスタル,0000336853,ダンシングブレーヴ(USA),0000337265,クリスタルグリツターズ(USA)
0000722739,ハリーズコメット,0000214562,スターオブコジーン(USA),0000263086,ウィッチズハット(USA),0000337423,Cozzene(USA),0000337102,Storm Cat(USA)
0001206931,ハルキストン,0000848478,ロージズインメイ(USA),0001087978,ベルモントベロニカ,0000339820,Devil His Due(USA),0000619768,ゴールドアリュール
0001190869,ハルクンノテソーロ,0000372610,ファスリエフ(USA),0001089483,トウカイベルタ,0000336085,Nureyev(USA),0000369358,ワイルドラッシュ(USA)
0000324915,ハレルヤサンデー,0000333862,サンデーサイレンス(USA),0000404715,ターンバックジアラーム(USA),0000335154,Halo(USA),0000339586,Darn That Alarm(USA)
0001174613,ハレルヤボーイ,0001043123,トーセンファントム,0001089759,トーセンミネルバ,0000701577,ネオユニヴァース,0000729458,キングカメハメハ
0000806167,ハロースピード,0000255813,マヤノトップガン,0000383055,ハローヘレン(USA),0000333844,ブライアンズタイム(USA),0000333978,Secretariat(USA)
0000263434,ハローマイフレンド,0000121020,ジエツトライジン,0000174638,マルトヨタール,0000040324,イチライジン,0000064693,エルエース
0001186392,ハローユニコーン,0000722158,ハーツクライ,0000734190,サンタローズ,0000333862,サンデーサイレンス(USA),0000365262,パントレセレブル(USA)
0001106664,ハワイアンウインド,0000729458,キングカメハメハ,0000701686,ライクザウインド,0000347989,Kingmambo(USA),0000337424,デインヒル(USA)
0001048314,ハンソデバンド,0000324971,マンハッタンカフェ,0000706532,クラウンアスリート,0000333862,サンデーサイレンス(USA),0000337421,アフリート(CAN)
0000886838,ハンターキリシマ,0000270180,サイレントハンター,0000308979,トニービンスター,0000333862,サンデーサイレンス(USA),0000161740,トニービン(IRE)
0000756779,ハンドレッドスコア,0000237704,ホワイトマズル(GB),0000274792,サンデーエイコーン,0000336853,ダンシングブレーヴ(USA),0000333862,サンデーサイレンス(USA)
0000900052,ハンナフレグランス,0000369033,Favorite Trick(USA),0000744416,Eliza Donner(USA),0000336875,Phone Trick(USA),0000340938,Oh Say(USA)
0000618446,ハーキュリーズ,0000333874,ジェイドロバリー(USA),0000208480,ウルレイ,0000335975,Mr. Prospector(USA),0000333608,ミルジヨージ(USA)
0000722158,ハーツクライ,0000333862,サンデーサイレンス(USA),0000233121,アイリッシュダンス,0000335154,Halo(USA),0000161740,トニービン(IRE)
0001049044,ハーティンハート,0000225628,サクラバクシンオー,0000728108,サイレントラヴ,0000145106,サクラユタカオー,0000333862,サンデーサイレンス(USA)
0000883761,ハートオブクィーン,0000340556,ジョリーズヘイロー(USA),0000260100,マイシークレット,0000335154,Halo(USA),0000337445,Woodman(USA)
0001186394,ハートオブスワロー,0000722158,ハーツクライ,0000734211,イソノスワロー,0000333862,サンデーサイレンス(USA),0000337848,デヒア(USA)
0000714239,ハートオンウェーブ,0000337102,Storm Cat(USA),0000432235,Fairy Heights(IRE),0000336177,Storm Bird(CAN),0000337427,Fairy King(USA)
0001044992,ハートビートソング,0000701668,ゼンノロブロイ,0000325049,フィールグルービー,0000333862,サンデーサイレンス(USA),0000161740,トニービン(IRE)
0000728076,ハートランドカフェ,0000225628,サクラバクシンオー,0000262324,ファストハーベスト,0000145106,サクラユタカオー,0000333707,リアルシヤダイ(USA)
0001175214,ハートレー,0000742976,ディープインパクト,0001143083,ウィキッドリーパーフェクト(USA),0000333862,サンデーサイレンス(USA),0000851583,Congrats(USA)
0000707366,ハードクリスタル,0000337265,クリスタルグリツターズ(USA),0000384049,スイートミルド(IRE),0000335274,Blushing Groom(FR),0000333884,ダンスホール(USA)
0001043554,ハードダダンダン,0000274883,ダンスインザダーク,0000305952,チーマ,0000333862,サンデーサイレンス(USA),0000333608,ミルジヨージ(USA)
0000757613,ハードバクシンオー,0000225628,サクラバクシンオー,0000286017,ミスブルガリ,0000145106,サクラユタカオー,0000333792,スリルシヨー(USA)
0000068295,ハーバーコマンド,0000333429,シーズコマンド(USA),0000014557,ハーバーシルク,0000334140,Bold Ruler(USA),0000333251,ラヴアンダン(FR)
0001141162,ハープスター,0000742976,ディープインパクト,0000882608,ヒストリックスター,0000333862,サンデーサイレンス(USA),0000626942,ファルブラヴ(IRE)
0000133392,ハーベストムーン,0000455920,タロー(FR),0000084316,キクホウライ,0000335831,サラ　Montfleur(FR),0000017517,ゼネラルパーク
0000296253,ハーマジェスティ,0000333889,タイトスポット(USA),0000161346,アキノライリー,0000335990,His Majesty(USA),0000013633,タケシバオー
0001125736,ハーモニーフェア,0000700008,シンボリクリスエス(USA),0000805457,ファーストチェア,0000336209,Kris S.(USA),0000325200,ジャングルポケット
0001200638,ハーレムライン,0000324971,マンハッタンカフェ,0000316385,マクリス,0000333862,サンデーサイレンス(USA),0000336862,グルームダンサー(USA)
0000616582,バアゼルキング,0000333844,ブライアンズタイム(USA),0000384068,レースカム(USA),0000335167,Roberto(USA),0000335975,Mr. Prospector(USA)
0000702501,バアゼルゴールド,0000339572,オペラハウス(GB),0000254899,ライトウインズ,0000336572,Sadler's Wells(USA),0000333874,ジェイドロバリー(USA)
0000991527,バアゼルリバー,0000262443,フジキセキ,0000313334,フレンドレイ,0000333862,サンデーサイレンス(USA),0000337424,デインヒル(USA)
0001204043,バイオレントブロー,0000849057,バゴ(FR),0000807019,バイオレントハート,0000342649,Nashwan(USA),0000274883,ダンスインザダーク
0001155650,バイオンディップス,0000324971,マンハッタンカフェ,0000887453,リトルディッパー,0000333862,サンデーサイレンス(USA),0000299078,アグネスワールド(USA)
0001151798,バイガエシ,0000325200,ジャングルポケット,0000706267,ナイストップクイン,0000161740,トニービン(IRE),0000274883,ダンスインザダーク
0001043668,バイタルスタイル,0000293624,スペシャルウィーク,0000307461,ヒシバイタル,0000333862,サンデーサイレンス(USA),0000161740,トニービン(IRE)
0000887057,バイヨン,0000274883,ダンスインザダーク,0000310702,ティエッチダンサー(USA),0000333862,サンデーサイレンス(USA),0000336397,Dixieland Band(USA)
0001209246,バイラ,0001028940,ヘニーヒューズ(USA),0000996220,コウエイテンプウ,0000362819,ヘネシー(USA),0000337848,デヒア(USA)
0000991678,バイラオーラ,0000359332,トワイニング(USA),0000314847,バイラリーナ,0000337550,フォーティナイナー(USA),0000333862,サンデーサイレンス(USA)
0000314847,バイラリーナ,0000333862,サンデーサイレンス(USA),0000383898,ダンシングアウンティー(USA),0000335154,Halo(USA),0000336085,Nureyev(USA)
0001309712,バイロイト,0000801447,スクリーンヒーロー,0001127146,レディオブオペラ,0000299089,グラスワンダー(USA),0000263172,Singspiel(IRE)
0001090945,バウンシーチューン,0000286968,ステイゴールド,0000325014,リーインフォースト,0000333862,サンデーサイレンス(USA),0000161740,トニービン(IRE)
0001141807,バウンスシャッセ,0000701668,ゼンノロブロイ,0000978304,リッチダンサー(GB),0000333862,サンデーサイレンス(USA),0000362583,Halling(USA)
0001106703,バクシンテイオー,0000225628,サクラバクシンオー,0000701830,アウトオブザウィム,0000145106,サクラユタカオー,0000333862,サンデーサイレンス(USA)
0000802474,バクシンヒロイン,0000225628,サクラバクシンオー,0000290888,カズサヒロイン,0000145106,サクラユタカオー,0000192975,ゴールデンフェザント(USA)
0001204302,バクハツ,0000881793,スマートファルコン,0000879965,ファニーストーリー,0000619768,ゴールドアリュール,0000365171,Distorted Humor(USA)
0001207810,バケットリスト,0000700008,シンボリクリスエス(USA),0001109875,レチャーダ,0000336209,Kris S.(USA),0000742976,ディープインパクト
0000849057,バゴ,0000342649,Nashwan(USA),0000840770,Moonlight's Box(USA),0000335274,Blushing Groom(FR),0000336085,Nureyev(USA)
0000888788,バシケーン,0000284831,シルクジャスティス,0000329128,リンダトリアーノ,0000333844,ブライアンズタイム(USA),0000339534,ロドリゴデトリアーノ(USA)
0001044740,バシレウス,0000294840,キングヘイロー,0000321147,サヴァント(USA),0000336853,ダンシングブレーヴ(USA),0000347989,Kingmambo(USA)
0001172722,バシレウスライオン,0000901749,キンシャサノキセキ(AUS),0000901643,バシマー(IRE),0000262443,フジキセキ,0000337862,Grand Lodge(USA)
0001154840,バスタータイプ,0000237704,ホワイトマズル(GB),0000805793,グローバルソング,0000336853,ダンシングブレーヴ(USA),0000333844,ブライアンズタイム(USA)
0000700718,バタラバ,0000186582,バンブービギン,0000427763,アウントヘップ(USA),0000114852,バンブーアトラス,0000335964,Seattle Slew(USA)
0001156073,バチスタ,0000725485,ダイワメジャー,0000901456,ミネラルスプリング,0000333862,サンデーサイレンス(USA),0000744351,Mineshaft(USA)
0001044390,バックトゥジエース,0000372284,カリズマティック(USA),0000316710,グラールホーリー,0000340714,Summer Squall(USA),0000337421,アフリート(CAN)
0000995118,バックハウス,0000701577,ネオユニヴァース,0000619764,ピアノリサイタル,0000333862,サンデーサイレンス(USA),0000358543,カーネギー(IRE)
0000188841,バッドボーイ,0000333682,ハバツト(IRE),0000129455,ミスケンレイ,0000334285,Habitat(USA),0000333513,ダイアトム(GB)
0001166475,バティスティーニ,0000729458,キングカメハメハ,0000298354,バプティスタ,0000347989,Kingmambo(USA),0000333862,サンデーサイレンス(USA)
0000701598,バトルエンプレス,0000161740,トニービン(IRE),0000286837,レディータイクーン,0000336378,カンパラ(GB),0000333890,クリミナルタイプ(USA)
0000729141,バトルコロナ,0000293624,スペシャルウィーク,0000241689,マガリーダー,0000333862,サンデーサイレンス(USA),0000336305,Alydar(USA)
0000753152,バトルサクヤビメ,0000262443,フジキセキ,0000214532,ローランロード(USA),0000333862,サンデーサイレンス(USA),0000333891,セクレト(USA)
0001046857,バトルシュリイマン,0000274915,フサイチコンコルド,0000614316,グッドポジション,0000336202,Caerleon(USA),0000161740,トニービン(IRE)
0001043801,バトルドンジョン,0000256512,マーベラスサンデー,0000309050,グラヴィール,0000333862,サンデーサイレンス(USA),0000161740,トニービン(IRE)
0000806165,バトルバニヤン,0000325200,ジャングルポケット,0000383040,クラフテイワイフ(USA),0000161740,トニービン(IRE),0000336770,Crafty Prospector(USA)
0000890431,バトルブリンディス,0000611525,タニノギムレット,0000614434,レイズユアグラス,0000333844,ブライアンズタイム(USA),0000333872,アジュディケーティング(USA)
0000735939,バトルブレーヴ,0000262275,ジェニュイン,0000279447,ユニバース,0000333862,サンデーサイレンス(USA),0000336853,ダンシングブレーヴ(USA)
0001148790,バトルボンネビル,0000774786,ヴリル(AUS),0000275571,ミナミノエレガンス(USA),0000333862,サンデーサイレンス(USA),0000337445,Woodman(USA)
0001043611,バトルレッド,0000365330,ボストンハーバー(USA),0000306821,ナプ,0000336568,Capote(USA),0000336177,Storm Bird(CAN)
0001045051,バトードール,0000615577,クロフネ(USA),0000325228,ビスクドール,0000362799,フレンチデピュティ(USA),0000333862,サンデーサイレンス(USA)
0000617883,バハムート,0000333790,グリーンマウント(USA),0000240515,カネミボンバー,0000334968,Lyphard(USA),0000333850,マジックマイルズ(USA)
0000802529,バブルウイズアラン,0000274914,バブルガムフェロー,0000291453,ファイブエイワン,0000333862,サンデーサイレンス(USA),0000333893,ハンティングホーク(IRE)
0000734933,バブルエスティーム,0000274914,バブルガムフェロー,0000299312,スギノシャーロット(USA),0000333862,サンデーサイレンス(USA),0000337445,Woodman(USA)
0000618798,バランスオブゲーム,0000274915,フサイチコンコルド,0000247267,ホールオブフェーム,0000336202,Caerleon(USA),0000161734,アレミロード(USA)
0001092852,バラードソング,0000722158,ハーツクライ,0000617497,ソロリサイタル(USA),0000333862,サンデーサイレンス(USA),0000337553,Rahy(USA)
0000117411,バリオス,0000333569,ハーデイカヌート(GB),0000029865,ハーエンデイアナ,0000333303,ハードリドン(GB),0000333286,インデイアナ(GB)
0001121855,バリローチェ,0000742976,ディープインパクト,0000634722,ポトリザリス(ARG),0000333862,サンデーサイレンス(USA),0000361301,Potrillazo(ARG)
0001209478,バリングラ,0001019761,Fastnet Rock(AUS),0001113088,Sweet Dreams Baby(IRE),0000337424,デインヒル(USA),0000369845,Montjeu(IRE)
0000090985,バリンジャー,0000333426,コントライト(USA),0000015866,ミストウリユウ,0000334000,Never Say Die(USA),0000333246,イーグル(GB)
0000730052,バルトフォンテン,0000237640,ダンツシアトル(USA),0000145490,モリユウエル,0000335964,Seattle Slew(USA),0000333475,カウアイキング(USA)
0000761465,バルバロ,0000287600,ブラックホーク(GB),0000383040,クラフテイワイフ(USA),0000336085,Nureyev(USA),0000336770,Crafty Prospector(USA)
0001157521,バルビエール,0000701668,ゼンノロブロイ,0001086766,グランドアメリフローラ(USA),0000333862,サンデーサイレンス(USA),0000369314,Grand Slam(USA)
0001192596,バルベーラ,0001042049,ルーラーシップ,0001103592,ジュリエットソング,0000729458,キングカメハメハ,0000742976,ディープインパクト
0001045503,バルーン,0000274914,バブルガムフェロー,0000329243,スイートソウル,0000333862,サンデーサイレンス(USA),0000361344,ソウルオブザマター(USA)
0001174351,バレエダンサー,0000722158,ハーツクライ,0001050365,ホワイトウォーター(USA),0000333862,サンデーサイレンス(USA),0000372671,Forestry(USA)
0000727137,バレエブラン,0000274883,ダンスインザダーク,0000384028,ニキーヤ(USA),0000333862,サンデーサイレンス(USA),0000336085,Nureyev(USA)
0001087291,バレドクール,0000611525,タニノギムレット,0000233133,スターバレリーナ,0000333844,ブライアンズタイム(USA),0000337288,Risen Star(USA)
0000736159,バレンソール,0000337421,アフリート(CAN),0000244190,ミストラルアゲン,0000335975,Mr. Prospector(USA),0000333792,スリルシヨー(USA)
0000885713,バロズハート,0000337421,アフリート(CAN),0000295124,ビッグラブ,0000335975,Mr. Prospector(USA),0000333862,サンデーサイレンス(USA)
0000732021,バロンカラノテガミ,0000368659,コロナドズクエスト(USA),0000419906,Hitch(USA),0000337550,フォーティナイナー(USA),0000335972,Cox's Ridge(USA)
0001118427,バロンドゥフォール,0000742976,ディープインパクト,0000286885,ラトラヴィアータ,0000333862,サンデーサイレンス(USA),0000145106,サクラユタカオー
0000756454,バロンハーバー,0000365330,ボストンハーバー(USA),0000270229,マルカジャンプ,0000336568,Capote(USA),0000161734,アレミロード(USA)
0000701331,バローネフォンテン,0000339572,オペラハウス(GB),0000225167,ジュピターガール,0000336572,Sadler's Wells(USA),0000333769,パークリージエント(CAN)
0000721601,バンカーカウント,0000342600,Lord Bud(IRE),0000721602,Gilzie Bank,0000334343,Lord Gayle(USA),0000355109,New Brig
0000992364,バンガロール,0000324933,アグネスタキオン,0000321286,スイートスリリング(USA),0000333862,サンデーサイレンス(USA),0000361977,サンダーガルチ(USA)
0000148266,バンゴール,0000333474,アレツ(FR),0000382094,オオグリーン,0000334064,Le Fabuleux(FR),0000333263,フイリユース(FR)
0000006859,バンザイ,0000333115,ライジングフレーム(IRE),0000376828,ウオーターミユージツク(GB),0000334531,The Phoenix(GB),0000334530,The Pelican(GB)
0000724072,バンジョキャラット,0000214562,スターオブコジーン(USA),0000383788,クレアーズオピニオン(USA),0000337423,Cozzene(USA),0000337092,Devil's Bag(USA)
0000288563,バンジョーブルー,0000175386,キタサンブルー,0000205603,タカラフエアリ,0000069360,サラ　マルゼンスキー,0000113474,サチエノヒリユウ
0001139461,バンズーム,0000700008,シンボリクリスエス(USA),0000756056,ペディクラリス,0000336209,Kris S.(USA),0000333862,サンデーサイレンス(USA)
0001144166,バンデ,0001029544,Authorized(IRE),0001032304,Logica(IRE),0000369845,Montjeu(IRE),0000341091,Priolo(USA)
0000313681,バンドオンザラン,0000333862,サンデーサイレンス(USA),0000200811,キャステングガール,0000335154,Halo(USA),0000333544,ノーザンテースト(CAN)
0001142460,バンドワゴン,0000237704,ホワイトマズル(GB),0001033844,ピラミマ(USA),0000336853,ダンシングブレーヴ(USA),0000361396,Unbridled's Song(USA)
0000761992,バンブーエール,0000337421,アフリート(CAN),0000383965,レインボーウッド(GB),0000335975,Mr. Prospector(USA),0000337286,Rainbow Quest(USA)
0000803698,バンブーソクラテス,0000179021,サツカーボーイ,0000305816,バンブーカグヤヒメ,0000333664,デイクタス(FR),0000333886,スキャン(USA)
0000296694,バンブーマリアッチ,0000114852,バンブーアトラス,0000154988,サワーバンブー,0000333578,ジムフレンチ(USA),0000333653,ジヨンテイオンブル(GB)
0000618645,バンブーユベントス,0000255813,マヤノトップガン,0000229577,スプリングバンブー,0000333844,ブライアンズタイム(USA),0000333770,ワツスルタツチ(USA)
0000987940,バージンサファイヤ,0000368681,クリプティックラスカル(USA),0000241668,オギサファイヤ,0000342433,Cryptoclearance(USA),0000333763,デイカードレム(USA)
0001367365,バーディバーディ,0001213491,モズアスコット(USA),0000883214,パナマックス,0001161935,Frankel(GB),0000615577,クロフネ(USA)
0000092509,バーディーイーグル,0000015214,シユウザンミノル,0000027647,サガミカネフジ,0000004459,サラ　シゲミノル,0000455756,エルシド(FR)
0001120274,バードバーニング,0000739144,スズカフェニックス,0000327364,スキャニングジョイ,0000333862,サンデーサイレンス(USA),0000333886,スキャン(USA)
0001208050,バーニングペスカ,0001085636,パイロ(USA),0001121852,メイショウガンツ,0000337958,Pulpit(USA),0000725485,ダイワメジャー
0000318407,バーバラ,0000333844,ブライアンズタイム(USA),0000383389,サバルヤード(USA),0000335167,Roberto(USA),0000334002,Northern Dancer(CAN)
0001209440,バールドバイ,0001111493,Dubawi(IRE),0001105249,ポップアイコン,0000372664,Dubai Millennium(GB),0000725485,ダイワメジャー
0000328362,パイアン,0000337423,Cozzene(USA),0000384116,ウッドマンズシック(USA),0000334731,Caro(IRE),0000337445,Woodman(USA)
0001206646,パイオニアバイオ,0001042049,ルーラーシップ,0001049652,アニメイトバイオ,0000729458,キングカメハメハ,0000701668,ゼンノロブロイ
0001201986,パクスアメリカーナ,0000615577,クロフネ(USA),0000723076,グローバルピース,0000362799,フレンチデピュティ(USA),0000333862,サンデーサイレンス(USA)
0000701704,パシオンクレマンス,0000201489,メジロライアン,0000274974,キッスパシオン,0000098122,アンバーシヤダイ,0000333874,ジェイドロバリー(USA)
0001140992,パシフィックギャル,0000701668,ゼンノロブロイ,0000852618,アイランドファッション(USA),0000333862,サンデーサイレンス(USA),0000362890,Petionville(USA)
0001104422,パストフォリア,0000700008,シンボリクリスエス(USA),0000325217,ハッピーパス,0000336209,Kris S.(USA),0000333862,サンデーサイレンス(USA)
0000762752,パセティックゴール,0000286968,ステイゴールド,0000611309,ワンモアワード(USA),0000333862,サンデーサイレンス(USA),0000339552,St. Jovite(USA)
0001109731,パチャママ,0000372610,ファスリエフ(USA),0000761643,レディアモーレ,0000336085,Nureyev(USA),0000362799,フレンチデピュティ(USA)
0000708308,パッションキャリー,0000207667,ヤマニンゼファー,0000220838,アクセスイオウ,0000129863,ニホンピロウイナー,0000333677,スイフトスワロー(USA)
0001088327,パッションダンス,0000742976,ディープインパクト,0000274974,キッスパシオン,0000333862,サンデーサイレンス(USA),0000333874,ジェイドロバリー(USA)
0000804262,パッションレッド,0000324933,アグネスタキオン,0000310673,レッドチリペッパー(USA),0000333862,サンデーサイレンス(USA),0000340629,Unbridled(USA)
0000227061,パッションローズ,0000131767,タイガートウザイ,0000142186,ソフイガール,0000032673,スカレー,0000455785,タガミホマレ
0000219230,パッシングマーク,0000100485,サクラシンゲキ,0000089292,ジユニアシエン,0000333485,ドン(ITY),0000333302,フジオンワード(USA)
0001218900,パッセ,0001042049,ルーラーシップ,0001043789,カザリムスビ,0000729458,キングカメハメハ,0000359332,トワイニング(USA)
0001044310,パドトロワ,0000375505,スウェプトオーヴァーボード(USA),0000316324,グランパドドゥ,0000361855,エンドスウィープ(USA),0000262443,フジキセキ
0000993294,パドブレ,0000237704,ホワイトマズル(GB),0000330496,リオクラーロ,0000336853,ダンシングブレーヴ(USA),0000333887,ヘクタープロテクター(USA)
0001139948,パドルウィール,0000615577,クロフネ(USA),0000762654,レストレスハート,0000362799,フレンチデピュティ(USA),0000333862,サンデーサイレンス(USA)
0000614543,パナシュドール,0000098122,アンバーシヤダイ,0000150418,イズミサンエイ,0000333544,ノーザンテースト(CAN),0000333595,クラウンドプリンス(USA)
0001155766,パフォーマプロミス,0000286968,ステイゴールド,0000889253,アイルビーバウンド,0000333862,サンデーサイレンス(USA),0000611525,タニノギムレット
0001188891,パフォーム,0000762445,マツリダゴッホ,0000890234,マイネアルデュール,0000333862,サンデーサイレンス(USA),0000308300,アドマイヤコジーン
パプウス,パプウス,,,,,,,,
0000190868,パミーナ,0000333707,リアルシヤダイ(USA),0000098136,シヤダイワーデン,0000335167,Roberto(USA),0000333544,ノーザンテースト(CAN)
0000616055,パラダイスシチー,0000230809,ウイニングチケット,0000231331,エレガントブーケ,0000161740,トニービン(IRE),0000333775,イルドブルボン(USA)
0000724547,パラダイスバード,0000299155,エルコンドルパサー(USA),0000262460,サイレントハピネス,0000347989,Kingmambo(USA),0000333862,サンデーサイレンス(USA)
0000299350,パラダイスヒルズ,0000336202,Caerleon(USA),0000397342,Vernonhills(IRE),0000333996,Nijinsky(CAN),0000344561,Hard Fought(IRE)
0001042590,パラダイスラビーダ,0000225913,パラダイスクリーク(USA),0000286999,リオデラビーダ,0000336421,Irish River(FR),0000129863,ニホンピロウイナー
0000988668,パラディーゾ,0000274883,ダンスインザダーク,0000261386,フラワーパーク,0000333862,サンデーサイレンス(USA),0000129863,ニホンピロウイナー
0001111048,パララサルー,0000742976,ディープインパクト,0001097028,タンタスエルテ(CHI),0000333862,サンデーサイレンス(USA),0000347559,Stuka(USA)
0001134658,パリカラノテガミ,0000325200,ジャングルポケット,0000312872,シンコウローズ,0000161740,トニービン(IRE),0000333844,ブライアンズタイム(USA)
0000736853,パリスセイリュウ,0000225628,サクラバクシンオー,0000214532,ローランロード(USA),0000145106,サクラユタカオー,0000333891,セクレト(USA)
0000175503,パリスドール,0000333696,ガロト(FR),0000059150,マイフラワー,0000334968,Lyphard(USA),0000333245,ダイハード(GB)
0000283014,パリブレスト,0000333814,テユーター(USA),0000157759,アズマケーキ,0000335975,Mr. Prospector(USA),0000333571,ホープフリーオン(USA)
0000761199,パルティアシチー,0000291452,ウイングアロー,0000329150,オースミジュエリー,0000182480,アサティス(USA),0000249114,ナリタブライアン
0001168687,パルトネルラーフ,0000742999,ヴァーミリアン,0000706006,サクセスウイッチ,0000299155,エルコンドルパサー(USA),0000333844,ブライアンズタイム(USA)
0000729400,パレスエース,0000340413,シャンハイ(USA),0000274469,マルゼンミケーラ,0000337055,Procida(USA),0000069360,マルゼンスキー
0000267886,パレスキング,0000333853,パレスダンサー(USA),0000052779,エチゼンシプリア,0000334002,Northern Dancer(CAN),0000333248,シプリアニ(ITY)
0000996972,パレスシュガー,0000287925,タイキシャトル(USA),0000750734,エンベゼル(USA),0000337092,Devil's Bag(USA),0000337444,Seeking the Gold(USA)
0000801408,パレスショットガン,0000255813,マヤノトップガン,0000274469,マルゼンミケーラ,0000333844,ブライアンズタイム(USA),0000069360,マルゼンスキー
0000615994,パレスチャンピオン,0000333901,ティンバーカントリー(USA),0000273349,マイルドアイズ,0000337445,Woodman(USA),0000333608,ミルジヨージ(USA)
0000992164,パワーストラグル,0000700008,シンボリクリスエス(USA),0000319215,ビッグハッピー,0000336209,Kris S.(USA),0000337421,アフリート(CAN)
0000761479,パワースポット,0000225628,サクラバクシンオー,0000383077,オリビアハート(USA),0000145106,サクラユタカオー,0000334546,Tom Rolfe(USA)
0001135241,パワースラッガー,0000329108,ウインラディウス,0000324699,クリスタルフローラ,0000333862,サンデーサイレンス(USA),0000337265,クリスタルグリツターズ(USA)
0000745651,パワーズコート,0000336572,Sadler's Wells(USA),0000432275,Rainbow Lake(GB),0000334002,Northern Dancer(CAN),0000337286,Rainbow Quest(USA)
0001337463,パワーホール,0001190059,スワーヴリチャード,0001154313,ストロベリーズ,0000722158,ハーツクライ,0000626815,コマンズ(AUS)
0001150048,パワーポケット,0000749845,エンパイアメーカー(USA),0000324550,タカラグリーン,0000340629,Unbridled(USA),0000166681,タマモクロス
0001176146,パンツオンファイア,0000714946,Jump Start(USA),0000979627,Cabo de Noche(USA),0000339653,A.P. Indy(USA),0000368644,Cape Town(USA)
0000455761,パヴェル,0000001426,ホースニユース,0000457002,丸栄,0000455582,アブラール(FR),0000333127,サラ　マルヌマ
0001175160,パーシーズベスト,0000742976,ディープインパクト,0001128225,パーシステントリー(USA),0000333862,サンデーサイレンス(USA),0000368103,Smoke Glacken(USA)
0001051648,パーソナルドラム,0000833904,Personal Escort(USA),0001051649,Tympanum(NZ),0000335975,Mr. Prospector(USA),0000341149,Tawfiq(USA)
0000763904,パーソナルラッシュ,0000369358,ワイルドラッシュ(USA),0000448898,パーソナリー(USA),0000336574,Wild Again(USA),0000336305,Alydar(USA)
0000754366,パーフェクトジョイ,0000286968,ステイゴールド,0000236317,ユーワジョイナー,0000333862,サンデーサイレンス(USA),0000333608,ミルジヨージ(USA)
0000727659,パーフェクトダンス,0000333862,サンデーサイレンス(USA),0000405771,パーフェクトサークル(GB),0000335154,Halo(USA),0000336202,Caerleon(USA)
0000743032,パーフェクトマッチ,0000333862,サンデーサイレンス(USA),0000298372,マッチザピース,0000335154,Halo(USA),0000333874,ジェイドロバリー(USA)
0000733606,パープルイーグル,0000274914,バブルガムフェロー,0000223738,ハシルユタカヒメ,0000333862,サンデーサイレンス(USA),0000145106,サクラユタカオー
0000314244,パープルエビス,0000333874,ジェイドロバリー(USA),0000233142,マッチポイント,0000335975,Mr. Prospector(USA),0000333707,リアルシヤダイ(USA)
0000700388,パープルクオーツ,0000347983,テンビー(GB),0000217843,フィルルージュ,0000336202,Caerleon(USA),0000333725,アーテイアス(USA)
0000705118,パープルファルコン,0000247220,エアダブリン,0000221036,モリカイソウ,0000161740,トニービン(IRE),0000333739,ルイヴイルサミツト(USA)
0000125204,パープルムーン,0000333582,コインドシルバー(USA),0000037116,ムーンスピリツト,0000334293,Herbager(FR),0000333338,デイクタドレーク(FR)
0001167762,パールコード,0001046333,ヴィクトワールピサ,0000451641,マジックコード(USA),0000701577,ネオユニヴァース,0000343203,Lost Code(USA)
0000081549,パールシャドウ,0000333443,バルバール(FR),0000380885,ミスマタシヤトウ,0000334487,Sicambre(FR),0000333313,マタドア(GB)
0001169560,パールフューチャー,0000701577,ネオユニヴァース,0000732909,スターペスミツコ,0000333862,サンデーサイレンス(USA),0000358543,カーネギー(IRE)
0000257800,ヒカリアスティル,0000171988,ペイザバトラー(USA),0000158644,ラツクオメガー,0000335803,Val de l'Orne(FR),0000061253,トウシヨウボーイ
0000987072,ヒカリアライブ,0000274914,バブルガムフェロー,0000209493,クリスタルデュー,0000333862,サンデーサイレンス(USA),0000098122,アンバーシヤダイ
0000228898,ヒカリシャトル,0000118821,ホスピタリテイ,0000160503,ホーマンプリンセス,0000333537,テユデナム(IRE),0000013633,タケシバオー
0000614615,ヒカリジルコニア,0000337421,アフリート(CAN),0000233914,アテンションデュー,0000335975,Mr. Prospector(USA),0000333697,ノーアテンシヨン(FR)
0000758340,ヒカリダイキャスト,0000365099,エリシオ(FR),0000295376,ヒカリラブ,0000337427,Fairy King(USA),0000336085,Nureyev(USA)
0001089575,ヒカリトリトン,0000274915,フサイチコンコルド,0000304568,スーパーアフリート,0000336202,Caerleon(USA),0000337421,アフリート(CAN)
0000275195,ヒカリフォレスト,0000333821,リヴリア(USA),0000383515,ダーリングミスキュー(USA),0000335664,Riverman(USA),0000336305,Alydar(USA)
0000132476,ヒカリホーオー,0000032393,ホツカイメイズイ,0000054201,サラ系　メリーサン,0000007866,サラ　メイズイ,0000333239,サラ　テユーダーペリオツド(GB)
0000993329,ヒカルアマランサス,0000324933,アグネスタキオン,0000331265,スターミー(USA),0000333862,サンデーサイレンス(USA),0000339653,A.P. Indy(USA)
0000808308,ヒカルアモーレ,0000615577,クロフネ(USA),0000721467,グレイトフィーヴァー(FR),0000362799,フレンチデピュティ(USA),0000336817,Kaldoun(FR)
0000742574,ヒカルウイッシュ,0000337421,アフリート(CAN),0000243410,ヒカルバリオス,0000335975,Mr. Prospector(USA),0000069360,マルゼンスキー
0000032843,ヒカルオオゾラ,0000455716,ハヤフレーム,0000457683,ギンヒメ,0000333115,サラ　ライジングフレーム(IRE),0000000871,サラ　クリノハナ
0000890902,ヒカルカザブエ,0000325200,ジャングルポケット,0000620124,アドマイヤセラヴィ,0000161740,トニービン(IRE),0000333862,サンデーサイレンス(USA)
0000723505,ヒカルドウキセイ,0000333862,サンデーサイレンス(USA),0000435083,カタリスト(IRE),0000335154,Halo(USA),0000336572,Sadler's Wells(USA)
0000742963,ヒカルバローロ,0000214562,スターオブコジーン(USA),0000263086,ウィッチズハット(USA),0000337423,Cozzene(USA),0000337102,Storm Cat(USA)
0001190900,ヒカルボシ,0000735520,サクラオリオン,0001089961,サクラブライト,0000299155,エルコンドルパサー(USA),0000702412,サクラプレジデント
0000989221,ヒカルマイステージ,0000324933,アグネスタキオン,0000274602,ヒカルパッション,0000333862,サンデーサイレンス(USA),0000069360,マルゼンスキー
0001172525,ヒコーキグモ,0000742999,ヴァーミリアン,0000890388,カミヒコーキ,0000299155,エルコンドルパサー(USA),0000298971,マイネルラヴ(USA)
0000273093,ヒサコーボンバー,0000160662,サンキヨーシヨウリ,0000207975,フミノイメージ,0000333635,リイフオー(GB),0000333632,ダンサーズイメージ(USA)
0001055969,ヒシアカデミー,0000745249,Vindication(USA),0000621624,Princess Belle(USA),0000335964,Seattle Slew(USA),0000362868,Mr. Greeley(USA)
0000107036,ヒシアスペン,0000009400,ヒシマサヒデ,0000016965,ヒシアサヒ,0000003909,ヒシマサル,0000333245,ダイハード(GB)
0000701520,ヒシアトラス,0000333901,ティンバーカントリー(USA),0000247152,タックスヘイブン,0000337445,Woodman(USA),0000336305,Alydar(USA)
0001124857,ヒシアメジスト,0000619768,ゴールドアリュール,0000758734,ヒシセーブル,0000333862,サンデーサイレンス(USA),0000299155,エルコンドルパサー(USA)
0001048115,ヒシカツヒトリタビ,0000617546,ヒシミラクル,0000704674,ヒシファンタジー,0000179021,サツカーボーイ,0000287925,タイキシャトル(USA)
0000802341,ヒシカツリーダー,0000274915,フサイチコンコルド,0000287625,ヒシタエコ(CAN),0000336202,Caerleon(USA),0000337339,Chief's Crown(USA)
0001202536,ヒシコスマー,0000722797,ブラックタイド,0000735190,コスマグレース,0000333862,サンデーサイレンス(USA),0000333887,ヘクタープロテクター(USA)
0000758770,ヒシハイグレード,0000225628,サクラバクシンオー,0000299310,ピュアティー(USA),0000145106,サクラユタカオー,0000337445,Woodman(USA)
0000733998,ヒシバトル,0000294840,キングヘイロー,0000309210,ヒシワンダー,0000336853,ダンシングブレーヴ(USA),0000333544,ノーザンテースト(CAN)
0000701784,ヒシフェアレディ,0000161740,トニービン(IRE),0000384032,フェアリーウィンド(IRE),0000336378,カンパラ(GB),0000337427,Fairy King(USA)
0000700653,ヒシブリザード,0000250204,タイキブリザード(USA),0000237637,ヒシモナーク(USA),0000335964,Seattle Slew(USA),0000337546,Wavering Monarch(USA)
0000801222,ヒシプレミア,0000363414,アントレプレナー(GB),0000271311,オークトパーズ,0000336572,Sadler's Wells(USA),0000182482,Alwuhush(USA)
0000994661,ヒシポジション,0000293624,スペシャルウィーク,0000614316,グッドポジション,0000333862,サンデーサイレンス(USA),0000161740,トニービン(IRE)
0000316952,ヒシマジェスティ,0000333862,サンデーサイレンス(USA),0000197160,ユーワジュエル,0000335154,Halo(USA),0000069360,マルゼンスキー
0001110675,ヒシマーベラス,0000256512,マーベラスサンデー,0000884663,ヒシアリアケ,0000333862,サンデーサイレンス(USA),0000700008,シンボリクリスエス(USA)
0000617546,ヒシミラクル,0000179021,サツカーボーイ,0000258893,シュンサクヨシコ,0000333664,デイクタス(FR),0000171987,シエイデイハイツ(GB)
0000746121,ヒシルーシッド,0000337553,Rahy(USA),0000275711,ヒシナタリー(USA),0000335274,Blushing Groom(FR),0000335964,Seattle Slew(USA)
0001106691,ヒシワイルド,0000619768,ゴールドアリュール,0000701784,ヒシフェアレディ,0000333862,サンデーサイレンス(USA),0000161740,トニービン(IRE)
0001189025,ヒストリア,0000722158,ハーツクライ,0000899501,アルヴィス(USA),0000333862,サンデーサイレンス(USA),0000362868,Mr. Greeley(USA)
0000316436,ヒストリカル,0000225628,サクラバクシンオー,0000382770,ペルソナ(FR),0000145106,サクラユタカオー,0000336198,Sanhedrin(USA)
0001216114,ヒストリコ,0000375505,スウェプトオーヴァーボード(USA),0000759778,エーピーモモ,0000361855,エンドスウィープ(USA),0000274883,ダンスインザダーク
0000306636,ヒゼンホクショー,0000207667,ヤマニンゼファー,0000224103,ヒカルビション,0000129863,ニホンピロウイナー,0000333713,グランデイ(IRE)
0001089106,ヒットザターゲット,0000729458,キングカメハメハ,0000295509,ラティール,0000347989,Kingmambo(USA),0000166681,タマモクロス
0001043720,ヒットジャポット,0000262443,フジキセキ,0000308304,タイキトゥインクル,0000333862,サンデーサイレンス(USA),0000333707,リアルシヤダイ(USA)
0000996535,ヒットヒットヒット,0000310442,メイショウドトウ(IRE),0000727005,ビリーヴヒット,0000353279,Bigstone(IRE),0000342675,ウォーニング(GB)
0000256031,ヒトリムスメ,0000124927,カツラギエース,0000068457,ヒメダイテン,0000333594,ボイズイーボーイ(GB),0000333262,マロツト(ITY)
0000330361,ヒナアラレ,0000231261,ナリタタイシン,0000413559,オンリーアルマー(IRE),0000333821,リヴリア(USA),0000336370,Ela-Mana-Mou(IRE)
0000988505,ヒビケジンダイコ,0000339572,オペラハウス(GB),0000257796,ラックチケット,0000336572,Sadler's Wells(USA),0000333873,マークオブディスティンクション(GB)
0001174320,ヒプノティスト,0000615577,クロフネ(USA),0001050051,ハッピーディレンマ,0000362799,フレンチデピュティ(USA),0000324933,アグネスタキオン
0001156407,ヒマラヤテンカ,0000621040,スクワートルスクワート(USA),0000991211,ニシノココロ,0000339829,Marquetry(USA),0000298971,マイネルラヴ(USA)
0000328006,ヒマラヤンブルー,0000235334,ネーハイシーザー,0000383175,ダイアモンドバレー(FR),0000138397,サクラトウコウ,0000336878,Saint Cyrien(FR)
0000618482,ヒミツヘイキ,0000337284,ダミスター(USA),0000154847,ジヨーデイアレスト,0000335975,Mr. Prospector(USA),0000044000,キタノカチドキ
0001162690,ヒュウマ,0001030715,Any Given Saturday(USA),0001027105,Moravia(USA),0000365171,Distorted Humor(USA),0000339653,A.P. Indy(USA)
0000731910,ヒューマ,0000342688,Polish Precedent(USA),0000731518,Gaily Grecian(IRE),0000336082,Danzig(USA),0000336370,Ela-Mana-Mou(IRE)
0000727564,ヒョウタンジマ,0000365099,エリシオ(FR),0000305657,ハヴァグッタイム,0000337427,Fairy King(USA),0000337432,Gone West(USA)
0001091274,ヒラボクインパクト,0000742976,ディープインパクト,0000327818,ドリームカムカム,0000333862,サンデーサイレンス(USA),0000201489,メジロライアン
0000989955,ヒラボクエクセル,0000293624,スペシャルウィーク,0000287795,フラワーアーチ(IRE),0000333862,サンデーサイレンス(USA),0000342649,Nashwan(USA)
0001049308,ヒラボクキング,0000729458,キングカメハメハ,0000731347,エンキャンタドゥ(USA),0000347989,Kingmambo(USA),0000337553,Rahy(USA)
0001126026,ヒラボクディープ,0000742976,ディープインパクト,0000847033,キャットアリ(USA),0000333862,サンデーサイレンス(USA),0000337102,Storm Cat(USA)
0001092349,ヒラボクビクトリー,0000872979,アルカセット(USA),0000611905,キャトルセゾン,0000347989,Kingmambo(USA),0000333862,サンデーサイレンス(USA)
0001125440,ヒラボクプリンス,0000369639,ストラヴィンスキー(USA),0000799544,ヒラボクキャロル,0000336085,Nureyev(USA),0000274883,ダンスインザダーク
0001207284,ヒラボクラターシュ,0000901749,キンシャサノキセキ(AUS),0001095165,ヒラボクウィン,0000262443,フジキセキ,0000369358,ワイルドラッシュ(USA)
0000807240,ヒラボクロイヤル,0000611525,タニノギムレット,0000446537,マーズヴァイオレット(USA),0000333844,ブライアンズタイム(USA),0000335975,Mr. Prospector(USA)
0000994298,ヒラボクワイルド,0000369358,ワイルドラッシュ(USA),0000449507,ノベンバースルー(USA),0000336574,Wild Again(USA),0000335964,Seattle Slew(USA)
0001173733,ヒルダ,0000725485,ダイワメジャー,0001030245,バロネスサッチャー(USA),0000333862,サンデーサイレンス(USA),0000719054,ヨハネスブルグ(USA)
0001122214,ヒルノクオリア,0000701577,ネオユニヴァース,0000703369,フォーティカラーズ,0000333862,サンデーサイレンス(USA),0000337550,フォーティナイナー(USA)
0001045360,ヒルノダムール,0000324971,マンハッタンカフェ,0000327991,シェアエレガンス,0000333862,サンデーサイレンス(USA),0000362599,ラムタラ(USA)
0001136074,ヒルノデイバロー,0000324971,マンハッタンカフェ,0000611071,デック(USA),0000333862,サンデーサイレンス(USA),0000361237,Go for Gin(USA)
0001125209,ヒルノドンカルロ,0000324971,マンハッタンカフェ,0000763140,ウェルカムフラワー,0000333862,サンデーサイレンス(USA),0000299155,エルコンドルパサー(USA)
0001172435,ヒルノマゼラン,0000324971,マンハッタンカフェ,0000889590,イントゥザライト,0000333862,サンデーサイレンス(USA),0000333844,ブライアンズタイム(USA)
0001142466,ヒルノマテーラ,0000324971,マンハッタンカフェ,0001036150,コンサーンナッカ(USA),0000333862,サンデーサイレンス(USA),0000361835,Concern(USA)
0001108484,ヒルノマドリード,0000324971,マンハッタンカフェ,0000733869,ゴールドグレース,0000333862,サンデーサイレンス(USA),0000365099,エリシオ(FR)
0001153525,ヒルノマレット,0000729458,キングカメハメハ,0000751980,ナムラクニヒメ,0000347989,Kingmambo(USA),0000333846,キンググローリアス(USA)
0000884696,ヒルノラディアン,0000294840,キングヘイロー,0000278527,ヘイセイレモン,0000336853,ダンシングブレーヴ(USA),0000333860,ローズリーフⅡ(GB)
0001126137,ヒロノプリンス,0000369753,ファンタスティックライト(USA),0000862291,ヴァルホーリング(GB),0000337553,Rahy(USA),0000362583,Halling(USA)
0001170886,ヒロブレイブ,0001040066,カジノドライヴ(USA),0000763797,スズノメガミ(USA),0000744351,Mineshaft(USA),0000369358,ワイルドラッシュ(USA)
0001173731,ヒーズインラブ,0001115148,ハービンジャー(GB),0001030051,シーズインクルーデッド(USA),0000372531,Dansili(GB),0000623169,Include(USA)
0000743063,ヒードザコール,0000299155,エルコンドルパサー(USA),0000427094,ヒード(USA),0000347989,Kingmambo(USA),0000339758,Caveat(USA)
0000032489,ヒーラ,0000455697,センジユ,0000458542,ムサシイズミ,0000455633,方景,0000455602,ズイウン
0000728556,ヒーローアンセム,0000333874,ジェイドロバリー(USA),0000283136,プティママン,0000335975,Mr. Prospector(USA),0000337265,クリスタルグリツターズ(USA)
0001134574,ビアンコカンドーレ,0000626923,チチカステナンゴ(FR),0000309166,フサイチミニヨン,0000361696,Smadoun(FR),0000333862,サンデーサイレンス(USA)
0001101777,ビウイッチアス,0000725485,ダイワメジャー,0000262994,フィールドソング(USA),0000333862,サンデーサイレンス(USA),0000339836,Gulch(USA)
0000754075,ビエンナーレ,0000286968,ステイゴールド,0000232764,フォーカルプレーン,0000333862,サンデーサイレンス(USA),0000333787,スプレンデイドモーメント(IRE)
0000613116,ビクトリアノニジ,0000207623,トウカイテイオー,0000235457,ツジノメガミ,0000140567,シンボリルドルフ,0000333640,ブレイヴエストローマン(USA)
0000986490,ビクトリーテツニー,0000337432,Gone West(USA),0000434328,Radu Cool(USA),0000335975,Mr. Prospector(USA),0000339791,Carnivalay(USA)
0001151608,ビクトリーミノル,0000891931,ディープスカイ,0000702825,プロフェシーライツ,0000324933,アグネスタキオン,0000337421,アフリート(CAN)
0000310423,ビコーグッドマン,0000337445,Woodman(USA),0000405105,Her Silver(USA),0000335975,Mr. Prospector(USA),0000334293,Herbager(FR)
0000733533,ビコーグレイス,0000299089,グラスワンダー(USA),0000214042,カフェロワイヤル,0000336890,Silver Hawk(USA),0000333910,Ack Ack(USA)
0001125068,ビコーピリラニ,0000729458,キングカメハメハ,0000762087,ビコーソフィア,0000347989,Kingmambo(USA),0000361855,エンドスウィープ(USA)
0000806418,ビコーフェザー,0000237704,ホワイトマズル(GB),0000383708,マラブー(USA),0000336853,ダンシングブレーヴ(USA),0000335167,Roberto(USA)
0000617573,ビジネスサイクル,0000179021,サツカーボーイ,0000156137,ミスクレマチス,0000333664,デイクタス(FR),0000029456,ナオキ
0000997095,ビスカヤ,0000333894,コマンダーインチーフ(GB),0000847880,セイントブルック(USA),0000336853,ダンシングブレーヴ(USA),0000339631,Saint Ballado(CAN)
0001155186,ビスカリア,0000742999,ヴァーミリアン,0000853079,フサイチジェット(USA),0000299155,エルコンドルパサー(USA),0000347519,Gilded Time(USA)
0000240062,ビックネイチャー,0000093587,キタノトウザイ,0000102606,ヒダカユウシユン,0000032673,スカレー,0000455908,アステイングドウ(FR)
0001142673,ビッグアーサー,0000225628,サクラバクシンオー,0001082306,シヤボナ(USA),0000145106,サクラユタカオー,0000347989,Kingmambo(USA)
0001045293,ビッグウィーク,0000849057,バゴ(FR),0000327444,タニノジャドール,0000342649,Nashwan(USA),0000333862,サンデーサイレンス(USA)
0000224728,ビッグウルフ,0000136750,ダイゼンシルバー,0000089524,イノークイーン,0000333582,コインドシルバー(USA),0000333515,トンピオン(USA)
0000727497,ビッグエンデバー,0000225628,サクラバクシンオー,0000213712,ハニーダッチェス,0000145106,サクラユタカオー,0000333539,サーペンフロ(GB)
0000758154,ビッグカポネ,0000333844,ブライアンズタイム(USA),0000293158,ロンドンブリッジ,0000335167,Roberto(USA),0000225905,ドクターデヴィアス(IRE)
0000722802,ビッグクラウン,0000299155,エルコンドルパサー(USA),0000281147,ウインピット,0000347989,Kingmambo(USA),0000129863,ニホンピロウイナー
0000726973,ビッググラス,0000299155,エルコンドルパサー(USA),0000255427,ドラゴンリリー,0000347989,Kingmambo(USA),0000171990,イブンベイ(GB)
0000707234,ビッグコング,0000287925,タイキシャトル(USA),0000219993,ハイスピリット,0000337092,Devil's Bag(USA),0000333749,ナグルスキー(CAN)
0000329164,ビッグゴールド,0000333844,ブライアンズタイム(USA),0000383793,ビューティフルゴールド(USA),0000335167,Roberto(USA),0000335975,Mr. Prospector(USA)
0000307307,ビッグサウンド,0000333889,タイトスポット(USA),0000203117,ホクトクレバー,0000335990,His Majesty(USA),0000333593,ラツキーソブリン(USA)
0000331312,ビッグストロング,0000341626,Deposit Ticket(USA),0000398006,トップオブザスカイ(USA),0000335989,Northern Baby(CAN),0000337276,Skywalker(USA)
0000169128,ビッグスマイル,0000333426,コントライト(USA),0000030685,ノーザンエース,0000334000,Never Say Die(USA),0000333251,ラヴアンダン(FR)
0000619510,ビッグスマッシュ,0000275589,レオンプライド(USA),0000261903,ノーブルセイコ,0000336082,Danzig(USA),0000333803,リンバアダンサー(USA)
0001201920,ビッグスモーキー,0000729458,キングカメハメハ,0000719397,スモークンフローリック(USA),0000347989,Kingmambo(USA),0000368103,Smoke Glacken(USA)
0000301301,ビッグタイガー,0000175386,キタサンブルー,0000142162,ビツクジヨオー,0000069360,サラ　マルゼンスキー,0000032673,スカレー
0000325162,ビッグテースト,0000333544,ノーザンテースト(CAN),0000383040,クラフテイワイフ(USA),0000334002,Northern Dancer(CAN),0000336770,Crafty Prospector(USA)
0000702940,ビッグドン,0000333844,ブライアンズタイム(USA),0000255427,ドラゴンリリー,0000335167,Roberto(USA),0000171990,イブンベイ(GB)
0000213487,ビッグハンター,0000080020,コトノアサブキ,0000091419,ライトスイセイ,0000333497,フアーストフアミリー(USA),0000333517,アイリツシユボール(FR)
0000310410,ビッグバイキング,0000337450,Theatrical(IRE),0000397183,L'On Vite(USA),0000336085,Nureyev(USA),0000333978,Secretariat(USA)
0000314668,ビッグバトル,0000333894,コマンダーインチーフ(GB),0000382855,シーズオレア(USA),0000336853,ダンシングブレーヴ(USA),0000335975,Mr. Prospector(USA)
0000235419,ビッグバン,0000107516,リードワンダー,0000189918,ボーソレイユ,0000019148,アローエクスプレス,0000333653,ジヨンテイオンブル(GB)
0001121268,ビッグバンドジャズ,0000299089,グラスワンダー(USA),0000614313,スイートベイジル,0000336890,Silver Hawk(USA),0000161740,トニービン(IRE)
0000728659,ビッグファルコン,0000262443,フジキセキ,0000286998,プレミアムショール,0000333862,サンデーサイレンス(USA),0000333544,ノーザンテースト(CAN)
0000125023,ビッグフラワー,0000333589,リベロ(USA),0000079586,エクセルガール,0000334457,Ribot(GB),0000333422,シヤトーゲイ(USA)
0000327833,ビッグフリート,0000337421,アフリート(CAN),0000223759,リファールニース,0000335975,Mr. Prospector(USA),0000336861,Greinton(GB)
0000738039,ビッグプラネット,0000333844,ブライアンズタイム(USA),0000293158,ロンドンブリッジ,0000335167,Roberto(USA),0000225905,ドクターデヴィアス(IRE)
0000290805,ビッグマキバオー,0000338072,Deputy Minister(CAN),0000406810,シアトルシンフォニー(USA),0000336132,Vice Regent(CAN),0000335964,Seattle Slew(USA)
0000120199,ビッグロマンス,0000333412,ラナーク(GB),0000036835,タイヨウスタン,0000333952,Grey Sovereign(GB),0000333261,ヴイミー(FR)
0001173810,ビッシュ,0000742976,ディープインパクト,0001039213,バランセラ(FR),0000333862,サンデーサイレンス(USA),0000343943,Acatenango(GER)
0001105744,ビットアレグロ,0000619768,ゴールドアリュール,0000613150,アイノブリーズ,0000333862,サンデーサイレンス(USA),0000340630,ブラックタイアフェアー(IRE)
0001189732,ビップキャッツアイ,0000700008,シンボリクリスエス(USA),0000995405,マチカネセキガハラ,0000336209,Kris S.(USA),0000262443,フジキセキ
0001094543,ビップセレブアイ,0000701668,ゼンノロブロイ,0000724567,ベストオブチャンス,0000333862,サンデーサイレンス(USA),0000243723,サクラローレル
0001151027,ビップハテンコウ,0000760877,アドマイヤムーン,0000616756,サンターナズソング,0000361855,エンドスウィープ(USA),0000225628,サクラバクシンオー
0001167499,ビップライブリー,0000725485,ダイワメジャー,0000329062,フローラルグリーン,0000333862,サンデーサイレンス(USA),0000337550,フォーティナイナー(USA)
0001136572,ビップレボルシオン,0000324971,マンハッタンカフェ,0000619700,メジロジョーンズ,0000333862,サンデーサイレンス(USA),0000201489,メジロライアン
0000308938,ビハインドザマスク,0000237704,ホワイトマズル(GB),0000382808,ヴアインゴールド(USA),0000336853,ダンシングブレーヴ(USA),0000335975,Mr. Prospector(USA)
0000803829,ビュティフルローズ,0000274914,バブルガムフェロー,0000306971,アフリートダンサー,0000333862,サンデーサイレンス(USA),0000337421,アフリート(CAN)
0000612210,ビューティマリオン,0000182480,アサティス(USA),0000383183,ダークチャーム(USA),0000336769,Topsider(USA),0000336305,Alydar(USA)
0001240507,ビューティーオンリー,0001000965,Holy Roman Emperor(IRE),0001240506,Goldendale(IRE),0000337424,デインヒル(USA),0000369059,Ali-Royal(IRE)
0000753503,ビューティーパール,0000293624,スペシャルウィーク,0000222614,ミスティーグリーン,0000333862,サンデーサイレンス(USA),0000061253,トウシヨウボーイ
0000776677,ビューティーフラッシュ,0000343734,Broad Brush(USA),0000776395,Seaward(USA),0000333910,Ack Ack(USA),0000336421,Irish River(FR)
0001150265,ビヨンジオール,0000702412,サクラプレジデント,0000327511,サムシングナイス,0000333862,サンデーサイレンス(USA),0000362599,ラムタラ(USA)
0001049242,ビラゴーティアラ,0000214562,スターオブコジーン(USA),0000730598,ブルーファイブ,0000337423,Cozzene(USA),0000250172,シンコウキング(IRE)
0000207384,ビリオネア,0000146289,サクライツトー,0000044656,ハバナ,0000333480,サンシー(FR),0000333257,パーソロン(IRE)
0001208141,ビリーバー,0001192958,モンテロッソ(GB),0001126948,デイドリーマー,0001111493,Dubawi(IRE),0000701577,ネオユニヴァース
0000114020,ビリーヴ,0000333438,ラデイガ(USA),0000050357,ロイヤルナデイ,0000334999,Graustark(USA),0000333304,ナデイア(USA)
0000325071,ビルアンドクー,0000333874,ジェイドロバリー(USA),0000233155,ユメシバイ,0000335975,Mr. Prospector(USA),0000161740,トニービン(IRE)
0001186183,ビルズトレジャー,0001050184,ダノンシャンティ,0000729906,メジロヒラリー,0000262443,フジキセキ,0000299155,エルコンドルパサー(USA)
0000330360,ビワシンセイキ,0000337550,フォーティナイナー(USA),0000383703,オシアナ(USA),0000335975,Mr. Prospector(USA),0000334002,Northern Dancer(CAN)
0000616566,ビワワールド,0000333844,ブライアンズタイム(USA),0000275176,ビワハイジ,0000335167,Roberto(USA),0000336202,Caerleon(USA)
0000799915,ビンチェロ,0000274883,ダンスインザダーク,0000247228,ツィンクルブライド,0000333862,サンデーサイレンス(USA),0000334968,Lyphard(USA)
0001040422,ビーアウェイク,0000299089,グラスワンダー(USA),0000212995,ナイスロッチ,0000336890,Silver Hawk(USA),0000333603,ナイスダンサー(CAN)
0000799382,ビーアデビル,0000340066,ディアブロ(USA),0000235839,ラビアンテースト,0000337092,Devil's Bag(USA),0000333544,ノーザンテースト(CAN)
0000766326,ビーアヘッド,0000367860,シルバーチャーム(USA),0000763890,Lakme(USA),0000336432,Silver Buck(USA),0000334968,Lyphard(USA)
0000000600,ビーカーリー,0000333162,サラ　タエヤマ,0000456230,念旺,0000332990,トウルヌソル(GB),0000455569,王儀
0000888038,ビーチアイドル,0000626942,ファルブラヴ(IRE),0000321370,ビーチフラッグ(USA),0000337427,Fairy King(USA),0000337863,Boundary(USA)
0000735560,ビーチサンバ,0000166681,タマモクロス,0000280172,ニューリズム,0000082169,シービークロス,0000333878,リズム(USA)
0001143351,ビートゴーズオン,0001051353,Curlin(USA),0000444414,タドウィガ(GB),0000365210,Smart Strike(CAN),0000337427,Fairy King(USA)
0001043385,ビートブラック,0000326916,ミスキャスト,0000303506,アラームコール,0000333862,サンデーサイレンス(USA),0000333844,ブライアンズタイム(USA)
0000804319,ビードラスティック,0000309103,ブラックタキシード,0000313165,プリンセスオーロラ,0000333862,サンデーサイレンス(USA),0000333901,ティンバーカントリー(USA)
0001119944,ビーナストリック,0000294840,キングヘイロー,0000323579,ゴーゴーナイナー,0000336853,ダンシングブレーヴ(USA),0000337550,フォーティナイナー(USA)
0000209923,ビーナスライン,0000333710,アーティカス(IRE),0000090048,パツシングシカゴ,0000334968,Lyphard(USA),0000333224,チヤイナロツク(GB)
0001088550,ビービーアックス,0000737164,アドマイヤジャパン,0000281624,ダイヤターン,0000333862,サンデーサイレンス(USA),0000110447,メジロテイターン
0001043442,ビービーエーディン,0000299089,グラスワンダー(USA),0000304234,イシノスター,0000336890,Silver Hawk(USA),0000337101,ソヴィエトスター(USA)
0001183890,ビービーガウディ,0001040066,カジノドライヴ(USA),0000298322,エルフィンフェザー,0000744351,Mineshaft(USA),0000333862,サンデーサイレンス(USA)
0000806735,ビービーガルダン,0000365159,チーフベアハート(CAN),0000384137,オールザチャット(NZ),0000337339,Chief's Crown(USA),0000343423,Westminster(NZ)
0001169425,ビービーサレンダー,0001085636,パイロ(USA),0000730413,ビービーバーニング,0000337958,Pulpit(USA),0000274914,バブルガムフェロー
0001106787,ビービージャパン,0000737164,アドマイヤジャパン,0000702513,ホシノアマゾネス,0000333862,サンデーサイレンス(USA),0000161740,トニービン(IRE)
0001043859,ビービースカット,0000732134,トーセンダンス,0000309508,ゴールデングリン,0000333862,サンデーサイレンス(USA),0000333846,キンググローリアス(USA)
0000706797,ビービートマホーク,0000225726,アイルトンシンボリ,0000382748,ミングルデール(GB),0000140567,シンボリルドルフ,0000335305,Shirley Heights(GB)
0000753046,ビービートルネード,0000262437,タヤスツヨシ,0000213259,ノースハッピー,0000333862,サンデーサイレンス(USA),0000333772,メンデス(FR)
0001122840,ビービートレイター,0000365159,チーフベアハート(CAN),0000723295,カタズオノンデ,0000337339,Chief's Crown(USA),0000260276,サンデーウェル
0001094876,ビービーバカラ,0000701668,ゼンノロブロイ,0000728187,フォレストビーナス,0000333862,サンデーサイレンス(USA),0000299155,エルコンドルパサー(USA)
0001168643,ビービーバーレル,0001085636,パイロ(USA),0000705038,ファインディンプル,0000337958,Pulpit(USA),0000336890,Silver Hawk(USA)
0000801239,ビービーファルコン,0000201489,メジロライアン,0000271822,スイートバミューダ,0000098122,アンバーシヤダイ,0000333884,ダンスホール(USA)
0001136182,ビービーブレイン,0000225628,サクラバクシンオー,0000612473,ビービープレジャー,0000145106,サクラユタカオー,0000340633,アラジ(USA)
0000708317,ビービーヘブン,0000237704,ホワイトマズル(GB),0000245716,ブレイズアップ,0000336853,ダンシングブレーヴ(USA),0000333667,ターゴワイス(USA)
0001100906,ビービーマイセン,0000701712,リンカーン,0000199019,スイートミトゥーナ,0000333862,サンデーサイレンス(USA),0000130523,ミスターシービー
0001089076,ビービーマキシマス,0000256512,マーベラスサンデー,0000294842,アサカベレーザ,0000333862,サンデーサイレンス(USA),0000333894,コマンダーインチーフ(GB)
0000887661,ビービーモデナ,0000308300,アドマイヤコジーン,0000317802,マイパーソロン,0000337423,Cozzene(USA),0000114852,バンブーアトラス
0001118281,ビービーラッシュ,0000268975,エイシンサンディ,0000281624,ダイヤターン,0000333862,サンデーサイレンス(USA),0000110447,メジロテイターン
0000620119,ビーポジティブ,0000333862,サンデーサイレンス(USA),0000383774,フェアリードール(USA),0000335154,Halo(USA),0000336085,Nureyev(USA)
0000283751,ビーマイナカヤマ,0000333849,エブロス(USA),0000382903,ビーマイフアイア(IRE),0000335975,Mr. Prospector(USA),0000335936,Be My Guest(USA)
0000725842,ピアチェヴォーレ,0000339572,オペラハウス(GB),0000262331,セシルカット,0000336572,Sadler's Wells(USA),0000333862,サンデーサイレンス(USA)
0000899887,ピイラニハイウェイ,0000347814,Silver Deputy(CAN),0000869559,トロピカルブラッサム(USA),0000338072,Deputy Minister(CAN),0000361977,サンダーガルチ(USA)
0000890036,ピエナエイム,0000293624,スペシャルウィーク,0000445983,シェアラミー(USA),0000333862,サンデーサイレンス(USA),0000335975,Mr. Prospector(USA)
0000727807,ピエナオンリーワン,0000274915,フサイチコンコルド,0000293233,ヒダカゲラン,0000336202,Caerleon(USA),0000333608,ミルジヨージ(USA)
0000808306,ピエナグッドラック,0000274883,ダンスインザダーク,0000721120,ウェイクアンドテイク(USA),0000333862,サンデーサイレンス(USA),0000336395,Miswaki(USA)
0000806790,ピエナビーナス,0000262443,フジキセキ,0000384209,オープニングタイトル(IRE),0000333862,サンデーサイレンス(USA),0000336202,Caerleon(USA)
0000988152,ピエナファンタスト,0000325200,ジャングルポケット,0000247108,コンクラーベ,0000161740,トニービン(IRE),0000098122,アンバーシヤダイ
0000885868,ピエナプリンセス,0000337848,デヒア(USA),0000297013,ダンツプリンセス,0000338072,Deputy Minister(CAN),0000333862,サンデーサイレンス(USA)
0000887117,ピエナポパイ,0000255813,マヤノトップガン,0000313277,フューチャハッピー,0000333844,ブライアンズタイム(USA),0000337424,デインヒル(USA)
0000996955,ピエナリリー,0000611525,タニノギムレット,0000749472,リリーポンド(USA),0000333844,ブライアンズタイム(USA),0000369314,Grand Slam(USA)
0001142485,ピオネロ,0000701577,ネオユニヴァース,0001039664,クルソラ(ARG),0000333862,サンデーサイレンス(USA),0000345372,Candy Stripes(USA)
0001041995,ピカピカテッタ,0000314130,ゴールドヘイロー,0000273663,ニットーライデン,0000333862,サンデーサイレンス(USA),0000333769,パークリージエント(CAN)
0000732830,ピカレスクコート,0000333874,ジェイドロバリー(USA),0000177721,フジノタカコマチ,0000335975,Mr. Prospector(USA),0000333646,コリムスキー(USA)
0001048571,ピカンチラヴ,0000701577,ネオユニヴァース,0000719752,ダークエンディング(USA),0000333862,サンデーサイレンス(USA),0000361855,エンドスウィープ(USA)
0000760802,ピクシーストーン,0000213946,ダイナマイトダディ,0000324434,ダイナピクシー,0000145106,サクラユタカオー,0000158547,ダイナガリバー
0000750372,ピクシーダスト,0000333862,サンデーサイレンス(USA),0000263170,シャンクシー(USA),0000335154,Halo(USA),0000342645,Zilzal(USA)
0001096751,ピクシープリンセス,0000742976,ディープインパクト,0000876530,オータムメロディー(FR),0000333862,サンデーサイレンス(USA),0000347989,Kingmambo(USA)
0001124260,ピクシーホロウ,0000294840,キングヘイロー,0000743045,ラインレジーナ,0000336853,ダンシングブレーヴ(USA),0000225628,サクラバクシンオー
0000888643,ピサノエミレーツ,0000333844,ブライアンズタイム(USA),0000327895,ネームヴァリュー,0000335167,Roberto(USA),0000362822,Honour and Glory(USA)
0000994325,ピサノカルティエ,0000701577,ネオユニヴァース,0000611064,コープランズナニー(USA),0000333862,サンデーサイレンス(USA),0000336427,Copelan(USA)
0000730864,ピサノクウカイ,0000333862,サンデーサイレンス(USA),0000436378,レミニセントリー(USA),0000335154,Halo(USA),0000336350,Affirmed(USA)
0000738156,ピサノグラフ,0000333862,サンデーサイレンス(USA),0000225873,シンコウラブリイ(IRE),0000335154,Halo(USA),0000336202,Caerleon(USA)
0000988189,ピサノシンボル,0000700008,シンボリクリスエス(USA),0000247279,シャイニンレーサー,0000336209,Kris S.(USA),0000333544,ノーザンテースト(CAN)
0000886301,ピサノジュバン,0000293624,スペシャルウィーク,0000303396,ピサノガレー,0000333862,サンデーサイレンス(USA),0000333844,ブライアンズタイム(USA)
0001000904,ピサノデイラニ,0000621167,Fusaichi Pegasus(USA),0000432426,Tee Kay(USA),0000335975,Mr. Prospector(USA),0000344896,Gold Meridian(USA)
0000762602,ピサノバンキッシュ,0000333844,ブライアンズタイム(USA),0000439221,ジャウンティング(USA),0000335167,Roberto(USA),0000335964,Seattle Slew(USA)
0000727924,ピサノバーキン,0000333862,サンデーサイレンス(USA),0000263055,ビバムール(IRE),0000335154,Halo(USA),0000336202,Caerleon(USA)
0000738018,ピサノパテック,0000333862,サンデーサイレンス(USA),0000281169,ブレッシング,0000335154,Halo(USA),0000069360,マルゼンスキー
0000704651,ピサノメビウス,0000340556,ジョリーズヘイロー(USA),0000210929,サチノステップ,0000335154,Halo(USA),0000333762,ゲイメセン(USA)
0001043449,ピサノユリシーズ,0000324933,アグネスタキオン,0000304285,ブルックリンハイツ,0000333862,サンデーサイレンス(USA),0000225905,ドクターデヴィアス(IRE)
0000735308,ピサノランゲ,0000286853,ガルウイング,0000240513,ファーストセーラ,0000225905,ドクターデヴィアス(IRE),0000333608,ミルジヨージ(USA)
0001048674,ピサロナイト,0000621944,マリエンバード(IRE),0000723106,スターコレクター,0000336202,Caerleon(USA),0000333844,ブライアンズタイム(USA)
0001186024,ピスカデーラ,0000722797,ブラックタイド,0000726993,ドリームスケイプ,0000333862,サンデーサイレンス(USA),0000299155,エルコンドルパサー(USA)
0001105234,ピタゴラスコンマ,0000325200,ジャングルポケット,0000398091,ディソサード(USA),0000161740,トニービン(IRE),0000336397,Dixieland Band(USA)
0001170769,ピックミータッチ,0000701668,ゼンノロブロイ,0000762284,レジェンドトレイル,0000333862,サンデーサイレンス(USA),0000362799,フレンチデピュティ(USA)
0001126053,ピッチシフター,0000725727,スズカマンボ,0000852002,サンディシフター(USA),0000333862,サンデーサイレンス(USA),0000336770,Crafty Prospector(USA)
0000192788,ピットファイター,0000333388,ボールドアンドブレーヴ(GB),0000067848,コーシユンカツプ,0000334013,Ballymoss(GB),0000333441,ロイヤルドリマー(USA)
0001044874,ピットボス,0000262443,フジキセキ,0000324123,コンプリカーター,0000333862,サンデーサイレンス(USA),0000335975,Mr. Prospector(USA)
0001096396,ピュアオパール,0000714421,ロックオブジブラルタル(IRE),0000763798,ピュアブラウン(CAN),0000337424,デインヒル(USA),0000369336,Indian Charlie(USA)
0001171767,ピュアコンチェルト,0000901749,キンシャサノキセキ(AUS),0000848753,ミスコンチェルト(USA),0000262443,フジキセキ,0000365332,Concerto(USA)
0001110662,ピュアソウル,0000742976,ディープインパクト,0000882608,ヒストリックスター,0000333862,サンデーサイレンス(USA),0000626942,ファルブラヴ(IRE)
0001126817,ピュアソルジャー,0000325200,ジャングルポケット,0000995663,ラブアンドピース,0000161740,トニービン(IRE),0000729458,キングカメハメハ
0000763798,ピュアブラウン,0000369336,Indian Charlie(USA),0000763168,On the Hook(USA),0000339710,In Excess(IRE),0000336875,Phone Trick(USA)
0001099008,ピュアブリーゼ,0000361091,Monsun(GER),0001025216,ピューリティー(GER),0000340371,Konigsstuhl(GER),0000365262,パントレセレブル(USA)
0000700232,ピュアルネッサンス,0000337421,アフリート(CAN),0000280696,オシャレナウィーク,0000335975,Mr. Prospector(USA),0000161740,トニービン(IRE)
0000750309,ピューマカフェ,0000333862,サンデーサイレンス(USA),0000383999,セトフローリアンⅡ(AUS),0000335154,Halo(USA),0000343950,Bellotto(USA)
0001126585,ピロポ,0000619768,ゴールドアリュール,0000897682,ポーテンタイル(IRE),0000333862,サンデーサイレンス(USA),0000336202,Caerleon(USA)
0000992999,ピロートーク,0000701577,ネオユニヴァース,0000327893,コスモリバー,0000333862,サンデーサイレンス(USA),0000333887,ヘクタープロテクター(USA)
0000806966,ピンクカメオ,0000362799,フレンチデピュティ(USA),0000410952,シルバーレーン(USA),0000338072,Deputy Minister(CAN),0000336890,Silver Hawk(USA)
0001186456,ピンクドッグウッド,0000310467,サウスヴィグラス(USA),0000735354,スズカブルーム,0000361855,エンドスウィープ(USA),0000626597,スキャターザゴールド(CAN)
0000611602,ピンクドラゴン,0000182480,アサティス(USA),0000243447,ディアグランド,0000336769,Topsider(USA),0000130523,ミスターシービー
0000316530,ピンクプルメリア,0000336202,Caerleon(USA),0000395219,ティグレスダムール(USA),0000333996,Nijinsky(CAN),0000334503,Stage Door Johnny(USA)
0001157729,ピンクマン,0000701577,ネオユニヴァース,0001127232,ビシャーラ(IRE),0000333862,サンデーサイレンス(USA),0000362527,Alhaarth(IRE)
0001157656,ピンストライプ,0000849057,バゴ(FR),0001100814,アバヤ(USA),0000342649,Nashwan(USA),0000337102,Storm Cat(USA)
0001123516,ピンゾロ,0000760877,アドマイヤムーン,0000730907,メイショウユウゼン,0000361855,エンドスウィープ(USA),0000287925,タイキシャトル(USA)
0001123391,ピンポン,0000722158,ハーツクライ,0000729632,ピアニスト,0000333862,サンデーサイレンス(USA),0000237704,ホワイトマズル(GB)
0001139976,ピークトラム,0000626923,チチカステナンゴ(FR),0000763028,タッチザピーク,0000361696,Smadoun(FR),0000293624,スペシャルウィーク
0000991318,ピースエンブレム,0000731452,ウォーエンブレム(USA),0000309182,ヴァンドノワール,0000362883,Our Emblem(USA),0000333887,ヘクタープロテクター(USA)
0000996172,ピースオブパワー,0000262443,フジキセキ,0000713932,タイキガイア(USA),0000333862,サンデーサイレンス(USA),0000336875,Phone Trick(USA)
0000995073,ピースオブラック,0000286968,ステイゴールド,0000619082,タイキフブキ,0000333862,サンデーサイレンス(USA),0000250204,タイキブリザード(USA)
0000736271,ピースオブラヴ,0000298971,マイネルラヴ(USA),0000281584,ピアラプソディ,0000337444,Seeking the Gold(USA),0000333844,ブライアンズタイム(USA)
0000702494,ピースオブワールド,0000333862,サンデーサイレンス(USA),0000263055,ビバムール(IRE),0000335154,Halo(USA),0000336202,Caerleon(USA)
0000209163,ピースキーパー,0000087290,ビンゴガルー,0000099709,アミーカマラード,0000333507,デユール(USA),0000029126,タニノチカラ
0000259569,ピースピース,0000333640,ブレイヴエストローマン(USA),0000070992,サワルビー,0000334001,Never Bend(USA),0000333403,ネルシウス(FR)
0001168430,ピースマインド,0000742976,ディープインパクト,0000701628,マイティーカラー,0000333862,サンデーサイレンス(USA),0000161740,トニービン(IRE)
0000128624,ピースメーカー,0000333299,テスコボーイ(GB),0000070889,グリーンモナーク,0000334436,Princely Gift(GB),0000333290,グレイモナーク(GB)
0001206373,ピースユニヴァース,0000996482,ロジユニヴァース,0001045359,ロジディオン,0000701577,ネオユニヴァース,0000617048,サニングデール
0001174470,ファイアクリスタル,0000701577,ネオユニヴァース,0001079620,ラスティックフレイム(IRE),0000333862,サンデーサイレンス(USA),0000362560,Danehill Dancer(IRE)
0001135936,ファイアーシチー,0000762497,オンファイア,0000439180,ケイエイローズ(USA),0000333862,サンデーサイレンス(USA),0000336883,Slew o' Gold(USA)
0000992347,ファイアーフロート,0000293624,スペシャルウィーク,0000321236,バーニングウッド(USA),0000333862,サンデーサイレンス(USA),0000361351,タバスコキャット(USA)
0000701558,ファイトクラブ,0000362583,Halling(USA),0000434134,ファンジカ(IRE),0000336499,Diesis(GB),0000336203,Law Society(USA)
0000303865,ファイトコマンダー,0000333894,コマンダーインチーフ(GB),0000219618,ロングチアーズ,0000336853,ダンシングブレーヴ(USA),0000147048,ミホシンザン
0000304007,ファイトバック,0000337421,アフリート(CAN),0000179874,ドリームオン,0000335975,Mr. Prospector(USA),0000069360,マルゼンスキー
0001109133,ファイナルフォーム,0000742976,ディープインパクト,0000746079,ファイナルデスティネーション(NZ),0000333862,サンデーサイレンス(USA),0000371697,O'Reilly(NZ)
0001089974,ファイヤー,0000324933,アグネスタキオン,0000310430,ホシノカミコウチ(USA),0000333862,サンデーサイレンス(USA),0000337445,Woodman(USA)
0000760700,ファイングレイン,0000262443,フジキセキ,0000321305,ミルグレイン(GB),0000333862,サンデーサイレンス(USA),0000342688,Polish Precedent(USA)
0001106937,ファインチョイス,0000760877,アドマイヤムーン,0000704565,アフレタータ,0000361855,エンドスウィープ(USA),0000287925,タイキシャトル(USA)
0001173702,ファインニードル,0000760877,アドマイヤムーン,0001021454,ニードルクラフト(IRE),0000361855,エンドスウィープ(USA),0000365110,Mark of Esteem(IRE)
0000994307,ファインビスティー,0000700008,シンボリクリスエス(USA),0000450729,マジックペイントブラッシュ(USA),0000336209,Kris S.(USA),0000339938,Pirate's Bounty(USA)
0000284554,ファインピーク,0000333818,シルヴアーヴオイス(USA),0000098791,クインズピーク,0000335164,The Minstrel(CAN),0000333498,イースタンフリート(USA)
0000704208,ファインモーション,0000337424,デインヒル(USA),0000408266,Cocotte(GB),0000336082,Danzig(USA),0000336179,Troy(GB)
0001209864,ファストアプローチ,0001194537,Dawn Approach(IRE),0001176207,ジョリージョコンド(IRE),0001051578,New Approach(IRE),0000341019,Marju(IRE)
0000620355,ファストタテヤマ,0000274883,ダンスインザダーク,0000190883,メインゲスト,0000333862,サンデーサイレンス(USA),0000333667,ターゴワイス(USA)
0001208272,ファストライフ,0000759900,スーパーホーネット,0001140378,トゥファーアウェイ,0000339534,ロドリゴデトリアーノ(USA),0000626923,チチカステナンゴ(FR)
0001000912,ファストロック,0000714421,ロックオブジブラルタル(IRE),0000768468,Alisidora(IRE),0000337424,デインヒル(USA),0000342649,Nashwan(USA)
0001094266,ファストワーカー,0000701577,ネオユニヴァース,0000717099,インターラプション(GB),0000333862,サンデーサイレンス(USA),0000347622,Zafonic(USA)
0001142123,ファソン,0000849057,バゴ(FR),0000994122,テツユックン,0000342649,Nashwan(USA),0000262443,フジキセキ
0001092303,ファタモルガーナ,0000742976,ディープインパクト,0000611534,タニノミラージュ,0000333862,サンデーサイレンス(USA),0000365099,エリシオ(FR)
0001191475,ファッショニスタ,0001031979,ストリートセンス(USA),0001113559,アクアリスト(GB),0000621983,Street Cry(IRE),0000368659,コロナドズクエスト(USA)
0000901678,ファド,0000372677,High Yield(USA),0000847880,セイントブルック(USA),0000337102,Storm Cat(USA),0000339631,Saint Ballado(CAN)
0001138982,ファドーグ,0000700008,シンボリクリスエス(USA),0000742744,ペニーホイッスル,0000336209,Kris S.(USA),0000333862,サンデーサイレンス(USA)
0000275882,ファニーストーリー,0000333802,サラ　グランドオペラ(USA),0000203713,ムードダンス,0000333996,Nijinsky(CAN),0000333672,サラ　ベストブラツド
0001174121,ファビラスヒーロー,0000375505,スウェプトオーヴァーボード(USA),0001046262,サトノサクラ,0000361855,エンドスウィープ(USA),0000700008,シンボリクリスエス(USA)
0000884634,ファビラスボーイ,0000325200,ジャングルポケット,0000275639,ファビラスラフイン(FR),0000161740,トニービン(IRE),0000336184,Fabulous Dancer(USA)
0000994230,ファミリズム,0000274883,ダンスインザダーク,0000444378,セニョラージェ(USA),0000333862,サンデーサイレンス(USA),0000336085,Nureyev(USA)
0000099361,ファランドール,0000333418,ルイスデール(GB),0000380751,ミスフアントム(GB),0000334055,Right Royal(FR),0000334522,Tamerlane(GB)
0001040074,ファリダット,0000347989,Kingmambo(USA),0000324472,ビリーヴ,0000335975,Mr. Prospector(USA),0000333862,サンデーサイレンス(USA)
0000804675,ファルカタリア,0000262443,フジキセキ,0000316287,ドライアッド,0000333862,サンデーサイレンス(USA),0000161740,トニービン(IRE)
0000626942,ファルブラヴ,0000337427,Fairy King(USA),0000627744,Gift of the Night(USA),0000334002,Northern Dancer(CAN),0000336745,Slewpy(USA)
0001219746,ファンタジスト,0001089850,ロードカナロア,0001090102,ディープインアスク,0000729458,キングカメハメハ,0000742976,ディープインパクト
0001191679,ファンディーナ,0000742976,ディープインパクト,0001157864,ドリームオブジェニー(FR),0000333862,サンデーサイレンス(USA),0000365118,Pivotal(GB)
0001103370,ファンデルワールス,0000725485,ダイワメジャー,0000308936,エアザイオン,0000333862,サンデーサイレンス(USA),0000336862,グルームダンサー(USA)
0000728101,ファントムスズカ,0000365074,Benny the Dip(USA),0000225881,ファンタジースズカ(IRE),0000336890,Silver Hawk(USA),0000336572,Sadler's Wells(USA)
0000765831,ファントムマスク,0000362799,フレンチデピュティ(USA),0000427850,Tappanzee(USA),0000338072,Deputy Minister(CAN),0000339900,Bet Big(USA)
0001103418,ファントムライト,0000339572,オペラハウス(GB),0000309134,マリーシャンタル,0000336572,Sadler's Wells(USA),0000333862,サンデーサイレンス(USA)
0001088141,ファントムロード,0000262443,フジキセキ,0000269265,ホクトペンダント,0000333862,サンデーサイレンス(USA),0000333769,パークリージエント(CAN)
0000726669,ファンドリゴールド,0000365099,エリシオ(FR),0000384036,ディマイング(USA),0000337427,Fairy King(USA),0000337444,Seeking the Gold(USA)
0000731205,ファンドリワールド,0000362626,Mutakddim(USA),0000731196,Ribbon Candi(USA),0000337444,Seeking the Gold(USA),0000343055,Candi's Gold(USA)
0001135518,ファーガソン,0000324971,マンハッタンカフェ,0000327991,シェアエレガンス,0000333862,サンデーサイレンス(USA),0000362599,ラムタラ(USA)
0000626354,ファーストグロース,0000237704,ホワイトマズル(GB),0000201384,スカイディクター,0000336853,ダンシングブレーヴ(USA),0000333600,ノーザンディクテイター(USA)
0001169882,ファータグリーン,0000611525,タニノギムレット,0000737513,レディーダービー,0000333844,ブライアンズタイム(USA),0000293624,スペシャルウィーク
0001096334,ファーマクリーム,0001039506,スニッツェル(AUS),0000762541,オーブシュプレーム,0000375619,Redoute's Choice(AUS),0000225628,サクラバクシンオー
0001096327,ファーマペニー,0000325200,ジャングルポケット,0000762452,ミスチバスペニー,0000161740,トニービン(IRE),0000302080,テイエムオペラオー
0001226824,フィアーノロマーノ,0001019761,Fastnet Rock(AUS),0001226639,Heart Ashley(USA),0000337424,デインヒル(USA),0000875857,Lion Heart(USA)
0001110959,フィエロ,0000742976,ディープインパクト,0001003724,ルビー(IRE),0000333862,サンデーサイレンス(USA),0000337424,デインヒル(USA)
0001204307,フィエールマン,0000742976,ディープインパクト,0000880159,リュヌドール(FR),0000333862,サンデーサイレンス(USA),0000361048,Green Tune(USA)
0000998984,フィックルベリー,0000342433,Cryptoclearance(USA),0000622153,フィックルフレンズ(USA),0000336225,Fappiano(USA),0000343242,Demons Begone(USA)
0000881395,フィッツロイ,0000309184,アドマイヤベガ,0000190937,アンデスレディー,0000333862,サンデーサイレンス(USA),0000333544,ノーザンテースト(CAN)
0001179437,フィドゥーシア,0000721553,Medaglia d'Oro(USA),0000324472,ビリーヴ,0000340508,El Prado(IRE),0000333862,サンデーサイレンス(USA)
0000807157,フィニステール,0000274883,ダンスインザダーク,0000439190,フィラストリート(USA),0000333862,サンデーサイレンス(USA),0000337423,Cozzene(USA)
0001204598,フィニフティ,0000742976,ディープインパクト,0000887005,ココシュニック,0000333862,サンデーサイレンス(USA),0000615577,クロフネ(USA)
0000997097,フィフスペトル,0000729458,キングカメハメハ,0000849411,ライラックレーン(USA),0000347989,Kingmambo(USA),0000362539,Bahri(USA)
0001129465,フィフティープルー,0000375296,Whiskey Wisdom(CAN),0000785798,Phi Beta(USA),0000336574,Wild Again(USA),0000340744,Horatius(USA)
0000796715,フィフティーワナー,0000621167,Fusaichi Pegasus(USA),0000439996,Heraklia(USA),0000335975,Mr. Prospector(USA),0000336421,Irish River(FR)
0000730335,フィヨルドクルーズ,0000333862,サンデーサイレンス(USA),0000448632,ライラアラウィ(IRE),0000335154,Halo(USA),0000337561,Mtoto(GB)
0000160869,フィルハーモニー,0000333684,ノノアルコ(USA),0000070586,マチカネノホシ,0000334378,Nearctic(CAN),0000333404,ステインテイノ(IRE)
0000728333,フィレンツェ,0000333862,サンデーサイレンス(USA),0000261386,フラワーパーク,0000335154,Halo(USA),0000129863,ニホンピロウイナー
0001107320,フィロパトール,0000325200,ジャングルポケット,0000709158,ワイルドリリー(USA),0000161740,トニービン(IRE),0000336574,Wild Again(USA)
0000730473,フィーユドゥレーヴ,0000333862,サンデーサイレンス(USA),0000284508,ランフォザドリーム,0000335154,Halo(USA),0000333707,リアルシヤダイ(USA)
0001138371,フィールザスマート,0000722797,ブラックタイド,0000731689,フィールザビュウ(USA),0000333862,サンデーサイレンス(USA),0000361724,Distant View(USA)
0000796723,フィールズオブオマー,0000344080,Rubiton(AUS),0000441733,Finneto(AUS),0000336808,Century(AUS),0000340282,Cerreto(GB)
0000762371,フィールドオアシス,0000262437,タヤスツヨシ,0000408848,フィールディ(IRE),0000333862,サンデーサイレンス(USA),0000334003,Northfields(USA)
0000759493,フィールドカイザー,0000369310,クロコルージュ(IRE),0000308186,シンモーション,0000337286,Rainbow Quest(USA),0000339534,ロドリゴデトリアーノ(USA)
0000617482,フィールドスパート,0000363038,Flying Spur(AUS),0000617406,Sawlah(GB),0000337424,デインヒル(USA),0000335911,Known Fact(USA)
0000760257,フィールドベアー,0000262443,フジキセキ,0000316518,シュガーキャンディ,0000333862,サンデーサイレンス(USA),0000161740,トニービン(IRE)
0000701861,フィールドマックス,0000337983,ポリッシュパトリオット(USA),0000191703,ジャンボアトラス,0000336082,Danzig(USA),0000114852,バンブーアトラス
0001124302,フィールドメジャー,0000725485,ダイワメジャー,0000743125,ギャラリートーク,0000333862,サンデーサイレンス(USA),0000333844,ブライアンズタイム(USA)
0000704266,フィールドラッキー,0000337692,Barathea(IRE),0000704238,We've Just Begun(USA),0000336572,Sadler's Wells(USA),0000343888,Huguenot(USA)
0000723203,フィールドルーキー,0000266932,ロイヤルタッチ,0000302121,オーゴンルーキー,0000333862,サンデーサイレンス(USA),0000333886,スキャン(USA)
0000734631,フィールドルージュ,0000369310,クロコルージュ(IRE),0000298204,メジロレーマー,0000337286,Rainbow Quest(USA),0000214492,リンドシェーバー(USA)
0000319105,フウモンジョー,0000337289,ジェイドハンター(USA),0000192852,チヤーミングスター,0000335975,Mr. Prospector(USA),0000115349,アスワン
0000723068,フウランジョー,0000337421,アフリート(CAN),0000209579,エプソムジョーオー,0000335975,Mr. Prospector(USA),0000129863,ニホンピロウイナー
0000876910,フェアジャグ,0000340198,Fayruz(GB),0000876908,Lominda(IRE),0000335151,Song(GB),0000336152,Lomond(USA)
0000379809,フェアブリーズ,0000333237,エイトラツクス(FR),0000005120,ゴールデンベル,0000334418,Pharis(FR),0000333194,トサミドリ
0000760506,フェイクフェイス,0000214562,スターオブコジーン(USA),0000319222,マヤノクリオネ,0000337423,Cozzene(USA),0000145106,サクラユタカオー
0000991163,フェイズシフト,0000225628,サクラバクシンオー,0000307822,レイオブライト,0000145106,サクラユタカオー,0000230809,ウイニングチケット
0001174312,フェイズベロシティ,0000729458,キングカメハメハ,0001049917,スペシャルグルーヴ,0000347989,Kingmambo(USA),0000293624,スペシャルウィーク
0000723787,フェイトトリックス,0000274883,ダンスインザダーク,0000384026,キトゥントリックス(USA),0000333862,サンデーサイレンス(USA),0000337102,Storm Cat(USA)
0001093512,フェイトフルウォー,0000286968,ステイゴールド,0000701657,フェートデュヴァン,0000333862,サンデーサイレンス(USA),0000203356,メジロマックイーン
0001138722,フェイマスエンド,0000616546,シルクフェイマス,0000736273,シルキーウィズ,0000256512,マーベラスサンデー,0000361855,エンドスウィープ(USA)
0001117634,フェイムゲーム,0000722158,ハーツクライ,0000247267,ホールオブフェーム,0000333862,サンデーサイレンス(USA),0000161734,アレミロード(USA)
0000888264,フェイムロバリー,0000333874,ジェイドロバリー(USA),0000325055,ファモーザ,0000335975,Mr. Prospector(USA),0000333862,サンデーサイレンス(USA)
0001043037,フェイルノート,0000700008,シンボリクリスエス(USA),0000297087,アズサユミ,0000336209,Kris S.(USA),0000333862,サンデーサイレンス(USA)
0000801177,フェザーケープ,0000294840,キングヘイロー,0000270557,エプソムティアラ,0000336853,ダンシングブレーヴ(USA),0000061253,トウシヨウボーイ
0001139943,フェスティヴイェル,0000700008,シンボリクリスエス(USA),0000762642,マクシマール,0000336209,Kris S.(USA),0000324933,アグネスタキオン
0001103140,フェスティヴタロー,0000619817,ローエングリン,0000304482,アドマイヤゴールド,0000263172,Singspiel(IRE),0000333850,マジックマイルズ(USA)
0001052584,フェデラリスト,0000749845,エンパイアメーカー(USA),0000262374,ダンスパートナー,0000340629,Unbridled(USA),0000333862,サンデーサイレンス(USA)
0001102430,フェデラルホール,0000286968,ステイゴールド,0000286869,オーバーザウォール,0000333862,サンデーサイレンス(USA),0000225905,ドクターデヴィアス(IRE)
0000807062,フェニコーン,0000324971,マンハッタンカフェ,0000430997,ソウスマッグ(USA),0000333862,サンデーサイレンス(USA),0000336085,Nureyev(USA)
0000880154,フェニックスリーチ,0000362527,Alhaarth(IRE),0000864939,Carroll's Canyon(IRE),0000342670,Unfuwain(USA),0000340506,Hatim(USA)
0001110458,フェノーメノ,0000286968,ステイゴールド,0000808412,ディラローシェ(IRE),0000333862,サンデーサイレンス(USA),0000337424,デインヒル(USA)
0001045115,フェブスカイ,0000359332,トワイニング(USA),0000325951,エイシンファンシー,0000337550,フォーティナイナー(USA),0000347983,テンビー(GB)
0000763907,フェミニンガール,0000347989,Kingmambo(USA),0000763770,Money Madam(USA),0000335975,Mr. Prospector(USA),0000339653,A.P. Indy(USA)
0000986504,フェラーリピサ,0000365218,Touch Gold(USA),0000840759,ドリータルボ(USA),0000338072,Deputy Minister(CAN),0000336568,Capote(USA)
0000742606,フェリシア,0000299089,グラスワンダー(USA),0000383880,フェルモイ(USA),0000336890,Silver Hawk(USA),0000336421,Irish River(FR)
0000316528,フェリシタル,0000161740,トニービン(IRE),0000247228,ツィンクルブライド,0000336378,カンパラ(GB),0000334968,Lyphard(USA)
0001118784,フェリーチェレガロ,0000324971,マンハッタンカフェ,0000298445,チャッターリップス,0000333862,サンデーサイレンス(USA),0000336348,リファーズウィッシュ(FR)
0001190666,フェルトベルク,0000722797,ブラックタイド,0001051761,プリンセスブルー,0000333862,サンデーサイレンス(USA),0000337958,Pulpit(USA)
0001135293,フェルメッツァ,0000742976,ディープインパクト,0000325096,スキッフル,0000333862,サンデーサイレンス(USA),0000161740,トニービン(IRE)
0001218300,フェルヴィード,0000287925,タイキシャトル(USA),0000994924,テーマソング,0000337092,Devil's Bag(USA),0000325200,ジャングルポケット
0000219432,フェローシップ,0000127142,ウインザーノツト,0000107508,メイワシヤーク,0000333257,パーソロン(IRE),0000333435,シルバーシヤーク(IRE)
0001106607,フェータルローズ,0000611525,タニノギムレット,0000701476,プリムローズイヴ,0000333844,ブライアンズタイム(USA),0000333862,サンデーサイレンス(USA)
0000989247,フォゲッタブル,0000274883,ダンスインザダーク,0000274849,エアグルーヴ,0000333862,サンデーサイレンス(USA),0000161740,トニービン(IRE)
0000728522,フォトジェニー,0000293624,スペシャルウィーク,0000384277,ブルーラスター(IRE),0000333862,サンデーサイレンス(USA),0000336085,Nureyev(USA)
0000256055,フォルクローレ,0000333603,ナイスダンサー(CAN),0000137038,アロープルメリア,0000334002,Northern Dancer(CAN),0000019148,アローエクスプレス
0001239514,フォルツァエフ,0001127396,Pioneerof the Nile(USA),0001212479,Painted Woman(USA),0000749845,エンパイアメーカー(USA),0000349487,Forest Wildcat(USA)
0000750240,フォルテベリーニ,0000333887,ヘクタープロテクター(USA),0000286795,エアベリーニ,0000337445,Woodman(USA),0000161740,トニービン(IRE)
0001173575,フォルテミノル,0001129430,ワークフォース(GB),0000998959,アヴェニューズレディ(USA),0000372784,キングズベスト(USA),0000341664,Avenue of Flags(USA)
0000997170,フォルミダービレ,0000729458,キングカメハメハ,0000899607,デイトナイト(USA),0000347989,Kingmambo(USA),0000349487,Forest Wildcat(USA)
0000737342,フォレストダンス,0000256512,マーベラスサンデー,0000233935,ピアファイヤー,0000333862,サンデーサイレンス(USA),0000336428,Fit to Fight(USA)
0001151979,フォワードカフェ,0000324971,マンハッタンカフェ,0000716585,ベストブート(USA),0000333862,サンデーサイレンス(USA),0000337918,Storm Boot(USA)
0001169126,フォンターナリーリ,0000615577,クロフネ(USA),0000725489,スカーレットベル,0000362799,フレンチデピュティ(USA),0000365099,エリシオ(FR)
0000899550,フォンテラ,0000899552,Kingsttenham(USA),0000899553,Garter Star(USA),0000336085,Nureyev(USA),0000899554,Diamante D.(GB)
0001108886,フォントルロイ,0000701668,ゼンノロブロイ,0000738328,レーゲンボーゲン,0000333862,サンデーサイレンス(USA),0000362799,フレンチデピュティ(USA)
0001095107,フォーエバーマーク,0000626942,ファルブラヴ(IRE),0000730771,リトミックダンス,0000337427,Fairy King(USA),0000274883,ダンスインザダーク
0001134627,フォーエバーモア,0000701577,ネオユニヴァース,0000310472,エターナルビート(USA),0000333862,サンデーサイレンス(USA),0000341593,Pentelicus(USA)
0000728165,フォーカルポイント,0000361855,エンドスウィープ(USA),0000232764,フォーカルプレーン,0000337550,フォーティナイナー(USA),0000333787,スプレンデイドモーメント(IRE)
0001171694,フォースリッチ,0001129430,ワークフォース(GB),0000808257,ヴァイスハイト,0000372784,キングズベスト(USA),0000309184,アドマイヤベガ
0000891281,フォーチュンワード,0000337848,デヒア(USA),0000702492,コパノオマモリ,0000338072,Deputy Minister(CAN),0000365099,エリシオ(FR)
0000884904,フォーティファイド,0000337550,フォーティナイナー(USA),0000281505,ファストフレンド,0000335975,Mr. Prospector(USA),0000196700,アイネスフウジン
0000800481,フォーミュラーワン,0000337550,フォーティナイナー(USA),0000258686,イサミサクラ,0000335975,Mr. Prospector(USA),0000196700,アイネスフウジン
0001167072,フォーリクラッセ,0000325200,ジャングルポケット,0000318005,ロスマリヌス,0000161740,トニービン(IRE),0000333862,サンデーサイレンス(USA)
0001173804,フォールインラブ,0001050184,ダノンシャンティ,0001037205,ショーコ(GB),0000262443,フジキセキ,0000339566,Efisio(GB)
0000992757,フォーレイカー,0000255813,マヤノトップガン,0000326145,ペリウィンクル,0000333844,ブライアンズタイム(USA),0000337550,フォーティナイナー(USA)
0000326432,フォーレルアゲイン,0000336880,シアトルダンサーⅡ(USA),0000235497,フオーレルスター,0000333996,Nijinsky(CAN),0000061253,トウシヨウボーイ
0000991900,フキラウソング,0000615577,クロフネ(USA),0000316490,ディアマンブルー,0000362799,フレンチデピュティ(USA),0000333862,サンデーサイレンス(USA)
0001164863,フギン,0001031979,ストリートセンス(USA),0001143492,アリアプーラ(AUS),0000621983,Street Cry(IRE),0000363038,Flying Spur(AUS)
0000613677,フクノアラシ,0000192966,サラ　ホークスター(USA),0000275829,アルゴンクイーン,0000336890,Silver Hawk(USA),0000061253,サラ　トウシヨウボーイ
0001187974,フクノクオリア,0000901749,キンシャサノキセキ(AUS),0000806167,ハロースピード,0000262443,フジキセキ,0000255813,マヤノトップガン
0001108098,フクノツール,0000702412,サクラプレジデント,0000729058,マキノコーラルシー,0000333862,サンデーサイレンス(USA),0000202371,イタリアンカラー
0001136227,フクノドリーム,0000719054,ヨハネスブルグ(USA),0000612974,キャニオンリリー,0000362819,ヘネシー(USA),0000333898,エルハーブ(USA)
0001102782,フクノハツヒメ,0000620083,アドマイヤマックス,0000296689,リトミコバンブー,0000333862,サンデーサイレンス(USA),0000114852,バンブーアトラス
0000853078,フサイチアウステル,0000369660,Stormin Fever(USA),0000851995,Gender War(USA),0000337102,Storm Cat(USA),0000335293,Green Dancer(USA)
0000886898,フサイチアソート,0000359332,トワイニング(USA),0000309212,アーネストデザイア,0000337550,フォーティナイナー(USA),0000333862,サンデーサイレンス(USA)
0000853090,フサイチアンテウス,0000337423,Cozzene(USA),0000617412,Spring Valley(USA),0000334731,Caro(IRE),0000336350,Affirmed(USA)
0000804695,フサイチオフトラ,0000287600,ブラックホーク(GB),0000316344,ダンシングサンデー,0000336085,Nureyev(USA),0000333862,サンデーサイレンス(USA)
0000325017,フサイチオーレ,0000333862,サンデーサイレンス(USA),0000411325,トリプルワウ(CAN),0000335154,Halo(USA),0000336028,Coastal(USA)
0000900060,フサイチギガダイヤ,0000337102,Storm Cat(USA),0000879960,Bless(USA),0000336177,Storm Bird(CAN),0000335975,Mr. Prospector(USA)
0000309167,フサイチゴールド,0000333544,ノーザンテースト(CAN),0000383561,パッショナリアⅡ(FR),0000334002,Northern Dancer(CAN),0000336137,Beldale Flutter(USA)
0000316566,フサイチジハード,0000333874,ジェイドロバリー(USA),0000383593,ベゴニア(USA),0000335975,Mr. Prospector(USA),0000335913,Plugged Nickle(USA)
0000762016,フサイチジャンク,0000333862,サンデーサイレンス(USA),0000383999,セトフローリアンⅡ(AUS),0000335154,Halo(USA),0000343950,Bellotto(USA)
0000196895,フサイチセブン,0000333697,ノーアテンシヨン(FR),0000098684,ウインラムン,0000335293,Green Dancer(USA),0000333371,セントクレスピン(GB)
0000995656,フサイチナガラガワ,0000701577,ネオユニヴァース,0000702473,ロイヤルペルラ,0000333862,サンデーサイレンス(USA),0000333844,ブライアンズタイム(USA)
0000762056,フサイチパンドラ,0000333862,サンデーサイレンス(USA),0000384041,ロッタレース(USA),0000335154,Halo(USA),0000336085,Nureyev(USA)
0000920285,フサイチピージェイ,0000369512,Awesome Again(CAN),0000899539,リアリーライジング(USA),0000338072,Deputy Minister(CAN),0000340624,For Really(USA)
0000761984,フサイチプルミエ,0000316550,フサイチソニック,0000383952,パーソナルファイル(IRE),0000337424,デインヒル(USA),0000336504,Private Account(USA)
0000803089,フサイチホウオー,0000325200,ジャングルポケット,0000298377,アドマイヤサンデー,0000161740,トニービン(IRE),0000333862,サンデーサイレンス(USA)
0000777074,フサイチホクトセイ,0000337496,Machiavellian(USA),0000763893,Brocatelle(GB),0000335975,Mr. Prospector(USA),0000336430,Green Desert(USA)
0000756823,フサイチミライ,0000361855,エンドスウィープ(USA),0000274954,フサイチヨーコ,0000337550,フォーティナイナー(USA),0000098122,アンバーシヤダイ
0000319223,フサイチユーキャン,0000333862,サンデーサイレンス(USA),0000150294,ロイヤルコスマー,0000335154,Halo(USA),0000333637,ロイヤルスキー(USA)
0000316465,フサイチランハート,0000333862,サンデーサイレンス(USA),0000262433,アンシャンテ,0000335154,Halo(USA),0000333707,リアルシヤダイ(USA)
0000759656,フサイチリシャール,0000615577,クロフネ(USA),0000309206,フサイチエアデール,0000362799,フレンチデピュティ(USA),0000333862,サンデーサイレンス(USA)
0000700205,フジサイレンス,0000262443,フジキセキ,0000236471,ダイワラブリー,0000333862,サンデーサイレンス(USA),0000069360,マルゼンスキー
0001091800,フジチャン,0000701577,ネオユニヴァース,0000384092,アイドリカ(GB),0000333862,サンデーサイレンス(USA),0000337286,Rainbow Quest(USA)
0000217848,フジノウェーブ,0000333697,ノーアテンシヨン(FR),0000099580,ビユリートウシヨウ,0000335293,Green Dancer(USA),0000333490,ノーレアセ(USA)
0000113241,フジノストロング,0000465031,アラ系　センジユスガタ,0000022454,クインミユキ,0000455697,アア　センジユ,0000003444,ハマノオー
0000283902,フジノセイガイハ,0000145106,サクラユタカオー,0000167427,フジノセイカイ,0000333299,テスコボーイ(GB),0000333582,コインドシルバー(USA)
0000033450,フジノタカネ,0000004057,アア　シユンエイ,0000000697,アア　インデアン,0000333115,サラ　ライジングフレーム(IRE),0000455582,アブラール(FR)
0000324189,フジノテンビー,0000347983,テンビー(GB),0000249174,ローズホーラー,0000336202,Caerleon(USA),0000061253,トウシヨウボーイ
0000736783,フジノハゴロモ,0000225628,サクラバクシンオー,0000384186,デヴィルズフラート(USA),0000145106,サクラユタカオー,0000337092,Devil's Bag(USA)
0001166549,フジマサアクトレス,0001046333,ヴィクトワールピサ,0000302129,ステファニーチャン,0000701577,ネオユニヴァース,0000347636,アーミジャー(GB)
0001107224,フジマサエンペラー,0000700008,シンボリクリスエス(USA),0000707795,チューニー,0000336209,Kris S.(USA),0000333862,サンデーサイレンス(USA)
0000317248,フジヤマデュラブ,0000333879,デュラブ(USA),0000241623,オオシマアルフィー,0000336769,Topsider(USA),0000130523,ミスターシービー
0000761885,フジヤマホーク,0000287600,ブラックホーク(GB),0000383822,オーナーズデライト(USA),0000336085,Nureyev(USA),0000339836,Gulch(USA)
0000882340,フジヤマラムセス,0000626942,ファルブラヴ(IRE),0000225139,ビューティーメイク,0000337427,Fairy King(USA),0000333707,リアルシヤダイ(USA)
0000992333,フミノイマージン,0000324971,マンハッタンカフェ,0000321154,シンコウイマージン(USA),0000333862,サンデーサイレンス(USA),0000336397,Dixieland Band(USA)
0000754548,フミノサチヒメ,0000287925,タイキシャトル(USA),0000241098,モリチヅル,0000337092,Devil's Bag(USA),0000333849,エブロス(USA)
0000728010,フミノトキメキ,0000274883,ダンスインザダーク,0000262278,ピカレスクノベル,0000333862,サンデーサイレンス(USA),0000333874,ジェイドロバリー(USA)
0000313430,フミノトップヒル,0000337424,デインヒル(USA),0000429030,リファン(CAN),0000336082,Danzig(USA),0000336225,Fappiano(USA)
0000730609,フミノバラード,0000287925,タイキシャトル(USA),0000429030,リファン(CAN),0000337092,Devil's Bag(USA),0000336225,Fappiano(USA)
0001103189,フミノポールスター,0000619768,ゴールドアリュール,0000305573,ピンクピンク,0000333862,サンデーサイレンス(USA),0000214492,リンドシェーバー(USA)
0001151693,フミノムーン,0000760877,アドマイヤムーン,0000704618,フミノシンデレラ,0000361855,エンドスウィープ(USA),0000361977,サンダーガルチ(USA)
0001046249,フミノヤマビコ,0000316266,アグネスフライト,0000429030,リファン(CAN),0000333862,サンデーサイレンス(USA),0000336225,Fappiano(USA)
0000753621,フュノンガルウ,0000299250,フィガロ(USA),0000224323,パーシャンスポット,0000405852,Future Storm(USA),0000151215,パーシヤンボーイ(GB)
0000703177,フューチャギャング,0000361977,サンダーガルチ(USA),0000225188,エルフィッシュ,0000339836,Gulch(USA),0000333707,リアルシヤダイ(USA)
0000317504,フューチャサンデー,0000333862,サンデーサイレンス(USA),0000218652,アスクローザ,0000335154,Halo(USA),0000333707,リアルシヤダイ(USA)
0001087284,フラアンジェリコ,0000701577,ネオユニヴァース,0000233038,カーリーエンジェル,0000333862,サンデーサイレンス(USA),0000333822,ジヤツジアンジエルーチ(USA)
0000325406,フライトソング,0000340457,アルカング(USA),0000225705,ファーストクラス,0000340193,Sagace(FR),0000061253,トウシヨウボーイ
0000999157,フライングアップル,0000337553,Rahy(USA),0000443980,ローザロバータ(USA),0000335274,Blushing Groom(FR),0000342626,Fire Maker(USA)
0001105316,フライングバルーン,0000619835,デュランダル,0000432750,フライングインザレーン(USA),0000333862,サンデーサイレンス(USA),0000343266,Flying Victor(USA)
0001183893,フラウティスタ,0000728492,カンパニー,0000298354,バプティスタ,0000298352,ミラクルアドマイヤ,0000333862,サンデーサイレンス(USA)
0001045009,フラガラッハ,0000619835,デュランダル,0000325096,スキッフル,0000333862,サンデーサイレンス(USA),0000161740,トニービン(IRE)
0001110796,フラゴリーネ,0000742976,ディープインパクト,0000899211,ゴレラ(FR),0000333862,サンデーサイレンス(USA),0000365098,Grape Tree Road(GB)
0000260662,フラッグシップ,0000161737,ムーンマツドネス(GB),0000189464,アセクション,0000333759,ヴイテイージ(FR),0000333722,ラシアンルーブル(USA)
0001152107,フラットライナーズ,0001025279,シニスターミニスター(USA),0000723120,アールデコ,0000369550,Old Trieste(USA),0000287925,タイキシャトル(USA)
0001205041,フラットレー,0000722158,ハーツクライ,0000978304,リッチダンサー(GB),0000333862,サンデーサイレンス(USA),0000362583,Halling(USA)
0000737957,フラップジャック,0000274883,ダンスインザダーク,0000275652,センプリーチェ(USA),0000333862,サンデーサイレンス(USA),0000341551,Dayjur(USA)
0000889511,フラミニアンウェイ,0000359332,トワイニング(USA),0000384080,ファニングザフレイム(IRE),0000337550,フォーティナイナー(USA),0000336447,Commanche Run(GB)
0001119740,フラムドグロワール,0000725485,ダイワメジャー,0000318070,シルクプリマドンナ,0000333862,サンデーサイレンス(USA),0000333844,ブライアンズタイム(USA)
0000757718,フラムドパシオン,0000615577,クロフネ(USA),0000286897,カーリーパッション,0000362799,フレンチデピュティ(USA),0000161740,トニービン(IRE)
0000223329,フラムドール,0000077996,ヤマニンスキー,0000127773,リツクサンサン,0000333996,Nijinsky(CAN),0000333472,ボールドリツク(USA)
0000742920,フラワリングバンク,0000225628,サクラバクシンオー,0000316589,バンクシアローズ,0000145106,サクラユタカオー,0000358543,カーネギー(IRE)
0000730801,フラワーサークル,0000225628,サクラバクシンオー,0000180572,レッドパメラ,0000145106,サクラユタカオー,0000069360,マルゼンスキー
0000326611,フラワーチャンプ,0000262443,フジキセキ,0000241508,キタノファンタジー,0000333862,サンデーサイレンス(USA),0000333722,ラシアンルーブル(USA)
0001186938,フラワープレミア,0000993502,アンライバルド,0000752924,トミケンソリッド,0000701577,ネオユニヴァース,0000333894,コマンダーインチーフ(GB)
0001090061,フラワーロック,0000313435,アッミラーレ,0000313263,カシオペアレディ,0000333862,サンデーサイレンス(USA),0000337424,デインヒル(USA)
0000708047,フランキーボーイ,0000179021,サツカーボーイ,0000202888,フジノルージユ,0000333664,デイクタス(FR),0000069360,マルゼンスキー
0001206975,フランツ,0000742976,ディープインパクト,0001088755,ロベルタ,0000333862,サンデーサイレンス(USA),0000333844,ブライアンズタイム(USA)
0000807282,フリオーソ,0000333844,ブライアンズタイム(USA),0000450366,ファーザ(USA),0000335167,Roberto(USA),0000335975,Mr. Prospector(USA)
0000988099,フリソ,0000619768,ゴールドアリュール,0000246000,ナカミファンタジア,0000333862,サンデーサイレンス(USA),0000333665,モガミ(FR)
0001137971,フリュクティドール,0000722797,ブラックタイド,0000726646,パラダイスチェリー,0000333862,サンデーサイレンス(USA),0000337550,フォーティナイナー(USA)
0000723808,フリークオブダンス,0000274883,ダンスインザダーク,0000250119,キャピタルスルー(USA),0000333862,サンデーサイレンス(USA),0000336839,Star de Naskra(USA)
0001107470,フリーダムシチー,0000620083,アドマイヤマックス,0000722477,アスール,0000333862,サンデーサイレンス(USA),0000337550,フォーティナイナー(USA)
0000769599,フリーダムホーク,0000336869,Lear Fan(USA),0000766314,Bin Sweet(USA),0000335167,Roberto(USA),0000339755,Binalong(USA)
0000742958,フリートアピール,0000337421,アフリート(CAN),0000611064,コープランズナニー(USA),0000335975,Mr. Prospector(USA),0000336427,Copelan(USA)
0001111255,フリートストリート,0001031979,ストリートセンス(USA),0001037139,ジェニーリンド(GB),0000621983,Street Cry(IRE),0000263172,Singspiel(IRE)
0000750654,フリートストリートダンサー,0000365210,Smart Strike(CAN),0000404650,Street Ballet(USA),0000335975,Mr. Prospector(USA),0000333996,Nijinsky(CAN)
0001002330,フリードニア,0000340074,Selkirk(USA),0000898116,フォレストレイン(FR),0000336086,Sharpen Up(GB),0000336202,Caerleon(USA)
0001173478,フリームーヴメント,0000804714,ドリームジャーニー,0000996155,コイクレナイ,0000286968,ステイゴールド,0000287925,タイキシャトル(USA)
0000168917,フルアクセル,0000333637,ロイヤルスキー(USA),0000097265,シユンイチハード,0000334746,Raja Baba(USA),0000029456,ナオキ
0000728623,フルオブファイト,0000333901,ティンバーカントリー(USA),0000298364,プリンセスバトル,0000337445,Woodman(USA),0000333544,ノーザンテースト(CAN)
0000708858,フルブラスト,0000337550,フォーティナイナー(USA),0000384305,エヴァソーライトリー(USA),0000335975,Mr. Prospector(USA),0000333996,Nijinsky(CAN)
0001128934,フルーキー,0000375619,Redoute's Choice(AUS),0000762581,サンデースマイルⅡ(GB),0000337424,デインヒル(USA),0000333862,サンデーサイレンス(USA)
0000701586,フルーツマシン,0000333894,コマンダーインチーフ(GB),0000247243,メローフルーツ,0000336853,ダンシングブレーヴ(USA),0000335154,Halo(USA)
0001139925,フルールシチー,0000225628,サクラバクシンオー,0000762565,ブーケティアラ,0000145106,サクラユタカオー,0000324933,アグネスタキオン
0000728366,フレアリングベスト,0000237704,ホワイトマズル(GB),0000294181,フレアリングセレス,0000336853,ダンシングブレーヴ(USA),0000201489,メジロライアン
0001108165,フレイムオブピース,0000731452,ウォーエンブレム(USA),0000729807,ブローザキャンドル,0000362883,Our Emblem(USA),0000333862,サンデーサイレンス(USA)
0001107076,フレイムコード,0000262437,タヤスツヨシ,0000706045,シマノラピス,0000333862,サンデーサイレンス(USA),0000339572,オペラハウス(GB)
0001092187,フレイムヘイロー,0000294840,キングヘイロー,0000446050,キュートネスⅡ(USA),0000336853,ダンシングブレーヴ(USA),0000337550,フォーティナイナー(USA)
0001189028,フレスコパスト,0001099904,コンデュイット(IRE),0000899504,ダフィーナ(IRE),0000745340,Dalakhani(IRE),0000337561,Mtoto(GB)
0000614951,フレノキャプテン,0000337446,サンシャインフォーエヴァー(USA),0000275350,イブキラッキーデイ(USA),0000335167,Roberto(USA),0000337441,ポリッシュネイビー(USA)
0000728157,フレンチアイディア,0000333862,サンデーサイレンス(USA),0000384155,フェンジー(FR),0000335154,Halo(USA),0000342252,Saumarez(GB)
0001095154,フレンチカクタス,0000287925,タイキシャトル(USA),0000731227,ブラッシュウィズテキーラ(USA),0000337092,Devil's Bag(USA),0000343734,Broad Brush(USA)
0000305789,フレンチパッション,0000225628,サクラバクシンオー,0000156281,フレンチハツピー,0000145106,サクラユタカオー,0000333578,ジムフレンチ(USA)
0000750375,フレンチビキニ,0000333862,サンデーサイレンス(USA),0000384155,フェンジー(FR),0000335154,Halo(USA),0000342252,Saumarez(GB)
0001095869,フレンチボウ,0000237704,ホワイトマズル(GB),0000750300,マニフィカート,0000336853,ダンシングブレーヴ(USA),0000293624,スペシャルウィーク
0000994448,フレンドケント,0000365159,チーフベアハート(CAN),0000612084,キロロプラム,0000337339,Chief's Crown(USA),0000336880,シアトルダンサーⅡ(USA)
0001092736,フレンドサンポウ,0000294840,キングヘイロー,0000616144,ファンシーディナー,0000336853,ダンシングブレーヴ(USA),0000243723,サクラローレル
0001172016,フレンドミラクル,0000849057,バゴ(FR),0000883600,タツキセキ,0000342649,Nashwan(USA),0000262443,フジキセキ
0000305685,フレンドリーエース,0000166681,タマモクロス,0000197215,スリーキャッスル,0000082169,シービークロス,0000069360,マルゼンスキー
0000737071,フレンドリーステラ,0000361351,タバスコキャット(USA),0000383869,マキーナ(GB),0000337102,Storm Cat(USA),0000337496,Machiavellian(USA)
0000990980,フレンドリードレス,0000309103,ブラックタキシード,0000305685,フレンドリーエース,0000333862,サンデーサイレンス(USA),0000166681,タマモクロス
0001108854,フレージャパン,0000333844,ブライアンズタイム(USA),0000737978,ジョウノビクトリア,0000335167,Roberto(USA),0000333862,サンデーサイレンス(USA)
0001094192,フレールジャック,0000742976,ディープインパクト,0000709103,ハルーワソング(USA),0000333862,サンデーサイレンス(USA),0000336085,Nureyev(USA)
0001126701,フロアクラフト,0000262443,フジキセキ,0000978304,リッチダンサー(GB),0000333862,サンデーサイレンス(USA),0000362583,Halling(USA)
0000985285,フロストジャイアン,0000372708,Giant's Causeway(USA),0000843959,Takesmybreathaway(USA),0000337102,Storm Cat(USA),0000337432,Gone West(USA)
0000202331,フロムマイハート,0000333703,マタボーイ(GB),0000104253,マイソロン,0000335306,Music Boy(GB),0000333257,パーソロン(IRE)
0001202126,フロリアヌス,0000619817,ローエングリン,0000725853,マルカフローリアン,0000263172,Singspiel(IRE),0000333862,サンデーサイレンス(USA)
0001157389,フロレットアレー,0000742976,ディープインパクト,0001050267,ブルーミングアレー,0000333862,サンデーサイレンス(USA),0000700008,シンボリクリスエス(USA)
0000058294,フロンテアクイーン,0000333293,フイダルゴ(GB),0000009979,シレトコノウミ,0000334962,Arctic Star(GB),0000333220,ガルカドール(FR)
0001200835,フロンティア,0000725485,ダイワメジャー,0000325091,グレースランド,0000333862,サンデーサイレンス(USA),0000161740,トニービン(IRE)
0000883241,フローテーション,0000293624,スペシャルウィーク,0000247299,ダイイチフローネ,0000333862,サンデーサイレンス(USA),0000333707,リアルシヤダイ(USA)
0001045335,フローライゼ,0000318327,ニューイングランド,0000327810,サンデープレゼント,0000333862,サンデーサイレンス(USA),0000225628,サクラバクシンオー
0000804201,フローラルカーヴ,0000324933,アグネスタキオン,0000310355,インディアナカーヴ(USA),0000333862,サンデーサイレンス(USA),0000339653,A.P. Indy(USA)
0001204815,フローラルシトラス,0000901749,キンシャサノキセキ(AUS),0000890048,ケイティマイヒメ,0000262443,フジキセキ,0000368659,コロナドズクエスト(USA)
0000742740,フローラルパレス,0000333862,サンデーサイレンス(USA),0000261386,フラワーパーク,0000335154,Halo(USA),0000129863,ニホンピロウイナー
0001094639,フロールジェナ,0000620083,アドマイヤマックス,0000725568,アドマイヤセレッソ,0000333862,サンデーサイレンス(USA),0000243723,サクラローレル
0001152336,フローレスダンサー,0001115148,ハービンジャー(GB),0000726398,ダンスインザムード,0000372531,Dansili(GB),0000333862,サンデーサイレンス(USA)
0001185754,フローレスマジック,0000742976,ディープインパクト,0000719406,マジックストーム(USA),0000333862,サンデーサイレンス(USA),0000337102,Storm Cat(USA)
0001044812,フーガフューグ,0000324971,マンハッタンカフェ,0000323536,セタガヤウタヒメ,0000333862,サンデーサイレンス(USA),0000249114,ナリタブライアン
0000458423,フーバーダム,0000001856,ケンチドリ,0000456345,昇舞,0000333159,サラ　大鵬,0000466700,アラ　白雪
0000384075,フーラブライド,0000337906,Hula Town(NZ),0000397236,Solitary Flight(NZ),0000336557,Sir Tristram(IRE),0000353133,The Expatriate(IRE)
0001047184,ブイコナン,0000274915,フサイチコンコルド,0000618120,ブイルージュ,0000336202,Caerleon(USA),0000342675,ウォーニング(GB)
0000884006,ブイチャレンジ,0000333886,スキャン(USA),0000263085,ニシノフォルテ(USA),0000335975,Mr. Prospector(USA),0000342372,ブラッシングジョン(USA)
0000616873,ブイヤマト,0000342675,ウォーニング(GB),0000225129,ロマンスレディー,0000335911,Known Fact(USA),0000334731,Caro(IRE)
0000707557,ブイロッキー,0000262275,ジェニュイン,0000293383,アシヤマダム,0000333862,サンデーサイレンス(USA),0000333722,ラシアンルーブル(USA)
0000989286,ブエナビスタ,0000293624,スペシャルウィーク,0000275176,ビワハイジ,0000333862,サンデーサイレンス(USA),0000336202,Caerleon(USA)
0000799944,ブチカマシ,0000309103,ブラックタキシード,0000247474,ランズランサー,0000333862,サンデーサイレンス(USA),0000333719,ランズダーン(USA)
0001149492,ブチコ,0000729458,キングカメハメハ,0000309095,シラユキヒメ,0000347989,Kingmambo(USA),0000333862,サンデーサイレンス(USA)
0000734037,ブライアンスキー,0000253850,フサイチブライアン,0000328553,ナイスエンジェル,0000333844,ブライアンズタイム(USA),0000274883,ダンスインザダーク
0000616540,ブライアンズイブ,0000333844,ブライアンズタイム(USA),0000295338,シーヴィーナス,0000335167,Roberto(USA),0000341551,Dayjur(USA)
0001108256,ブライアンズオーラ,0000333844,ブライアンズタイム(USA),0000730753,イリゼ,0000335167,Roberto(USA),0000361855,エンドスウィープ(USA)
0000616561,ブライアンズレター,0000249114,ナリタブライアン,0000214511,パーソナルレター(USA),0000333844,ブライアンズタイム(USA),0000335975,Mr. Prospector(USA)
0000180087,ブライダルベール,0000058685,グリーングラス,0000079572,フラワーベル,0000333376,インターメゾ(GB),0000333369,フロリバンダ(GB)
0000886458,ブライティアカペラ,0000365330,ボストンハーバー(USA),0000305061,ウェディングタンゴ,0000336568,Capote(USA),0000161740,トニービン(IRE)
0000882399,ブライティアパルス,0000318739,ダイタクリーヴァ,0000225831,ストームサンデー(USA),0000262443,フジキセキ,0000336177,Storm Bird(CAN)
0000739198,ブライティアベスト,0000337436,ラストタイクーン(IRE),0000261447,メローブライティア,0000336129,トライマイベスト(USA),0000337570,Fools Holme(USA)
0000995277,ブライトアイザック,0000293624,スペシャルウィーク,0000622223,ラブイズトゥルー,0000333862,サンデーサイレンス(USA),0000337550,フォーティナイナー(USA)
0001122019,ブライトアイディア,0000619768,ゴールドアリュール,0000701628,マイティーカラー,0000333862,サンデーサイレンス(USA),0000161740,トニービン(IRE)
0001155603,ブライトエンブレム,0000701577,ネオユニヴァース,0000886892,ブラックエンブレム,0000333862,サンデーサイレンス(USA),0000731452,ウォーエンブレム(USA)
0000731381,ブライトスカイ,0000347625,Wolfhound(USA),0000432223,Bright Moon(USA),0000336085,Nureyev(USA),0000337283,Alysheba(USA)
0000046035,ブライトチェリー,0000010552,サラ　ヒロイサミ,0000453440,クラユー,0000333448,スカイマスター(IRE),0000000361,サラ　トサホマレ
0000742715,ブライトトゥモロー,0000362799,フレンチデピュティ(USA),0000247097,ポピーデイ,0000338072,Deputy Minister(CAN),0000161740,トニービン(IRE)
0001153299,ブライトバローズ,0000729458,キングカメハメハ,0000743043,ジェダイト,0000347989,Kingmambo(USA),0000333862,サンデーサイレンス(USA)
0000245303,ブライトボーイ,0000333753,パーフライト(USA),0000080269,マチカネハツユキ,0000334720,In Reality(USA),0000333254,ネヴアービート(GB)
0000112497,ブライトムーン,0000455822,ホワールウインド,0000464461,ノオモテホマレ,0000006085,サラ　ハクシヨウ,0000455756,エルシド(FR)
0000066276,ブライトライン,0000455833,アア　ハマニシキ,0000461682,アア　カネカエデ,0000003444,ハマノオー,0000000607,ロツクワイ
0001190750,ブライトンロック,0000620927,ストーミングホーム(GB),0001085402,クイーンオブナプレス(GB),0000337496,Machiavellian(USA),0000263172,Singspiel(IRE)
0000317784,ブラウンシャトレー,0000333749,ナグルスキー(CAN),0000248657,マルカート,0000333996,Nijinsky(CAN),0000333762,ゲイメセン(USA)
0000331145,ブラウンライアン,0000237622,キョウワアリシバ(USA),0000232352,ユキノサファイヤ,0000337283,Alysheba(USA),0000125682,メジロモンスニー
0000613320,ブラウンワイルド,0000098122,アンバーシヤダイ,0000383432,イノバートリス(USA),0000333544,ノーザンテースト(CAN),0000336574,Wild Again(USA)
0000309010,ブラザータイクーン,0000161740,トニービン(IRE),0000382926,ビユーパーダンス(USA),0000336378,カンパラ(GB),0000334968,Lyphard(USA)
0000995399,ブラストクロノス,0000729458,キングカメハメハ,0000634726,レディテルライド(USA),0000347989,Kingmambo(USA),0000339653,A.P. Indy(USA)
0000885410,ブラストダッシュ,0000339572,オペラハウス(GB),0000290656,カルメン,0000336572,Sadler's Wells(USA),0000098122,アンバーシヤダイ
0001208511,ブラストワンピース,0001115148,ハービンジャー(GB),0001093105,ツルマルワンピース,0000372531,Dansili(GB),0000729458,キングカメハメハ
0001208355,ブラゾンダムール,0000742976,ディープインパクト,0001157822,メダリアダムール(USA),0000333862,サンデーサイレンス(USA),0000721553,Medaglia d'Oro(USA)
0001151777,ブラゾンドゥリス,0000321265,ノボジャック(USA),0000705960,ブライアンズソノ,0000362799,フレンチデピュティ(USA),0000255813,マヤノトップガン
0000742723,ブラックアルタイル,0000309184,アドマイヤベガ,0000383590,ブライダルディナー(USA),0000333862,サンデーサイレンス(USA),0000336883,Slew o' Gold(USA)
0000886892,ブラックエンブレム,0000731452,ウォーエンブレム(USA),0000309182,ヴァンドノワール,0000362883,Our Emblem(USA),0000333887,ヘクタープロテクター(USA)
0001186664,ブラックオニキス,0000722797,ブラックタイド,0000738713,ラリマー,0000333862,サンデーサイレンス(USA),0000365159,チーフベアハート(CAN)
0000804705,ブラックオリーブ,0000293624,スペシャルウィーク,0000316379,オリーブクラウン,0000333862,サンデーサイレンス(USA),0000225905,ドクターデヴィアス(IRE)
0001135063,ブラックカイト,0000722797,ブラックタイド,0000319636,エアマディーナ,0000333862,サンデーサイレンス(USA),0000161740,トニービン(IRE)
0000701455,ブラックカフェ,0000333862,サンデーサイレンス(USA),0000432174,アドマイス(FR),0000335154,Halo(USA),0000336571,Highest Honor(FR)
0001192079,ブラックギムレット,0000611525,タニノギムレット,0000886236,シチリアーナ,0000333844,ブライアンズタイム(USA),0000292180,メイショウオウドウ
0001153060,ブラッククローバー,0000325200,ジャングルポケット,0000736853,パリスセイリュウ,0000161740,トニービン(IRE),0000225628,サクラバクシンオー
0000263545,ブラックコンドル,0000077016,サラ　サクラシヨウリ,0000464678,ミスフロルア,0000333257,パーソロン(IRE),0000455893,フロルア(FR)
0000888397,ブラックシェル,0000615577,クロフネ(USA),0000326014,オイスターチケット,0000362799,フレンチデピュティ(USA),0000230809,ウイニングチケット
0000752798,ブラックシャドウ,0000316565,アドマイヤボス,0000209481,トーヨーラクーン,0000333862,サンデーサイレンス(USA),0000336430,Green Desert(USA)
0000802601,ブラックシャンツェ,0000309103,ブラックタキシード,0000292386,シノギトップ,0000333862,サンデーサイレンス(USA),0000333881,ガダボート(USA)
0001177818,ブラックステアマウンテン,0000360685,Imperial Ballet(IRE),0001177817,Sixhills(FR),0000336572,Sadler's Wells(USA),0000352474,Sabrehill(USA)
0001191241,ブラックスビーチ,0000742976,ディープインパクト,0001100858,ビジュアルショック(USA),0000333862,サンデーサイレンス(USA),0000347989,Kingmambo(USA)
0001173447,ブラックスピネル,0000611525,タニノギムレット,0000995581,モルガナイト,0000333844,ブライアンズタイム(USA),0000321138,アグネスデジタル(USA)
0000722797,ブラックタイド,0000333862,サンデーサイレンス(USA),0000430846,ウインドインハーヘア(IRE),0000335154,Halo(USA),0000339659,Alzao(USA)
0001220261,ブラックダンサー,0000722797,ブラックタイド,0001099006,クーリドフレイズ,0000333862,サンデーサイレンス(USA),0000372708,Giant's Causeway(USA)
0000759783,ブラックチーター,0000333862,サンデーサイレンス(USA),0000310471,ゴールドティアラ(USA),0000335154,Halo(USA),0000337444,Seeking the Gold(USA)
0001155476,ブラックバゴ,0000849057,バゴ(FR),0000885046,ステイウィズユー,0000342649,Nashwan(USA),0000286968,ステイゴールド
0000900067,ブラックバースピン,0000719073,Put It Back(USA),0000750788,Pleasant Dixie(USA),0000362822,Honour and Glory(USA),0000336397,Dixieland Band(USA)
0000327528,ブラックパワー,0000182480,アサティス(USA),0000229892,ベレッサ,0000336769,Topsider(USA),0000161734,アレミロード(USA)
0000615070,ブラックファーム,0000337441,ポリッシュネイビー(USA),0000245992,ブラッククイン,0000336082,Danzig(USA),0000149022,ブラツクスキー
0001134065,ブラックヘブン,0001085636,パイロ(USA),0000295362,トロピカルシルキー,0000337958,Pulpit(USA),0000182482,Alwuhush(USA)
0000724476,ブラックヘリオス,0000347983,テンビー(GB),0000281251,ゴールデンマックス,0000336202,Caerleon(USA),0000342686,ツータイミング(USA)
0000802725,ブラックムーン,0000309103,ブラックタキシード,0000293944,ヒガシサファイヤ,0000333862,サンデーサイレンス(USA),0000333890,クリミナルタイプ(USA)
0000760283,ブラックランナー,0000615577,クロフネ(USA),0000316770,ビクトリアスズラン,0000362799,フレンチデピュティ(USA),0000333862,サンデーサイレンス(USA)
0000255586,ブラックレディ,0000115349,アスワン,0000190741,スイートキツス,0000333544,ノーザンテースト(CAN),0000333731,ストラダビンスキー(IRE)
0001185547,ブラックロード,0000700008,シンボリクリスエス(USA),0000704820,アドマイヤアイドル,0000336209,Kris S.(USA),0000333844,ブライアンズタイム(USA)
0001391026,ブラッドバローズ,0001215724,サートゥルナーリア,0001184727,パールズシャイン,0001089850,ロードカナロア,0000742976,ディープインパクト
0000888882,ブラボーデイジー,0000615577,クロフネ(USA),0000329948,ブラボーサンライズ,0000362799,フレンチデピュティ(USA),0000333862,サンデーサイレンス(USA)
0001170711,ブランシェクール,0000725485,ダイワメジャー,0000761743,モンプティクール,0000333862,サンデーサイレンス(USA),0000615577,クロフネ(USA)
0001102620,ブランダムール,0000308300,アドマイヤコジーン,0000292441,ウッディークー,0000337423,Cozzene(USA),0000337445,Woodman(USA)
0000316584,ブランディス,0000225628,サクラバクシンオー,0000225234,メゾンブランシュ,0000145106,サクラユタカオー,0000335203,Alleged(USA)
0001156958,ブランドベルグ,0000701577,ネオユニヴァース,0001032688,ウィンドハック(GER),0000333862,サンデーサイレンス(USA),0000225910,Platini(GER)
0001142169,ブランネージュ,0000700008,シンボリクリスエス(USA),0000995120,シナノネージュ,0000336209,Kris S.(USA),0000362799,フレンチデピュティ(USA)
0001044227,ブランビーブラック,0000337421,アフリート(CAN),0000315504,サブノアフロディア,0000335975,Mr. Prospector(USA),0000262443,フジキセキ
0000703570,ブランピュール,0000098122,アンバーシヤダイ,0000273899,パウダースノー,0000333544,ノーザンテースト(CAN),0000333886,スキャン(USA)
0001173486,ブランボヌール,0000742976,ディープインパクト,0000996247,ルシュクル,0000333862,サンデーサイレンス(USA),0000225628,サクラバクシンオー
0001205410,ブランモンストル,0001089850,ロードカナロア,0000991848,クレバークリス,0000729458,キングカメハメハ,0000615577,クロフネ(USA)
0000302767,ブラヴィッシモ,0000333874,ジェイドロバリー(USA),0000254916,ブレストゥセレス,0000335975,Mr. Prospector(USA),0000333768,スルーザドラゴン(USA)
0001168210,ブリガアルタ,0001099904,コンデュイット(IRE),0000620152,ブリガドーン,0000745340,Dalakhani(IRE),0000333862,サンデーサイレンス(USA)
0000620152,ブリガドーン,0000333862,サンデーサイレンス(USA),0000384139,メインスルー(USA),0000335154,Halo(USA),0000336883,Slew o' Gold(USA)
0001151229,ブリクスト,0000626923,チチカステナンゴ(FR),0000620129,プロミストスパーク,0000361696,Smadoun(FR),0000262443,フジキセキ
0000061519,ブリザード,0000333325,アザーストーンウツド(GB),0000024519,マグノリア,0000334150,Buisson Ardent(FR),0000333286,インデイアナ(GB)
0001107370,ブリスアウト,0000324933,アグネスタキオン,0000714266,シーキングマイラブ(USA),0000333862,サンデーサイレンス(USA),0000337444,Seeking the Gold(USA)
0000634445,ブリストルパリ,0000337417,Bering(GB),0000398061,Atlantic Blue(USA),0000336088,Arctic Tern(USA),0000336085,Nureyev(USA)
0000724548,ブリッコーネ,0000361855,エンドスウィープ(USA),0000262303,サイレントプレアー,0000337550,フォーティナイナー(USA),0000333862,サンデーサイレンス(USA)
0000899772,ブリッシュラック,0000341457,ロイヤルアカデミーⅡ(USA),0000899773,Wild Vintage(USA),0000333996,Nijinsky(CAN),0000337283,Alysheba(USA)
0001106398,ブリッジクライム,0000701668,ゼンノロブロイ,0000626076,リーチマイハーバー(USA),0000333862,サンデーサイレンス(USA),0000365330,ボストンハーバー(USA)
0000990634,ブリッツェン,0000293624,スペシャルウィーク,0000299376,レディストロベリー(IRE),0000333862,サンデーサイレンス(USA),0000336202,Caerleon(USA)
0000612868,ブリットレーン,0000243723,サクラローレル,0000177165,シヨウワハナミ,0000337286,Rainbow Quest(USA),0000068657,サンシヤインボーイ
0000802983,ブリトマルティス,0000293624,スペシャルウィーク,0000297095,アマートベン,0000333862,サンデーサイレンス(USA),0000201489,メジロライアン
0000734080,ブリトン,0000243723,サクラローレル,0000283807,スイートバンブー,0000337286,Rainbow Quest(USA),0000333886,スキャン(USA)
0001126109,ブリュネット,0000725485,ダイワメジャー,0000853221,レディカーニバル,0000333862,サンデーサイレンス(USA),0000372708,Giant's Causeway(USA)
0001119415,ブリリアントアスク,0000701577,ネオユニヴァース,0000313697,マーズプリンセス,0000333862,サンデーサイレンス(USA),0000337424,デインヒル(USA)
0000295134,ブリリアントロード,0000333844,ブライアンズタイム(USA),0000145868,マリーテイステイ,0000335167,Roberto(USA),0000333544,ノーザンテースト(CAN)
0001154131,ブルックデイル,0000729458,キングカメハメハ,0000762488,マンハッタンセレブ,0000347989,Kingmambo(USA),0000333862,サンデーサイレンス(USA)
0001149689,ブルドッグボス,0000725485,ダイワメジャー,0000315231,リファールカンヌ,0000333862,サンデーサイレンス(USA),0000337424,デインヒル(USA)
0001213835,ブルベアオーロ,0000901749,キンシャサノキセキ(AUS),0000314137,ジャックカガヤキ,0000262443,フジキセキ,0000337424,デインヒル(USA)
0001190861,ブルベアバブーン,0000372825,プリサイスエンド(USA),0001089341,シルクヴェルサイユ,0000361855,エンドスウィープ(USA),0000293624,スペシャルウィーク
0001152299,ブルミラコロ,0000901749,キンシャサノキセキ(AUS),0000725780,キングスミール,0000262443,フジキセキ,0000337450,Theatrical(IRE)
0001048509,ブルロック,0000293624,スペシャルウィーク,0000713928,タイキアプローズ(USA),0000333862,サンデーサイレンス(USA),0000337092,Devil's Bag(USA)
0000112686,ブルーアイ,0000032819,タイムライン,0000046037,タマノマーシヤル,0000455785,タガミホマレ,0000333297,サラ　ベンマーシヤル(GB)
0000738763,ブルーアルパイン,0000250204,タイキブリザード(USA),0000245780,スコールハート,0000335964,Seattle Slew(USA),0000333608,ミルジヨージ(USA)
0000707129,ブルーイレヴン,0000179021,サツカーボーイ,0000233565,ヘイアンリリー,0000333664,デイクタス(FR),0000140567,シンボリルドルフ
0000306792,ブルーエンプレス,0000262443,フジキセキ,0000156726,ヤマサンヒノデ,0000333862,サンデーサイレンス(USA),0000333634,ソーブレスド(GB)
0001173777,ブルーオリエント,0000369358,ワイルドラッシュ(USA),0001032863,ピサノレインボー(GB),0000336574,Wild Again(USA),0000337286,Rainbow Quest(USA)
0000009036,ブルーグラス,0000002887,カンダオー,0000456615,クニミヤ,0000333104,サラ　ホウシユウ,0000333129,サラ　フジミヤ
0000257305,ブルーコンコルド,0000333727,ジヨンデコーム(GB),0000182016,ブルーミスブライト,0000335902,Moulton(GB),0000333699,ブライトフイニツシユ(USA)
0000611809,ブルーショットガン,0000225628,サクラバクシンオー,0000272448,オギブルービーナス,0000145106,サクラユタカオー,0000179892,スーパークリーク
0000995274,ブルースターキング,0000729458,キングカメハメハ,0000621890,アイアンビューティ,0000347989,Kingmambo(USA),0000333844,ブライアンズタイム(USA)
0000618973,ブルーストーン,0000247220,エアダブリン,0000228933,グリーンビート,0000161740,トニービン(IRE),0000333790,グリーンマウント(USA)
0001045686,ブルーソックス,0000620131,アドマイヤドン,0000383148,アングシヤスフレンド(USA),0000333901,ティンバーカントリー(USA),0000335975,Mr. Prospector(USA)
0001047250,ブルーデジャブ,0000308300,アドマイヤコジーン,0000618860,ケンスターダンサー,0000337423,Cozzene(USA),0000243723,サクラローレル
0000728502,ブルートルネード,0000333874,ジェイドロバリー(USA),0000308106,ブルーサヴァンナ,0000335975,Mr. Prospector(USA),0000140567,シンボリルドルフ
0000013600,ブルーペール,0000334103,Arctic Storm(GB),0000377849,リーフノツト(GB),0000334962,Arctic Star(GB),0000347464,Blue Peter(GB)
0000803990,ブルーマーテル,0000225913,パラダイスクリーク(USA),0000308701,エビスオトメ,0000336421,Irish River(FR),0000207623,トウカイテイオー
0001050267,ブルーミングアレー,0000700008,シンボリクリスエス(USA),0000998955,プリンセスオリビア(USA),0000336209,Kris S.(USA),0000340529,Lycius(USA)
0000886300,ブルーミンバー,0000626942,ファルブラヴ(IRE),0000303395,タヤスブルーム,0000337427,Fairy King(USA),0000336202,Caerleon(USA)
0000761615,ブルーメンブラット,0000309184,アドマイヤベガ,0000383409,マイワイルドフラワー(USA),0000333862,サンデーサイレンス(USA),0000336769,Topsider(USA)
0000611418,ブルーリッジリバー,0000262443,フジキセキ,0000145834,スカーレツトブルー,0000333862,サンデーサイレンス(USA),0000333544,ノーザンテースト(CAN)
0001218384,ブレイキングドーン,0001046333,ヴィクトワールピサ,0000996261,アグネスサクラ,0000701577,ネオユニヴァース,0000237704,ホワイトマズル(GB)
0001142761,ブレイクアウト,0000626815,コマンズ(AUS),0001113708,マルヴァーンスプリング(USA),0000337424,デインヒル(USA),0000347814,Silver Deputy(CAN)
0001113337,ブレイクアセオリー,0000714343,Galileo(IRE),0001069366,True Doubt(AUS),0000336572,Sadler's Wells(USA),0000375619,Redoute's Choice(AUS)
0000320139,ブレイクタイム,0000337424,デインヒル(USA),0000235316,ホマレノプリンセス,0000336082,Danzig(USA),0000333817,プリンスオブバーズ(USA)
0001047499,ブレイクチャンス,0000626942,ファルブラヴ(IRE),0000622073,コートアウト(USA),0000337427,Fairy King(USA),0000365210,Smart Strike(CAN)
0000989349,ブレイクナイン,0000293624,スペシャルウィーク,0000275632,カフェテラス(USA),0000333862,サンデーサイレンス(USA),0000336568,Capote(USA)
0001050392,ブレイクランアウト,0000365210,Smart Strike(CAN),0000719779,キュー(USA),0000335975,Mr. Prospector(USA),0000362799,フレンチデピュティ(USA)
0001109489,ブレイズアトレイル,0000725485,ダイワメジャー,0000756907,ラフィントレイル,0000333862,サンデーサイレンス(USA),0000299155,エルコンドルパサー(USA)
0001171106,ブレイブスマッシュ,0001043123,トーセンファントム,0000799661,トーセンスマッシュ,0000701577,ネオユニヴァース,0000207623,トウカイテイオー
0001185288,ブレイヴバローズ,0000324971,マンハッタンカフェ,0000634657,ネガノ(CAN),0000333862,サンデーサイレンス(USA),0000336395,Miswaki(USA)
0001136086,ブレイヴリー,0000729458,キングカメハメハ,0000611418,ブルーリッジリバー,0000347989,Kingmambo(USA),0000262443,フジキセキ
0001170164,ブレスアロット,0000729458,キングカメハメハ,0000750296,サンクスアロット,0000347989,Kingmambo(USA),0000333862,サンデーサイレンス(USA)
0001188560,ブレスジャーニー,0001111834,バトルプラン(USA),0000885962,エルフィンパーク,0000749845,エンパイアメーカー(USA),0000611525,タニノギムレット
0000196279,ブレステイキング,0000333669,アンズプリテンダー(USA),0000380315,フアリボール(FR),0000334676,Pretense(USA),0000334249,Faristan(GB)
0000326993,ブレーブティック,0000336853,ダンシングブレーヴ(USA),0000229511,カズノシラオキ,0000334968,Lyphard(USA),0000157042,ニツポーテイオー
0000287829,ブレーブテンダー,0000339836,Gulch(USA),0000411827,Larida(USA),0000335975,Mr. Prospector(USA),0000334002,Northern Dancer(CAN)
0000619886,ブレーヴドライバー,0000333862,サンデーサイレンス(USA),0000233140,ノンストップレディ,0000335154,Halo(USA),0000333544,ノーザンテースト(CAN)
0000750267,ブレーヴハート,0000333862,サンデーサイレンス(USA),0000432603,カーリング(FR),0000335154,Halo(USA),0000341356,Garde Royale(IRE)
0001110620,ブロッケン,0000369358,ワイルドラッシュ(USA),0000872199,ヘニーズソング(USA),0000336574,Wild Again(USA),0000361396,Unbridled's Song(USA)
0001166044,ブロワ,0000727032,メイショウボーラー,0000253217,タマビッグエックス,0000287925,タイキシャトル(USA),0000333837,リドヘイム(GB)
0000757977,ブロンコーネ,0000333844,ブライアンズタイム(USA),0000291110,ミセスビクトリア,0000335167,Roberto(USA),0000161740,トニービン(IRE)
0000757790,ブローオブサンダー,0000615577,クロフネ(USA),0000287599,ピールオブサンダー(USA),0000362799,フレンチデピュティ(USA),0000337450,Theatrical(IRE)
0000247773,ブロードキャスター,0000333699,ブライトフイニツシユ(USA),0000140338,ノーテイカミツト,0000333996,Nijinsky(CAN),0000333570,シンギングビード(GB)
0000994169,ブロードストリート,0000324933,アグネスタキオン,0000439190,フィラストリート(USA),0000333862,サンデーサイレンス(USA),0000337423,Cozzene(USA)
0001166228,ブンブンブラウ,0000901749,キンシャサノキセキ(AUS),0000279455,リンデンシラユリ,0000262443,フジキセキ,0000336853,ダンシングブレーヴ(USA)
0000881980,ブーケフレグランス,0000274883,ダンスインザダーク,0000213918,スカーレットブーケ,0000333862,サンデーサイレンス(USA),0000333544,ノーザンテースト(CAN)
0001244179,ブームタイム,0000363038,Flying Spur(AUS),0001244178,Bit Of A Ride(AUS),0000337424,デインヒル(USA),0000343464,Snippets(AUS)
0000997093,プティプランセス,0000729458,キングカメハメハ,0000844219,クリアーパス(USA),0000347989,Kingmambo(USA),0000339653,A.P. Indy(USA)
0000883913,プティマカロン,0000369358,ワイルドラッシュ(USA),0000262339,シクレノンジュエル,0000336574,Wild Again(USA),0000333707,リアルシヤダイ(USA)
0000729291,プライズマネー,0000333874,ジェイドロバリー(USA),0000137725,マネーバンドル,0000335975,Mr. Prospector(USA),0000333608,ミルジヨージ(USA)
0000803366,プライドイズハート,0000369182,キングオブキングス(IRE),0000302564,オールダンシーズ,0000336572,Sadler's Wells(USA),0000333884,ダンスホール(USA)
0000739049,プライドキム,0000337421,アフリート(CAN),0000268597,ステファーナ,0000335975,Mr. Prospector(USA),0000333707,リアルシヤダイ(USA)
0000703025,プライマリーケア,0000166681,タマモクロス,0000188345,ホウヨウファイナル,0000082169,シービークロス,0000087290,ビンゴガルー
0001134904,プライマリーコード,0000615577,クロフネ(USA),0000316591,インディスユニゾン,0000362799,フレンチデピュティ(USA),0000333862,サンデーサイレンス(USA)
0000742598,プライムナンバー,0000333874,ジェイドロバリー(USA),0000447656,インテグレート(AUS),0000335975,Mr. Prospector(USA),0000342050,Integra(AUS)
0000073399,プラズマ,0000455900,フーフオレー(FR),0000021274,アークテツクローズ,0000455975,Fontenoi,0000333273,サラ　アークテイツクヴエイル(IRE)
0000754883,プラチナティアラ,0000361344,ソウルオブザマター(USA),0000246134,キャンディティアラ,0000342520,Private Terms(USA),0000336202,Caerleon(USA)
0000704343,プラチナフェザー,0000262437,タヤスツヨシ,0000115365,ダイナフエザー,0000333862,サンデーサイレンス(USA),0000333544,ノーザンテースト(CAN)
0001184868,プラチナムバレット,0000324971,マンハッタンカフェ,0000611416,スノースタイル,0000333862,サンデーサイレンス(USA),0000237704,ホワイトマズル(GB)
0001051751,プラチナメーン,0000369881,Cat Thief(USA),0000866914,Seductivelyelegant(USA),0000337102,Storm Cat(USA),0000341528,Thirty Six Red(USA)
0000758772,プラチナローズ,0000615577,クロフネ(USA),0000299315,スギノキューティー(USA),0000362799,フレンチデピュティ(USA),0000336090,Majestic Light(USA)
0001189831,プラチナヴォイス,0000749845,エンパイアメーカー(USA),0000997066,プレザントブリーズ,0000340629,Unbridled(USA),0000324971,マンハッタンカフェ
0000853208,プラテアード,0000347814,Silver Deputy(CAN),0000808414,ササファイヤー(USA),0000338072,Deputy Minister(CAN),0000339631,Saint Ballado(CAN)
0001168154,プランスシャルマン,0000325200,ジャングルポケット,0000619840,カラフルトーク,0000161740,トニービン(IRE),0000333862,サンデーサイレンス(USA)
0001087378,プランスデトワール,0000742976,ディープインパクト,0000237705,スキーパラダイス(USA),0000333862,サンデーサイレンス(USA),0000334968,Lyphard(USA)
0001125108,プランスペスカ,0000722797,ブラックタイド,0000762360,ダンシングドミニア,0000333862,サンデーサイレンス(USA),0000333844,ブライアンズタイム(USA)
0001120585,プラントコンコルド,0000274915,フサイチコンコルド,0000383866,ゴールデンショット(CAN),0000336202,Caerleon(USA),0000335946,Golden Act(USA)
0000286330,プラントパラダイス,0000333744,ケラチ(USA),0000213393,トップモデル,0000335964,Seattle Slew(USA),0000130523,ミスターシービー
0000314900,プリエミネンス,0000337421,アフリート(CAN),0000224412,アジテーション,0000335975,Mr. Prospector(USA),0000336202,Caerleon(USA)
0001106037,プリサイスファイン,0000372825,プリサイスエンド(USA),0000617493,カフェショコラ(IRE),0000361855,エンドスウィープ(USA),0000336202,Caerleon(USA)
0000619986,プリサイスマシーン,0000255813,マヤノトップガン,0000262276,ビーサイレント,0000333844,ブライアンズタイム(USA),0000333862,サンデーサイレンス(USA)
0000899759,プリティカウガール,0000337432,Gone West(USA),0000450224,Dreams of Success(USA),0000335975,Mr. Prospector(USA),0000336397,Dixieland Band(USA)
0000761824,プリティタヤス,0000256512,マーベラスサンデー,0000383746,ライトシップ(USA),0000333862,サンデーサイレンス(USA),0000336090,Majestic Light(USA)
0001040493,プリマビスティー,0000372825,プリサイスエンド(USA),0000218308,ロングプリマ,0000361855,エンドスウィープ(USA),0000333637,ロイヤルスキー(USA)
0000886882,プリマフォルツァ,0000619768,ゴールドアリュール,0000309136,ベネヴェント,0000333862,サンデーサイレンス(USA),0000161740,トニービン(IRE)
0001121979,プリムラブルガリス,0000362799,フレンチデピュティ(USA),0000701476,プリムローズイヴ,0000338072,Deputy Minister(CAN),0000333862,サンデーサイレンス(USA)
0000759117,プリムローズヒル,0000333862,サンデーサイレンス(USA),0000304328,フサイチワールド,0000335154,Halo(USA),0000337436,ラストタイクーン(IRE)
0001045534,プリムール,0000729458,キングカメハメハ,0000329663,ポニーガール,0000347989,Kingmambo(USA),0000335964,Seattle Slew(USA)
0001151532,プリメラアスール,0000293624,スペシャルウィーク,0000701868,リメインフォレスト,0000333862,サンデーサイレンス(USA),0000333872,アジュディケーティング(USA)
0001208432,プリモシーン,0000742976,ディープインパクト,0001177842,モシーン(AUS),0000333862,サンデーサイレンス(USA),0001019761,Fastnet Rock(AUS)
0000726440,プリモスター,0000333862,サンデーサイレンス(USA),0000263157,チーター(USA),0000335154,Halo(USA),0000337444,Seeking the Gold(USA)
0000722081,プリモレディ,0000333862,サンデーサイレンス(USA),0000230113,アイオーユー,0000335154,Halo(USA),0000077996,ヤマニンスキー
0001139819,プリモンディアル,0000742976,ディープインパクト,0000761758,フレンチバレリーナ,0000333862,サンデーサイレンス(USA),0000362799,フレンチデピュティ(USA)
0001208362,プリュス,0001046333,ヴィクトワールピサ,0001157829,サラフィナ(FR),0000701577,ネオユニヴァース,0000745324,Refuse to Bend(IRE)
0000734623,プリュネル,0000262275,ジェニュイン,0000208109,サタデーナイト,0000333862,サンデーサイレンス(USA),0000333637,ロイヤルスキー(USA)
0001169862,プリンシアコメータ,0000701708,スパイキュール,0000737251,ベルモントフェリス,0000333862,サンデーサイレンス(USA),0000333872,アジュディケーティング(USA)
0001167076,プリンシパルスター,0000725485,ダイワメジャー,0000318070,シルクプリマドンナ,0000333862,サンデーサイレンス(USA),0000333844,ブライアンズタイム(USA)
0000619914,プリンシパルリバー,0000237704,ホワイトマズル(GB),0000298465,プリンシパルマーゴ,0000336853,ダンシングブレーヴ(USA),0000333887,ヘクタープロテクター(USA)
0001090914,プリンスヴィル,0000729458,キングカメハメハ,0000324908,メモリアルサマー,0000347989,Kingmambo(USA),0000333862,サンデーサイレンス(USA)
0000618809,プリンセスアスカ,0000337527,オジジアン(USA),0000229343,カガミアスカ,0000334660,Damascus(USA),0000335868,General Assembly(USA)
0000735178,プリンセスイブ,0000274914,バブルガムフェロー,0000396356,ナナイモプリンセス(CAN),0000333862,サンデーサイレンス(USA),0000336448,Commemorate(USA)
0000743096,プリンセスグレース,0000333862,サンデーサイレンス(USA),0000286924,グレースアドマイヤ,0000335154,Halo(USA),0000161740,トニービン(IRE)
0001117592,プリンセスジャック,0000725485,ダイワメジャー,0000245452,ゴールデンジャック,0000333862,サンデーサイレンス(USA),0000337421,アフリート(CAN)
0000901723,プリンセスデザイア,0000337424,デインヒル(USA),0000716786,Dance Desire(IRE),0000336082,Danzig(USA),0000336202,Caerleon(USA)
0000800716,プリンセストロイ,0000274883,ダンスインザダーク,0000262295,グロリオーサ,0000333862,サンデーサイレンス(USA),0000192969,フレンチグローリー(IRE)
0000761954,プリンセスドルチェ,0000309184,アドマイヤベガ,0000383910,ケイティーズファースト(USA),0000333862,サンデーサイレンス(USA),0000336087,Kris(GB)
0000990075,プリンセスペスカ,0000365159,チーフベアハート(CAN),0000291469,テンザンキラリ,0000337339,Chief's Crown(USA),0000192975,ゴールデンフェザント(USA)
0001126978,プリンセスムーン,0000760877,アドマイヤムーン,0001032784,スクービドゥー(GER),0000361855,エンドスウィープ(USA),0000364680,Johan Cruyff(GB)
0000229832,プリンセスメモリー,0000333790,グリーンマウント(USA),0000177654,ボールドホープ,0000334968,Lyphard(USA),0000333514,ボールドアンドフリー(GB)
0000730383,プリンセスラン,0000340528,ジェネラス(IRE),0000257796,ラックチケット,0000336202,Caerleon(USA),0000333873,マークオブディスティンクション(GB)
0000737189,プリンセスルシータ,0000333862,サンデーサイレンス(USA),0000427405,プリンセスリーマ(USA),0000335154,Halo(USA),0000336350,Affirmed(USA)
0000210944,プリンセスルーラー,0000333733,ピユウターグレイ(USA),0000380806,ドリームマシーン(USA),0000334282,Grey Dawn(FR),0000334262,Forli(ARG)
0000635005,プレイ,0000342520,Private Terms(USA),0000627860,Abrade(USA),0000336504,Private Account(USA),0000335975,Mr. Prospector(USA)
0001141994,プレイアンドリアル,0000619835,デュランダル,0000990612,シルクヴィーナス,0000333862,サンデーサイレンス(USA),0000333901,ティンバーカントリー(USA)
0001123590,プレイズエターナル,0000760877,アドマイヤムーン,0000732445,メイビーフォーエヴァー(GB),0000361855,エンドスウィープ(USA),0000347622,Zafonic(USA)
0001171030,プレイヤーサムソン,0000760084,メイショウサムソン,0000798273,クインズプレイヤー,0000339572,オペラハウス(GB),0000207623,トウカイテイオー
0000761935,プレザントウインド,0000615577,クロフネ(USA),0000383883,レディウィンダーメア(USA),0000362799,フレンチデピュティ(USA),0000335991,Pleasant Colony(USA)
0000997066,プレザントブリーズ,0000324971,マンハッタンカフェ,0000808411,スターズインハーアイズ(IRE),0000333862,サンデーサイレンス(USA),0000337445,Woodman(USA)
0000619800,プレシャスカフェ,0000250238,ハートレイク(GB),0000298461,エアインセンス,0000336085,Nureyev(USA),0000333862,サンデーサイレンス(USA)
0001050081,プレシャスジェムズ,0000700008,シンボリクリスエス(USA),0000808405,プレシャスキャット(USA),0000336209,Kris S.(USA),0000337102,Storm Cat(USA)
0000137198,プレシャスソング,0000333589,リベロ(USA),0000095657,ハギウタ,0000334457,Ribot(GB),0000333476,シーホーク(FR)
0001140123,プレストウィック,0000725485,ダイワメジャー,0000796404,フーラクサ(IRE),0000333862,サンデーサイレンス(USA),0000341901,Linamix(FR)
0001109418,プレティオラス,0000299250,フィガロ(USA),0000755473,ユーロペ,0000405852,Future Storm(USA),0000274883,ダンスインザダーク
0000145033,プレトリア,0000333635,リイフオー(GB),0000381280,マドモアゼルドレスピナス(FR),0000334968,Lyphard(USA),0000334365,Molvedo(ITY)
0001107654,プレノタート,0000325200,ジャングルポケット,0000724379,セクシーココナッツ,0000161740,トニービン(IRE),0000274883,ダンスインザダーク
0001047908,プレファシオ,0000615577,クロフネ(USA),0000702195,チアズメッセージ,0000362799,フレンチデピュティ(USA),0000333862,サンデーサイレンス(USA)
0001140795,プレミアステイタス,0000611525,タニノギムレット,0000807270,ステイトリーデイズ,0000333844,ブライアンズタイム(USA),0000293624,スペシャルウィーク
0000295386,プレミアムバラード,0000339572,オペラハウス(GB),0000383581,ヤアティズ(NZ),0000336572,Sadler's Wells(USA),0000336595,Bismark(GB)
0001107875,プレミアムブルー,0000742996,サムライハート,0000726859,メイケイキララ,0000333862,サンデーサイレンス(USA),0000287925,タイキシャトル(USA)
0000752473,プレミアムボックス,0000309184,アドマイヤベガ,0000201688,チャッターボックス,0000333862,サンデーサイレンス(USA),0000333667,ターゴワイス(USA)
0001156909,プレミオテーラー,0000286968,ステイゴールド,0001024155,ソーゴル(IRE),0000333862,サンデーサイレンス(USA),0000263172,Singspiel(IRE)
0001139033,プロクリス,0000729458,キングカメハメハ,0000743066,ライラプス,0000347989,Kingmambo(USA),0000362799,フレンチデピュティ(USA)
0000997057,プロスアンドコンズ,0000611525,タニノギムレット,0000808388,マザーシプトン(IRE),0000333844,ブライアンズタイム(USA),0000336887,Darshaan(GB)
0001206806,プロスパラスデイズ,0001051344,ハードスパン(USA),0001053259,チャリティークエスト(USA),0000336082,Danzig(USA),0000368659,コロナドズクエスト(USA)
0000755930,プロセッション,0000299155,エルコンドルパサー(USA),0000262262,クイーンソネット,0000347989,Kingmambo(USA),0000333544,ノーザンテースト(CAN)
0001175127,プロディガルサン,0000742976,ディープインパクト,0001127173,ラヴズオンリーミー(USA),0000333862,サンデーサイレンス(USA),0000337102,Storm Cat(USA)
0001136756,プロトコル,0000801447,スクリーンヒーロー,0000625983,ヴィーナスコロニー(USA),0000299089,グラスワンダー(USA),0000336085,Nureyev(USA)
0000197358,プロフェッサー,0000333753,パーフライト(USA),0000135129,ミスゲラン,0000334720,In Reality(USA),0000069360,マルゼンスキー
0000317686,プロフェット,0000341457,ロイヤルアカデミーⅡ(USA),0000224276,アルページ,0000333996,Nijinsky(CAN),0000151215,パーシヤンボーイ(GB)
0001125077,プロモントーリオ,0000314130,ゴールドヘイロー,0000762145,モエレプロミネンス,0000333862,サンデーサイレンス(USA),0000362799,フレンチデピュティ(USA)
0001142510,プロレタリアト,0000722158,ハーツクライ,0001042636,アガルタ,0000333862,サンデーサイレンス(USA),0000729458,キングカメハメハ
0000886847,プロヴィナージュ,0000362799,フレンチデピュティ(USA),0000309027,ボーンスター,0000338072,Deputy Minister(CAN),0000333862,サンデーサイレンス(USA)
0000009912,プロージット,0000333218,ラツシー(IRE),0000376585,城猛,0000334405,Palestine(GB),0000333160,レイモンド(IRE)
0001107955,プーラヴィーダ,0000299250,フィガロ(USA),0000727727,カレンダーガール,0000405852,Future Storm(USA),0000337421,アフリート(CAN)
0000701891,ヘイセイピカイチ,0000339572,オペラハウス(GB),0000383688,チャリタブル(USA),0000336572,Sadler's Wells(USA),0000334968,Lyphard(USA)
0001043357,ヘイダーリン,0000324971,マンハッタンカフェ,0000303101,エンドレスメロディ,0000333862,サンデーサイレンス(USA),0000341774,シルヴァーエンディング(USA)
0001174108,ヘイハチハピネス,0000372825,プリサイスエンド(USA),0001046119,インディアリング,0000361855,エンドスウィープ(USA),0000293624,スペシャルウィーク
0000616661,ヘイロンシン,0000237622,キョウワアリシバ(USA),0000197587,ハッピーヒエン,0000337283,Alysheba(USA),0000333702,マナード(IRE)
0001121999,ヘイローフォンテン,0000314130,ゴールドヘイロー,0000701553,ヨーカンドパリ,0000333862,サンデーサイレンス(USA),0000333901,ティンバーカントリー(USA)
0000758706,ヘイローフジ,0000294840,キングヘイロー,0000298966,アサカフジ(USA),0000336853,ダンシングブレーヴ(USA),0000337444,Seeking the Gold(USA)
0000080276,ヘッドライナー,0000333459,アステツク(FR),0000008564,ミスアヤコ,0000334028,Prince Taj(FR),0000333220,ガルカドール(FR)
0001128792,ヘニーハウンド,0001028940,ヘニーヒューズ(USA),0000867155,Beautiful Moment(USA),0000362819,ヘネシー(USA),0000342622,Crusader Sword(USA)
0001127071,ヘミングウェイ,0000701577,ネオユニヴァース,0001100554,シェルシーカー(GB),0000333862,サンデーサイレンス(USA),0000337496,Machiavellian(USA)
0001215521,ヘリンヌリング,0001163245,アイルハヴアナザー(USA),0000736064,マイネポリーヌ,0001002331,Flower Alley(USA),0000293624,スペシャルウィーク
0000619834,ヘルスウォール,0000365099,エリシオ(FR),0000383592,サラトガフラッシュ(USA),0000337427,Fairy King(USA),0000336402,Spectacular Bid(USA)
0001119618,ヘルデンテノール,0000742976,ディープインパクト,0000316445,ディーバ,0000333862,サンデーサイレンス(USA),0000336770,Crafty Prospector(USA)
0001104761,ヘレナモルフォ,0000325200,ジャングルポケット,0000328924,タガノブラッサム,0000161740,トニービン(IRE),0000333862,サンデーサイレンス(USA)
0001115666,ヘレンスピリット,0000983761,Footstepsinthesand(GB),0000852198,Arazena(USA),0000372708,Giant's Causeway(USA),0000337445,Woodman(USA)
0000806255,ヘンリーゴンドーフ,0000365957,ドリームウェル(FR),0000383359,クルーピアレディー(USA),0000336572,Sadler's Wells(USA),0000337229,What Luck(USA)
0001208484,ヘヴィータンク,0000615577,クロフネ(USA),0000886846,アイアムジュエル,0000362799,フレンチデピュティ(USA),0000324933,アグネスタキオン
0000706207,ヘヴンリーロマンス,0000333862,サンデーサイレンス(USA),0000383613,ファーストアクト(IRE),0000335154,Halo(USA),0000336572,Sadler's Wells(USA)
0001175254,ベアインマインド,0000742976,ディープインパクト,0001157849,ウルトラブレンド(USA),0000333862,サンデーサイレンス(USA),0000719107,Richly Blended(USA)
0001122690,ベアトリッツ,0000742976,ディープインパクト,0000719759,バルドウィナ(FR),0000333862,サンデーサイレンス(USA),0000340407,Pistolet Bleu(IRE)
0001208046,ベイビーキャズ,0000714301,アルデバランⅡ(USA),0001121761,スノーボードロマン,0000335975,Mr. Prospector(USA),0000375505,スウェプトオーヴァーボード(USA)
0001098776,ベイビーローズ,0000263172,Singspiel(IRE),0000850879,Intizaa(USA),0000341850,In The Wings(GB),0000335975,Mr. Prospector(USA)
0000803218,ベイリングボーイ,0000292180,メイショウオウドウ,0000299288,ブラスティーナ(IRE),0000333862,サンデーサイレンス(USA),0000337417,Bering(GB)
0001032532,ベクラックス,0000340216,Glen Jordan(GB),0000894409,Rebecca Parisi(IRE),0000337091,Shareef Dancer(USA),0000343321,Persian Heights(GB)
0001126132,ベステゲシェンク,0000742976,ディープインパクト,0000862128,スーヴェニアギフト(USA),0000333862,サンデーサイレンス(USA),0000368595,Souvenir Copy(USA)
0001153649,ベステンダンク,0000287925,タイキシャトル(USA),0000755176,ユキノマーメイド,0000337092,Devil's Bag(USA),0000293624,スペシャルウィーク
0001225881,ベストアプローチ,0001051578,New Approach(IRE),0001175513,Sant Elena(GB),0000714343,Galileo(IRE),0000339566,Efisio(GB)
0000701802,ベストアルバム,0000201489,メジロライアン,0000233089,ベストダンシング,0000098122,アンバーシヤダイ,0000161740,トニービン(IRE)
0001050031,ベストアンサー,0000324933,アグネスタキオン,0000775162,ジュリエット(IRE),0000333862,サンデーサイレンス(USA),0000336572,Sadler's Wells(USA)
0000617528,ベストウォリア,0000262442,ベストタイアップ,0000235779,マサノジョージ,0000098122,アンバーシヤダイ,0000333608,ミルジヨージ(USA)
0000885342,ベストオブミー,0000333844,ブライアンズタイム(USA),0000287795,フラワーアーチ(IRE),0000335167,Roberto(USA),0000342649,Nashwan(USA)
0001043623,ベストクルーズ,0000615577,クロフネ(USA),0000306885,マサコチャン,0000362799,フレンチデピュティ(USA),0000333862,サンデーサイレンス(USA)
0000737886,ベストグランチャ,0000262275,ジェニュイン,0000203327,フジノルーラー,0000333862,サンデーサイレンス(USA),0000333544,ノーザンテースト(CAN)
0000754124,ベストストーリー,0000316550,フサイチソニック,0000233089,ベストダンシング,0000337424,デインヒル(USA),0000161740,トニービン(IRE)
0000327153,ベストタイクーン,0000337436,ラストタイクーン(IRE),0000229738,ゲイリードリーマー,0000336129,トライマイベスト(USA),0000333593,ラツキーソブリン(USA)
0001110916,ベストディール,0000742976,ディープインパクト,0000998957,コマーサント(FR),0000333862,サンデーサイレンス(USA),0000347980,Marchand de Sable(USA)
0000203655,ベストドリーム,0000101108,ヒカリデユール,0000134911,サラ　リフアインガール,0000333507,サラ　デユール(USA),0000069360,マルゼンスキー
0001043373,ベストブルーム,0000262443,フジキセキ,0000303395,タヤスブルーム,0000333862,サンデーサイレンス(USA),0000336202,Caerleon(USA)
0001241253,ベストマイウェイ,0001147280,Point of Entry(USA),0001112573,Hug It Out(USA),0000342430,Dynaformer(USA),0000721553,Medaglia d'Oro(USA)
0000736130,ベストマインド,0000365099,エリシオ(FR),0000268026,ソロシンガー,0000337427,Fairy King(USA),0000333821,リヴリア(USA)
0001209667,ベストマッチョ,0000621973,Macho Uno(USA),0001024109,Encore(USA),0000361247,Holy Bull(USA),0000337102,Storm Cat(USA)
0001152545,ベストミックス,0000324971,マンハッタンカフェ,0000729361,ディアチャンス,0000333862,サンデーサイレンス(USA),0000287925,タイキシャトル(USA)
0000244914,ベストメンバー,0000333762,ゲイメセン(USA),0000170530,カサブランカ,0000333923,Vaguely Noble(GB),0000333507,デユール(USA)
0001186730,ベストリゾート,0001115148,ハービンジャー(GB),0000743033,ガラディナー,0000372531,Dansili(GB),0000333862,サンデーサイレンス(USA)
0001141826,ベストリーダー,0000701668,ゼンノロブロイ,0000986451,ヴェストリーレディ(USA),0000333862,サンデーサイレンス(USA),0000371968,Vicar(USA)
0000881052,ベストロケーション,0000615577,クロフネ(USA),0000158545,ダイナアクトレス,0000362799,フレンチデピュティ(USA),0000333544,ノーザンテースト(CAN)
0000920868,ベタートークナウ,0000361973,Talkin Man(USA),0000444817,Bendita(USA),0000337554,With Approval(CAN),0000337244,Baldski(USA)
0000806564,ベッラレイア,0000304230,ナリタトップロード,0000383913,マリスターⅡ(USA),0000179021,サツカーボーイ,0000337244,Baldski(USA)
ベッラレジーナ,ベッラレジーナ,,,,,,,,
ベニノラッキーマン,ベニノラッキーマン,,,,,,,,
0000705466,ベネフィシャル,0000349487,Forest Wildcat(USA),0000700027,Princess Cashtime(USA),0000337102,Storm Cat(USA),0000343715,Superoyale(USA)
0001046153,ベネラ,0000337550,フォーティナイナー(USA),0000397678,ダーケストスター(USA),0000335975,Mr. Prospector(USA),0000336839,Star de Naskra(USA)
0001042804,ベビーネイル,0000368659,コロナドズクエスト(USA),0000292472,ブライアンマリア,0000337550,フォーティナイナー(USA),0000333844,ブライアンズタイム(USA)
0000272270,ベビーフェイス,0000333866,アロングオール(GB),0000188713,ベリードリーム,0000334047,Mill Reef(USA),0000333636,マンオブビイジヨン(GB)
0000620162,ベラージオ,0000201489,メジロライアン,0000383758,ラスティックベル(USA),0000098122,アンバーシヤダイ,0000335975,Mr. Prospector(USA)
0001126417,ベリートゥベリー,0000321231,イーグルカフェ(USA),0000888727,ビサイド,0000339836,Gulch(USA),0000287925,タイキシャトル(USA)
0001089365,ベリーフィールズ,0000339572,オペラハウス(GB),0000299376,レディストロベリー(IRE),0000336572,Sadler's Wells(USA),0000336202,Caerleon(USA)
0000804506,ベリーベリナイス,0000309103,ブラックタキシード,0000314777,ピーチ,0000333862,サンデーサイレンス(USA),0000336862,グルームダンサー(USA)
0000995032,ベルウッドローツェ,0000318739,ダイタクリーヴァ,0000618647,ラゴロンドリーナ,0000262443,フジキセキ,0000114852,バンブーアトラス
0001189071,ベルカプリ,0000725485,ダイワメジャー,0000901457,ボランス,0000333862,サンデーサイレンス(USA),0000369845,Montjeu(IRE)
0000036181,ベルカント,0000333301,ラークスパー(IRE),0000378265,フアストビユーチー,0000334000,Never Say Die(USA),0000333212,フアストロ(AUS)
0001201638,ベルガド,0000739144,スズカフェニックス,0000702250,エンジェルファタル,0000333862,サンデーサイレンス(USA),0000337550,フォーティナイナー(USA)
0001138880,ベルキャニオン,0000742976,ディープインパクト,0000738195,クロウキャニオン,0000333862,サンデーサイレンス(USA),0000362799,フレンチデピュティ(USA)
0001268199,ベルグフリート,0001138240,モーリス,0001126932,サトノネネ,0000801447,スクリーンヒーロー,0000742976,ディープインパクト
0000191831,ベルゲン,0000333620,マラケート(USA),0000099972,ヒバラコ,0000334724,Lucky Debonair(USA),0000333523,ボールドコンバタント(USA)
0001121830,ベルゲンクライ,0000722158,ハーツクライ,0000634396,フェストネ(FR),0000333862,サンデーサイレンス(USA),0000341373,Balleroy(USA)
0001089854,ベルシャザール,0000729458,キングカメハメハ,0000308971,マルカキャンディ,0000347989,Kingmambo(USA),0000333862,サンデーサイレンス(USA)
0000994204,ベルシャルル,0000368659,コロナドズクエスト(USA),0000441091,ティリオブストラッフォード(USA),0000337550,フォーティナイナー(USA),0000338072,Deputy Minister(CAN)
0000053908,ベルスール,0000333360,ダンスール(FR),0000377934,オデツタ(GB),0000334523,Tantieme(FR),0000333220,ガルカドール(FR)
0000728768,ベルディマンシェ,0000333862,サンデーサイレンス(USA),0000286807,ベルフォンテーヌ,0000335154,Halo(USA),0000337450,Theatrical(IRE)
0000317311,ベルボクサー,0000225905,ドクターデヴィアス(IRE),0000222027,エーピースイート,0000336322,Ahonoora(GB),0000333640,ブレイヴエストローマン(USA)
0000729530,ベルモントサンダー,0000337421,アフリート(CAN),0000262931,ミスダンジグ(USA),0000335975,Mr. Prospector(USA),0000336082,Danzig(USA)
0000706366,ベルモントパティ,0000333844,ブライアンズタイム(USA),0000262930,ペラドンナ(USA),0000335167,Roberto(USA),0000337445,Woodman(USA)
0000800035,ベルモントプロテア,0000333872,アジュディケーティング(USA),0000249598,エスケイチャーミイ,0000336082,Danzig(USA),0000069360,マルゼンスキー
0000805718,ベルモントルパン,0000333872,アジュディケーティング(USA),0000327586,ベルモントチャペル,0000336082,Danzig(USA),0000340457,アルカング(USA)
0001139209,ベルルミエール,0000375505,スウェプトオーヴァーボード(USA),0000750375,フレンチビキニ,0000361855,エンドスウィープ(USA),0000333862,サンデーサイレンス(USA)
0000169614,ベルーフ,0000050110,ロングフアスト,0000095900,ウエイトスイー,0000333346,フオルテイノ(FR),0000333407,ハーケン(GB)
0001120574,ベロセットレコード,0000722797,ブラックタイド,0000383773,ビーモル(USA),0000333862,サンデーサイレンス(USA),0000334968,Lyphard(USA)
0000890538,ベンチャーナイン,0000268975,エイシンサンディ,0000615951,グラッドハンド,0000333862,サンデーサイレンス(USA),0000333894,コマンダーインチーフ(GB)
0000874545,ベンバウン,0000369639,ストラヴィンスキー(USA),0000867468,Escape to Victory(GB),0000336085,Nureyev(USA),0000337556,Salse(USA)
0001103796,ベールドインパクト,0000742976,ディープインパクト,0000316274,ヴァイオレットラブ,0000333862,サンデーサイレンス(USA),0000225905,ドクターデヴィアス(IRE)
0001135654,ペアン,0000728098,ハイアーゲーム,0000330016,トウカイユウユウ,0000333862,サンデーサイレンス(USA),0000207623,トウカイテイオー
0001169568,ペイシャオトメ,0000372610,ファスリエフ(USA),0000732997,コイセヨオトメ,0000336085,Nureyev(USA),0000262443,フジキセキ
0001167319,ペイシャオブマーシ,0001148419,ベーカバド(FR),0000325451,ガデスオブマーシー,0000363470,Cape Cross(IRE),0000337436,ラストタイクーン(IRE)
0001153639,ペイシャオブロー,0000777071,ルールオブロー(USA),0000754971,ダンスレッスン,0000347989,Kingmambo(USA),0000274883,ダンスインザダーク
0001175135,ペイシャフェリシタ,0000722158,ハーツクライ,0001127186,プレザントケイプ(GB),0000333862,サンデーサイレンス(USA),0000363470,Cape Cross(IRE)
0001142773,ペイシャフェリス,0000293624,スペシャルウィーク,0001127186,プレザントケイプ(GB),0000333862,サンデーサイレンス(USA),0000363470,Cape Cross(IRE)
0001207197,ペイシャルアス,0000995275,ストロングリターン,0001093208,ルアス,0000700008,シンボリクリスエス(USA),0000287925,タイキシャトル(USA)
0000920658,ペイパルブル,0000369845,Montjeu(IRE),0000625283,Mialuna(GB),0000336572,Sadler's Wells(USA),0000347622,Zafonic(USA)
0000308947,ペインテドブラック,0000333862,サンデーサイレンス(USA),0000225110,オークツリー,0000335154,Halo(USA),0000333707,リアルシヤダイ(USA)
0001046967,ペガサスキングビー,0000329953,サンライズペガサス,0000615760,スティンギングビー(USA),0000333862,サンデーサイレンス(USA),0000341829,Glitterman(USA)
0000263656,ペガサスジュニア,0000164544,タイヨウペガサス,0000463676,レツドフリント,0000040167,スマノダイドウ,0000455681,タカクラホマレ
0001047236,ペガサスヒルズ,0000287925,タイキシャトル(USA),0000618741,ハリウッドローズ,0000337092,Devil's Bag(USA),0000362599,ラムタラ(USA)
0000737562,ペガサスファイト,0000299155,エルコンドルパサー(USA),0000267259,ファイトガリバー,0000347989,Kingmambo(USA),0000158547,ダイナガリバー
ペガサスボス,ペガサスボス,,,,,,,,
0000775208,ペケジェイ,0000621100,Tiznow(USA),0000750759,スイートテイスト(USA),0000341817,Cee's Tizzy(USA),0000339861,Salt Lake(USA)
0000742744,ペニーホイッスル,0000333862,サンデーサイレンス(USA),0000442364,ラークホイッスル(CAN),0000335154,Halo(USA),0000347814,Silver Deputy(CAN)
0000722461,ペネトレーター,0000339572,オペラハウス(GB),0000224276,アルページ,0000336572,Sadler's Wells(USA),0000151215,パーシヤンボーイ(GB)
0001121971,ペプチドアマゾン,0000324933,アグネスタキオン,0000701431,レッドクローシュ,0000333862,サンデーサイレンス(USA),0000161740,トニービン(IRE)
0001150831,ペプチドウォヘッド,0000729458,キングカメハメハ,0000612766,ドリームスピカ,0000347989,Kingmambo(USA),0000274914,バブルガムフェロー
0001169034,ペプチドサプル,0000324971,マンハッタンカフェ,0000723985,ペプチドモアー,0000333862,サンデーサイレンス(USA),0000243723,サクラローレル
0000723985,ペプチドモアー,0000243723,サクラローレル,0000263151,クインモアー(IRE),0000337286,Rainbow Quest(USA),0000342688,Polish Precedent(USA)
0000886864,ペプチドルビー,0000368659,コロナドズクエスト(USA),0000309081,ロゼットブランシュ,0000337550,フォーティナイナー(USA),0000333862,サンデーサイレンス(USA)
0000758508,ペリー,0000615577,クロフネ(USA),0000297095,アマートベン,0000362799,フレンチデピュティ(USA),0000201489,メジロライアン
0001000725,ペルサントクリール,0000621960,Point Given(USA),0000444024,Try N Sue(USA),0000361977,サンダーガルチ(USA),0000343357,Sir Harry Lewis(USA)
0001186696,ペルシアンナイト,0001115148,ハービンジャー(GB),0000742600,オリエントチャーム,0000372531,Dansili(GB),0000333862,サンデーサイレンス(USA)
0001218461,ペルソナデザイン,0000722158,ハーツクライ,0000998957,コマーサント(FR),0000333862,サンデーサイレンス(USA),0000347980,Marchand de Sable(USA)
ペルソナリテ,ペルソナリテ,,,,,,,,
ペルフィカ,ペルフィカ,,,,,,,,
0000702459,ペルフェット,0000365099,エリシオ(FR),0000186231,カムイイットー,0000337427,Fairy King(USA),0000333593,ラツキーソブリン(USA)
ペルル,ペルル,,,,,,,,
0001354138,ペルーサ,0001128881,マクフィ(GB),0001096846,ローズアダージョ,0001111493,Dubawi(IRE),0000742976,ディープインパクト
0000181320,ペールギュント,0000080644,インターグシケン,0000016752,ウララ,0000333299,テスコボーイ(GB),0000333243,ガーサント(FR)
0001218667,ホウオウサーベル,0000722158,ハーツクライ,0001039213,バランセラ(FR),0000333862,サンデーサイレンス(USA),0000343943,Acatenango(GER)
0001191712,ホウオウドリーム,0001042049,ルーラーシップ,0000286632,メジロドーベル,0000729458,キングカメハメハ,0000201489,メジロライアン
0001189052,ホウオウパフューム,0000722158,ハーツクライ,0000899708,マチカネタマカズラ(USA),0000333862,サンデーサイレンス(USA),0000347989,Kingmambo(USA)
ホウザン,ホウザン,,,,,,,,
ホウザングラマー,ホウザングラマー,,,,,,,,
0001203317,ホウショウナウ,0000619768,ゴールドアリュール,0000761368,ホウショウルビー(USA),0000333862,サンデーサイレンス(USA),0000365324,デザートキング(IRE)
0000761368,ホウショウルビー,0000365324,デザートキング(IRE),0000331283,ゲイリーフィールド(USA),0000337424,デインヒル(USA),0000336770,Crafty Prospector(USA)
0000999003,ホウショウループ,0000362868,Mr. Greeley(USA),0000321175,ゲイリーファンキー(USA),0000337432,Gone West(USA),0000337450,Theatrical(IRE)
0001137416,ホウライアキコ,0000719054,ヨハネスブルグ(USA),0000707831,ホウライサンデー,0000362819,ヘネシー(USA),0000333862,サンデーサイレンス(USA)
0000707825,ホウライウォニング,0000342675,ウォーニング(GB),0000383875,アルヴォラ(GB),0000335911,Known Fact(USA),0000336572,Sadler's Wells(USA)
0000890100,ホウライブライアン,0000333844,ブライアンズタイム(USA),0000611063,クッドビークイーン(USA),0000335167,Roberto(USA),0000336132,Vice Regent(CAN)
0001094404,ホエールキャプチャ,0000615577,クロフネ(USA),0000723076,グローバルピース,0000362799,フレンチデピュティ(USA),0000333862,サンデーサイレンス(USA)
0000728571,ホオキパウェーブ,0000358543,カーネギー(IRE),0000384011,プラチナウェーブ(USA),0000336572,Sadler's Wells(USA),0000335975,Mr. Prospector(USA)
0000617651,ホクザンフィールド,0000249565,ライブリマウント,0000221884,ホクザンクルール,0000333790,グリーンマウント(USA),0000333722,ラシアンルーブル(USA)
0000303194,ホクセツキング,0000337439,モガンボ(USA),0000196532,ホクセツパープル,0000335975,Mr. Prospector(USA),0000333593,ラツキーソブリン(USA)
ホクセツキングオー,ホクセツキングオー,,,,,,,,
0000008035,ホクセツクィーン,0000455663,リキスベビー,0000457291,チバユタカ,0000333109,サラ　クラツクセフト,0000333128,サラ　ナカヒカリ
0001205736,ホクセンジョウオー,0000742996,サムライハート,0000996556,モルフェキイ,0000333862,サンデーサイレンス(USA),0000331316,モルフェデスペクタ(USA)
0000991749,ホクトグレイン,0000321138,アグネスデジタル(USA),0000315461,マイネラフィーネ,0000336770,Crafty Prospector(USA),0000179021,サツカーボーイ
0000804077,ホクトスルタン,0000203356,メジロマックイーン,0000309131,ダイイチアピール,0000110447,メジロテイターン,0000333862,サンデーサイレンス(USA)
0001135612,ホクラニミサ,0000742976,ディープインパクト,0000329252,エルメスティアラ,0000333862,サンデーサイレンス(USA),0000333844,ブライアンズタイム(USA)
0000802347,ホクレレ,0000274915,フサイチコンコルド,0000287689,マチカネレダ(IRE),0000336202,Caerleon(USA),0000337424,デインヒル(USA)
0000034381,ホシオー,0000333287,オンリーフオアライフ(GB),0000012833,クインアドミラル,0000334162,Chanteur(FR),0000333202,アドミラルバード(GB)
0000705949,ホシコマンダー,0000333894,コマンダーインチーフ(GB),0000260134,シネマライフ,0000336853,ダンシングブレーヴ(USA),0000069360,マルゼンスキー
0000726411,ホシノピアス,0000333874,ジェイドロバリー(USA),0000383891,ダンジグジョイ(USA),0000335975,Mr. Prospector(USA),0000336082,Danzig(USA)
0000884636,ホッカイカンティ,0000225913,パラダイスクリーク(USA),0000275651,シンコウバレリーナ(IRE),0000336421,Irish River(FR),0000337755,Classic Music(USA)
0001050301,ホッカイレシフェ,0000262437,タヤスツヨシ,0000384270,ナノウシュカ(IRE),0000333862,サンデーサイレンス(USA),0000340382,Taufan(USA)
0000296423,ホッコーアンバー,0000098122,アンバーシヤダイ,0000382450,クラウンシヤトー,0000333544,ノーザンテースト(CAN),0000333422,シヤトーゲイ(USA)
0001087681,ホッコーガンバ,0000701668,ゼンノロブロイ,0000253430,ジュウジホウセキ,0000333862,サンデーサイレンス(USA),0000069360,マルゼンスキー
0001136178,ホッコーサラスター,0000719054,ヨハネスブルグ(USA),0000612418,ホッコーメモリー,0000362819,ヘネシー(USA),0000336853,ダンシングブレーヴ(USA)
0001111051,ホッコーゼニト,0000324933,アグネスタキオン,0001097118,シークレットコサージュ(USA),0000333862,サンデーサイレンス(USA),0000347641,Lost Soldier(USA)
0000737672,ホッコーソレソレー,0000294840,キングヘイロー,0000298826,ホッコーシャープ,0000336853,ダンシングブレーヴ(USA),0000333886,スキャン(USA)
0000989679,ホッコータキオン,0000324933,アグネスタキオン,0000283594,ホッコーソレイユ,0000333862,サンデーサイレンス(USA),0000114852,バンブーアトラス
0001107477,ホッコータルマエ,0000729458,キングカメハメハ,0000722526,マダムチェロキー,0000347989,Kingmambo(USA),0000347612,Cherokee Run(USA)
0000742625,ホッコーパドゥシャ,0000255813,マヤノトップガン,0000248030,ネスカベミューズ,0000333844,ブライアンズタイム(USA),0000077996,ヤマニンスキー
0000883266,ホッコービクトリー,0000256512,マーベラスサンデー,0000248030,ネスカベミューズ,0000333862,サンデーサイレンス(USA),0000077996,ヤマニンスキー
0001092418,ホッコーブレーヴ,0000256512,マーベラスサンデー,0000612418,ホッコーメモリー,0000333862,サンデーサイレンス(USA),0000336853,ダンシングブレーヴ(USA)
0001043954,ホットチリペッパー,0000701577,ネオユニヴァース,0000310673,レッドチリペッパー(USA),0000333862,サンデーサイレンス(USA),0000340629,Unbridled(USA)
0001090313,ホノカアボーイ,0000729458,キングカメハメハ,0000316255,ジェラート,0000347989,Kingmambo(USA),0000337863,Boundary(USA)
0000724823,ホリディオンワード,0000339534,ロドリゴデトリアーノ(USA),0000253534,サンデーオンワード,0000336924,El Gran Senor(USA),0000333862,サンデーサイレンス(USA)
0000085119,ホリーゴースト,0000333214,サラ　カリム(IRE),0000463629,ケンタク,0000334377,Nearco(ITY),0000008514,サラ　ハクズイコウ
ホルボッシュ,ホルボッシュ,,,,,,,,
0000205638,ホワイトウインド,0000333452,サラ　ダンシングキヤツプ(USA),0000464424,タルミギバイ,0000334375,Native Dancer(USA),0000007866,サラ　メイズイ
0001149467,ホワイトエレガンス,0000615577,クロフネ(USA),0000308968,レディベローナ,0000362799,フレンチデピュティ(USA),0000333862,サンデーサイレンス(USA)
0000702124,ホワイトカーニバル,0000214564,ミシル(USA),0000223883,イエローブルーム,0000336395,Miswaki(USA),0000333769,パークリージエント(CAN)
0000314751,ホワイトハピネス,0000166681,タマモクロス,0000383953,カーフィリィ(IRE),0000082169,シービークロス,0000336202,Caerleon(USA)
0000891234,ホワイトピルグリム,0000615577,クロフネ(USA),0000701747,オーバルカット,0000362799,フレンチデピュティ(USA),0000365099,エリシオ(FR)
0001123238,ホワイトフリート,0000615577,クロフネ(USA),0000727968,ファインセラ,0000362799,フレンチデピュティ(USA),0000333862,サンデーサイレンス(USA)
ホワイトフーガ,ホワイトフーガ,,,,,,,,
0000761291,ホワイトポイント,0000365324,デザートキング(IRE),0000330275,マイニングレディ,0000337424,デインヒル(USA),0000337380,マイニング(USA)
0000316297,ホワットアリーズン,0000333862,サンデーサイレンス(USA),0000383359,クルーピアレディー(USA),0000335154,Halo(USA),0000337229,What Luck(USA)
0001113100,ホーカーテンペスト,0000714422,Hawk Wing(USA),0000978304,リッチダンサー(GB),0000337445,Woodman(USA),0000362583,Halling(USA)
0000708331,ホーマンアピール,0000333894,コマンダーインチーフ(GB),0000383968,グッドミセスマーフィー(USA),0000336853,ダンシングブレーヴ(USA),0000336395,Miswaki(USA)
0000758556,ホーマンアラシ,0000274883,ダンスインザダーク,0000297875,ブランドシャトル,0000333862,サンデーサイレンス(USA),0000337450,Theatrical(IRE)
0000613356,ホーマンウイナー,0000207623,トウカイテイオー,0000157041,リコドミンゴ,0000140567,シンボリルドルフ,0000333614,ゼダーン(GB)
0000700375,ホーマンオブジェ,0000340633,アラジ(USA),0000196343,オオシマダリア,0000335274,Blushing Groom(FR),0000333665,モガミ(FR)
0000618393,ホーマンキュート,0000340556,ジョリーズヘイロー(USA),0000261532,ホーマンレッド,0000335154,Halo(USA),0000333632,ダンサーズイメージ(USA)
0000296228,ホーマンスピリット,0000333770,ワツスルタツチ(USA),0000109852,オオシマスズラン,0000334002,Northern Dancer(CAN),0000333475,カウアイキング(USA)
0000727306,ホーマンソレイユ,0000333862,サンデーサイレンス(USA),0000382727,ノースオブダンジグ(USA),0000335154,Halo(USA),0000336082,Danzig(USA)
0000742927,ホーマンテキーラ,0000225628,サクラバクシンオー,0000275440,ビバノンノ(USA),0000145106,サクラユタカオー,0000336177,Storm Bird(CAN)
0001095650,ホーマンフリップ,0000262443,フジキセキ,0000738328,レーゲンボーゲン,0000333862,サンデーサイレンス(USA),0000362799,フレンチデピュティ(USA)
0000313887,ホーマンベルウィン,0000333894,コマンダーインチーフ(GB),0000211350,ラシアンパーティ,0000336853,ダンシングブレーヴ(USA),0000333722,ラシアンルーブル(USA)
0001094497,ホーマンルッツ,0000262443,フジキセキ,0000724102,ホーマンルージュ,0000333862,サンデーサイレンス(USA),0000337848,デヒア(USA)
0000753707,ホーリーミスト,0000299155,エルコンドルパサー(USA),0000225252,ブリリアントミスト,0000347989,Kingmambo(USA),0000333707,リアルシヤダイ(USA)
0001215296,ホールドユアハンド,0000888832,エスポワールシチー,0000730415,ハートフルビコー,0000619768,ゴールドアリュール,0000287943,ゼンノメイジン(USA)
0000775889,ボウマンズクロッシング,0000361031,Dolphin Street(FR),0000439198,Biraya(GB),0000337486,Bluebird(USA),0000337529,Valiyar(IRE)
0001206973,ボウルズ,0001052586,エイシンフラッシュ,0001088729,アグネスメープル,0000372784,キングズベスト(USA),0000324933,アグネスタキオン
0000890878,ボクノタイヨウ,0000321138,アグネスデジタル(USA),0000620026,タルゴナイト,0000336770,Crafty Prospector(USA),0000333862,サンデーサイレンス(USA)
0000799452,ボスアミーゴ,0000316565,アドマイヤボス,0000237390,サクラユキクイン,0000333862,サンデーサイレンス(USA),0000138397,サクラトウコウ
0000267801,ボストンエンペラー,0000171237,イナリワン,0000382981,レデイーオブアイルランド(IRE),0000333608,ミルジヨージ(USA),0000335936,Be My Guest(USA)
0000019458,ボストンオー,0000008661,シンザン,0000008546,エゾクイン,0000333190,ヒンドスタン(GB),0000003238,マサタカラ
0001048130,ボストンプラチナ,0000294840,キングヘイロー,0000704820,アドマイヤアイドル,0000336853,ダンシングブレーヴ(USA),0000333844,ブライアンズタイム(USA)
0001088449,ボストンリョウマ,0000324971,マンハッタンカフェ,0000279165,ファンドリオボッコ,0000333862,サンデーサイレンス(USA),0000333770,ワツスルタツチ(USA)
0000130935,ボタンフジ,0000021179,サトホース,0000073148,フジボタンⅡ,0000455667,タカトシ,0000011624,チカライチ
0000316860,ボトムズアップ,0000333769,パークリージエント(CAN),0000177529,ブゼンワイルド,0000336132,Vice Regent(CAN),0000333640,ブレイヴエストローマン(USA)
0000725161,ボブビースト,0000266932,ロイヤルタッチ,0000217293,シロツバキ,0000333862,サンデーサイレンス(USA),0000333770,ワツスルタツチ(USA)
0000803106,ボランタス,0000333901,ティンバーカントリー(USA),0000298422,ブライダルスイート,0000337445,Woodman(USA),0000333862,サンデーサイレンス(USA)
0000245728,ボレアス,0000333804,ビシヨツプボブ(CAN),0000147478,マンヤダンサー,0000336401,Clever Trick(USA),0000333442,フリートウイング(USA)
0001119304,ボロンベルラルーン,0000760877,アドマイヤムーン,0000310350,タカノセクレタリー(USA),0000361855,エンドスウィープ(USA),0000335964,Seattle Slew(USA)
0001044259,ボンジュールヒカリ,0000274883,ダンスインザダーク,0000315927,エアステビア,0000333862,サンデーサイレンス(USA),0000337445,Woodman(USA)
0001047358,ボンジュールメロン,0000225628,サクラバクシンオー,0000619889,コンフィチュール,0000145106,サクラユタカオー,0000333862,サンデーサイレンス(USA)
0001186226,ボンセルヴィーソ,0000725485,ダイワメジャー,0000730639,バイモユリ,0000333862,サンデーサイレンス(USA),0000243723,サクラローレル
0000738617,ボンネビルレコード,0000182480,アサティス(USA),0000222003,ダイワスタン,0000336769,Topsider(USA),0000069360,マルゼンスキー
0000994287,ボンバルリーナ,0000700008,シンボリクリスエス(USA),0000448819,レッドキャット(USA),0000336209,Kris S.(USA),0000337102,Storm Cat(USA)
0001171683,ボーアムルーズ,0000611525,タニノギムレット,0000808048,ダイワチャーム,0000333844,ブライアンズタイム(USA),0000262443,フジキセキ
0001175105,ボーダレス,0000760877,アドマイヤムーン,0001113565,コスモポリタン(GB),0000361855,エンドスウィープ(USA),0000342671,Cadeaux Genereux(GB)
0000294794,ボーデンゼー,0000333770,ワツスルタツチ(USA),0000382972,アンクレリエール(FR),0000334002,Northern Dancer(CAN),0000336543,Top Ville(IRE)
0000729144,ボードスウィーパー,0000361855,エンドスウィープ(USA),0000247186,マキシマムデニール,0000337550,フォーティナイナー(USA),0000333544,ノーザンテースト(CAN)
0001109433,ポアゾンブラック,0000298971,マイネルラヴ(USA),0000755798,サンライトチーフ,0000337444,Seeking the Gold(USA),0000365159,チーフベアハート(CAN)
0000887566,ポコアポコフォルテ,0000286968,ステイゴールド,0000316819,エンドレスサン,0000333862,サンデーサイレンス(USA),0000337550,フォーティナイナー(USA)
0000731533,ポジションワン,0000341849,Carson City(USA),0000405535,Delagating(CAN),0000335975,Mr. Prospector(USA),0000338072,Deputy Minister(CAN)
0001190277,ポッドジーニー,0001031979,ストリートセンス(USA),0001043977,エリモエポナ,0000621983,Street Cry(IRE),0000701668,ゼンノロブロイ
0001124681,ポップアップハート,0000325200,ジャングルポケット,0000755988,ポップチャート,0000161740,トニービン(IRE),0000337421,アフリート(CAN)
0000198848,ポップコーン,0000080644,インターグシケン,0000104370,ミスビーエム,0000333299,テスコボーイ(GB),0000333245,ダイハード(GB)
0000701711,ポップコーンジャズ,0000274883,ダンスインザダーク,0000286913,グレイスルーマー,0000333862,サンデーサイレンス(USA),0000161740,トニービン(IRE)
0000729003,ポップロック,0000365099,エリシオ(FR),0000262435,ポップス,0000337427,Fairy King(USA),0000333862,サンデーサイレンス(USA)
0001186113,ポポカテペトル,0000742976,ディープインパクト,0000728495,ミスパスカリ,0000333862,サンデーサイレンス(USA),0000362868,Mr. Greeley(USA)
0001138835,ポメグラネイト,0000725485,ダイワメジャー,0000737565,フレンチバージン,0000333862,サンデーサイレンス(USA),0000362799,フレンチデピュティ(USA)
0000794320,ポリシーメイカー,0000336572,Sadler's Wells(USA),0000715033,Palmeraie(USA),0000334002,Northern Dancer(CAN),0000336869,Lear Fan(USA)
0000991858,ポルカマズルカ,0000333901,ティンバーカントリー(USA),0000316344,ダンシングサンデー,0000337445,Woodman(USA),0000333862,サンデーサイレンス(USA)
0001155448,ポルトドートウィユ,0000742976,ディープインパクト,0000884527,ポルトフィーノ,0000333862,サンデーサイレンス(USA),0000615577,クロフネ(USA)
0000229381,ポルトフィーノ,0000333638,ニゾン(USA),0000099618,セツテフイオーレ,0000333996,Nijinsky(CAN),0000333434,ペール(IRE)
0001168732,ポロス,0001111834,バトルプラン(USA),0000707111,チチンプイプイ,0000749845,エンパイアメーカー(USA),0000255813,マヤノトップガン
0001339311,ポンデローザ,0001175168,ヴァンキッシュラン,0001194554,ワールドフォース(IRE),0000742976,ディープインパクト,0001180621,Canford Cliffs(IRE)
0000322386,ポンポン,0000102210,トライバルセンプー,0000184641,モガミジオー,0000333535,サラ　トライバルチーフ(GB),0000069360,サラ　マルゼンスキー
0000751995,ポートエレガント,0000337848,デヒア(USA),0000190629,ファンドリポポ,0000338072,Deputy Minister(CAN),0000118821,ホスピタリテイ
0000754226,ポートジェネラル,0000333886,スキャン(USA),0000234398,ノムラテスコレデー,0000335975,Mr. Prospector(USA),0000115349,アスワン
0000802964,ポートラヴ,0000337550,フォーティナイナー(USA),0000296915,サラトガビューティ,0000335975,Mr. Prospector(USA),0000333872,アジュディケーティング(USA)
0001325550,ポーラーライツ,0001162905,サトノクラウン,0001188629,オーロラエンブレム,0000341019,Marju(IRE),0000742976,ディープインパクト
0000212758,ポールシッター,0000333604,ノーザンアンサー(CAN),0000091028,ダイコウドウ,0000334002,Northern Dancer(CAN),0000333410,フアーザーズイメージ(USA)
0000705074,マイジョーカー,0000161740,トニービン(IRE),0000235638,エピファニー,0000336378,カンパラ(GB),0000333640,ブレイヴエストローマン(USA)
0001188070,マイスタイル,0000722158,ハーツクライ,0000807175,ファーストナイナー,0000333862,サンデーサイレンス(USA),0000337550,フォーティナイナー(USA)
マイソールサウンド,マイソールサウンド,,,,,,,,
0000296596,マイターン,0000176226,サクラチヨノオー,0000198782,フミノアミューズ,0000069360,マルゼンスキー,0000333642,キヤタオラ(USA)
0000316818,マイダイナマイト,0000213946,ダイナマイトダディ,0000165887,ミロク,0000145106,サクラユタカオー,0000333523,ボールドコンバタント(USA)
0000330238,マイティスピード,0000231850,ビワハヤヒデ,0000235624,ミスマリリン,0000337280,シャルード(USA),0000333771,レシテイシヨン(USA)
0000735005,マイティスプリング,0000359332,トワイニング(USA),0000273287,パピヨンフラッグ,0000337550,フォーティナイナー(USA),0000214492,リンドシェーバー(USA)
0001153964,マイティティー,0000749845,エンパイアメーカー(USA),0000760540,チアズガディス,0000340629,Unbridled(USA),0000362799,フレンチデピュティ(USA)
0000727705,マイティミシエロ,0000347531,ミシエロ(USA),0000273287,パピヨンフラッグ,0000336424,Conquistador Cielo(USA),0000214492,リンドシェーバー(USA)
0000701628,マイティーカラー,0000161740,トニービン(IRE),0000384143,ジョディーディア(USA),0000336378,カンパラ(GB),0000337445,Woodman(USA)
0000994767,マイティースルー,0000615577,クロフネ(USA),0000615643,スルーオール(USA),0000362799,フレンチデピュティ(USA),0000335964,Seattle Slew(USA)
0000223250,マイティーワークス,0000069360,マルゼンスキー,0000090164,トミサクラ,0000333996,Nijinsky(CAN),0000333224,チヤイナロツク(GB)
0000331306,マイネアイル,0000345372,Candy Stripes(USA),0000398155,Ocean Bay(USA),0000335274,Blushing Groom(FR),0000343722,Groovy(USA)
0000991748,マイネアリス,0000293624,スペシャルウィーク,0000315454,マイネビクトリア,0000333862,サンデーサイレンス(USA),0000207623,トウカイテイオー
0001043821,マイネアロマ,0000848478,ロージズインメイ(USA),0000309132,ダイイチビビット,0000339820,Devil His Due(USA),0000161740,トニービン(IRE)
0001089688,マイネイサベル,0000619930,テレグノシス,0000306755,マイネレジーナ,0000161740,トニービン(IRE),0000333862,サンデーサイレンス(USA)
0001088097,マイネイディール,0000620083,アドマイヤマックス,0000267788,オールフォーゲラン,0000333862,サンデーサイレンス(USA),0000333874,ジェイドロバリー(USA)
0000804465,マイネインティマ,0000611525,タニノギムレット,0000314266,ダイイチコパン,0000333844,ブライアンズタイム(USA),0000333862,サンデーサイレンス(USA)
0000890227,マイネウインク,0000293624,スペシャルウィーク,0000612179,コスモピューピル,0000333862,サンデーサイレンス(USA),0000359154,ティッカネン(USA)
0001103378,マイネエポナ,0000729458,キングカメハメハ,0000308968,レディベローナ,0000347989,Kingmambo(USA),0000333862,サンデーサイレンス(USA)
0001093086,マイネオーチャード,0000286968,ステイゴールド,0000619967,シルキーヴェルジェ,0000333862,サンデーサイレンス(USA),0000333901,ティンバーカントリー(USA)
0001138409,マイネオーラム,0000286968,ステイゴールド,0000732593,マイネシャローナ,0000333862,サンデーサイレンス(USA),0000333894,コマンダーインチーフ(GB)
0000801396,マイネカンナ,0000324933,アグネスタキオン,0000274206,タカラカンナ,0000333862,サンデーサイレンス(USA),0000179021,サツカーボーイ
0001139121,マイネグラティア,0000701577,ネオユニヴァース,0000747890,キーチェスターバーン(USA),0000333862,サンデーサイレンス(USA),0000343734,Broad Brush(USA)
0001138696,マイネグレヴィル,0000333844,ブライアンズタイム(USA),0000736064,マイネポリーヌ,0000335167,Roberto(USA),0000293624,スペシャルウィーク
0000735219,マイネコンテッサ,0000263174,ペンタイア(GB),0000191843,アオエトウショウ,0000335936,Be My Guest(USA),0000061253,トウシヨウボーイ
0000702014,マイネサマンサ,0000340066,ディアブロ(USA),0000191843,アオエトウショウ,0000337092,Devil's Bag(USA),0000061253,トウシヨウボーイ
0000752306,マイネサンサン,0000293624,スペシャルウィーク,0000198692,スプライトパッサー,0000333862,サンデーサイレンス(USA),0000076895,メイワパツサー
0000801010,マイネシャリマー,0000369765,ムタファーウエク(USA),0000267788,オールフォーゲラン,0000336890,Silver Hawk(USA),0000333874,ジェイドロバリー(USA)
0000807869,マイネシャンゼリゼ,0000207623,トウカイテイオー,0000619772,セーヌフロウ,0000140567,シンボリルドルフ,0000333901,ティンバーカントリー(USA)
0001095377,マイネショコラーデ,0000848478,ロージズインメイ(USA),0000734894,コスモヴァレンチ,0000339820,Devil His Due(USA),0000298971,マイネルラヴ(USA)
0001092286,マイネジャンヌ,0000848478,ロージズインメイ(USA),0000611369,イットウリョウダン,0000339820,Devil His Due(USA),0000274915,フサイチコンコルド
0000766339,マイネジャーダ,0000333874,ジェイドロバリー(USA),0000397216,テクラヤティ(USA),0000335975,Mr. Prospector(USA),0000334968,Lyphard(USA)
0001094952,マイネソルシエール,0000848478,ロージズインメイ(USA),0000729100,マイネソーサリス,0000339820,Devil His Due(USA),0000333844,ブライアンズタイム(USA)
0000729100,マイネソーサリス,0000333844,ブライアンズタイム(USA),0000244100,マイネマジック,0000335167,Roberto(USA),0000125443,ギヤロツプダイナ
0001122092,マイネチャーム,0000324933,アグネスタキオン,0000702014,マイネサマンサ,0000333862,サンデーサイレンス(USA),0000340066,ディアブロ(USA)
0000736072,マイネデセール,0000298971,マイネルラヴ(USA),0000155962,メインディッシュ,0000337444,Seeking the Gold(USA),0000333480,サンシー(FR)
0000884783,マイネトゥインクル,0000369765,ムタファーウエク(USA),0000279891,マイネブリリアン,0000336890,Silver Hawk(USA),0000179021,サツカーボーイ
0000757391,マイネトップレディ,0000369765,ムタファーウエク(USA),0000283352,キープイットアップ,0000336890,Silver Hawk(USA),0000180829,モガミチャンピオン
0000702756,マイネヌーヴェル,0000333844,ブライアンズタイム(USA),0000299451,マイネプリテンダー(NZ),0000335167,Roberto(USA),0000342033,Zabeel(NZ)
0001044363,マイネノーブレス,0000255813,マヤノトップガン,0000316523,アドマイヤジェンヌ,0000333844,ブライアンズタイム(USA),0000333862,サンデーサイレンス(USA)
0000614120,マイネハルモニア,0000339572,オペラハウス(GB),0000190851,ハルツーム,0000336572,Sadler's Wells(USA),0000333667,ターゴワイス(USA)
0000800590,マイネバイレ,0000621040,スクワートルスクワート(USA),0000260511,カーニバルクイーン,0000339829,Marquetry(USA),0000161740,トニービン(IRE)
0000890818,マイネフルーレ,0000214562,スターオブコジーン(USA),0000619687,メジロベツァーリ,0000337423,Cozzene(USA),0000340633,アラジ(USA)
0000882512,マイネブリッツ,0000225913,パラダイスクリーク(USA),0000230384,デンコウセッカ,0000336421,Irish River(FR),0000333821,リヴリア(USA)
0000989517,マイネプリンセス,0000321138,アグネスデジタル(USA),0000280292,マイネカトリーヌ,0000336770,Crafty Prospector(USA),0000161740,トニービン(IRE)
0000797552,マイネペローラ,0000308300,アドマイヤコジーン,0000190655,マイネペルレ,0000337423,Cozzene(USA),0000078117,メジロイーグル
マイネボヌール,マイネボヌール,,,,,,,,
0000738278,マイネマリスタ,0000293624,スペシャルウィーク,0000233803,ワイドウインダム,0000333862,サンデーサイレンス(USA),0000061253,トウシヨウボーイ
0000612189,マイネミモーゼ,0000333844,ブライアンズタイム(USA),0000165859,マイネミレー,0000335167,Roberto(USA),0000069360,マルゼンスキー
0000702748,マイネラベンダー,0000214562,スターオブコジーン(USA),0000196219,パステルミント(USA),0000337423,Cozzene(USA),0000334745,Key to the Mint(USA)
0001108208,マイネルアイザック,0000286968,ステイゴールド,0000730343,アイアイサクラ,0000333862,サンデーサイレンス(USA),0000263174,ペンタイア(GB)
0001140835,マイネルアウラート,0000286968,ステイゴールド,0000807869,マイネシャンゼリゼ,0000333862,サンデーサイレンス(USA),0000207623,トウカイテイオー
0000727293,マイネルアクセル,0000263174,ペンタイア(GB),0000213961,ノーザンドライバー,0000335936,Be My Guest(USA),0000333544,ノーザンテースト(CAN)
0001110200,マイネルアダマス,0000620083,アドマイヤマックス,0000802853,マイネディアマンテ,0000333862,サンデーサイレンス(USA),0000255813,マヤノトップガン
0001106265,マイネルアトラクト,0000620083,アドマイヤマックス,0000620019,マイネディーバ,0000333862,サンデーサイレンス(USA),0000207623,トウカイテイオー
0000738246,マイネルアドホック,0000237704,ホワイトマズル(GB),0000298503,オリジナルデザート,0000336853,ダンシングブレーヴ(USA),0000333707,リアルシヤダイ(USA)
0000807374,マイネルアナハイム,0000201489,メジロライアン,0000611939,エンジェルライト,0000098122,アンバーシヤダイ,0000333886,スキャン(USA)
0000612177,マイネルアムンゼン,0000263174,ペンタイア(GB),0000169463,ダイナマッケンジー,0000335936,Be My Guest(USA),0000333544,ノーザンテースト(CAN)
0000756388,マイネルアラバンサ,0000293624,スペシャルウィーク,0000269279,タイランツフェイム,0000333862,サンデーサイレンス(USA),0000333640,ブレイヴエストローマン(USA)
0000733953,マイネルアルクス,0000333844,ブライアンズタイム(USA),0000197215,スリーキャッスル,0000335167,Roberto(USA),0000069360,マルゼンスキー
0000702893,マイネルアルバ,0000340653,ハウスバスター(USA),0000230352,サンライズグロリア,0000336553,Mt. Livermore(USA),0000333637,ロイヤルスキー(USA)
0000734201,マイネルアルビオン,0000298971,マイネルラヴ(USA),0000236861,ゴールデンボタン,0000337444,Seeking the Gold(USA),0000333632,ダンサーズイメージ(USA)
0000803259,マイネルアワグラス,0000333844,ブライアンズタイム(USA),0000299451,マイネプリテンダー(NZ),0000335167,Roberto(USA),0000342033,Zabeel(NZ)
マイネルアントス,マイネルアントス,,,,,,,,
0000703446,マイネルアンドレア,0000274883,ダンスインザダーク,0000179024,バツテンコマチ,0000333862,サンデーサイレンス(USA),0000333707,リアルシヤダイ(USA)
0000616401,マイネルアンブル,0000098122,アンバーシヤダイ,0000284692,タカイロドリゴ,0000333544,ノーザンテースト(CAN),0000339534,ロドリゴデトリアーノ(USA)
0000703637,マイネルイェーガー,0000255813,マヤノトップガン,0000275682,ミスワキジャパン(USA),0000333844,ブライアンズタイム(USA),0000336875,Phone Trick(USA)
0000612098,マイネルイースター,0000337436,ラストタイクーン(IRE),0000383570,オールセインツデイ(USA),0000336129,トライマイベスト(USA),0000336305,Alydar(USA)
0000247953,マイネルウェイヴ,0000333747,サウスアトランテイツク(IRE),0000145265,スズラデイガ,0000334047,Mill Reef(USA),0000333438,ラデイガ(USA)
0000279508,マイネルエアメール,0000169443,ダイナレター,0000191843,アオエトウショウ,0000333544,ノーザンテースト(CAN),0000061253,トウシヨウボーイ
0000729078,マイネルエクストラ,0000333862,サンデーサイレンス(USA),0000255219,マイネエクセル,0000335154,Halo(USA),0000166681,タマモクロス
0001108612,マイネルエクレウス,0000848478,ロージズインメイ(USA),0000735397,マイネエストレヤ,0000339820,Devil His Due(USA),0000214562,スターオブコジーン(USA)
0000330052,マイネルエスケープ,0000203356,メジロマックイーン,0000246188,ハローウエスト,0000110447,メジロテイターン,0000333665,モガミ(FR)
0001156467,マイネルエスパス,0000298971,マイネルラヴ(USA),0000992349,タイニープラネット,0000337444,Seeking the Gold(USA),0000701577,ネオユニヴァース
0001144663,マイネルエテルネル,0001099671,Tamayuz(GB),0001064393,For Evva Silca(GB),0000714371,Nayef(USA),0000361749,Piccolo(GB)
マイネルエパティカ,マイネルエパティカ,,,,,,,,
0000702192,マイネルエフォール,0000333901,ティンバーカントリー(USA),0000176480,マイネレーベン,0000337445,Woodman(USA),0000061253,トウシヨウボーイ
0001203732,マイネルエメ,0000286968,ステイゴールド,0000801310,ケイティラブ,0000333862,サンデーサイレンス(USA),0000333886,スキャン(USA)
0000993042,マイネルエルフ,0000700008,シンボリクリスエス(USA),0000328243,ゲイリーピクシー,0000336209,Kris S.(USA),0000337553,Rahy(USA)
0000889002,マイネルエルマス,0000207623,トウカイテイオー,0000331282,ゲイリームーチョ(USA),0000140567,シンボリルドルフ,0000344537,サザンヘイロー(USA)
0000729240,マイネルオクテット,0000274914,バブルガムフェロー,0000295344,マチカネナナエヤエ,0000333862,サンデーサイレンス(USA),0000337553,Rahy(USA)
マイネルオフィール,マイネルオフィール,,,,,,,,
0001043327,マイネルオベリスク,0000321138,アグネスデジタル(USA),0000302710,シンカンメグミ,0000336770,Crafty Prospector(USA),0000069360,マルゼンスキー
0000612169,マイネルオーパー,0000339572,オペラハウス(GB),0000198696,キューティアップ,0000336572,Sadler's Wells(USA),0000127137,アツプセツター
0001045852,マイネルカリバーン,0000619835,デュランダル,0000383867,スリリングディ(AUS),0000333862,サンデーサイレンス(USA),0000336583,Prego(IRE)
0001108623,マイネルカーミン,0000701701,オレハマッテルゼ,0000735584,スカーレットオハラ,0000333862,サンデーサイレンス(USA),0000333844,ブライアンズタイム(USA)
0000798795,マイネルカーロ,0000298971,マイネルラヴ(USA),0000224760,ビンゴハナコ,0000337444,Seeking the Gold(USA),0000333769,パークリージエント(CAN)
0001041427,マイネルガヴロシュ,0000298971,マイネルラヴ(USA),0000256747,タイガロピーヌ,0000337444,Seeking the Gold(USA),0000030382,タイテエム
0000707566,マイネルガーランド,0000333799,フオテイテン(USA),0000197481,フラワーアモン,0000336085,Nureyev(USA),0000333626,ピツトカーン(IRE)
マイネルキッツ,マイネルキッツ,,,,,,,,
マイネルキーロフ,マイネルキーロフ,,,,,,,,
マイネルクラリティ,マイネルクラリティ,,,,,,,,
0001119259,マイネルクレイズ,0000274883,ダンスインザダーク,0000309181,ロストインラヴ,0000333862,サンデーサイレンス(USA),0000237704,ホワイトマズル(GB)
0001124690,マイネルクロップ,0000615577,クロフネ(USA),0000756083,グレートハーベスト,0000362799,フレンチデピュティ(USA),0000333862,サンデーサイレンス(USA)
0000803538,マイネルグラシュー,0000201489,メジロライアン,0000304247,ノーブルエターナル,0000098122,アンバーシヤダイ,0000337421,アフリート(CAN)
0000803819,マイネルグラナーテ,0000274883,ダンスインザダーク,0000306921,リボーンガーネット,0000333862,サンデーサイレンス(USA),0000069360,マルゼンスキー
0000757109,マイネルグリッツァ,0000298971,マイネルラヴ(USA),0000279891,マイネブリリアン,0000337444,Seeking the Gold(USA),0000179021,サツカーボーイ
0001155848,マイネルグルマン,0001039506,スニッツェル(AUS),0000890068,プラチナベール,0000375619,Redoute's Choice(AUS),0000324933,アグネスタキオン
0000759282,マイネルグロリアス,0000340633,アラジ(USA),0000306092,レイホーグロリアス,0000335274,Blushing Groom(FR),0000333846,キンググローリアス(USA)
0000316975,マイネルコンバット,0000333894,コマンダーインチーフ(GB),0000201669,プリンセススマイル,0000336853,ダンシングブレーヴ(USA),0000333544,ノーザンテースト(CAN)
0001042883,マイネルゴルト,0000286968,ステイゴールド,0000293953,ダンケベルグ,0000333862,サンデーサイレンス(USA),0000333861,バイアモン(USA)
0001200570,マイネルサイルーン,0000887465,キャプテントゥーレ,0000314137,ジャックカガヤキ,0000324933,アグネスタキオン,0000337424,デインヒル(USA)
0001154249,マイネルサクセサー,0000333844,ブライアンズタイム(USA),0000766339,マイネジャーダ,0000335167,Roberto(USA),0000333874,ジェイドロバリー(USA)
0000807901,マイネルサニベル,0000375505,スウェプトオーヴァーボード(USA),0000620032,カプティヴァン,0000361855,エンドスウィープ(USA),0000274883,ダンスインザダーク
0001200769,マイネルサリューエ,0000701577,ネオユニヴァース,0000323512,エーピーサルート,0000333862,サンデーサイレンス(USA),0000237703,エーピーダンサー(USA)
0001153347,マイネルサージュ,0001115148,ハービンジャー(GB),0000743235,サオヒメ,0000372531,Dansili(GB),0000333862,サンデーサイレンス(USA)
0001185693,マイネルザウバア,0000801447,スクリーンヒーロー,0000709136,ラソーミュロワーズ(FR),0000299089,グラスワンダー(USA),0000337435,Kendor(FR)
0001153009,マイネルシュバリエ,0001111834,バトルプラン(USA),0000736064,マイネポリーヌ,0000749845,エンパイアメーカー(USA),0000293624,スペシャルウィーク
マイネルシュピール,マイネルシュピール,,,,,,,,
0000700237,マイネルシュラーク,0000361977,サンダーガルチ(USA),0000296056,トウヨウロイヤル,0000339836,Gulch(USA),0000341457,ロイヤルアカデミーⅡ(USA)
0000736057,マイネルシルバート,0000333862,サンデーサイレンス(USA),0000169987,ウインホイッスル,0000335154,Halo(USA),0000333634,ソーブレスド(GB)
0000804101,マイネルシーガル,0000321292,ゼンノエルシド(IRE),0000309252,エイシンアイノウタ,0000336202,Caerleon(USA),0000333862,サンデーサイレンス(USA)
0001125594,マイネルジェイド,0000286968,ステイゴールド,0000802853,マイネディアマンテ,0000333862,サンデーサイレンス(USA),0000255813,マヤノトップガン
0000326395,マイネルジャパン,0000333886,スキャン(USA),0000269578,マヤノカンパネラ,0000335975,Mr. Prospector(USA),0000077996,ヤマニンスキー
0000755013,マイネルスカット,0000225628,サクラバクシンオー,0000247384,シンメイリボーン,0000145106,サクラユタカオー,0000179021,サツカーボーイ
0000763065,マイネルスケルツィ,0000299089,グラスワンダー(USA),0000634885,アラデヤ(GB),0000336890,Silver Hawk(USA),0000337496,Machiavellian(USA)
0000885620,マイネルスターリー,0000214562,スターオブコジーン(USA),0000293547,スイートウインク,0000337423,Cozzene(USA),0000333862,サンデーサイレンス(USA)
0001123344,マイネルストラーノ,0000742976,ディープインパクト,0000729100,マイネソーサリス,0000333862,サンデーサイレンス(USA),0000333844,ブライアンズタイム(USA)
0000752934,マイネルスパークル,0000274883,ダンスインザダーク,0000211581,リネンスパーク,0000333862,サンデーサイレンス(USA),0000114524,ハギノカムイオー
マイネルスフェーン,マイネルスフェーン,,,,,,,,
0000729104,マイネルスペリオル,0000293624,スペシャルウィーク,0000176480,マイネレーベン,0000333862,サンデーサイレンス(USA),0000061253,トウシヨウボーイ
0000620275,マイネルセレクト,0000337550,フォーティナイナー(USA),0000217878,ウメノアスコット,0000335975,Mr. Prospector(USA),0000333593,ラツキーソブリン(USA)
0000728342,マイネルゼスト,0000359332,トワイニング(USA),0000217552,フリークフィールド,0000337550,フォーティナイナー(USA),0000333795,アンフイールド(IRE)
0000722286,マイネルゼピュロス,0000207667,ヤマニンゼファー,0000229404,アスターナノース,0000129863,ニホンピロウイナー,0000114852,バンブーアトラス
0001135800,マイネルゼーラフ,0000701668,ゼンノロブロイ,0000384141,エンジェルインザモーニング(USA),0000333862,サンデーサイレンス(USA),0000336553,Mt. Livermore(USA)
0000800373,マイネルソリスト,0000324933,アグネスタキオン,0000256775,カバティーナ,0000333862,サンデーサイレンス(USA),0000333762,ゲイメセン(USA)
0000706121,マイネルソロモン,0000207623,トウカイテイオー,0000284692,タカイロドリゴ,0000140567,シンボリルドルフ,0000339534,ロドリゴデトリアーノ(USA)
マイネルタンゴ,マイネルタンゴ,,,,,,,,
マイネルダイナモ,マイネルダイナモ,,,,,,,,
0000886135,マイネルチャールズ,0000333844,ブライアンズタイム(USA),0000299451,マイネプリテンダー(NZ),0000335167,Roberto(USA),0000342033,Zabeel(NZ)
マイネルテセウス,マイネルテセウス,,,,,,,,
0001133627,マイネルディアベル,0000705666,ナイキアディライト,0000274904,ムービースクリーン,0000340066,ディアブロ(USA),0000161740,トニービン(IRE)
マイネルディバイン,マイネルディバイン,,,,,,,,
0000725901,マイネルディマジオ,0000201489,メジロライアン,0000198244,センシューリーブ,0000098122,アンバーシヤダイ,0000333593,ラツキーソブリン(USA)
0001102051,マイネルディーン,0000274883,ダンスインザダーク,0000274904,ムービースクリーン,0000333862,サンデーサイレンス(USA),0000161740,トニービン(IRE)
マイネルデュプレ,マイネルデュプレ,,,,,,,,
0000758804,マイネルネオス,0000286968,ステイゴールド,0000299451,マイネプリテンダー(NZ),0000333862,サンデーサイレンス(USA),0000342033,Zabeel(NZ)
マイネルハイアップ,マイネルハイアップ,,,,,,,,
マイネルハイセンス,マイネルハイセンス,,,,,,,,
マイネルハニー,マイネルハニー,,,,,,,,
0000742535,マイネルハーティー,0000298971,マイネルラヴ(USA),0000225660,シビルスイート,0000337444,Seeking the Gold(USA),0000140567,シンボリルドルフ
0000797163,マイネルハーバード,0000318327,ニューイングランド,0000169485,ダイナレアリテイー,0000333862,サンデーサイレンス(USA),0000333544,ノーザンテースト(CAN)
0001104469,マイネルバイカ,0000848478,ロージズインメイ(USA),0000325786,スギノセンヒメ,0000339820,Devil His Due(USA),0000337550,フォーティナイナー(USA)
0001102245,マイネルバウンス,0000619768,ゴールドアリュール,0000281135,ハッピーリズム,0000333862,サンデーサイレンス(USA),0000333878,リズム(USA)
0001171388,マイネルバサラ,0001025279,シニスターミニスター(USA),0000804241,サザンレイスター,0000369550,Old Trieste(USA),0000344537,サザンヘイロー(USA)
0000759996,マイネルバシリコス,0000207623,トウカイテイオー,0000314266,ダイイチコパン,0000140567,シンボリルドルフ,0000333862,サンデーサイレンス(USA)
マイネルバールマン,マイネルバールマン,,,,,,,,
0000727214,マイネルパナシュ,0000256512,マーベラスサンデー,0000245150,ニホンピロスミレ,0000333862,サンデーサイレンス(USA),0000082169,シービークロス
0000802242,マイネルビジュー,0000333887,ヘクタープロテクター(USA),0000286825,エタンセル,0000337445,Woodman(USA),0000333862,サンデーサイレンス(USA)
0001119278,マイネルフィエスタ,0000700008,シンボリクリスエス(USA),0000309424,フェリアード,0000336209,Kris S.(USA),0000337448,ステートリードン(USA)
0000202026,マイネルフェスタ,0000086597,ハシハーミツト,0000381079,サカエラツプ,0000333239,テユーダーペリオツド(GB),0000333208,カバーラツプ二世(USA)
0001134600,マイネルフォルス,0000619768,ゴールドアリュール,0000309752,チャンネルワン,0000333862,サンデーサイレンス(USA),0000337441,ポリッシュネイビー(USA)
マイネルフォーグ,マイネルフォーグ,,,,,,,,
0001222716,マイネルフラップ,0001046333,ヴィクトワールピサ,0001091321,マイネエレーナ,0000701577,ネオユニヴァース,0000848478,ロージズインメイ(USA)
0000703185,マイネルフルーク,0000333846,キンググローリアス(USA),0000225705,ファーストクラス,0000336724,Naevus(USA),0000061253,トウシヨウボーイ
0001140469,マイネルフロスト,0000722797,ブラックタイド,0000803244,スリースノーグラス,0000333862,サンデーサイレンス(USA),0000299089,グラスワンダー(USA)
0000315465,マイネルブライアン,0000333844,ブライアンズタイム(USA),0000176480,マイネレーベン,0000335167,Roberto(USA),0000061253,トウシヨウボーイ
0000315453,マイネルブラウ,0000098122,アンバーシヤダイ,0000078514,オカノブルー,0000333544,ノーザンテースト(CAN),0000333362,ネプテユーヌス(FR)
0000804841,マイネルブリアー,0000299089,グラスワンダー(USA),0000317440,キミホウセキ,0000336890,Silver Hawk(USA),0000333862,サンデーサイレンス(USA)
0000722768,マイネルブルック,0000214562,スターオブコジーン(USA),0000272849,ウイニングリバー,0000337423,Cozzene(USA),0000161737,ムーンマツドネス(GB)
マイネルブーバリス,マイネルブーバリス,,,,,,,,
0000708233,マイネルプレシャス,0000098122,アンバーシヤダイ,0000268735,マリーゴールド,0000333544,ノーザンテースト(CAN),0000192967,カコイーシーズ(USA)
0000612191,マイネルプレスト,0000333886,スキャン(USA),0000155962,メインディッシュ,0000335975,Mr. Prospector(USA),0000333480,サンシー(FR)
マイネルプレーザ,マイネルプレーザ,,,,,,,,
0000614047,マイネルプロスパー,0000361344,ソウルオブザマター(USA),0000259958,ミセスフォーロン,0000342520,Private Terms(USA),0000333665,モガミ(FR)
0001156191,マイネルプロンプト,0000762445,マツリダゴッホ,0000987448,コスモクラッベ,0000333862,サンデーサイレンス(USA),0000298971,マイネルラヴ(USA)
0000807277,マイネルヘンリー,0000203356,メジロマックイーン,0000449554,エンプレスマティルダ(IRE),0000110447,メジロテイターン,0000336572,Sadler's Wells(USA)
0000729668,マイネルベナード,0000365159,チーフベアハート(CAN),0000196999,ミホグレース,0000337339,Chief's Crown(USA),0000115349,アスワン
0000188938,マイネルベルーフ,0000051177,カブラヤオー,0000029569,フイエスタレデイ,0000333296,フアラモンド(FR),0000333293,フイダルゴ(GB)
0001124140,マイネルホウオウ,0000739144,スズカフェニックス,0000738699,テンザンローズ,0000333862,サンデーサイレンス(USA),0000362799,フレンチデピュティ(USA)
0000702186,マイネルホライズン,0000166681,タマモクロス,0000266387,マイネオリーブ,0000082169,シービークロス,0000179021,サツカーボーイ
0000724774,マイネルボウノット,0000274914,バブルガムフェロー,0000241284,サンエイリボン,0000333862,サンデーサイレンス(USA),0000333851,インイクストリーミス(USA)
0000761538,マイネルポライト,0000309184,アドマイヤベガ,0000383219,モデスティイトセルフ(USA),0000333862,サンデーサイレンス(USA),0000335274,Blushing Groom(FR)
0001152921,マイネルポルトゥス,0000848478,ロージズインメイ(USA),0000735110,コスモボヤージュ,0000339820,Devil His Due(USA),0000263178,ピルサドスキー(IRE)
0000728736,マイネルポロネーズ,0000274883,ダンスインザダーク,0000383496,ベツェニーズスター(USA),0000333862,サンデーサイレンス(USA),0000336225,Fappiano(USA)
0001117940,マイネルマエストロ,0000333844,ブライアンズタイム(USA),0000266963,ウエスタンシャープ,0000335167,Roberto(USA),0000333862,サンデーサイレンス(USA)
0000724578,マイネルマクロス,0000262443,フジキセキ,0000223703,サクラエンドレス,0000333862,サンデーサイレンス(USA),0000145106,サクラユタカオー
0000729204,マイネルマグナート,0000263174,ペンタイア(GB),0000214559,マジックナイト(FR),0000335936,Be My Guest(USA),0000337975,Le Nain Jaune(FR)
0000807795,マイネルマニセス,0000298971,マイネルラヴ(USA),0000618633,コスモバレンシア,0000337444,Seeking the Gold(USA),0000333901,ティンバーカントリー(USA)
0000729938,マイネルマルカート,0000275436,バトルライン(USA),0000190809,メトロノーム,0000337527,オジジアン(USA),0000333544,ノーザンテースト(CAN)
0001047312,マイネルマルシェ,0000848478,ロージズインメイ(USA),0000619687,メジロベツァーリ,0000339820,Devil His Due(USA),0000340633,アラジ(USA)
0001088269,マイネルマーク,0000848478,ロージズインメイ(USA),0000274206,タカラカンナ,0000339820,Devil His Due(USA),0000179021,サツカーボーイ
0001125293,マイネルミラノ,0000286968,ステイゴールド,0000789821,パールバーリー(IRE),0000333862,サンデーサイレンス(USA),0000342688,Polish Precedent(USA)
0001087767,マイネルメダリスト,0000286968,ステイゴールド,0000256397,ツクバノーブル,0000333862,サンデーサイレンス(USA),0000182480,アサティス(USA)
0001138920,マイネルメリエンダ,0000365159,チーフベアハート(CAN),0000738900,ホッカイショコラ,0000337339,Chief's Crown(USA),0000293624,スペシャルウィーク
0000706416,マイネルモルゲン,0000336553,Mt. Livermore(USA),0000440434,モーニングタイド(USA),0000335274,Blushing Groom(FR),0000337444,Seeking the Gold(USA)
0000331211,マイネルユニバース,0000203356,メジロマックイーン,0000160167,ユウミロク,0000110447,メジロテイターン,0000085885,カツラノハイセイコ
マイネルライツ,マイネルライツ,,,,,,,,
0001090311,マイネルラクリマ,0000365159,チーフベアハート(CAN),0000316253,ティアドロップス,0000337339,Chief's Crown(USA),0000333862,サンデーサイレンス(USA)
0001171670,マイネルラフレシア,0000325200,ジャングルポケット,0000807890,フライングメリッサ,0000161740,トニービン(IRE),0000274883,ダンスインザダーク
0000804873,マイネルランページ,0000321292,ゼンノエルシド(IRE),0000317791,プレアクティブ,0000336202,Caerleon(USA),0000192975,ゴールデンフェザント(USA)
0000613134,マイネルリバティー,0000214562,スターオブコジーン(USA),0000180715,リバーラス,0000337423,Cozzene(USA),0000069360,マルゼンスキー
0000705019,マイネルリープスト,0000333898,エルハーブ(USA),0000222312,ダーリングレディ,0000337339,Chief's Crown(USA),0000333640,ブレイヴエストローマン(USA)
0000734530,マイネルレコルト,0000365159,チーフベアハート(CAN),0000177844,ミヤギミノル,0000337339,Chief's Crown(USA),0000030382,タイテエム
マイネルレハイム,マイネルレハイム,,,,,,,,
0000802314,マイネルレーニア,0000299089,グラスワンダー(USA),0000287153,チェリーラブ,0000336890,Silver Hawk(USA),0000145106,サクラユタカオー
0001103051,マイネルロブスト,0000321292,ゼンノエルシド(IRE),0000302973,コウエイベラドンナ,0000336202,Caerleon(USA),0000201489,メジロライアン
0000885091,マイネルローゼン,0000299089,グラスワンダー(USA),0000284773,フラワーケープ,0000336890,Silver Hawk(USA),0000077996,ヤマニンスキー
0000758766,マイネルヴェステン,0000309184,アドマイヤベガ,0000299303,ウエスタンベッキー(USA),0000333862,サンデーサイレンス(USA),0000336209,Kris S.(USA)
0000707202,マイネルヴェルデ,0000263174,ペンタイア(GB),0000187985,グリンビユーテイ,0000335936,Be My Guest(USA),0000058685,グリーングラス
0001186306,マイネルヴンシュ,0000286968,ステイゴールド,0000732593,マイネシャローナ,0000333862,サンデーサイレンス(USA),0000333894,コマンダーインチーフ(GB)
0000736059,マイネルーシッド,0000333886,スキャン(USA),0000279891,マイネブリリアン,0000335975,Mr. Prospector(USA),0000179021,サツカーボーイ
0000801741,マイネルーチェ,0000293624,スペシャルウィーク,0000279891,マイネブリリアン,0000333862,サンデーサイレンス(USA),0000179021,サツカーボーイ
0000886634,マイネレーツェル,0000286968,ステイゴールド,0000306924,ケイアイベール,0000333862,サンデーサイレンス(USA),0000145106,サクラユタカオー
0001122237,マイネヴァイザー,0000286968,ステイゴールド,0000703778,コウエイソフィア,0000333862,サンデーサイレンス(USA),0000337550,フォーティナイナー(USA)
0001138587,マイネヴァリエンテ,0001099904,コンデュイット(IRE),0000734894,コスモヴァレンチ,0000745340,Dalakhani(IRE),0000298971,マイネルラヴ(USA)
0000612190,マイネヴィータ,0000249114,ナリタブライアン,0000176480,マイネレーベン,0000333844,ブライアンズタイム(USA),0000061253,トウシヨウボーイ
マイネヴェロナ,マイネヴェロナ,,,,,,,,
0000738500,マイハッピークロス,0000166681,タマモクロス,0000293489,チアズスミレ,0000082169,シービークロス,0000333862,サンデーサイレンス(USA)
0001208224,マイハートビート,0000701668,ゼンノロブロイ,0001129824,トゥーピー(GB),0000333862,サンデーサイレンス(USA),0000369531,Intikhab(USA)
マイハートマイラブ,マイハートマイラブ,,,,,,,,
0000722447,マイビッグドリーム,0000274883,ダンスインザダーク,0000383959,アルパイントレジャー(USA),0000333862,サンデーサイレンス(USA),0000336770,Crafty Prospector(USA)
0000989995,マイファーストラヴ,0000294881,スエヒロコマンダー,0000287995,パールクイン(AUS),0000333894,コマンダーインチーフ(GB),0000336570,Kenmare(FR)
0000329886,マイブルーヘブン,0000115064,ホリスキー,0000187073,サンフルール,0000069360,マルゼンスキー,0000333484,イエローゴツド(GB)
0000797094,マイプリティワン,0000255813,マヤノトップガン,0000166344,ラブリーサンライズ,0000333844,ブライアンズタイム(USA),0000333544,ノーザンテースト(CAN)
0001173780,マインシャッツ,0000619768,ゴールドアリュール,0001033836,ザッハーマイン(USA),0000333862,サンデーサイレンス(USA),0000744351,Mineshaft(USA)
0001204174,マウレア,0000742976,ディープインパクト,0000839850,バイザキャット(USA),0000333862,サンデーサイレンス(USA),0000337102,Storm Cat(USA)
0001163971,マウントアトス,0000369845,Montjeu(IRE),0000444258,Ionian Sea(GB),0000336572,Sadler's Wells(USA),0000337555,Slip Anchor(GB)
マウントシャスタ,マウントシャスタ,,,,,,,,
0000232245,マウントフォンテン,0000333718,クルセダーキヤツスル(USA),0000149017,ロツキフオンテン,0000335164,The Minstrel(CAN),0000333596,ボールドラツド(USA)
0001169311,マウントロブソン,0000742976,ディープインパクト,0000728495,ミスパスカリ,0000333862,サンデーサイレンス(USA),0000362868,Mr. Greeley(USA)
0001048247,マカニビスティー,0000701668,ゼンノロブロイ,0000706006,サクセスウイッチ,0000333862,サンデーサイレンス(USA),0000333844,ブライアンズタイム(USA)
0001107349,マカハ,0000729458,キングカメハメハ,0000714104,サークリング(USA),0000347989,Kingmambo(USA),0000336421,Irish River(FR)
0001171707,マカヒキ,0000742976,ディープインパクト,0000808344,ウィキウィキ,0000333862,サンデーサイレンス(USA),0000362799,フレンチデピュティ(USA)
0001123335,マキオボーラー,0000727032,メイショウボーラー,0000728983,パルティシオン,0000287925,タイキシャトル(USA),0000299155,エルコンドルパサー(USA)
0001152047,マキシマムドパリ,0000729458,キングカメハメハ,0000722336,マドモアゼルドパリ,0000347989,Kingmambo(USA),0000333862,サンデーサイレンス(USA)
0000298266,マキシマムプレイズ,0000333862,サンデーサイレンス(USA),0000247186,マキシマムデニール,0000335154,Halo(USA),0000333544,ノーザンテースト(CAN)
0000738945,マキハタサイボーグ,0000286650,メジロブライト,0000136691,シンミスアンサー,0000201489,メジロライアン,0000333604,ノーザンアンサー(CAN)
0000738940,マキハタサーメット,0000340066,ディアブロ(USA),0000293854,マキハタリリー,0000337092,Devil's Bag(USA),0000333874,ジェイドロバリー(USA)
0001134536,マキャヴィティ,0000619835,デュランダル,0000308977,エアラグドール,0000333862,サンデーサイレンス(USA),0000337102,Storm Cat(USA)
0000310479,マグナーテン,0000336082,Danzig(USA),0000214559,マジックナイト(FR),0000334002,Northern Dancer(CAN),0000337975,Le Nain Jaune(FR)
0000758219,マグマノーベル,0000268975,エイシンサンディ,0000293880,ヘイセイラグビー,0000333862,サンデーサイレンス(USA),0000159311,ラグビーボール
0000330283,マグマライフ,0000161185,シンチェスト,0000249792,マグマダンサー,0000030382,タイテエム,0000061253,トウシヨウボーイ
0000700241,マコトエンペラー,0000166681,タマモクロス,0000279555,マコトコーラン,0000082169,シービークロス,0000333844,ブライアンズタイム(USA)
0001166229,マコトガラハッド,0000725727,スズカマンボ,0000279555,マコトコーラン,0000333862,サンデーサイレンス(USA),0000333844,ブライアンズタイム(USA)
0000729873,マコトキンギン,0000333862,サンデーサイレンス(USA),0000384139,メインスルー(USA),0000335154,Halo(USA),0000336883,Slew o' Gold(USA)
0001047839,マコトギャラクシー,0000729458,キングカメハメハ,0000701716,マコトスズラン,0000347989,Kingmambo(USA),0000333862,サンデーサイレンス(USA)
0000701716,マコトスズラン,0000333862,サンデーサイレンス(USA),0000419836,ゲインザー(USA),0000335154,Halo(USA),0000337098,Turkoman(USA)
0000803624,マコトスパルビエロ,0000333844,ブライアンズタイム(USA),0000305065,マコトシュンレイ,0000335167,Roberto(USA),0000214492,リンドシェーバー(USA)
0000326079,マコトセイウン,0000337527,オジジアン(USA),0000169770,フエードロリエ,0000334660,Damascus(USA),0000061253,トウシヨウボーイ
0001123346,マコトタンホイザー,0000321292,ゼンノエルシド(IRE),0000729169,マコトエンジェルス,0000336202,Caerleon(USA),0000333894,コマンダーインチーフ(GB)
0001152529,マコトダッソー,0000725485,ダイワメジャー,0000729170,マコトサンゴ,0000333862,サンデーサイレンス(USA),0000166681,タマモクロス
0001109022,マコトナワラタナ,0000626942,ファルブラヴ(IRE),0000743028,マコトキンラン,0000337427,Fairy King(USA),0000333862,サンデーサイレンス(USA)
0001118211,マコトブリジャール,0000620927,ストーミングホーム(GB),0000279555,マコトコーラン,0000337496,Machiavellian(USA),0000333844,ブライアンズタイム(USA)
0000701806,マコトマンリョウ,0000333862,サンデーサイレンス(USA),0000263081,マイサクセション(USA),0000335154,Halo(USA),0000333890,クリミナルタイプ(USA)
0001106134,マコトリヴァーサル,0000262437,タヤスツヨシ,0000618771,マコトビャクラン,0000333862,サンデーサイレンス(USA),0000225628,サクラバクシンオー
0001169346,マコトルーメン,0000725485,ダイワメジャー,0000729170,マコトサンゴ,0000333862,サンデーサイレンス(USA),0000166681,タマモクロス
0001042227,マコトヴォイジャー,0000324971,マンハッタンカフェ,0000279555,マコトコーラン,0000333862,サンデーサイレンス(USA),0000333844,ブライアンズタイム(USA)
0000987503,マサノウイズキッド,0000314130,ゴールドヘイロー,0000225705,ファーストクラス,0000333862,サンデーサイレンス(USA),0000061253,トウシヨウボーイ
0000198238,マサノハヤテ,0000095495,モンテプリンス,0000051099,ロダンエーコ,0000333476,シーホーク(FR),0000333380,ロダン(GB)
0001049127,マサノブルース,0000255813,マヤノトップガン,0000728983,パルティシオン,0000333844,ブライアンズタイム(USA),0000299155,エルコンドルパサー(USA)
0001174568,マサハヤダイヤ,0001115148,ハービンジャー(GB),0001088724,ココモオレンジ,0000372531,Dansili(GB),0000729458,キングカメハメハ
0001155043,マサハヤドリーム,0000760084,メイショウサムソン,0000808011,ランペイア,0000339572,オペラハウス(GB),0000324933,アグネスタキオン
0000007721,マサライト,0000003238,マサタカラ,0000376346,ライト,0000334606,Preciptic(GB),0000333084,ハクリユウ
0001171336,マザックヤース,0000901749,キンシャサノキセキ(AUS),0000803502,イーサンラヴ,0000262443,フジキセキ,0000298971,マイネルラヴ(USA)
0000801574,マザーズウィッシュ,0000287925,タイキシャトル(USA),0000275693,ゴールデンカラーズ(USA),0000337092,Devil's Bag(USA),0000335975,Mr. Prospector(USA)
0001172223,マシェリガール,0001043123,トーセンファントム,0000886852,トーセンバスケット,0000701577,ネオユニヴァース,0000333844,ブライアンズタイム(USA)
0001040925,マシュケナーダ,0000324933,アグネスタキオン,0000237663,ケイウーマン(IRE),0000333862,サンデーサイレンス(USA),0000337436,ラストタイクーン(IRE)
0000760885,マシュリク,0000274915,フサイチコンコルド,0000325212,サンウィルシャイン,0000336202,Caerleon(USA),0000333862,サンデーサイレンス(USA)
0001371612,マシーン,0001215726,クリソベリル,0001168502,ラインダール,0000619768,ゴールドアリュール,0000615577,クロフネ(USA)
0001124809,マジェスティハーツ,0000722158,ハーツクライ,0000757859,エアラホーヤ,0000333862,サンデーサイレンス(USA),0000365330,ボストンハーバー(USA)
0001044498,マジェスティバイオ,0000339572,オペラハウス(GB),0000318061,ハイグレードバイオ,0000336572,Sadler's Wells(USA),0000333887,ヘクタープロテクター(USA)
0001109137,マジカルツアー,0000324933,アグネスタキオン,0000747839,ゴーカロライナ(USA),0000333862,サンデーサイレンス(USA),0000337553,Rahy(USA)
0001092211,マジカルポケット,0000325200,ジャングルポケット,0000448623,アズワー(USA),0000161740,トニービン(IRE),0000336082,Danzig(USA)
0000991724,マジックシアター,0000701577,ネオユニヴァース,0000315224,マジカルウーマン,0000333862,サンデーサイレンス(USA),0000225913,パラダイスクリーク(USA)
0001156050,マジックシャトル,0000287925,タイキシャトル(USA),0000899607,デイトナイト(USA),0000337092,Devil's Bag(USA),0000349487,Forest Wildcat(USA)
0001137010,マジックタイム,0000722158,ハーツクライ,0000701787,タイムウィルテル,0000333862,サンデーサイレンス(USA),0000333844,ブライアンズタイム(USA)
0000246672,マジックボーイ,0000118860,アサカシルバー,0000028738,ラセーヌワンダ,0000333435,シルバーシヤーク(IRE),0000333299,テスコボーイ(GB)
0001047375,マジンプロスパー,0000308300,アドマイヤコジーン,0000619952,ハリウッドドリーム,0000337423,Cozzene(USA),0000274914,バブルガムフェロー
0001102900,マスイデア,0000701712,リンカーン,0000298761,リンデンルレーブ,0000333862,サンデーサイレンス(USA),0000333544,ノーザンテースト(CAN)
0001177848,マスクゾロ,0000876564,Roman Ruler(USA),0001177685,Saravati(USA),0000621167,Fusaichi Pegasus(USA),0000372708,Giant's Causeway(USA)
0001089844,マスクトヒーロー,0000722158,ハーツクライ,0000308938,ビハインドザマスク,0000333862,サンデーサイレンス(USA),0000237704,ホワイトマズル(GB)
0001046396,マスターセイレーン,0000701577,ネオユニヴァース,0000443987,パーレイ(USA),0000333862,サンデーサイレンス(USA),0000336553,Mt. Livermore(USA)
0001081373,マストトラック,0000621985,Mizzen Mast(USA),0000439015,Nawal(FR),0000337423,Cozzene(USA),0000340405,Homme de Loi(IRE)
0001048356,マストハブ,0000337421,アフリート(CAN),0000707171,ジョウノカトリーヌ,0000335975,Mr. Prospector(USA),0000333862,サンデーサイレンス(USA)
0000752435,マストビートゥルー,0000339572,オペラハウス(GB),0000201160,ホッポウマリア,0000336572,Sadler's Wells(USA),0000098122,アンバーシヤダイ
0001125977,マズルファイヤー,0000237704,ホワイトマズル(GB),0000808414,ササファイヤー(USA),0000336853,ダンシングブレーヴ(USA),0000339631,Saint Ballado(CAN)
0000020469,マゼラン,0000003337,ヒカルメイジ,0000002714,ハタヒカリ,0000334138,Bois Roussel(FR),0000333163,クモハタ
0000704989,マタカッタ,0000207667,ヤマニンゼファー,0000296290,ポストイグニション,0000129863,ニホンピロウイナー,0000166681,タマモクロス
0000722526,マダムチェロキー,0000347612,Cherokee Run(USA),0000622356,アンフォイルド(USA),0000339965,Runaway Groom(CAN),0000340629,Unbridled(USA)
0000890358,マダムルコント,0000201489,メジロライアン,0000613455,フルーリール,0000098122,アンバーシヤダイ,0000337421,アフリート(CAN)
0000611564,マチカネアカツキ,0000333862,サンデーサイレンス(USA),0000382727,ノースオブダンジグ(USA),0000335154,Halo(USA),0000336082,Danzig(USA)
0000729239,マチカネエンジイロ,0000333862,サンデーサイレンス(USA),0000275729,マチカネササメユキ(USA),0000335154,Halo(USA),0000337445,Woodman(USA)
0000739142,マチカネオーラ,0000333862,サンデーサイレンス(USA),0000263061,マチカネベニザクラ(IRE),0000335154,Halo(USA),0000341457,ロイヤルアカデミーⅡ(USA)
0000738022,マチカネキララ,0000333862,サンデーサイレンス(USA),0000237663,ケイウーマン(IRE),0000335154,Halo(USA),0000337436,ラストタイクーン(IRE)
0000310633,マチカネキンノホシ,0000335964,Seattle Slew(USA),0000405020,Alysbelle(USA),0000335859,Bold Reasoning(USA),0000336305,Alydar(USA)
0000756931,マチカネゲンジ,0000333862,サンデーサイレンス(USA),0000275729,マチカネササメユキ(USA),0000335154,Halo(USA),0000337445,Woodman(USA)
0000299258,マチカネシルヤキミ,0000336430,Green Desert(USA),0000396109,Ruthless Rose(USA),0000336082,Danzig(USA),0000336424,Conquistador Cielo(USA)
0000329664,マチカネタグイナキ,0000262443,フジキセキ,0000384017,ワンド(IRE),0000333862,サンデーサイレンス(USA),0000336877,Reference Point(GB)
0000899708,マチカネタマカズラ,0000347989,Kingmambo(USA),0000443982,Sweet and Ready(USA),0000335975,Mr. Prospector(USA),0000340508,El Prado(IRE)
0000612876,マチカネテマリウタ,0000337550,フォーティナイナー(USA),0000140454,アテナトウシヨウ,0000335975,Mr. Prospector(USA),0000061253,トウシヨウボーイ
0000274791,マチカネニホンバレ,0000333544,ノーザンテースト(CAN),0000383559,ヴュカヴァリエール(FR),0000334002,Northern Dancer(CAN),0000336328,Akarad(FR)
0000883192,マチカネハヤテ,0000225628,サクラバクシンオー,0000247092,ベルセゾン,0000145106,サクラユタカオー,0000333809,ベリフア(IRE)
0000704061,マチカネヒノゴトシ,0000335293,Green Dancer(USA),0000700076,Gold At the Top(CAN),0000333996,Nijinsky(CAN),0000335972,Cox's Ridge(USA)
0000706728,マチカネビシャモン,0000336571,Highest Honor(FR),0000432232,Elite Guest(IRE),0000336570,Kenmare(FR),0000335936,Be My Guest(USA)
0000620146,マチカネマワンカナ,0000263174,ペンタイア(GB),0000275723,マチカネミラージュ(GB),0000335936,Be My Guest(USA),0000337496,Machiavellian(USA)
0000613368,マチカネメニモミヨ,0000333844,ブライアンズタイム(USA),0000263061,マチカネベニザクラ(IRE),0000335167,Roberto(USA),0000341457,ロイヤルアカデミーⅡ(USA)
0000700956,マチカネリュウセイ,0000340508,El Prado(IRE),0000408117,Above Mystery(USA),0000336572,Sadler's Wells(USA),0000337135,Great Above(USA)
0000996351,マッキーガリウム,0000293624,スペシャルウィーク,0000723645,マッキーハピネス,0000333862,サンデーサイレンス(USA),0000362681,スピニングワールド(USA)
0000885901,マッキーバッハ,0000274883,ダンスインザダーク,0000297553,ノーザンヴィーナス,0000333862,サンデーサイレンス(USA),0000333544,ノーザンテースト(CAN)
0000701389,マッキーマックス,0000274883,ダンスインザダーク,0000225212,クリアーチャンス,0000333862,サンデーサイレンス(USA),0000333664,デイクタス(FR)
0000722354,マックスチャンプ,0000274883,ダンスインザダーク,0000298382,アネーロ,0000333862,サンデーサイレンス(USA),0000333544,ノーザンテースト(CAN)
0000261056,マックスドリーム,0000168159,ニシノミラー,0000088751,マヒナーシロー,0000333485,ドン(ITY),0000333417,スターアツフエアー(AUS)
0001101857,マックスロノ,0000872979,アルカセット(USA),0000267262,マックスロゼ,0000347989,Kingmambo(USA),0000333887,ヘクタープロテクター(USA)
0001153348,マッサビエル,0001115148,ハービンジャー(GB),0000743236,メジロルルド,0000372531,Dansili(GB),0000333862,サンデーサイレンス(USA)
0001138403,マッチボックス,0000274883,ダンスインザダーク,0000732519,マッキーアリエス,0000333862,サンデーサイレンス(USA),0000365159,チーフベアハート(CAN)
0000762587,マッチメイト,0000369310,クロコルージュ(IRE),0000437792,アバンダンメント(IRE),0000337286,Rainbow Quest(USA),0000336202,Caerleon(USA)
0000758624,マッチレスバロー,0000362799,フレンチデピュティ(USA),0000298372,マッチザピース,0000338072,Deputy Minister(CAN),0000333874,ジェイドロバリー(USA)
0001140861,マッチレスヒーロー,0000701701,オレハマッテルゼ,0000808090,ブラックティー,0000333862,サンデーサイレンス(USA),0000365159,チーフベアハート(CAN)
0000736437,マッハジュウクン,0000214562,スターオブコジーン(USA),0000279996,ロッチダンス,0000337423,Cozzene(USA),0000333770,ワツスルタツチ(USA)
0000995849,マッハヴェロシティ,0000324971,マンハッタンカフェ,0000704952,マイミッシェル,0000333862,サンデーサイレンス(USA),0000287925,タイキシャトル(USA)
0000004345,マツカゼ,0000333115,ライジングフレーム(IRE),0000000862,カツヤマシルク,0000334531,The Phoenix(GB),0000333075,プリメロ(GB)
0000806020,マツノショウマ,0000316565,アドマイヤボス,0000330392,シルキーハート,0000333862,サンデーサイレンス(USA),0000231850,ビワハヤヒデ
0000756016,マツリダアーティス,0000316565,アドマイヤボス,0000262788,コスモトップレディ,0000333862,サンデーサイレンス(USA),0000192967,カコイーシーズ(USA)
0000762445,マツリダゴッホ,0000333862,サンデーサイレンス(USA),0000423846,ペイパーレイン(USA),0000335154,Halo(USA),0000339922,Bel Bolide(USA)
0000306974,マティーニ,0000192108,サクラホクトオー,0000230500,トワイライトタイム,0000061253,トウシヨウボーイ,0000333821,リヴリア(USA)
0001174408,マテラアリオン,0000324971,マンハッタンカフェ,0001051917,アグネスフィーバー(USA),0000333862,サンデーサイレンス(USA),0000745249,Vindication(USA)
0001222285,マテラスカイ,0000719250,Speightstown(USA),0001003012,Mostaqeleh(USA),0000337432,Gone West(USA),0000337553,Rahy(USA)
0001190005,マテラフィールド,0000286968,ステイゴールド,0001029306,アンリーチャブルスター(GB),0000333862,サンデーサイレンス(USA),0000362583,Halling(USA)
0001191916,マテラレックス,0001042049,ルーラーシップ,0000734304,チェリーエンジェル,0000729458,キングカメハメハ,0000262443,フジキセキ
0001157436,マテンロウハピネス,0000725485,ダイワメジャー,0001051897,レディハピネス,0000333862,サンデーサイレンス(USA),0000369845,Montjeu(IRE)
0001133853,マテンロウボス,0000729458,キングカメハメハ,0000286817,アンダンテ,0000347989,Kingmambo(USA),0000333862,サンデーサイレンス(USA)
0001194183,マディディ,0001003260,Scat Daddy(USA),0001086334,Antepova(USA),0000719054,ヨハネスブルグ(USA),0000369639,ストラヴィンスキー(USA)
0000378524,マデイラ,0000333306,アイアンリージ(USA),0000385723,Mahina,0000334943,Bull Lea(USA),0000334351,Marsyas(FR)
0000273979,マドモアゼル,0000333790,グリーンマウント(USA),0000068534,シミズトモカゼ,0000334968,Lyphard(USA),0000333349,ロムルス(GB)
0000722336,マドモアゼルドパリ,0000333862,サンデーサイレンス(USA),0000432174,アドマイス(FR),0000335154,Halo(USA),0000336571,Highest Honor(FR)
0001139756,マドリードカフェ,0000324971,マンハッタンカフェ,0000760694,ステラマドレード,0000333862,サンデーサイレンス(USA),0000337550,フォーティナイナー(USA)
0000757062,マドンナブラボー,0000309184,アドマイヤベガ,0000279160,キャロルブラボー,0000333862,サンデーサイレンス(USA),0000182479,キャロルハウス(IRE)
0000194993,マナウス,0000056658,ミクニノホマレ,0000113217,ヒサキヨレデイー,0000455858,ダイゴトウスイ,0000455911,タソス(FR)
0001184419,マナローラ,0000722158,ハーツクライ,0000321260,シェープアップ(USA),0000333862,サンデーサイレンス(USA),0000347989,Kingmambo(USA)
0000891678,マハーバリプラム,0000262443,フジキセキ,0000714107,マハーブ(USA),0000333862,サンデーサイレンス(USA),0000336085,Nureyev(USA)
0000807260,マヒオレ,0000309184,アドマイヤベガ,0000448626,ライフアウトゼア(USA),0000333862,サンデーサイレンス(USA),0000338072,Deputy Minister(CAN)
0001096864,マヒナ,0000729458,キングカメハメハ,0000983438,モアムーンライト(USA),0000347989,Kingmambo(USA),0000372626,More Than Ready(USA)
0000317476,マヤノアブソルート,0000337424,デインヒル(USA),0000383865,ザリサ(USA),0000336082,Danzig(USA),0000334968,Lyphard(USA)
0001109258,マヤノオントロジー,0000255813,マヤノトップガン,0000750919,マヤノプリヤ,0000333844,ブライアンズタイム(USA),0000274915,フサイチコンコルド
0000616816,マヤノオードリー,0000255813,マヤノトップガン,0000384071,ジゼールペン(USA),0000333844,ブライアンズタイム(USA),0000337423,Cozzene(USA)
0000611942,マヤノグレイシー,0000255813,マヤノトップガン,0000254899,ライトウインズ,0000333844,ブライアンズタイム(USA),0000333874,ジェイドロバリー(USA)
0000317497,マヤノコンチェルト,0000358543,カーネギー(IRE),0000213916,リアルウーマン,0000336572,Sadler's Wells(USA),0000333707,リアルシヤダイ(USA)
0000619135,マヤノサリーダ,0000255813,サラ　マヤノトップガン,0000237820,キリグレイス,0000333844,ブライアンズタイム(USA),0000333640,サラ　ブレイヴエストローマン(USA)
0000618782,マヤノシャドー,0000342675,ウォーニング(GB),0000384302,ランビー(USA),0000335911,Known Fact(USA),0000337098,Turkoman(USA)
0000735730,マヤノスターダム,0000358543,カーネギー(IRE),0000223759,リファールニース,0000336572,Sadler's Wells(USA),0000336861,Greinton(GB)
0000729255,マヤノチャーナ,0000362681,スピニングワールド(USA),0000267262,マックスロゼ,0000336085,Nureyev(USA),0000333887,ヘクタープロテクター(USA)
0000802117,マヤノツルギ,0000340556,ジョリーズヘイロー(USA),0000285025,ターフティファニー,0000335154,Halo(USA),0000145106,サクラユタカオー
0000302878,マヤノトライミー,0000161740,トニービン(IRE),0000383865,ザリサ(USA),0000336378,カンパラ(GB),0000334968,Lyphard(USA)
0000884936,マヤノベンケイ,0000255813,マヤノトップガン,0000281873,ポットブリリアンス,0000333844,ブライアンズタイム(USA),0000333846,キンググローリアス(USA)
0000211753,マヤノライジン,0000333552,フイリツプオブスペイン(GB),0000088890,ブゼンコーター,0000333990,Tudor Melody(GB),0000009870,ダイコーター
0000303826,マヤノリュウジン,0000161740,トニービン(IRE),0000220293,マヤノユウリ,0000336378,カンパラ(GB),0000107516,リードワンダー
0000737568,マヤノレハーナ,0000287925,タイキシャトル(USA),0000430913,ゴールドアンサー(USA),0000337092,Devil's Bag(USA),0000337431,Gold Alert(USA)
0000993750,マヤノロシュニ,0000324971,マンハッタンカフェ,0000384071,ジゼールペン(USA),0000333862,サンデーサイレンス(USA),0000337423,Cozzene(USA)
0000757382,マヤラブハート,0000365159,チーフベアハート(CAN),0000283282,マヤラブリー,0000337339,Chief's Crown(USA),0000333879,デュラブ(USA)
0001142087,マユキ,0000287925,タイキシャトル(USA),0000993619,イズミコマンダー,0000337092,Devil's Bag(USA),0000333894,コマンダーインチーフ(GB)
0000210926,マラケシュ,0000114524,ハギノカムイオー,0000108266,イエローレデイー,0000333299,テスコボーイ(GB),0000333484,イエローゴツド(GB)
0001134582,マラムデール,0000362799,フレンチデピュティ(USA),0000309206,フサイチエアデール,0000338072,Deputy Minister(CAN),0000333862,サンデーサイレンス(USA)
0001094290,マリアビスティー,0000722158,ハーツクライ,0000719873,ダリンダ(USA),0000333862,サンデーサイレンス(USA),0000336085,Nureyev(USA)
0001139058,マリアライト,0000742976,ディープインパクト,0000743116,クリソプレーズ,0000333862,サンデーサイレンス(USA),0000299155,エルコンドルパサー(USA)
0000730353,マリアヴァレリア,0000333862,サンデーサイレンス(USA),0000383758,ラスティックベル(USA),0000335154,Halo(USA),0000335975,Mr. Prospector(USA)
0000887909,マリエンベルク,0000621944,マリエンバード(IRE),0000320145,シャドウスプリング,0000336202,Caerleon(USA),0000337424,デインヒル(USA)
0001129466,マリヌス,0000361929,Numerous(USA),0001032290,Marende(FR),0000335975,Mr. Prospector(USA),0000340501,Panoramic(GB)
0000727101,マリンゴールド,0000337527,オジジアン(USA),0000169547,ナムラクイーン,0000334660,Damascus(USA),0000061253,トウシヨウボーイ
0000753334,マリンフェスタ,0000225628,サクラバクシンオー,0000219618,ロングチアーズ,0000145106,サクラユタカオー,0000147048,ミホシンザン
0000729350,マリンボート,0000358543,カーネギー(IRE),0000200259,マリンパシフィック,0000336572,Sadler's Wells(USA),0000333608,ミルジヨージ(USA)
0001138570,マリーズケイ,0000313435,アッミラーレ,0000734597,マリーズスマイル,0000333862,サンデーサイレンス(USA),0000201489,メジロライアン
0000736203,マルイチクエスト,0000359154,ティッカネン(USA),0000176123,マツキャロル,0000337423,Cozzene(USA),0000069360,マルゼンスキー
0000180663,マルイチライデン,0000072369,ハシコトブキ,0000109696,ハーバアツコ,0000008661,シンザン,0000333435,シルバーシヤーク(IRE)
0000758654,マルカアイチャン,0000362799,フレンチデピュティ(USA),0000298451,マルカコマチ,0000338072,Deputy Minister(CAN),0000333862,サンデーサイレンス(USA)
0000728301,マルカキセキ,0000262443,フジキセキ,0000262264,フライングカラーズ,0000333862,サンデーサイレンス(USA),0000333874,ジェイドロバリー(USA)
0000324973,マルカサワヤカ,0000333862,サンデーサイレンス(USA),0000190874,サワヤカプリンセス,0000335154,Halo(USA),0000333544,ノーザンテースト(CAN)
0000762715,マルカシェンク,0000333862,サンデーサイレンス(USA),0000448807,シェンク(GB),0000335154,Halo(USA),0000347622,Zafonic(USA)
0000742587,マルカジーク,0000333862,サンデーサイレンス(USA),0000310472,エターナルビート(USA),0000335154,Halo(USA),0000341593,Pentelicus(USA)
0000993934,マルカゼウス,0000362799,フレンチデピュティ(USA),0000397072,シュームーズ(IRE),0000338072,Deputy Minister(CAN),0000334285,Habitat(USA)
0000304795,マルカチーノ,0000336348,リファーズウィッシュ(FR),0000245146,スターリズム,0000334968,Lyphard(USA),0000333724,プルラリズム(USA)
0000807101,マルカハンニバル,0000293624,スペシャルウィーク,0000432725,オーブアンディアンヌ(FR),0000333862,サンデーサイレンス(USA),0000337486,Bluebird(USA)
0001044989,マルカバッケン,0000615577,クロフネ(USA),0000325032,フェイムドグレイス,0000362799,フレンチデピュティ(USA),0000333862,サンデーサイレンス(USA)
0000808372,マルカフェニックス,0000274883,ダンスインザダーク,0000763152,ミスカースティー(USA),0000333862,サンデーサイレンス(USA),0000336395,Miswaki(USA)
0000991857,マルカフリート,0000337421,アフリート(CAN),0000316341,スプリングアマイン,0000335975,Mr. Prospector(USA),0000262437,タヤスツヨシ
0000732500,マルカフレンチ,0000362799,フレンチデピュティ(USA),0000447217,ペリドット(GB),0000338072,Deputy Minister(CAN),0000336430,Green Desert(USA)
0000725853,マルカフローリアン,0000333862,サンデーサイレンス(USA),0000383999,セトフローリアンⅡ(AUS),0000335154,Halo(USA),0000343950,Bellotto(USA)
0001093492,マルカプレジオ,0000619768,ゴールドアリュール,0000701598,バトルエンプレス,0000333862,サンデーサイレンス(USA),0000161740,トニービン(IRE)
0000986799,マルカベンチャー,0000262443,フジキセキ,0000190970,ランフォアロージス,0000333862,サンデーサイレンス(USA),0000335991,Pleasant Colony(USA)
0001043289,マルカボルト,0000701577,ネオユニヴァース,0000302161,ラパシオン,0000333862,サンデーサイレンス(USA),0000333544,ノーザンテースト(CAN)
0000750268,マルカラスカル,0000299089,グラスワンダー(USA),0000298434,トレアンサンブル,0000336890,Silver Hawk(USA),0000161740,トニービン(IRE)
0000806162,マルカラボンバ,0000615577,クロフネ(USA),0000383034,セントリーラス(USA),0000362799,フレンチデピュティ(USA),0000335154,Halo(USA)
0000308231,マルゴウィッシュ,0000336348,リファーズウィッシュ(FR),0000223100,マルゴリリー,0000334968,Lyphard(USA),0000115349,アスワン
0000729381,マルシゲアリダー,0000237594,ヒシアリダー(USA),0000268674,マルシゲベッピン,0000336305,Alydar(USA),0000333790,グリーンマウント(USA)
0000613571,マルシゲガリバー,0000237640,ダンツシアトル(USA),0000253002,タシロプリティ,0000335964,Seattle Slew(USA),0000119909,シンウルフ
0001118161,マルシゲサムライ,0000742996,サムライハート,0000275678,ホウライコメット(USA),0000333862,サンデーサイレンス(USA),0000337445,Woodman(USA)
0000736295,マルシゲシーキング,0000298971,マイネルラヴ(USA),0000213152,サイコーエルフ,0000337444,Seeking the Gold(USA),0000333724,プルラリズム(USA)
0000703772,マルシゲトニービン,0000230809,ウイニングチケット,0000253002,タシロプリティ,0000161740,トニービン(IRE),0000119909,シンウルフ
0001096817,マルセリーナ,0000742976,ディープインパクト,0000899515,マルバイユ(IRE),0000333862,サンデーサイレンス(USA),0000341019,Marju(IRE)
0000756127,マルタカアーサー,0000333887,ヘクタープロテクター(USA),0000265877,トワノハーモニー,0000337445,Woodman(USA),0000337265,クリスタルグリツターズ(USA)
0000233609,マルタカエンペラー,0000333772,メンデス(FR),0000127586,ナカノサツキ,0000333809,ベリフア(IRE),0000333286,インデイアナ(GB)
0000327949,マルタカキラリー,0000192108,サクラホクトオー,0000224840,トワノハーデー,0000061253,トウシヨウボーイ,0000069360,マルゼンスキー
0000317649,マルタカサイレンス,0000262437,タヤスツヨシ,0000207465,トウカイセイコー,0000333862,サンデーサイレンス(USA),0000036106,ハイセイコー
0001093851,マルタカシクレノン,0000725727,スズカマンボ,0000704972,シロキタガデス,0000333862,サンデーサイレンス(USA),0000283958,サニーブライアン
0000761970,マルタカタキオン,0000324933,アグネスタキオン,0000383932,マイアミガルチ(USA),0000333862,サンデーサイレンス(USA),0000339836,Gulch(USA)
0001154265,マルターズアポジー,0001052215,ゴスホークケン(USA),0000769600,マルターズヒート(USA),0000372597,Bernstein(USA),0000369550,Old Trieste(USA)
0001051911,マルターズオリジン,0000361387,Swain(IRE),0000421994,Affirmed Halo(CAN),0000342649,Nashwan(USA),0000336350,Affirmed(USA)
0000999315,マルターズクラシカ,0000339656,Belong to Me(USA),0000795971,Primequest(USA),0000336082,Danzig(USA),0000368659,コロナドズクエスト(USA)
0000321372,マルターズスパーブ,0000337554,With Approval(CAN),0000445113,Primedex(CAN),0000334731,Caro(IRE),0000338072,Deputy Minister(CAN)
0000769600,マルターズヒート,0000369550,Old Trieste(USA),0000624971,Heat Is On(USA),0000339653,A.P. Indy(USA),0000337446,サンシャインフォーエヴァー(USA)
0000853085,マルターズビクター,0000372414,Yankee Victor(USA),0000841991,Fortuesque(USA),0000339631,Saint Ballado(CAN),0000340603,Fortunate Prospect(USA)
0000321376,マルターズホーク,0000344537,サザンヘイロー(USA),0000398102,Misty Silver(USA),0000335154,Halo(USA),0000336883,Slew o' Gold(USA)
0000900071,マルターズマッシブ,0000369586,Yes It's True(USA),0000899618,Riveting Drama(USA),0000342487,Is It True(USA),0000343060,Notebook(USA)
0001206772,マルターズルーメン,0001110554,ディープブリランテ,0001051911,マルターズオリジン(USA),0000742976,ディープインパクト,0000361387,Swain(IRE)
0000709035,マルターズワールド,0000362681,スピニングワールド(USA),0000421994,Affirmed Halo(CAN),0000336085,Nureyev(USA),0000336350,Affirmed(USA)
0000886721,マルチメトリック,0000262443,フジキセキ,0000307895,ロングオペラ,0000333862,サンデーサイレンス(USA),0000339572,オペラハウス(GB)
0000882646,マルティンスターク,0000700008,シンボリクリスエス(USA),0000233153,ラテルネ,0000336209,Kris S.(USA),0000161740,トニービン(IRE)
0000802064,マルノマンハッタン,0000324971,マンハッタンカフェ,0000284254,アプレシェ,0000333862,サンデーサイレンス(USA),0000192967,カコイーシーズ(USA)
0000620256,マルブツアンセム,0000362599,ラムタラ(USA),0000258605,マルブツメグミ,0000333996,Nijinsky(CAN),0000333844,ブライアンズタイム(USA)
0000888356,マルブツイースター,0000225628,サクラバクシンオー,0000325526,ミスイースター,0000145106,サクラユタカオー,0000342675,ウォーニング(GB)
0000302128,マルブツエルハーブ,0000333898,エルハーブ(USA),0000406483,ダジルミージョリエ(USA),0000337339,Chief's Crown(USA),0000340490,Carr de Naskra(USA)
0000733695,マルブツシルヴァー,0000367860,シルバーチャーム(USA),0000731226,ノーヴェルインカウンター(USA),0000336432,Silver Buck(USA),0000337445,Woodman(USA)
0000701288,マルブツタイクーン,0000337436,ラストタイクーン(IRE),0000147159,マルブツプリテイ,0000336129,トライマイベスト(USA),0000333640,ブレイヴエストローマン(USA)
0000127202,マルブツトップ,0000333615,ゲイルーザツク(ITY),0000053856,マルブツエコー,0000333374,フアバージ(FR),0000333371,セントクレスピン(GB)
0000732584,マルブツブリザード,0000333844,ブライアンズタイム(USA),0000306875,シフォンケーキ,0000335167,Roberto(USA),0000225628,サクラバクシンオー
0000017449,マルブツライト,0000455720,テツカントウ,0000004699,ネオンサイン,0000003446,セイユウ,0000455649,ミネフジ
0000262068,マルブツリード,0000333837,リドヘイム(GB),0000381794,ビーゲイ(IRE),0000336085,Nureyev(USA),0000334013,Ballymoss(GB)
0000808377,マルモコウテイ,0000207623,トウカイテイオー,0000763157,エブアド(USA),0000140567,シンボリルドルフ,0000337432,Gone West(USA)
0001093508,マルモセーラ,0000615577,クロフネ(USA),0000701647,マイクロス,0000362799,フレンチデピュティ(USA),0000166681,タマモクロス
0001191020,マルモレイナ,0000749845,エンパイアメーカー(USA),0001093508,マルモセーラ,0000340629,Unbridled(USA),0000615577,クロフネ(USA)
0000800399,マルヨフェニックス,0000268975,エイシンサンディ,0000257284,ビューティーエミ,0000333862,サンデーサイレンス(USA),0000333871,ビーインボナンザ(USA)
0000701817,マルロス,0000333862,サンデーサイレンス(USA),0000383913,マリスターⅡ(USA),0000335154,Halo(USA),0000337244,Baldski(USA)
0000886279,マロンティアラ,0000369765,ムタファーウエク(USA),0000303138,マロンハマナス,0000336890,Silver Hawk(USA),0000333842,スマコバクリーク(USA)
0000804960,マロンラッシュ,0000361351,タバスコキャット(USA),0000318724,アイエフゴールド,0000337102,Storm Cat(USA),0000337550,フォーティナイナー(USA)
0001142267,マローブルー,0000742976,ディープインパクト,0000997289,リラックススマイル,0000333862,サンデーサイレンス(USA),0000714910,Dubai Destination(USA)
0000761463,マンオブパーサー,0000262437,タヤスツヨシ,0000383036,タツプユアトウズ(USA),0000333862,サンデーサイレンス(USA),0000336406,State Dinner(USA)
0000724705,マンカストラップ,0000243723,サクラローレル,0000383387,サニーモーニング(IRE),0000337286,Rainbow Quest(USA),0000336203,Law Society(USA)
0000705089,マンジュデンコウベ,0000189717,マンジュデンカブト,0000114807,マンジユデンレデイ,0000333544,ノーザンテースト(CAN),0000333484,イエローゴツド(GB)
0000739078,マンテンハット,0000207623,トウカイテイオー,0000314551,サンフィールド,0000140567,シンボリルドルフ,0000262443,フジキセキ
0000760152,マンテンフラワー,0000298971,マイネルラヴ(USA),0000315912,オトメザクラ,0000337444,Seeking the Gold(USA),0000339572,オペラハウス(GB)
0000618949,マンデームスメ,0000333862,サンデーサイレンス(USA),0000253304,タイムスリップ,0000335154,Halo(USA),0000333844,ブライアンズタイム(USA)
0000286412,マンドレイク,0000161740,トニービン(IRE),0000201759,アムダリア,0000336378,カンパラ(GB),0000333544,ノーザンテースト(CAN)
0000303816,マンノチャンピオン,0000342671,Cadeaux Genereux(GB),0000383876,マリエンマ(USA),0000336702,Young Generation(IRE),0000336085,Nureyev(USA)
0001105020,マンノプロジェクト,0000207623,トウカイテイオー,0000383876,マリエンマ(USA),0000140567,シンボリルドルフ,0000336085,Nureyev(USA)
0000761930,マンノレーシング,0000255813,マヤノトップガン,0000383876,マリエンマ(USA),0000333844,ブライアンズタイム(USA),0000336085,Nureyev(USA)
0000324971,マンハッタンカフェ,0000333862,サンデーサイレンス(USA),0000429438,サトルチェンジ(IRE),0000335154,Halo(USA),0000336203,Law Society(USA)
0000807305,マンハッタンスカイ,0000324971,マンハッタンカフェ,0000611071,デック(USA),0000333862,サンデーサイレンス(USA),0000361237,Go for Gin(USA)
0000798943,マンハッタンバー,0000324971,マンハッタンカフェ,0000228934,ユーワサブリア,0000333862,サンデーサイレンス(USA),0000061253,トウシヨウボーイ
0000299200,マンボツイスト,0000347989,Kingmambo(USA),0000412573,Lotka(USA),0000335975,Mr. Prospector(USA),0000336082,Danzig(USA)
0001126868,マンボネフュー,0000849057,バゴ(FR),0000999063,セカンドハピネス(USA),0000342649,Nashwan(USA),0000337102,Storm Cat(USA)
0000315693,マンボノリズム,0000333878,リズム(USA),0000230938,ラブリーナナ,0000335975,Mr. Prospector(USA),0000333821,リヴリア(USA)
0001027999,マーシュサイド,0000337432,Gone West(USA),0000443950,Colonial Play(USA),0000335975,Mr. Prospector(USA),0000335991,Pleasant Colony(USA)
0001103260,マーチャンテイマー,0000615577,クロフネ(USA),0000306885,マサコチャン,0000362799,フレンチデピュティ(USA),0000333862,サンデーサイレンス(USA)
マーブルジーン,マーブルジーン,,,,,,,,
0000703236,マーブルチーフ,0000365159,チーフベアハート(CAN),0000207889,レアシングチェリー,0000337339,Chief's Crown(USA),0000333691,ミシシツピアン(USA)
0000703577,マーブルバルダー,0000340630,ブラックタイアフェアー(IRE),0000285978,マーブルズタイム,0000336395,Miswaki(USA),0000333844,ブライアンズタイム(USA)
0001090510,マーベラスカイザー,0000256512,マーベラスサンデー,0000318066,マーベラスウーマン,0000333862,サンデーサイレンス(USA),0000337445,Woodman(USA)
0000616008,マーベラスダンス,0000274883,ダンスインザダーク,0000249541,グゼカンノン,0000333862,サンデーサイレンス(USA),0000333640,ブレイヴエストローマン(USA)
0000762247,マーベラスチーフ,0000333894,コマンダーインチーフ(GB),0000384273,ラジョワ(USA),0000336853,ダンシングブレーヴ(USA),0000347989,Kingmambo(USA)
0001090472,マーベラスバロン,0000256512,マーベラスサンデー,0000317518,マーベラスロマン,0000333862,サンデーサイレンス(USA),0000225913,パラダイスクリーク(USA)
0001094625,マーベラスビジン,0000615577,クロフネ(USA),0000725477,アグネスキフジン,0000362799,フレンチデピュティ(USA),0000333862,サンデーサイレンス(USA)
0000705738,マーベラスロイヤル,0000256512,マーベラスサンデー,0000231283,ロイヤルクロス,0000333862,サンデーサイレンス(USA),0000333792,スリルシヨー(USA)
0000254520,マーリンシチー,0000333801,ヤワ(IRE),0000116152,ホワイトギヤル,0000334060,Luthier(FR),0000333584,ノースオブザロー(USA)
0001088990,マーロス,0000299089,グラスワンダー(USA),0000292873,ベストマリー,0000336890,Silver Hawk(USA),0000340413,シャンハイ(USA)
0000705384,ミエッパリ,0000237704,ホワイトマズル(GB),0000159954,レツドスワン,0000336853,ダンシングブレーヴ(USA),0000333363,リマンド(GB)
ミエノグレース,ミエノグレース,,,,,,,,
ミエノサクシード,ミエノサクシード,,,,,,,,
0000327706,ミエノサンデー,0000333862,サンデーサイレンス(USA),0000383666,エチケット(USA),0000335154,Halo(USA),0000334746,Raja Baba(USA)
0001167439,ミエノドリーマー,0000760877,アドマイヤムーン,0000327818,ドリームカムカム,0000361855,エンドスウィープ(USA),0000201489,メジロライアン
0001121634,ミエノワンダー,0000299089,グラスワンダー(USA),0000619880,トリプレックス,0000336890,Silver Hawk(USA),0000333862,サンデーサイレンス(USA)
0001043794,ミオリチャン,0000375505,スウェプトオーヴァーボード(USA),0000309031,ミスアルダント,0000361855,エンドスウィープ(USA),0000333862,サンデーサイレンス(USA)
0000995748,ミキノクレシェンド,0000309103,ブラックタキシード,0000703454,ミキノファンシー,0000333862,サンデーサイレンス(USA),0000340066,ディアブロ(USA)
0001185840,ミキノトランペット,0000989072,トランセンド,0000723211,インフィニータ,0000369358,ワイルドラッシュ(USA),0000340556,ジョリーズヘイロー(USA)
0001041054,ミキノバンジョー,0000299089,グラスワンダー(USA),0000244184,ニホンピロオリーブ,0000336890,Silver Hawk(USA),0000333821,リヴリア(USA)
0000185330,ミクロコスモス,0000032819,タイムライン,0000049126,チヨコトブキ,0000455785,タガミホマレ,0000455678,ムサシキング
0001148907,ミコラソン,0000725485,ダイワメジャー,0000284818,ビワビーナス,0000333862,サンデーサイレンス(USA),0000161740,トニービン(IRE)
0000616878,ミスイロンデル,0000333894,コマンダーインチーフ(GB),0000383796,ミスシャグラ(USA),0000336853,ダンシングブレーヴ(USA),0000336082,Danzig(USA)
0001137563,ミスウインストン,0000324971,マンハッタンカフェ,0000719019,ゴンチャローワ(USA),0000333862,サンデーサイレンス(USA),0000337432,Gone West(USA)
0001193397,ミスエルテ,0001161935,Frankel(GB),0001192950,ミスエーニョ(USA),0000714343,Galileo(IRE),0000337958,Pulpit(USA)
0000326916,ミスキャスト,0000333862,サンデーサイレンス(USA),0000229403,ノースフライト,0000335154,Halo(USA),0000161740,トニービン(IRE)
0001173973,ミスキララ,0000372610,ファスリエフ(USA),0001043410,マルタカキララ,0000336085,Nureyev(USA),0000849057,バゴ(FR)
0000852082,ミスターケビン,0000337102,Storm Cat(USA),0000405479,Eliza(USA),0000336177,Storm Bird(CAN),0000336553,Mt. Livermore(USA)
0000140413,ミスタードン,0000333485,ドン(ITY),0000024249,ミスアリシドン,0000333952,Grey Sovereign(GB),0000333253,サンプルーフ(FR)
0000323847,ミスターメロディ,0000202396,ムーンライトパレス,0000149944,シヤークメロデイ,0000336202,Caerleon(USA),0000333435,シルバーシヤーク(IRE)
0000313639,ミスターユニコン,0000214562,スターオブコジーン(USA),0000383463,デザーテッド(USA),0000337423,Cozzene(USA),0000333959,Sassafras(FR)
0000729539,ミスティックエイジ,0000333862,サンデーサイレンス(USA),0000258043,ミスティックアイズ,0000335154,Halo(USA),0000337552,Eastern Echo(USA)
0000887531,ミスティフォレスト,0000325200,ジャングルポケット,0000316553,ロージーミスト,0000161740,トニービン(IRE),0000333862,サンデーサイレンス(USA)
0000852024,ミスティーウェザー,0000359774,Devon Flyer(AUS),0000852025,Miss Miller(AUS),0000336303,Biscay(AUS),0000335858,Jukebox(GB)
0000889952,ミステリアスライト,0000324933,アグネスタキオン,0000439173,オウリエット(IRE),0000333862,サンデーサイレンス(USA),0000336202,Caerleon(USA)
0000750316,ミスディレクション,0000333874,ジェイドロバリー(USA),0000169435,ダイナアガサ,0000335975,Mr. Prospector(USA),0000333649,サンフオードラツド(IRE)
0000760197,ミストラルクルーズ,0000299155,エルコンドルパサー(USA),0000316245,ミスティーダンス,0000347989,Kingmambo(USA),0000333862,サンデーサイレンス(USA)
0000728495,ミスパスカリ,0000362868,Mr. Greeley(USA),0000615607,ブルーアヴェニュー(USA),0000337432,Gone West(USA),0000352327,Classic Go Go(USA)
0000159124,ミスパンテール,0000333526,グリーングラスグリーン(USA),0000061478,フオーシーズン,0000334293,Herbager(FR),0000333374,フアバージ(FR)
0000807143,ミスベロニカ,0000302080,テイエムオペラオー,0000437766,ダルーゼット(GB),0000339572,オペラハウス(GB),0000336887,Darshaan(GB)
0000138120,ミスマルシゲ,0000333632,ダンサーズイメージ(USA),0000013481,マルシゲ,0000334375,Native Dancer(USA),0000333225,テイエポロ(ITY)
0001202724,ミスマンマミーア,0000611525,タニノギムレット,0000738651,サンデーメモリー,0000333844,ブライアンズタイム(USA),0000333862,サンデーサイレンス(USA)
0001037234,ミゼリコルデ,0000372610,ファスリエフ(USA),0000920886,Match Point(GB),0000336085,Nureyev(USA),0000342670,Unfuwain(USA)
0000899892,ミダースタッチ,0000337444,Seeking the Gold(USA),0000445464,シャイアーズエンデ(USA),0000335975,Mr. Prospector(USA),0000340508,El Prado(IRE)
0001141719,ミッキーアイル,0000742976,ディープインパクト,0000899522,スターアイル(IRE),0000333862,サンデーサイレンス(USA),0000714421,ロックオブジブラルタル(IRE)
0000020924,ミッキークイーン,0000333194,サラ　トサミドリ,0000453444,フアストモアー,0000333075,プリメロ(GB),0000000352,サラ　タカクラヤマ
0001171105,ミッキーグローリー,0000742976,ディープインパクト,0000799647,メリッサ,0000333862,サンデーサイレンス(USA),0000237704,ホワイトマズル(GB)
0000753200,ミッキーコマンド,0000275264,ダンディコマンド,0000217635,スイフトクイン,0000129863,ニホンピロウイナー,0000333677,スイフトスワロー(USA)
0001157497,ミッキーシーガル,0000701577,ネオユニヴァース,0001079037,ラリズ(ARG),0000333862,サンデーサイレンス(USA),0000372597,Bernstein(USA)
0000883985,ミッキージェット,0000700008,シンボリクリスエス(USA),0000262989,ダンツシュアー(CAN),0000336209,Kris S.(USA),0000337102,Storm Cat(USA)
0001157505,ミッキージョイ,0000742976,ディープインパクト,0001082969,ルドラ(FR),0000333862,サンデーサイレンス(USA),0000363470,Cape Cross(IRE)
0001188418,ミッキースワロー,0001103854,トーセンホマレボシ,0000883223,マドレボニータ,0000742976,ディープインパクト,0000325200,ジャングルポケット
0000306296,ミッキーダンス,0000333884,ダンスホール(USA),0000192201,マルサンホマレ,0000336351,Assert(IRE),0000333631,サテインゴ(GB)
0000891680,ミッキーチアフル,0000700008,シンボリクリスエス(USA),0000714110,チアフル(IRE),0000336209,Kris S.(USA),0000336202,Caerleon(USA)
0001208923,ミッキーチャーム,0000742976,ディープインパクト,0001192996,リップルスメイド(GB),0000333862,サンデーサイレンス(USA),0000372531,Dansili(GB)
0001142486,ミッキーデータ,0000742976,ディープインパクト,0001039721,データ(ARG),0000333862,サンデーサイレンス(USA),0000337993,Roy(USA)
0001045036,ミッキードリーム,0000729458,キングカメハメハ,0000325190,フローリッドコート,0000347989,Kingmambo(USA),0000333862,サンデーサイレンス(USA)
0001051963,ミッキーバラード,0000621167,Fusaichi Pegasus(USA),0000897613,セイントリースカウト(USA),0000335975,Mr. Prospector(USA),0000339631,Saint Ballado(CAN)
0000997132,ミッキーパンプキン,0000274883,ダンスインザダーク,0000878681,エスユーエフシー(IRE),0000333862,サンデーサイレンス(USA),0000339659,Alzao(USA)
0001222257,ミッキーブラック,0000722797,ブラックタイド,0001209780,マラコスタムブラダ(ARG),0000333862,サンデーサイレンス(USA),0001052375,Lizard Island(USA)
0000700469,ミッキーベル,0000243723,サクラローレル,0000160521,エイシンゴーデイー,0000337286,Rainbow Quest(USA),0000333544,ノーザンテースト(CAN)
0000989538,ミッキーペトラ,0000700008,シンボリクリスエス(USA),0000280588,ペトラ,0000336209,Kris S.(USA),0000333887,ヘクタープロテクター(USA)
0001208447,ミッキーポジション,0000742976,ディープインパクト,0001192902,ポジションリミット(USA),0000333862,サンデーサイレンス(USA),0001127392,Bellamy Road(USA)
0001090403,ミッキーマスカット,0001039506,スニッツェル(AUS),0000316595,サファイヤコースト,0000375619,Redoute's Choice(AUS),0000333862,サンデーサイレンス(USA)
0000891017,ミッキーミラクル,0000700008,シンボリクリスエス(USA),0000627701,スマラ(FR),0000336209,Kris S.(USA),0000337285,Antheus(USA)
0001150683,ミッキーユニバース,0000701577,ネオユニヴァース,0000449259,レディオブチャド(IRE),0000333862,サンデーサイレンス(USA),0000337436,ラストタイクーン(IRE)
0001139731,ミッキーラブソング,0000729458,キングカメハメハ,0000760208,コイウタ,0000347989,Kingmambo(USA),0000262443,フジキセキ
0001175196,ミッキーロケット,0000729458,キングカメハメハ,0001142849,マネーキャントバイミーラヴ(IRE),0000347989,Kingmambo(USA),0000365118,Pivotal(GB)
0001206298,ミッキーワイルド,0001089850,ロードカナロア,0001044374,ワイルドラズベリー,0000729458,キングカメハメハ,0000626942,ファルブラヴ(IRE)
0000210438,ミックベンハー,0000333732,クリスタルパレス(FR),0000059627,ホンマルエース,0000334731,Caro(IRE),0000333277,タマナー(FR)
0001144150,ミッションアプルーヴド,0000337554,With Approval(CAN),0000839756,Fortunate Find(USA),0000334731,Caro(IRE),0000340603,Fortunate Prospect(USA)
0001100853,ミッションモード,0000714343,Galileo(IRE),0000852340,ロイヤルファンタジー(GER),0000336572,Sadler's Wells(USA),0000361091,Monsun(GER)
0001190679,ミッシングリンク,0001046333,ヴィクトワールピサ,0001051918,エーソングフォー(USA),0000701577,ネオユニヴァース,0000372626,More Than Ready(USA)
0001109997,ミッドサマーフェア,0000611525,タニノギムレット,0000794783,ストロベリーフェア(GB),0000333844,ブライアンズタイム(USA),0000347989,Kingmambo(USA)
0000704191,ミッドタウン,0000337424,デインヒル(USA),0000421464,Soie de Rose(USA),0000336082,Danzig(USA),0000336883,Slew o' Gold(USA)
0000318703,ミツアキサイレンス,0000268975,エイシンサンディ,0000246292,ユウコウターナ,0000333862,サンデーサイレンス(USA),0000333741,ターナボス(GB)
0000706577,ミツアキタービン,0000249565,ライブリマウント,0000268927,カネミタービン,0000333790,グリーンマウント(USA),0000333677,スイフトスワロー(USA)
0001152211,ミツバ,0000742946,カネヒキリ,0000724458,セントクリスマス,0000262443,フジキセキ,0000333894,コマンダーインチーフ(GB)
0000736939,ミツワスカイハイ,0000274883,ダンスインザダーク,0000284566,ビンゴビクトリー,0000333862,サンデーサイレンス(USA),0000161734,アレミロード(USA)
0000317832,ミツワトップレディ,0000262443,フジキセキ,0000207491,ミツワイーグル,0000333862,サンデーサイレンス(USA),0000098122,アンバーシヤダイ
0001221900,ミディオーサ,0000742976,ディープインパクト,0001192950,ミスエーニョ(USA),0000333862,サンデーサイレンス(USA),0000337958,Pulpit(USA)
0000318233,ミデオンビット,0000333872,アジュディケーティング(USA),0000214512,ピアグレイス(USA),0000336082,Danzig(USA),0000336305,Alydar(USA)
0001093539,ミトラ,0000700008,シンボリクリスエス(USA),0000701769,エイグレット,0000336209,Kris S.(USA),0000333862,サンデーサイレンス(USA)
0000296206,ミナミノゴージャス,0000337461,Trempolino(USA),0000383803,ベイサス(USA),0000336086,Sharpen Up(GB),0000337339,Chief's Crown(USA)
0000613537,ミナレット,0000237640,ダンツシアトル(USA),0000263130,マツヨシ(USA),0000335964,Seattle Slew(USA),0000337380,マイニング(USA)
0000283726,ミヤギロドリゴ,0000339534,ロドリゴデトリアーノ(USA),0000186304,グリーゴールド,0000336924,El Gran Senor(USA),0000333484,イエローゴツド(GB)
0000703249,ミヤギーロイヤル,0000337550,フォーティナイナー(USA),0000242570,スガノハギ,0000335975,Mr. Prospector(USA),0000333637,ロイヤルスキー(USA)
0001216349,ミヤケ,0001110554,ディープブリランテ,0000775192,チャチャリーノ,0000742976,ディープインパクト,0000361396,Unbridled's Song(USA)
0001108050,ミヤコデラックス,0000611525,タニノギムレット,0000728548,ラストパートナー,0000333844,ブライアンズタイム(USA),0000365099,エリシオ(FR)
0001102604,ミヤコマンハッタン,0000324971,マンハッタンカフェ,0000292078,ハッピースキャット,0000333862,サンデーサイレンス(USA),0000225905,ドクターデヴィアス(IRE)
0001089163,ミヤジエムジェイ,0000729458,キングカメハメハ,0000296845,ミヤジプロスパー,0000347989,Kingmambo(USA),0000069360,マルゼンスキー
0001218083,ミヤジシルフィード,0001089850,ロードカナロア,0000991848,クレバークリス,0000729458,キングカメハメハ,0000615577,クロフネ(USA)
0001126579,ミヤジタイガ,0000701577,ネオユニヴァース,0000897673,フローレンスガール(USA),0000333862,サンデーサイレンス(USA),0000621962,El Corredor(USA)
0001118709,ミヤジマッキー,0000701708,スパイキュール,0000296845,ミヤジプロスパー,0000333862,サンデーサイレンス(USA),0000069360,マルゼンスキー
0001096947,ミヤジメーテル,0000848478,ロージズインメイ(USA),0001051639,ミスサイベリア(USA),0000339820,Devil His Due(USA),0000372708,Giant's Causeway(USA)
0000314298,ミヤノシャダイ,0000098122,アンバーシヤダイ,0000222817,ラブリーフォモサ,0000333544,ノーザンテースト(CAN),0000333582,コインドシルバー(USA)
0000735690,ミヤビキララ,0000293624,スペシャルウィーク,0000220673,システィーナ,0000333862,サンデーサイレンス(USA),0000145106,サクラユタカオー
0000702465,ミヤビグレート,0000179021,サツカーボーイ,0000212643,コクトビューティー,0000333664,デイクタス(FR),0000333747,サウスアトランテイツク(IRE)
0001138656,ミヤビジャスパー,0000760877,アドマイヤムーン,0000735690,ミヤビキララ,0000361855,エンドスウィープ(USA),0000293624,スペシャルウィーク
0001089729,ミヤビファルネーゼ,0000848478,ロージズインメイ(USA),0000307199,タフグレイス,0000339820,Devil His Due(USA),0000161740,トニービン(IRE)
0000702475,ミヤビペルセウス,0000274914,バブルガムフェロー,0000144937,スリードーター,0000333862,サンデーサイレンス(USA),0000333613,サンプリンス(IRE)
0000759480,ミヤビランベリ,0000339572,オペラハウス(GB),0000307966,アステオン,0000336572,Sadler's Wells(USA),0000115064,ホリスキー
0000327674,ミヤビリージェント,0000333769,パークリージエント(CAN),0000259277,ミスベンツ,0000336132,Vice Regent(CAN),0000333697,ノーアテンシヨン(FR)
0001153655,ミュゼエイリアン,0000801447,スクリーンヒーロー,0000755204,エールスタンス,0000299089,グラスワンダー(USA),0000299155,エルコンドルパサー(USA)
0001149535,ミュゼゴースト,0000849057,バゴ(FR),0000310029,トリプルタイム,0000342649,Nashwan(USA),0000333707,リアルシヤダイ(USA)
0001154658,ミュゼスルタン,0000729458,キングカメハメハ,0000803117,アスクデピュティ,0000347989,Kingmambo(USA),0000362799,フレンチデピュティ(USA)
0001153461,ミュゼダルタニアン,0001115148,ハービンジャー(GB),0000750348,アルテシア,0000372531,Dansili(GB),0000333862,サンデーサイレンス(USA)
0001142780,ミュゼリトルガール,0000742976,ディープインパクト,0001127229,レインデート(USA),0000333862,サンデーサイレンス(USA),0000361396,Unbridled's Song(USA)
0000750797,ミュージックホーク,0000336890,Silver Hawk(USA),0000452939,Music Lane(USA),0000335167,Roberto(USA),0000336395,Miswaki(USA)
0001175023,ミュートエアー,0000325200,ジャングルポケット,0001109218,レットイットスノー,0000161740,トニービン(IRE),0000722158,ハーツクライ
0001193383,ミラアイトーン,0000844073,Lonhro(AUS),0001086073,タイタンクイーン(USA),0000368012,Octagonal(NZ),0000621100,Tiznow(USA)
0001173389,ミライヘノツバサ,0000804714,ドリームジャーニー,0000994903,タムロブライト,0000286968,ステイゴールド,0000367860,シルバーチャーム(USA)
0001095981,ミラクルオブレナ,0000760831,ソングオブウインド,0000753321,レナリッチ,0000299155,エルコンドルパサー(USA),0000369765,ムタファーウエク(USA)
0000736700,ミラクルコンサート,0000262443,フジキセキ,0000287823,ラブソーリー(GB),0000333862,サンデーサイレンス(USA),0000342675,ウォーニング(GB)
0001101512,ミラクルピッチ,0000298971,マイネルラヴ(USA),0000250138,ラウドヴォイス(GB),0000337444,Seeking the Gold(USA),0000342649,Nashwan(USA)
0001126885,ミラクルラヴィ,0000739144,スズカフェニックス,0000999317,ラヴィーズラヴィン(USA),0000333862,サンデーサイレンス(USA),0000372708,Giant's Causeway(USA)
0001050050,ミラクルレジェンド,0000262443,フジキセキ,0000793775,パーソナルレジェンド(USA),0000333862,サンデーサイレンス(USA),0000369512,Awesome Again(CAN)
0000886344,ミリオンウェーブ,0000262443,フジキセキ,0000303809,ミススマコバ,0000333862,サンデーサイレンス(USA),0000333842,スマコバクリーク(USA)
0000804672,ミリオンディスク,0000337421,アフリート(CAN),0000316279,ハッピーリクエスト,0000335975,Mr. Prospector(USA),0000161740,トニービン(IRE)
0001126664,ミリオンフレッシュ,0000760831,ソングオブウインド,0000901664,フレッシュバニラ(USA),0000299155,エルコンドルパサー(USA),0000369314,Grand Slam(USA)
0000125300,ミリオンベル,0000333551,クレバーフエラ(IRE),0000081957,メイジサロニカ,0000334065,Le Levanstell(GB),0000333447,ボンモー(FR)
0001143347,ミリオンヴォルツ,0001002657,Bluegrass Cat(USA),0001143096,Racetothealtar,0000337102,Storm Cat(USA),0000365171,Distorted Humor(USA)
0001188320,ミリッサ,0000725485,ダイワメジャー,0000876771,シンハリーズ(GB),0000333862,サンデーサイレンス(USA),0000263172,Singspiel(IRE)
0000091427,ミルキーウェイ,0000333256,ダラノーア(FR),0000009947,ボタントツプ,0000334513,Sunny Boy(FR),0000333218,ラツシー(IRE)
0000901636,ミルククラウン,0000362868,Mr. Greeley(USA),0000899789,Sky Crown(USA),0000337432,Gone West(USA),0000339761,Sky Classic(CAN)
0000801573,ミルクトーレル,0000274883,ダンスインザダーク,0000275682,ミスワキジャパン(USA),0000333862,サンデーサイレンス(USA),0000336875,Phone Trick(USA)
0001188178,ミルトプリンス,0000325200,ジャングルポケット,0000808441,シャフィガ(USA),0000161740,トニービン(IRE),0000337445,Woodman(USA)
0000330668,ミルドリーム,0000262442,ベストタイアップ,0000261217,マウントドリーム,0000098122,アンバーシヤダイ,0000129863,ニホンピロウイナー
0000701583,ミルフィオリ,0000333862,サンデーサイレンス(USA),0000383129,ミルレーサー(USA),0000335154,Halo(USA),0000334064,Le Fabuleux(FR)
0000724146,ミルフォードスバル,0000362818,ホークアタック(USA),0000278734,グリーンサムナー,0000336890,Silver Hawk(USA),0000337447,シャーディー(USA)
0000901715,ミレニアムウイング,0000336572,Sadler's Wells(USA),0000442937,Angelic Song(CAN),0000334002,Northern Dancer(CAN),0000335154,Halo(USA)
0000327508,ミレニアムスズカ,0000362599,ラムタラ(USA),0000406810,シアトルシンフォニー(USA),0000333996,Nijinsky(CAN),0000335964,Seattle Slew(USA)
0000325213,ミレニアムバイオ,0000333862,サンデーサイレンス(USA),0000383908,ドルスク(GB),0000335154,Halo(USA),0000336082,Danzig(USA)
0000327200,ミレニアムメモリー,0000214492,リンドシェーバー(USA),0000235519,マーチンミサ,0000336305,Alydar(USA),0000333795,アンフイールド(IRE)
0000803182,ミンティエアー,0000324933,アグネスタキオン,0000299087,ヒットザスポット(USA),0000333862,サンデーサイレンス(USA),0000338072,Deputy Minister(CAN)
0001123193,ミータロー,0000372825,プリサイスエンド(USA),0000727551,サカノエンジェル,0000361855,エンドスウィープ(USA),0000214492,リンドシェーバー(USA)
0001186640,ムイトオブリガード,0001042049,ルーラーシップ,0000738156,ピサノグラフ,0000729458,キングカメハメハ,0000333862,サンデーサイレンス(USA)
0000995160,ムクドク,0000324971,マンハッタンカフェ,0000619949,フリーダムトレイル,0000333862,サンデーサイレンス(USA),0000365330,ボストンハーバー(USA)
0001091464,ムジョウ,0000626942,ファルブラヴ(IRE),0000329791,イブキフリッカー,0000337427,Fairy King(USA),0000333862,サンデーサイレンス(USA)
0001093531,ムスカテール,0000255813,マヤノトップガン,0000701734,シェリール,0000333844,ブライアンズタイム(USA),0000333862,サンデーサイレンス(USA)
0001208570,ムスコローソ,0001028940,ヘニーヒューズ(USA),0001117478,ルナレガーロ,0000362819,ヘネシー(USA),0000760877,アドマイヤムーン
0001090931,ムライチンタ,0000333887,ヘクタープロテクター(USA),0000324972,ウインベローナ,0000337445,Woodman(USA),0000333872,アジュディケーティング(USA)
0000804355,ムラマサノヨートー,0000294840,キングヘイロー,0000313437,フェステロマーネ,0000336853,ダンシングブレーヴ(USA),0000333887,ヘクタープロテクター(USA)
0000889913,ムードインディゴ,0000274883,ダンスインザダーク,0000434145,リープフォージョイ(GB),0000333862,サンデーサイレンス(USA),0000336330,Sharpo(GB)
0001138084,ムードスウィングス,0000722158,ハーツクライ,0000728089,ラフィンムード,0000333862,サンデーサイレンス(USA),0000299155,エルコンドルパサー(USA)
0000994625,ムーンエクスプレス,0000316266,アグネスフライト,0000613901,マックスタムタム,0000333862,サンデーサイレンス(USA),0000336853,ダンシングブレーヴ(USA)
0001172762,ムーンクエイク,0000760877,アドマイヤムーン,0000978304,リッチダンサー(GB),0000361855,エンドスウィープ(USA),0000362583,Halling(USA)
0001155159,ムーンクレスト,0000760877,アドマイヤムーン,0000852005,ビューティーコンテスト(IRE),0000361855,エンドスウィープ(USA),0000263172,Singspiel(IRE)
0000727605,ムーンシャイン,0000262443,フジキセキ,0000310231,バニラアフリート,0000333862,サンデーサイレンス(USA),0000337421,アフリート(CAN)
0001047185,ムーンテンダー,0000701577,ネオユニヴァース,0000618128,メイジノジョケツ,0000333862,サンデーサイレンス(USA),0000336890,Silver Hawk(USA)
0000722364,ムーンフェイズ,0000365099,エリシオ(FR),0000383625,アフターザサン(USA),0000337427,Fairy King(USA),0000336177,Storm Bird(CAN)
0001096733,ムーンリットレイク,0000742976,ディープインパクト,0000862445,ムーンライトダンス(IRE),0000333862,サンデーサイレンス(USA),0000372792,Sinndar(IRE)
0001000906,ムーンレスナイト,0000337424,デインヒル(USA),0000719403,Quarter Moon(IRE),0000336082,Danzig(USA),0000336572,Sadler's Wells(USA)
0000728527,ムーヴオブサンデー,0000333862,サンデーサイレンス(USA),0000426922,ブルティナ(GB),0000335154,Halo(USA),0000340159,Primo Dominie(GB)
0001191568,ムーヴザワールド,0000742976,ディープインパクト,0001127924,リッスン(IRE),0000333862,サンデーサイレンス(USA),0000336572,Sadler's Wells(USA)
0000301242,メイクアップ,0000142620,スマノヒツト,0000121881,ミハルモンテス,0000040167,スマノダイドウ,0000455913,サルタモンテス(FR)
0000989574,メイクデュース,0000207623,トウカイテイオー,0000281402,セカンドサービス,0000140567,シンボリルドルフ,0000333878,リズム(USA)
0000136354,メイクヒストリー,0000333604,ノーザンアンサー(CAN),0000012199,オートトツプ,0000334002,Northern Dancer(CAN),0000333220,ガルカドール(FR)
0000285054,メイクユーハッピー,0000076895,メイワパツサー,0000104150,ウインアプローズ,0000334012,Buckpasser(USA),0000333438,ラデイガ(USA)
0000805619,メイケイグリーン,0000274883,ダンスインザダーク,0000326746,マイグリーン,0000333862,サンデーサイレンス(USA),0000336853,ダンシングブレーヴ(USA)
0001125875,メイケイペガスター,0000262443,フジキセキ,0000807198,ストームホイッスル,0000333862,サンデーサイレンス(USA),0000333844,ブライアンズタイム(USA)
0001119098,メイケイペガムーン,0000760877,アドマイヤムーン,0000306694,ベラミロード,0000361855,エンドスウィープ(USA),0000161734,アレミロード(USA)
0000889865,メイショウアサガオ,0000262443,フジキセキ,0000431781,ロスケイ(USA),0000333862,サンデーサイレンス(USA),0000337445,Woodman(USA)
0001136814,メイショウアサツユ,0000287925,タイキシャトル(USA),0000634725,アッファビリティー(USA),0000337092,Devil's Bag(USA),0000340629,Unbridled(USA)
0000729813,メイショウアズーロ,0000359332,トワイニング(USA),0000306937,メイショウガーベラ,0000337550,フォーティナイナー(USA),0000336209,Kris S.(USA)
0000993831,メイショウアツヒメ,0000287925,タイキシャトル(USA),0000384189,ナイスレイズ(USA),0000337092,Devil's Bag(USA),0000337102,Storm Cat(USA)
0000704945,メイショウアラワシ,0000340653,ハウスバスター(USA),0000281302,メイショウキミカゲ,0000336553,Mt. Livermore(USA),0000333844,ブライアンズタイム(USA)
0000996632,メイショウイエミツ,0000372825,プリサイスエンド(USA),0000728643,セルリアンブルー,0000361855,エンドスウィープ(USA),0000333894,コマンダーインチーフ(GB)
0000760921,メイショウイグアス,0000337284,ダミスター(USA),0000325751,フジノコマンダー,0000335975,Mr. Prospector(USA),0000333894,コマンダーインチーフ(GB)
0001106912,メイショウイザヨイ,0000701701,オレハマッテルゼ,0000704306,シャコービクトリア,0000333862,サンデーサイレンス(USA),0000333874,ジェイドロバリー(USA)
0001136261,メイショウイチオシ,0000727032,メイショウボーラー,0000613284,グリーンヒルレッド,0000287925,タイキシャトル(USA),0000333886,スキャン(USA)
0000242903,メイショウウズシオ,0000176226,サクラチヨノオー,0000108308,バンベリードーター,0000069360,マルゼンスキー,0000333374,フアバージ(FR)
0001138758,メイショウウタゲ,0000372825,プリサイスエンド(USA),0000736864,シールビーバック,0000361855,エンドスウィープ(USA),0000262443,フジキセキ
0001046280,メイショウエバモア,0000321138,アグネスデジタル(USA),0000432269,パパゴ(IRE),0000336770,Crafty Prospector(USA),0000336572,Sadler's Wells(USA)
0000750250,メイショウオウテ,0000333862,サンデーサイレンス(USA),0000298433,メイショウサブリナ,0000335154,Halo(USA),0000336209,Kris S.(USA)
0001121802,メイショウオオゼキ,0000722158,ハーツクライ,0000626300,トランクイルデイズ(USA),0000333862,サンデーサイレンス(USA),0000341713,Easy Goer(USA)
0000729845,メイショウオスカル,0000262443,フジキセキ,0000245614,メイショウヤヨイ,0000333862,サンデーサイレンス(USA),0000098122,アンバーシヤダイ
0000705025,メイショウオッチモ,0000337550,フォーティナイナー(USA),0000383356,オールザイヤーズ(USA),0000335975,Mr. Prospector(USA),0000336305,Alydar(USA)
0001220856,メイショウオニテ,0000901749,キンシャサノキセキ(AUS),0001111138,エリモパンサー(USA),0000262443,フジキセキ,0000349487,Forest Wildcat(USA)
0001192064,メイショウオワラ,0001110554,ディープブリランテ,0000882757,メイショウヤワラ,0000742976,ディープインパクト,0000287925,タイキシャトル(USA)
0000616814,メイショウカイドウ,0000333886,スキャン(USA),0000199868,キンセングローリー,0000335975,Mr. Prospector(USA),0000333716,ヒツタイトグローリー(GB)
0000704379,メイショウカゼッコ,0000287925,タイキシャトル(USA),0000169572,ノトリイフオー,0000337092,Devil's Bag(USA),0000333635,リイフオー(GB)
0000258197,メイショウカチドキ,0000333820,ストームオンザルース(CAN),0000128046,ハシホリデー,0000334968,Lyphard(USA),0000333624,パーソナリテイ(USA)
0001110474,メイショウカドマツ,0000725485,ダイワメジャー,0000808437,アルペンローズ(USA),0000333862,サンデーサイレンス(USA),0000336209,Kris S.(USA)
0001171688,メイショウカネサダ,0000287925,タイキシャトル(USA),0000808090,ブラックティー,0000337092,Devil's Bag(USA),0000365159,チーフベアハート(CAN)
0001137752,メイショウカフウ,0000743908,スタチューオブリバティ(USA),0000723770,キタノフラワー,0000337102,Storm Cat(USA),0000274914,バブルガムフェロー
0001184200,メイショウカリン,0000714411,ケイムホーム(USA),0000313776,ショコット,0000337432,Gone West(USA),0000337424,デインヒル(USA)
0000244010,メイショウカンパク,0000333697,ノーアテンシヨン(FR),0000138265,ハボローネ,0000335293,Green Dancer(USA),0000333599,ノーザリー(USA)
0001121852,メイショウガンツ,0000725485,ダイワメジャー,0000634661,ステイトリースター(USA),0000333862,サンデーサイレンス(USA),0000338072,Deputy Minister(CAN)
0000313651,メイショウキオウ,0000333894,コマンダーインチーフ(GB),0000201050,シティライト,0000336853,ダンシングブレーヴ(USA),0000333564,ハードツービート(IRE)
0000806776,メイショウキトリ,0000621944,マリエンバード(IRE),0000384189,ナイスレイズ(USA),0000336202,Caerleon(USA),0000337102,Storm Cat(USA)
0001105085,メイショウキラリ,0000324971,マンハッタンカフェ,0000384044,ウッドスペル(USA),0000333862,サンデーサイレンス(USA),0000337445,Woodman(USA)
0000891038,メイショウクオリア,0000324971,マンハッタンカフェ,0000634408,アンノウンウォーターズ(USA),0000333862,サンデーサイレンス(USA),0000337553,Rahy(USA)
0000996235,メイショウコウセイ,0000369358,ワイルドラッシュ(USA),0000719875,ハイパスチャー(USA),0000336574,Wild Again(USA),0000336924,El Gran Senor(USA)
0001208761,メイショウコゴミ,0000615577,クロフネ(USA),0001126335,メイショウユウダチ,0000362799,フレンチデピュティ(USA),0000727032,メイショウボーラー
0001136790,メイショウコルノ,0000324971,マンハッタンカフェ,0000634408,アンノウンウォーターズ(USA),0000333862,サンデーサイレンス(USA),0000337553,Rahy(USA)
0000315665,メイショウコロンボ,0000339572,オペラハウス(GB),0000224237,イチノトリ,0000336572,Sadler's Wells(USA),0000333796,リフアーズスペシヤル(USA)
0000805520,メイショウコンボイ,0000365324,デザートキング(IRE),0000325700,メイショウヤマブキ,0000337424,デインヒル(USA),0000340556,ジョリーズヘイロー(USA)
0001187103,メイショウササユリ,0000725727,スズカマンボ,0000757260,ルックアミリオン,0000333862,サンデーサイレンス(USA),0000362799,フレンチデピュティ(USA)
0000997034,メイショウサミット,0000700008,シンボリクリスエス(USA),0000789357,マルビウム(USA),0000336209,Kris S.(USA),0000336397,Dixieland Band(USA)
0000760084,メイショウサムソン,0000339572,オペラハウス(GB),0000315251,マイヴィヴィアン,0000336572,Sadler's Wells(USA),0000336853,ダンシングブレーヴ(USA)
0000728610,メイショウサライ,0000256512,マーベラスサンデー,0000295676,プリンセスエイブル,0000333862,サンデーサイレンス(USA),0000333874,ジェイドロバリー(USA)
0001140960,メイショウサルーテ,0000287925,タイキシャトル(USA),0000851642,ズリ(IRE),0000337092,Devil's Bag(USA),0000336209,Kris S.(USA)
0001166364,メイショウシャチ,0000727032,メイショウボーラー,0000290910,マチカネモユルコイ,0000287925,タイキシャトル(USA),0000333862,サンデーサイレンス(USA)
0000758088,メイショウシャフト,0000292180,メイショウオウドウ,0000292382,メイショウエビータ,0000333862,サンデーサイレンス(USA),0000333846,キンググローリアス(USA)
0001219089,メイショウショウブ,0000725485,ダイワメジャー,0001046325,メイショウスズラン,0000333862,サンデーサイレンス(USA),0000729458,キングカメハメハ
0000891919,メイショウジェイ,0000611525,タニノギムレット,0000750737,サルガソシー(USA),0000333844,ブライアンズタイム(USA),0000336350,Affirmed(USA)
0000996725,メイショウジンム,0000310442,メイショウドトウ(IRE),0000730378,ラッキーミシェロ,0000353279,Bigstone(IRE),0000347531,ミシエロ(USA)
0000171254,メイショウスイセイ,0000333696,ガロト(FR),0000109666,メイシヨウスター,0000334968,Lyphard(USA),0000333299,テスコボーイ(GB)
0001173351,メイショウスイヅキ,0001085636,パイロ(USA),0000994324,ヴィトンクイーン,0000337958,Pulpit(USA),0000274883,ダンスインザダーク
0001103990,メイショウスザンナ,0000321138,アグネスデジタル(USA),0000318163,グリーンオリーヴ,0000336770,Crafty Prospector(USA),0000333862,サンデーサイレンス(USA)
0001046325,メイショウスズラン,0000729458,キングカメハメハ,0000437584,クィーンズダガー(USA),0000347989,Kingmambo(USA),0000337553,Rahy(USA)
0001134461,メイショウスミトモ,0000619768,ゴールドアリュール,0000307251,ムゲン,0000333862,サンデーサイレンス(USA),0000333872,アジュディケーティング(USA)
0001138559,メイショウセイウン,0000339572,オペラハウス(GB),0000734469,アイノサンライト,0000336572,Sadler's Wells(USA),0000294840,キングヘイロー
0000887469,メイショウセンゴク,0000619768,ゴールドアリュール,0000316334,ミスムーンライト,0000333862,サンデーサイレンス(USA),0000225905,ドクターデヴィアス(IRE)
0001136809,メイショウゼロセン,0000293624,スペシャルウィーク,0000634661,ステイトリースター(USA),0000333862,サンデーサイレンス(USA),0000338072,Deputy Minister(CAN)
0001190429,メイショウソウビ,0000372825,プリサイスエンド(USA),0001046513,カクテルローズ,0000361855,エンドスウィープ(USA),0000611525,タニノギムレット
0001094083,メイショウゾウセン,0000701577,ネオユニヴァース,0000707419,メイショウデンコー,0000333862,サンデーサイレンス(USA),0000333874,ジェイドロバリー(USA)
0001104529,メイショウタマカゼ,0000725485,ダイワメジャー,0000326517,ダンシングブルーム,0000333862,サンデーサイレンス(USA),0000333894,コマンダーインチーフ(GB)
0000881221,メイショウタメトモ,0000340556,ジョリーズヘイロー(USA),0000179060,フアシネイター,0000335154,Halo(USA),0000333544,ノーザンテースト(CAN)
0000618260,メイショウタロー,0000340633,アラジ(USA),0000383521,ヘッディンウエスト(USA),0000335274,Blushing Groom(FR),0000335975,Mr. Prospector(USA)
0000997092,メイショウダグザ,0000369358,ワイルドラッシュ(USA),0000841490,ロイヤルリフ(USA),0000336574,Wild Again(USA),0000347989,Kingmambo(USA)
0001169714,メイショウダッサイ,0000725727,スズカマンボ,0000735354,スズカブルーム,0000333862,サンデーサイレンス(USA),0000626597,スキャターザゴールド(CAN)
0001105740,メイショウダビンチ,0000701701,オレハマッテルゼ,0000613115,ダイアナショー,0000333862,サンデーサイレンス(USA),0000207623,トウカイテイオー
0000148716,メイショウダンディ,0000333613,サンプリンス(IRE),0000382468,フエスタル(GB),0000334436,Princely Gift(GB),0000333914,Alcide(GB)
0001092488,メイショウツガル,0000729458,キングカメハメハ,0000612909,フラワーキャット,0000347989,Kingmambo(USA),0000347515,Mountain Cat(USA)
0001045023,メイショウツチヤマ,0000362799,フレンチデピュティ(USA),0000325156,カパルアベイ,0000338072,Deputy Minister(CAN),0000333862,サンデーサイレンス(USA)
0001205973,メイショウテッコン,0000324971,マンハッタンカフェ,0001031992,エーシンベロシティ(USA),0000333862,サンデーサイレンス(USA),0000369832,Lemon Drop Kid(USA)
0001188854,メイショウテンシャ,0000742976,ディープインパクト,0000889885,メイショウベルーガ,0000333862,サンデーサイレンス(USA),0000362799,フレンチデピュティ(USA)
0001043316,メイショウデイム,0000324971,マンハッタンカフェ,0000302570,メイショウカガヤキ,0000333862,サンデーサイレンス(USA),0000333887,ヘクタープロテクター(USA)
0000995391,メイショウデジレ,0000729458,キングカメハメハ,0000634661,ステイトリースター(USA),0000347989,Kingmambo(USA),0000338072,Deputy Minister(CAN)
0001105210,メイショウデビッド,0000897270,デビッドジュニア(USA),0000384302,ランビー(USA),0000339742,Pleasant Tap(USA),0000337098,Turkoman(USA)
0000737083,メイショウトウコン,0000255813,マヤノトップガン,0000309077,ルナースフィア,0000333844,ブライアンズタイム(USA),0000333874,ジェイドロバリー(USA)
0001089629,メイショウトチワカ,0000286968,ステイゴールド,0000305602,エイスワンダー,0000333862,サンデーサイレンス(USA),0000098122,アンバーシヤダイ
0000762175,メイショウトッパー,0000302080,テイエムオペラオー,0000384189,ナイスレイズ(USA),0000339572,オペラハウス(GB),0000337102,Storm Cat(USA)
0001200899,メイショウドウドウ,0001046333,ヴィクトワールピサ,0000326517,ダンシングブルーム,0000701577,ネオユニヴァース,0000333894,コマンダーインチーフ(GB)
0000313690,メイショウドメニカ,0000333862,サンデーサイレンス(USA),0000222115,メイショウマロニエ,0000335154,Halo(USA),0000336855,Dr. Carter(USA)
0000995384,メイショウドンタク,0000324971,マンハッタンカフェ,0000634653,ミスティックライト(GB),0000333862,サンデーサイレンス(USA),0000337496,Machiavellian(USA)
0001095241,メイショウナルト,0000722158,ハーツクライ,0000732909,スターペスミツコ,0000333862,サンデーサイレンス(USA),0000358543,カーネギー(IRE)
0001109896,メイショウノーベル,0000293624,スペシャルウィーク,0000763154,ミスキ(USA),0000333862,サンデーサイレンス(USA),0000336395,Miswaki(USA)
0001106467,メイショウハガクレ,0000325200,ジャングルポケット,0000634728,アミロティン(USA),0000161740,トニービン(IRE),0000337432,Gone West(USA)
0000727972,メイショウハヤボシ,0000359332,トワイニング(USA),0000231843,ビワミサキ,0000337550,フォーティナイナー(USA),0000333821,リヴリア(USA)
0000702962,メイショウバトラー,0000207760,メイショウホムラ,0000267084,メイショウハゴロモ,0000333640,ブレイヴエストローマン(USA),0000158547,ダイナガリバー
0000807418,メイショウバルドル,0000256512,マーベラスサンデー,0000612509,ブラックローズ,0000333862,サンデーサイレンス(USA),0000358543,カーネギー(IRE)
0000072783,メイショウバーズ,0000009239,サラ　ゴールデンパス,0000014861,ツネタカ,0000333982,Sovereign Path(GB),0000333190,サラ　ヒンドスタン(GB)
0000995854,メイショウパルマ,0000324971,マンハッタンカフェ,0000705025,メイショウオッチモ,0000333862,サンデーサイレンス(USA),0000337550,フォーティナイナー(USA)
0001141731,メイショウパワーズ,0000727032,メイショウボーラー,0000899625,マイラッキー,0000287925,タイキシャトル(USA),0000364615,Elusive Quality(USA)
0001135937,メイショウヒコボシ,0000727032,メイショウボーラー,0000439187,フォーフリーダムス(FR),0000287925,タイキシャトル(USA),0000336430,Green Desert(USA)
0001107756,メイショウヒデタダ,0000727032,メイショウボーラー,0000725442,メイショウサマンサ,0000287925,タイキシャトル(USA),0000333846,キンググローリアス(USA)
0001296816,メイショウピューマ,0000365171,Distorted Humor(USA),0001295955,ラヴアンドフェイス(USA),0000337550,フォーティナイナー(USA),0001025171,Corinthian(USA)
0000758693,メイショウフウライ,0000292180,メイショウオウドウ,0000298778,メイショウアヤメ,0000333862,サンデーサイレンス(USA),0000333874,ジェイドロバリー(USA)
0000613319,メイショウフクヒメ,0000274914,バブルガムフェロー,0000241508,キタノファンタジー,0000333862,サンデーサイレンス(USA),0000333722,ラシアンルーブル(USA)
0000733096,メイショウブシドウ,0000293624,スペシャルウィーク,0000383556,アルタデナ(USA),0000333862,サンデーサイレンス(USA),0000334968,Lyphard(USA)
0001122607,メイショウブシン,0000760084,メイショウサムソン,0000709158,ワイルドリリー(USA),0000339572,オペラハウス(GB),0000336574,Wild Again(USA)
0000996501,メイショウブンブク,0000325200,ジャングルポケット,0000726358,ダイワデリカシー,0000161740,トニービン(IRE),0000274914,バブルガムフェロー
0001051962,メイショウヘミング,0000719054,ヨハネスブルグ(USA),0001014943,ターフィー(USA),0000362819,ヘネシー(USA),0000337432,Gone West(USA)
0000889885,メイショウベルーガ,0000362799,フレンチデピュティ(USA),0000432269,パパゴ(IRE),0000338072,Deputy Minister(CAN),0000336572,Sadler's Wells(USA)
0001043899,メイショウホンマル,0000294840,キングヘイロー,0000310350,タカノセクレタリー(USA),0000336853,ダンシングブレーヴ(USA),0000335964,Seattle Slew(USA)
0000988019,メイショウボナール,0000237704,ホワイトマズル(GB),0000243805,ダイアナスキー,0000336853,ダンシングブレーヴ(USA),0000069360,マルゼンスキー
0000990718,メイショウボルト,0000325200,ジャングルポケット,0000302437,ユキノトップレディ,0000161740,トニービン(IRE),0000333887,ヘクタープロテクター(USA)
0000727032,メイショウボーラー,0000287925,タイキシャトル(USA),0000384189,ナイスレイズ(USA),0000337092,Devil's Bag(USA),0000337102,Storm Cat(USA)
0000704845,メイショウポパイ,0000361977,サンダーガルチ(USA),0000431784,アニーカ(USA),0000339836,Gulch(USA),0000336305,Alydar(USA)
0001154926,メイショウマサカゼ,0000714411,ケイムホーム(USA),0000806865,デヒアバーズ,0000337432,Gone West(USA),0000337848,デヒア(USA)
0001095292,メイショウマシュウ,0000620083,アドマイヤマックス,0000733698,オオシマパンジー,0000333862,サンデーサイレンス(USA),0000333886,スキャン(USA)
0001123893,メイショウマンボ,0000725727,スズカマンボ,0000735803,メイショウモモカ,0000333862,サンデーサイレンス(USA),0000299089,グラスワンダー(USA)
0000612584,メイショウミツクニ,0000340556,ジョリーズヘイロー(USA),0000169572,ノトリイフオー,0000335154,Halo(USA),0000333635,リイフオー(GB)
0000728031,メイショウムネノリ,0000214492,リンドシェーバー(USA),0000186614,ピンクノワンピース,0000336305,Alydar(USA),0000061253,トウシヨウボーイ
0001156964,メイショウメイゲツ,0000742976,ディープインパクト,0001032784,スクービドゥー(GER),0000333862,サンデーサイレンス(USA),0000364680,Johan Cruyff(GB)
0001156267,メイショウヤギリ,0000325977,ショウナンカンプ,0000988757,メイショウエレノア,0000225628,サクラバクシンオー,0000372825,プリサイスエンド(USA)
0001091859,メイショウヤタロウ,0000324933,アグネスタキオン,0000384189,ナイスレイズ(USA),0000333862,サンデーサイレンス(USA),0000337102,Storm Cat(USA)
0001120376,メイショウヤマホコ,0000611525,タニノギムレット,0000328719,ナリタフローラ,0000333844,ブライアンズタイム(USA),0000333862,サンデーサイレンス(USA)
0001126335,メイショウユウダチ,0000727032,メイショウボーラー,0000886036,メイショウスコール,0000287925,タイキシャトル(USA),0000292180,メイショウオウドウ
0001090668,メイショウヨウドウ,0000286968,ステイゴールド,0000320033,ウェディングラヴ,0000333862,サンデーサイレンス(USA),0000336202,Caerleon(USA)
0001108909,メイショウヨシミツ,0000255813,マヤノトップガン,0000738690,メイショウブリーズ,0000333844,ブライアンズタイム(USA),0000333862,サンデーサイレンス(USA)
0000889019,メイショウヨリトモ,0000324971,マンハッタンカフェ,0000382727,ノースオブダンジグ(USA),0000333862,サンデーサイレンス(USA),0000336082,Danzig(USA)
0001123713,メイショウライナー,0000294840,キングヘイロー,0000733834,ナナヨーティアラ,0000336853,ダンシングブレーヴ(USA),0000298971,マイネルラヴ(USA)
0000885317,メイショウラダック,0000372284,カリズマティック(USA),0000287667,ホッコービューティ(USA),0000340714,Summer Squall(USA),0000339836,Gulch(USA)
0001139363,メイショウラバンド,0000292180,メイショウオウドウ,0000754442,メイショウハナビ,0000333862,サンデーサイレンス(USA),0000310442,メイショウドトウ(IRE)
0000330037,メイショウラムセス,0000362599,ラムタラ(USA),0000268704,メイショウヤエガキ,0000333996,Nijinsky(CAN),0000333864,クリエイター(GB)
0000807992,メイショウレガーロ,0000324971,マンハッタンカフェ,0000626074,コッコレ(USA),0000333862,サンデーサイレンス(USA),0000341849,Carson City(USA)
0001203065,メイショウロセツ,0001178418,ノヴェリスト(IRE),0000755260,エリモフィナーレ,0000361091,Monsun(GER),0000333862,サンデーサイレンス(USA)
0000988744,メイショウロッコー,0000255813,マヤノトップガン,0000262373,アンブレラ,0000333844,ブライアンズタイム(USA),0000333862,サンデーサイレンス(USA)
0000281547,メイショウワカシオ,0000337439,モガンボ(USA),0000188230,メイショウサユリ,0000335975,Mr. Prospector(USA),0000333593,ラツキーソブリン(USA)
0000734186,メイショウワグナー,0000333894,コマンダーインチーフ(GB),0000634726,レディテルライド(USA),0000336853,ダンシングブレーヴ(USA),0000339653,A.P. Indy(USA)
0001103761,メイスンキャプテン,0000372848,キャプテンスティーヴ(USA),0000315903,タカラミア,0000339929,Fly So Free(USA),0000337550,フォーティナイナー(USA)
0001169172,メイスンスパート,0000727032,メイショウボーラー,0000726299,モエレカントリー,0000287925,タイキシャトル(USA),0000333901,ティンバーカントリー(USA)
0001219449,メイスンハナフブキ,0001052586,エイシンフラッシュ,0001051917,アグネスフィーバー(USA),0000372784,キングズベスト(USA),0000745249,Vindication(USA)
0001192832,メイズオブオナー,0000722158,ハーツクライ,0001128598,キャサリンオブアラゴン(IRE),0000333862,サンデーサイレンス(USA),0001000965,Holy Roman Emperor(IRE)
0000613435,メイセイプリマ,0000262275,ジェニュイン,0000210129,テラミス,0000333862,サンデーサイレンス(USA),0000110849,タクラマカン(USA)
0001193399,メイソンジュニア,0001133008,Mayson(GB),0001192998,アナアメリカーナ(FR),0000372680,Invincible Spirit(IRE),0001099390,American Post(GB)
0000888270,メイビリーヴ,0000225628,サクラバクシンオー,0000325068,メディアウォーズ,0000145106,サクラユタカオー,0000333862,サンデーサイレンス(USA)
0000224968,メイブリーズ,0000098122,アンバーシヤダイ,0000134226,カリビアンブリーズ,0000333544,ノーザンテースト(CAN),0000333637,ロイヤルスキー(USA)
0001169823,メイプルキング,0000729458,キングカメハメハ,0000736877,イズミバード,0000347989,Kingmambo(USA),0000333862,サンデーサイレンス(USA)
0001052217,メイプルストリート,0000339656,Belong to Me(USA),0000795971,Primequest(USA),0000336082,Danzig(USA),0000368659,コロナドズクエスト(USA)
0000317464,メイプルベガ,0000341457,ロイヤルアカデミーⅡ(USA),0000167784,アイランドオリーブ,0000333996,Nijinsky(CAN),0000333613,サンプリンス(IRE)
0001151073,メイプルレインボー,0000742946,カネヒキリ,0000618019,メイプルスプリング,0000262443,フジキセキ,0000337101,ソヴィエトスター(USA)
0000714070,メイプルロード,0000262275,ジェニュイン,0000309268,メイプルダンス,0000333862,サンデーサイレンス(USA),0000337421,アフリート(CAN)
0000758925,メイホウホップ,0000268975,エイシンサンディ,0000302645,メイホウクイン,0000333862,サンデーサイレンス(USA),0000182479,キャロルハウス(IRE)
0000275148,メインストリーム,0000333707,リアルシヤダイ(USA),0000190883,メインゲスト,0000335167,Roberto(USA),0000333667,ターゴワイス(USA)
0000620315,メガスターダム,0000129863,ニホンピロウイナー,0000192056,フミノスキー,0000333618,ステイールハート(IRE),0000069360,マルゼンスキー
0000742945,メガトンカフェ,0000333862,サンデーサイレンス(USA),0000383657,バレークイーン(IRE),0000335154,Halo(USA),0000336572,Sadler's Wells(USA)
0000612268,メガバックス,0000230809,ウイニングチケット,0000260767,エイブルカグラ,0000161740,トニービン(IRE),0000333874,ジェイドロバリー(USA)
0001204756,メガリージョン,0000729458,キングカメハメハ,0000889529,サンクスノート,0000347989,Kingmambo(USA),0000225628,サクラバクシンオー
0001206448,メサルティム,0001110554,ディープブリランテ,0001046437,ピンクアリエス,0000742976,ディープインパクト,0000729458,キングカメハメハ
0001173180,メジェルダ,0000742976,ディープインパクト,0000992078,メリュジーヌ,0000333862,サンデーサイレンス(USA),0000362799,フレンチデピュティ(USA)
0001105105,メジャーアスリート,0000725485,ダイワメジャー,0000384094,スプリンターキャット(USA),0000333862,サンデーサイレンス(USA),0000337102,Storm Cat(USA)
0001170864,メジャーエンブレム,0000725485,ダイワメジャー,0000763090,キャッチータイトル,0000333862,サンデーサイレンス(USA),0000339572,オペラハウス(GB)
0000626080,メジャーカフェ,0000337432,Gone West(USA),0000432832,Twice the Vice(USA),0000335975,Mr. Prospector(USA),0000336132,Vice Regent(CAN)
0001150351,メジャーガラメキ,0000725485,ダイワメジャー,0000329062,フローラルグリーン,0000333862,サンデーサイレンス(USA),0000337550,フォーティナイナー(USA)
0000992597,メジャーサイレンス,0000262275,ジェニュイン,0000325018,オメガパートナー,0000333862,サンデーサイレンス(USA),0000249114,ナリタブライアン
0001174443,メジャータイフーン,0000725485,ダイワメジャー,0001053833,マザイ(IRE),0000333862,サンデーサイレンス(USA),0000372610,ファスリエフ(USA)
0001049118,メジャーテースト,0000308300,アドマイヤコジーン,0000728862,ピースオブピース,0000337423,Cozzene(USA),0000293624,スペシャルウィーク
0001125197,メジャープレゼンス,0000725485,ダイワメジャー,0000763090,キャッチータイトル,0000333862,サンデーサイレンス(USA),0000339572,オペラハウス(GB)
0001126931,メジャーミノル,0000725485,ダイワメジャー,0001021265,マウンテンミステリー(CAN),0000333862,サンデーサイレンス(USA),0000336553,Mt. Livermore(USA)
0000804002,メジロアダーラ,0000362799,フレンチデピュティ(USA),0000308823,メジロダーリング,0000338072,Deputy Minister(CAN),0000336430,Green Desert(USA)
0000298202,メジロアトラス,0000203356,メジロマックイーン,0000192736,メジロモントレー,0000110447,メジロテイターン,0000333665,モガミ(FR)
0000762216,メジロアニマート,0000362799,フレンチデピュティ(USA),0000384239,コロンバイト(GB),0000338072,Deputy Minister(CAN),0000336202,Caerleon(USA)
0000066678,メジロアリス,0000012623,メジロタイヨウ,0000024887,グリーンクイン,0000333224,チヤイナロツク(GB),0000333235,クレイマント(GB)
0000887431,メジロアースラ,0000287600,ブラックホーク(GB),0000316209,メジロマルチネス,0000336085,Nureyev(USA),0000337550,フォーティナイナー(USA)
0000619701,メジロアービン,0000274883,ダンスインザダーク,0000134299,メジロフアンタジー,0000333862,サンデーサイレンス(USA),0000333762,ゲイメセン(USA)
0001042520,メジロオードリー,0000293624,スペシャルウィーク,0000286632,メジロドーベル,0000333862,サンデーサイレンス(USA),0000201489,メジロライアン
0000324871,メジロオーモンド,0000214492,リンドシェーバー(USA),0000178873,メジロユニオン,0000336305,Alydar(USA),0000333544,ノーザンテースト(CAN)
0000887494,メジロガストン,0000293624,スペシャルウィーク,0000316409,クライウィズジョイ,0000333862,サンデーサイレンス(USA),0000161740,トニービン(IRE)
0001049753,メジロクリントン,0000321138,アグネスデジタル(USA),0000743236,メジロルルド,0000336770,Crafty Prospector(USA),0000333862,サンデーサイレンス(USA)
0000743221,メジロコルセア,0000201489,メジロライアン,0000146003,メジロビユーテイー,0000098122,アンバーシヤダイ,0000333257,パーソロン(IRE)
0000308824,メジロサンドラ,0000203356,メジロマックイーン,0000383767,カンパナ(IRE),0000110447,メジロテイターン,0000336572,Sadler's Wells(USA)
0001089828,メジロサンノウ,0000729458,キングカメハメハ,0000308823,メジロダーリング,0000347989,Kingmambo(USA),0000336430,Green Desert(USA)
0000316210,メジロシュナイダー,0000203356,メジロマックイーン,0000178877,メジロマスキット,0000110447,メジロテイターン,0000333665,モガミ(FR)
0000762024,メジロシリング,0000339534,ロドリゴデトリアーノ(USA),0000384007,ヴェネジア(USA),0000336924,El Gran Senor(USA),0000335664,Riverman(USA)
0000726203,メジロジェニファー,0000337421,アフリート(CAN),0000384238,タフラ(IRE),0000335975,Mr. Prospector(USA),0000337427,Fairy King(USA)
0000619700,メジロジョーンズ,0000201489,メジロライアン,0000146003,メジロビユーテイー,0000098122,アンバーシヤダイ,0000333257,パーソロン(IRE)
0000744496,メジロスパイダー,0000286648,メジロディザイヤー,0000286639,メジロダルメシアン,0000333862,サンデーサイレンス(USA),0000225905,ドクターデヴィアス(IRE)
0000326504,メジロダンダーク,0000225628,サクラバクシンオー,0000214235,メジロロベルタ,0000145106,サクラユタカオー,0000333665,モガミ(FR)
0000308823,メジロダーリング,0000336430,Green Desert(USA),0000408257,アイルオブグラス(USA),0000336082,Danzig(USA),0000336350,Affirmed(USA)
0000995165,メジロチャンプ,0000201489,メジロライアン,0000619966,パシフィックベル,0000098122,アンバーシヤダイ,0000337421,アフリート(CAN)
0000705013,メジロトッティ,0000201489,メジロライアン,0000146100,メジロディッシュ,0000098122,アンバーシヤダイ,0000333665,モガミ(FR)
0000743238,メジロトンキニーズ,0000274883,ダンスインザダーク,0000224889,メジロクロヒメ,0000333862,サンデーサイレンス(USA),0000333665,モガミ(FR)
0000724428,メジロニコラス,0000333862,サンデーサイレンス(USA),0000384239,コロンバイト(GB),0000335154,Halo(USA),0000336202,Caerleon(USA)
0000743225,メジロハスラー,0000358543,カーネギー(IRE),0000316202,メジロナターシャ,0000336572,Sadler's Wells(USA),0000214566,フレイズ(USA)
0000734248,メジロハンター,0000225628,サクラバクシンオー,0000275040,メジロリズム,0000145106,サクラユタカオー,0000333887,ヘクタープロテクター(USA)
0000192735,メジロバーバラ,0000333665,モガミ(FR),0000110449,メジロオーロラ,0000334968,Lyphard(USA),0000333363,リマンド(GB)
0000887430,メジロフォーナ,0000304230,ナリタトップロード,0000316202,メジロナターシャ,0000179021,サツカーボーイ,0000214566,フレイズ(USA)
0000619695,メジロフリーマン,0000161740,トニービン(IRE),0000201492,メジログラフ,0000336378,カンパラ(GB),0000130523,ミスターシービー
0000324863,メジロブルーム,0000201489,メジロライアン,0000213681,メジロティファニー,0000098122,アンバーシヤダイ,0000333665,モガミ(FR)
0000701362,メジロヘリテイジ,0000201489,メジロライアン,0000232784,メジロリベーラ,0000098122,アンバーシヤダイ,0000140567,シンボリルドルフ
0000729899,メジロベイシンガー,0000201489,メジロライアン,0000169300,メジロストーク,0000098122,アンバーシヤダイ,0000333665,モガミ(FR)
0000619709,メジロベネット,0000274915,フサイチコンコルド,0000275040,メジロリズム,0000336202,Caerleon(USA),0000333887,ヘクタープロテクター(USA)
0000619693,メジロマイヤー,0000225628,サクラバクシンオー,0000262020,メジロエルナス,0000145106,サクラユタカオー,0000179021,サツカーボーイ
0000316203,メジロマントル,0000333887,ヘクタープロテクター(USA),0000213681,メジロティファニー,0000337445,Woodman(USA),0000333665,モガミ(FR)
0001089829,メジロミドウ,0000286968,ステイゴールド,0000308824,メジロサンドラ,0000333862,サンデーサイレンス(USA),0000203356,メジロマックイーン
0001043084,メジロムーア,0000369765,ムタファーウエク(USA),0000298191,メジロビュシング,0000336890,Silver Hawk(USA),0000333887,ヘクタープロテクター(USA)
0000753654,メジロモデラート,0000293624,スペシャルウィーク,0000224889,メジロクロヒメ,0000333862,サンデーサイレンス(USA),0000333665,モガミ(FR)
0000078121,メジロライデン,0000020816,メジロムサシ,0000380370,ブリンググローリー(NZ),0000333252,ワラビー(FR),0000334088,Alcimedes(GB)
0000889293,メジロラフィキ,0000287925,タイキシャトル(USA),0000383767,カンパナ(IRE),0000337092,Devil's Bag(USA),0000336572,Sadler's Wells(USA)
0000758586,メジロラルゴ,0000262443,フジキセキ,0000298181,メジロゲーベル,0000333862,サンデーサイレンス(USA),0000225905,ドクターデヴィアス(IRE)
0000298190,メジロランバート,0000201489,メジロライアン,0000201492,メジログラフ,0000098122,アンバーシヤダイ,0000130523,ミスターシービー
0000308840,メジロロンザン,0000201489,メジロライアン,0000199771,メジロリスク,0000098122,アンバーシヤダイ,0000333735,リーガルステツプ(USA)
0000989822,メジロワーロック,0000611525,タニノギムレット,0000286635,メジロブルテリア,0000333844,ブライアンズタイム(USA),0000201489,メジロライアン
0001055970,メダリアビート,0000721553,Medaglia d'Oro(USA),0000444816,Beat The Play(USA),0000340508,El Prado(IRE),0000339704,Defensive Play(USA)
0000725497,メテオバースト,0000333862,サンデーサイレンス(USA),0000384234,スカイロケットⅡ(AUS),0000335154,Halo(USA),0000337424,デインヒル(USA)
0001105514,メテオライト,0000324933,アグネスタキオン,0000452879,ガヴィオラ(USA),0000333862,サンデーサイレンス(USA),0000337423,Cozzene(USA)
0001051958,メテオロロジスト,0000372328,Golden Missile(USA),0000903609,バイユーストーム(USA),0000339653,A.P. Indy(USA),0000337102,Storm Cat(USA)
0001096094,メデタシ,0000742976,ディープインパクト,0000756912,オジャッタモンセ,0000333862,サンデーサイレンス(USA),0000615577,クロフネ(USA)
0000802421,メトロシュタイン,0000294881,スエヒロコマンダー,0000287995,パールクイン(AUS),0000333894,コマンダーインチーフ(GB),0000336570,Kenmare(FR)
0000992130,メトロノース,0000308300,アドマイヤコジーン,0000318805,マンハッタン,0000337423,Cozzene(USA),0000337421,アフリート(CAN)
0001136931,メドウヒルズ,0000725485,ダイワメジャー,0000701447,テイクミーハイヤー,0000333862,サンデーサイレンス(USA),0000161740,トニービン(IRE)
0001140523,メドウラーク,0000611525,タニノギムレット,0000804088,アゲヒバリ,0000333844,ブライアンズタイム(USA),0000615577,クロフネ(USA)
0001092443,メモリアルイヤー,0000619768,ゴールドアリュール,0000612648,アーバンクイーン,0000333862,サンデーサイレンス(USA),0000225628,サクラバクシンオー
0000703512,メモリアルオペラ,0000333802,グランドオペラ(USA),0000160527,エイシンハルコ,0000333996,Nijinsky(CAN),0000030382,タイテエム
0000733238,メモリーオブヨーク,0000340630,ブラックタイアフェアー(IRE),0000383088,アカデイーン(FR),0000336395,Miswaki(USA),0000336328,Akarad(FR)
0000704770,メモリーキアヌ,0000161740,トニービン(IRE),0000382946,バラワキ(USA),0000336378,カンパラ(GB),0000336395,Miswaki(USA)
0000987752,メモリーパフィア,0000321265,ノボジャック(USA),0000234366,メモリーラマン,0000362799,フレンチデピュティ(USA),0000161740,トニービン(IRE)
0000615154,メモリーブロンコ,0000220336,ミホノブルボン,0000188156,ミスティーナイル,0000333621,マグニテユード(IRE),0000115349,アスワン
0001193965,メラグラーナ,0001019761,Fastnet Rock(AUS),0000981933,Ghaliah(AUS),0000337424,デインヒル(USA),0000361503,Secret Savings(USA)
0001222141,メリオラ,0000372708,Giant's Causeway(USA),0000439082,Stop Traffic(USA),0000337102,Storm Cat(USA),0000335907,Cure the Blues(USA)
0000799647,メリッサ,0000237704,ホワイトマズル(GB),0000242850,ストーミーラン,0000336853,ダンシングブレーヴ(USA),0000161740,トニービン(IRE)
0001156124,メリーモナーク,0000729458,キングカメハメハ,0000978304,リッチダンサー(GB),0000347989,Kingmambo(USA),0000362583,Halling(USA)
0000735646,メルシーエイタイム,0000365159,チーフベアハート(CAN),0000223511,マチカネカルメン,0000337339,Chief's Crown(USA),0000333792,スリルシヨー(USA)
0000618105,メルシータカオー,0000145106,サクラユタカオー,0000189293,ウィスパーモア,0000333299,テスコボーイ(GB),0000069360,マルゼンスキー
0000884471,メルシーモンサン,0000309184,アドマイヤベガ,0000273914,カネショウダイヤ,0000333862,サンデーサイレンス(USA),0000333859,ダイヤモンドショール(GB)
0001203431,メルムサール,0000719054,ヨハネスブルグ(USA),0000762651,オナーリーブ,0000362819,ヘネシー(USA),0000274883,ダンスインザダーク
0001185507,メルヴィンカズマ,0001046333,ヴィクトワールピサ,0000703570,ブランピュール,0000701577,ネオユニヴァース,0000098122,アンバーシヤダイ
0001040450,メルヴェイユドール,0000262443,フジキセキ,0000213942,ゴールデンサッシュ,0000333862,サンデーサイレンス(USA),0000333664,デイクタス(FR)
0001087759,メロウメロディ,0000372848,キャプテンスティーヴ(USA),0000256174,シスタースルー,0000339929,Fly So Free(USA),0000333768,スルーザドラゴン(USA)
0001186217,メローブリーズ,0000801447,スクリーンヒーロー,0000730503,コンドルショット,0000299089,グラスワンダー(USA),0000299155,エルコンドルパサー(USA)
0000705464,メンタルシャウト,0000361794,Afternoon Deelites(USA),0000625092,Kelbey(USA),0000342520,Private Terms(USA),0000339836,Gulch(USA)
0000028805,メーデイア,0000333304,ナデイア(USA),0000010731,ポカハンタス,0000334374,Nasrullah(GB),0000333303,ハードリドン(GB)
0001173710,メートルダール,0000701668,ゼンノロブロイ,0001024038,イグジビットワン(USA),0000333862,サンデーサイレンス(USA),0000336890,Silver Hawk(USA)
0001115755,メーヴェ,0000897467,Motivator(GB),0000864795,Top Table(GB),0000369845,Montjeu(IRE),0000335305,Shirley Heights(GB)
0001090951,モアグレイス,0000729458,キングカメハメハ,0000325032,フェイムドグレイス,0000347989,Kingmambo(USA),0000333862,サンデーサイレンス(USA)
0000796718,モアザンベスト,0000372708,Giant's Causeway(USA),0000434290,ラグナセカ(USA),0000337102,Storm Cat(USA),0000335964,Seattle Slew(USA)
0001129462,モアズウェルズ,0000336572,Sadler's Wells(USA),0000449022,Endorsement(GB),0000334002,Northern Dancer(CAN),0000342675,ウォーニング(GB)
0001171431,モウカッテル,0000993502,アンライバルド,0000805024,ロングビクトリア,0000701577,ネオユニヴァース,0000611525,タニノギムレット
0000737162,モエレアドミラル,0000333844,ブライアンズタイム(USA),0000383704,バウンドトゥダンス(USA),0000335167,Roberto(USA),0000334002,Northern Dancer(CAN)
0000996111,モエレエキスパート,0000333850,マジックマイルズ(USA),0000708286,アズマタイガー,0000335975,Mr. Prospector(USA),0000365099,エリシオ(FR)
0000725921,モエレエスポワール,0000333850,マジックマイルズ(USA),0000261589,セントラルスキー,0000335975,Mr. Prospector(USA),0000069360,マルゼンスキー
0000993785,モエレエターナル,0000314130,ゴールドヘイロー,0000384124,カトリア(IRE),0000333862,サンデーサイレンス(USA),0000336202,Caerleon(USA)
0000722821,モエレエルコンドル,0000299155,エルコンドルパサー(USA),0000410349,ウェバリングガール(USA),0000347989,Kingmambo(USA),0000337546,Wavering Monarch(USA)
0001048014,モエレエンデバー,0000314130,ゴールドヘイロー,0000703180,センターアンジェロ,0000333862,サンデーサイレンス(USA),0000339572,オペラハウス(GB)
0000762610,モエレジーニアス,0000274915,フサイチコンコルド,0000439515,シャルナ(IRE),0000336202,Caerleon(USA),0000336887,Darshaan(GB)
0000762641,モエレソーブラッズ,0000333862,サンデーサイレンス(USA),0000442364,ラークホイッスル(CAN),0000335154,Halo(USA),0000347814,Silver Deputy(CAN)
0001044121,モエレデフィニット,0000333850,マジックマイルズ(USA),0000314337,アヤノミドリ,0000335975,Mr. Prospector(USA),0000333872,アジュディケーティング(USA)
0000722674,モエレトレジャー,0000372423,トレジャーアイランド(USA),0000262247,イブキピンクレディ,0000336082,Danzig(USA),0000333544,ノーザンテースト(CAN)
0000991529,モエレビクトリー,0000314130,ゴールドヘイロー,0000313346,トチノビクトリー,0000333862,サンデーサイレンス(USA),0000337527,オジジアン(USA)
0000762916,モエレフィールド,0000287709,フィールドアスカ(USA),0000619007,ロングテンシン,0000337550,フォーティナイナー(USA),0000336853,ダンシングブレーヴ(USA)
0000732881,モエレフェニックス,0000333862,サンデーサイレンス(USA),0000262247,イブキピンクレディ,0000335154,Halo(USA),0000333544,ノーザンテースト(CAN)
0001102424,モエレフルール,0000314130,ゴールドヘイロー,0000286852,ドクターノーヴァ,0000333862,サンデーサイレンス(USA),0000225905,ドクターデヴィアス(IRE)
0000882736,モエレヘイセイ,0000314130,ゴールドヘイロー,0000235180,エヌケーショウワ,0000333862,サンデーサイレンス(USA),0000333544,ノーザンテースト(CAN)
0000758891,モエロタケショウ,0000225628,サクラバクシンオー,0000302390,タケショウキララ,0000145106,サクラユタカオー,0000333707,リアルシヤダイ(USA)
0000182922,モガリブエ,0000455878,アサヒマロツト,0000463294,スピーデイヤマト,0000333262,サラ　マロツト(ITY),0000009053,オーギ
0001124154,モグモグパクパク,0000727032,メイショウボーラー,0000738915,ワスレナイデ,0000287925,タイキシャトル(USA),0000362799,フレンチデピュティ(USA)
0001092157,モスカートローザ,0000742976,ディープインパクト,0000443980,ローザロバータ(USA),0000333862,サンデーサイレンス(USA),0000342626,Fire Maker(USA)
0000013324,モズ,0000455646,ミキノヒカリ,0000456807,カツプフオード,0000333164,サラ　トキノチカラ,0000455633,方景
0001213491,モズアスコット,0001161935,Frankel(GB),0000998223,India(USA),0000714343,Galileo(IRE),0000362819,ヘネシー(USA)
0001192179,モズカッチャン,0001115148,ハービンジャー(GB),0000996210,サイトディーラー,0000372531,Dansili(GB),0000729458,キングカメハメハ
0001228753,モズスーパーフレア,0000719250,Speightstown(USA),0001030813,Christies Treasure(CAN),0000337432,Gone West(USA),0000339656,Belong to Me(USA)
0001141871,モズハツコイ,0000615577,クロフネ(USA),0000987552,クールアンフルール,0000362799,フレンチデピュティ(USA),0000225628,サクラバクシンオー
0001089232,モズハリケーン,0000287925,タイキシャトル(USA),0000298324,ウイッシュバンダム,0000337092,Devil's Bag(USA),0000336348,リファーズウィッシュ(FR)
0001152060,モズライジン,0000615577,クロフネ(USA),0000722503,グランプリオーロラ,0000362799,フレンチデピュティ(USA),0000342675,ウォーニング(GB)
0000797889,モチ,0000214562,スターオブコジーン(USA),0000201599,イートンカラー,0000337423,Cozzene(USA),0000333539,サーペンフロ(GB)
0000806894,モデスティー,0000369768,オース(IRE),0000397139,ゴールドコンデ(USA),0000337427,Fairy King(USA),0000335975,Mr. Prospector(USA)
0001208963,モデレイト,0001050184,ダノンシャンティ,0001089970,ヒシカルメン,0000262443,フジキセキ,0000714421,ロックオブジブラルタル(IRE)
0000008726,モトヒメ,0000333207,パールダイヴアー(FR),0000376992,ベリストリーム(AUS),0000334901,Vatellor(FR),0000334361,Midstream(GB)
0000249089,モナ,0000129866,マルゼンスター,0000181385,ハーバーマリーン,0000069360,マルゼンスキー,0000333595,クラウンドプリンス(USA)
0000620082,モノポライザー,0000333862,サンデーサイレンス(USA),0000125485,ダイナカール,0000335154,Halo(USA),0000333544,ノーザンテースト(CAN)
0000619811,モノポール,0000333862,サンデーサイレンス(USA),0000232963,エルレイナ,0000335154,Halo(USA),0000336883,Slew o' Gold(USA)
0001093197,モビール,0000722158,ハーツクライ,0000622058,エヴァンタイユ(USA),0000333862,サンデーサイレンス(USA),0000336869,Lear Fan(USA)
0000730781,モリデンキング,0000262554,タイキシャーロック,0000248576,レグルス,0000333874,ジェイドロバリー(USA),0000061253,トウシヨウボーイ
0001186093,モリトシラユリ,0000615577,クロフネ(USA),0000728108,サイレントラヴ,0000362799,フレンチデピュティ(USA),0000333862,サンデーサイレンス(USA)
0001138601,モリトビャクミ,0000375505,スウェプトオーヴァーボード(USA),0000735080,サクラカンパネラ,0000361855,エンドスウィープ(USA),0000225628,サクラバクシンオー
0001118109,モリトリュウコ,0001025279,シニスターミニスター(USA),0000274939,ヘクタープリンセス,0000369550,Old Trieste(USA),0000333887,ヘクタープロテクター(USA)
0000750050,モリノミヤコ,0000262437,タヤスツヨシ,0000384048,レポウシュカ(IRE),0000333862,サンデーサイレンス(USA),0000333883,サーモンリープ(USA)
0001209376,モリノラスボス,0000888832,エスポワールシチー,0001133602,ヤマイチジャスミン,0000619768,ゴールドアリュール,0000372610,ファスリエフ(USA)
0000995581,モルガナイト,0000321138,アグネスデジタル(USA),0000701705,タンザナイト,0000336770,Crafty Prospector(USA),0000333862,サンデーサイレンス(USA)
0001228772,モルトアレグロ,0000719250,Speightstown(USA),0001055706,Mo Chuisle(USA),0000337432,Gone West(USA),0000367804,Free House(USA)
0001216261,モルトグランデ,0000372825,プリサイスエンド(USA),0000762603,サルトリーガール,0000361855,エンドスウィープ(USA),0000293624,スペシャルウィーク
0000215756,モルトベーネ,0000076364,サラ　ハツシバオー,0000131657,ゴールデンモナーク,0000013633,タケシバオー,0000466760,アラ　ゴールデンフユーチヤフアイア(USA)
0001208911,モルフェオルフェ,0001090360,オルフェーヴル,0001124204,スマッシュ,0000286968,ステイゴールド,0000729458,キングカメハメハ
0000891839,モルフェサイレンス,0000318327,ニューイングランド,0000730231,モルフェソング,0000333862,サンデーサイレンス(USA),0000256512,マーベラスサンデー
0001122105,モンサンスピカ,0000714411,ケイムホーム(USA),0000702104,ピサノボニータ,0000337432,Gone West(USA),0000333862,サンデーサイレンス(USA)
0001126595,モンシュシュ,0000293624,スペシャルウィーク,0000897738,シンディ(USA),0000333862,サンデーサイレンス(USA),0000339653,A.P. Indy(USA)
0001169799,モンスターキング,0000804024,アサクサキングス,0000736533,カシノヴィガ,0000237704,ホワイトマズル(GB),0000337848,デヒア(USA)
0001108513,モンストール,0000620083,アドマイヤマックス,0000734211,イソノスワロー,0000333862,サンデーサイレンス(USA),0000337848,デヒア(USA)
0000990876,モンテアルベルト,0000333844,ブライアンズタイム(USA),0000304285,ブルックリンハイツ,0000335167,Roberto(USA),0000225905,ドクターデヴィアス(IRE)
0001043091,モンテエン,0000701668,ゼンノロブロイ,0000298279,サンセットキス,0000333862,サンデーサイレンス(USA),0000161740,トニービン(IRE)
0000731206,モンテオーシャン,0000369314,Grand Slam(USA),0000617419,Spinner(USA),0000337432,Gone West(USA),0000336424,Conquistador Cielo(USA)
0000882854,モンテクリスエス,0000700008,シンボリクリスエス(USA),0000237663,ケイウーマン(IRE),0000336209,Kris S.(USA),0000337436,ラストタイクーン(IRE)
0001206805,モンテグロッソ,0001192958,モンテロッソ(GB),0001053214,アドニータ(GB),0001111493,Dubawi(IRE),0000263172,Singspiel(IRE)
0000614237,モンテタイウン,0000274883,ダンスインザダーク,0000219926,モンテカモン,0000333862,サンデーサイレンス(USA),0000333677,スイフトスワロー(USA)
0000991922,モンテトウルヌソル,0000611525,タニノギムレット,0000316595,サファイヤコースト,0000333844,ブライアンズタイム(USA),0000333862,サンデーサイレンス(USA)
0001042725,モンテフジサン,0000299089,グラスワンダー(USA),0000291102,パステルウェイブ,0000336890,Silver Hawk(USA),0000339825,Strike the Gold(USA)
0000617062,モンテブライアン,0000333844,ブライアンズタイム(USA),0000405771,パーフェクトサークル(GB),0000335167,Roberto(USA),0000336202,Caerleon(USA)
0001152360,モンドインテロ,0000742976,ディープインパクト,0000726928,シルクユニバーサル,0000333862,サンデーサイレンス(USA),0000333844,ブライアンズタイム(USA)
0001186187,モンドキャンノ,0000901749,キンシャサノキセキ(AUS),0000729994,レイズアンドコール,0000262443,フジキセキ,0000225628,サクラバクシンオー
0001135484,モンドクラッセ,0000321138,アグネスデジタル(USA),0000327611,クッキーキティ,0000336770,Crafty Prospector(USA),0000159311,ラグビーボール
0001135889,モンドシャルナ,0000701577,ネオユニヴァース,0000430846,ウインドインハーヘア(IRE),0000333862,サンデーサイレンス(USA),0000339659,Alzao(USA)
0000034330,モンパルナス,0000333257,パーソロン(IRE),0000011763,ベニサイ,0000334048,Milesian(GB),0000333121,ゲイタイム(GB)
0000722093,モンブランカフェ,0000293624,スペシャルウィーク,0000448622,アイシャパウエル(USA),0000333862,サンデーサイレンス(USA),0000339758,Caveat(USA)
0000021623,モンロー,0000003202,サラ　ライジングウイナー,0000009087,マルジユウ,0000333115,ライジングフレーム(IRE),0000001319,サラ　フアイナルスコア(NZ)
0000743074,モンローブロンド,0000309184,アドマイヤベガ,0000709100,ソニンク(GB),0000333862,サンデーサイレンス(USA),0000337496,Machiavellian(USA)
0001171718,モーゼス,0000725485,ダイワメジャー,0000808408,チャールストンハーバー(USA),0000333862,サンデーサイレンス(USA),0000365179,Grindstone(USA)
0000151981,モーニン,0000455919,トスター(FR),0000073548,サクラタイヨウ,0000335840,サラ　Star(FR),0000017498,ムツミシゲル
0000171313,モーニングコール,0000333661,モーニングフローリツク(USA),0000076776,リトルジヨーク,0000334282,Grey Dawn(FR),0000333507,デユール(USA)
0001050248,モーニングフェイス,0000293624,スペシャルウィーク,0000903402,ファーストナイト(IRE),0000333862,サンデーサイレンス(USA),0000336572,Sadler's Wells(USA)
0000000736,モーリス,0000333163,クモハタ,0000376205,村萩,0000332990,トウルヌソル(GB),0000333158,ダイオライト(GB)
0001189749,モーヴサファイア,0001115148,ハービンジャー(GB),0000995581,モルガナイト,0000372531,Dansili(GB),0000321138,アグネスデジタル(USA)
0001106675,ヤサカオディール,0000727032,メイショウボーラー,0000701718,ヴァドヴィーツェ,0000287925,タイキシャトル(USA),0000365099,エリシオ(FR)
0000990727,ヤサカファイン,0000309103,ブラックタキシード,0000302546,ノボママ,0000333862,サンデーサイレンス(USA),0000129863,ニホンピロウイナー
0001223065,ヤサカリベルテ,0001128972,サウンドボルケーノ(USA),0001090924,ヤサカシャイニー,0001028940,ヘニーヒューズ(USA),0000737164,アドマイヤジャパン
0000990079,ヤマイチコマンド,0000333846,キンググローリアス(USA),0000291583,ナスノヴィーナス,0000336724,Naevus(USA),0000339534,ロドリゴデトリアーノ(USA)
0001175139,ヤマイチジャスティ,0000749845,エンパイアメーカー(USA),0001127190,ペイドリン(USA),0000340629,Unbridled(USA),0000337958,Pulpit(USA)
0001118051,ヤマイチパートナー,0000742996,サムライハート,0000273188,トップペンダント,0000333862,サンデーサイレンス(USA),0000333707,リアルシヤダイ(USA)
0001154998,ヤマカツエース,0000729458,キングカメハメハ,0000807289,ヤマカツマリリン,0000347989,Kingmambo(USA),0000299089,グラスワンダー(USA)
0000887113,ヤマカツオーキッド,0000274883,ダンスインザダーク,0000313269,ヤマカツスズラン,0000333862,サンデーサイレンス(USA),0000333874,ジェイドロバリー(USA)
0000738354,ヤマカツカスケード,0000333874,ジェイドロバリー(USA),0000134315,メジロクインシー,0000335975,Mr. Prospector(USA),0000333557,フイデイオン(FR)
0001188090,ヤマカツグレース,0001115148,ハービンジャー(GB),0000807289,ヤマカツマリリン,0000372531,Dansili(GB),0000299089,グラスワンダー(USA)
0000313269,ヤマカツスズラン,0000333874,ジェイドロバリー(USA),0000177721,フジノタカコマチ,0000335975,Mr. Prospector(USA),0000333646,コリムスキー(USA)
0000802457,ヤマカツティガー,0000255813,マヤノトップガン,0000290662,ラブミースルー,0000333844,ブライアンズタイム(USA),0000333872,アジュディケーティング(USA)
0001047721,ヤマカツハクリュウ,0000615577,クロフネ(USA),0000700974,ヤマカツリリー,0000362799,フレンチデピュティ(USA),0000333901,ティンバーカントリー(USA)
0000804331,ヤマカツブライアン,0000333844,ブライアンズタイム(USA),0000313269,ヤマカツスズラン,0000335167,Roberto(USA),0000333874,ジェイドロバリー(USA)
0000733003,ヤマカツブルックス,0000333887,ヘクタープロテクター(USA),0000241751,ウエストサン,0000337445,Woodman(USA),0000333816,サンキリコ(USA)
0000807289,ヤマカツマリリン,0000299089,グラスワンダー(USA),0000452486,イクセプトフォーワンダ(CAN),0000336890,Silver Hawk(USA),0000347818,Tejabo(CAN)
0001155619,ヤマカツライデン,0000700008,シンボリクリスエス(USA),0000887113,ヤマカツオーキッド,0000336209,Kris S.(USA),0000274883,ダンスインザダーク
0000700974,ヤマカツリリー,0000333901,ティンバーカントリー(USA),0000211362,リンデンリリー,0000337445,Woodman(USA),0000333608,ミルジヨージ(USA)
0000003850,ヤマシロ,0000333194,トサミドリ,0000000237,ミチギク,0000333075,プリメロ(GB),0000333123,月友
0000704872,ヤマシロヘイロー,0000340556,ジョリーズヘイロー(USA),0000258668,ハツノアモーレ,0000335154,Halo(USA),0000333707,リアルシヤダイ(USA)
0000755594,ヤマタケゴールデン,0000294840,キングヘイロー,0000257854,シゲノマインド,0000336853,ダンシングブレーヴ(USA),0000336395,Miswaki(USA)
0001170382,ヤマタケジャイアン,0000905094,ジャイアントレッカー(USA),0000755513,トシザサンサン,0000372708,Giant's Causeway(USA),0000340630,ブラックタイアフェアー(IRE)
0001148763,ヤマタケマツリ,0000762445,マツリダゴッホ,0000274820,キョウエイカナ,0000333862,サンデーサイレンス(USA),0000333887,ヘクタープロテクター(USA)
0000735494,ヤマトスプリンター,0000255813,マヤノトップガン,0000285506,ヤマトプリティ,0000333844,ブライアンズタイム(USA),0000098122,アンバーシヤダイ
0000620398,ヤマトフォルツァ,0000333665,モガミ(FR),0000129510,スイートベルン,0000334968,Lyphard(USA),0000333257,パーソロン(IRE)
0000757577,ヤマトマリオン,0000339572,オペラハウス(GB),0000285506,ヤマトプリティ,0000336572,Sadler's Wells(USA),0000098122,アンバーシヤダイ
0000730126,ヤマニンアラバスタ,0000192975,ゴールデンフェザント(USA),0000249056,ヤマニンリコール,0000334731,Caro(IRE),0000166681,タマモクロス
0001139407,ヤマニンアリエッタ,0000700008,シンボリクリスエス(USA),0000755186,ヤマニンファビュル,0000336209,Kris S.(USA),0000298391,エアジハード
0000737107,ヤマニンアリエル,0000333862,サンデーサイレンス(USA),0000262926,ヤマニンパラダイス(USA),0000335154,Halo(USA),0000336082,Danzig(USA)
0000730117,ヤマニンアルシオン,0000333862,サンデーサイレンス(USA),0000262926,ヤマニンパラダイス(USA),0000335154,Halo(USA),0000336082,Danzig(USA)
0000988290,ヤマニンウイスカー,0000324971,マンハッタンカフェ,0000250135,マダニナ(IRE),0000333862,サンデーサイレンス(USA),0000336572,Sadler's Wells(USA)
0000800005,ヤマニンエクレール,0000333887,ヘクタープロテクター(USA),0000249051,ヤマニンジュエリー,0000337445,Woodman(USA),0000333996,Nijinsky(CAN)
0000757509,ヤマニンエマイユ,0000237704,ホワイトマズル(GB),0000284771,ヤマニンザナドゥ,0000336853,ダンシングブレーヴ(USA),0000161740,トニービン(IRE)
0001047041,ヤマニンエルブ,0000179021,サツカーボーイ,0000616460,ヤマニンソリテール,0000333664,デイクタス(FR),0000333901,ティンバーカントリー(USA)
0000706185,ヤマニンカルフール,0000365099,エリシオ(FR),0000383519,ワンオブアクライン(USA),0000337427,Fairy King(USA),0000336082,Danzig(USA)
0000883579,ヤマニンキングリー,0000321138,アグネスデジタル(USA),0000256438,ヤマニンアリーナ,0000336770,Crafty Prospector(USA),0000333862,サンデーサイレンス(USA)
0000730112,ヤマニンシュクル,0000207623,トウカイテイオー,0000249051,ヤマニンジュエリー,0000140567,シンボリルドルフ,0000333996,Nijinsky(CAN)
0000700755,ヤマニンスフィアー,0000237704,ホワイトマズル(GB),0000284768,ヤマニンドルチェ,0000336853,ダンシングブレーヴ(USA),0000333862,サンデーサイレンス(USA)
0000616466,ヤマニンセラフィム,0000333862,サンデーサイレンス(USA),0000262926,ヤマニンパラダイス(USA),0000335154,Halo(USA),0000336082,Danzig(USA)
0001089486,ヤマニンパピオネ,0000375505,スウェプトオーヴァーボード(USA),0000303372,ヤマニンメルティ,0000361855,エンドスウィープ(USA),0000333874,ジェイドロバリー(USA)
0000730106,ヤマニンパンテール,0000129863,ニホンピロウイナー,0000295315,ヤマニンアリュール,0000333618,ステイールハート(IRE),0000333862,サンデーサイレンス(USA)
0000755186,ヤマニンファビュル,0000298391,エアジハード,0000250135,マダニナ(IRE),0000145106,サクラユタカオー,0000336572,Sadler's Wells(USA)
0001101510,ヤマニンファラオ,0000725485,ダイワメジャー,0000250135,マダニナ(IRE),0000333862,サンデーサイレンス(USA),0000336572,Sadler's Wells(USA)
0001108771,ヤマニンプチガトー,0000616466,ヤマニンセラフィム,0000737106,ヤマニンプチフール,0000333862,サンデーサイレンス(USA),0000362799,フレンチデピュティ(USA)
0001137309,ヤマニンボワラクテ,0000729458,キングカメハメハ,0000706185,ヤマニンカルフール,0000347989,Kingmambo(USA),0000365099,エリシオ(FR)
0000616470,ヤマニンマター,0000361344,ソウルオブザマター(USA),0000284755,ヤマニンメドゥーサ,0000342520,Private Terms(USA),0000333707,リアルシヤダイ(USA)
0001214802,ヤマニンマヒア,0000742976,ディープインパクト,0000706185,ヤマニンカルフール,0000333862,サンデーサイレンス(USA),0000365099,エリシオ(FR)
0001153776,ヤマニンマンドール,0000620927,ストーミングホーム(GB),0000757509,ヤマニンエマイユ,0000337496,Machiavellian(USA),0000237704,ホワイトマズル(GB)
0001108782,ヤマニンメダイユ,0000237704,ホワイトマズル(GB),0000737144,エムエヌメロディー,0000336853,ダンシングブレーヴ(USA),0000299089,グラスワンダー(USA)
0000737105,ヤマニンメルベイユ,0000203356,メジロマックイーン,0000256438,ヤマニンアリーナ,0000110447,メジロテイターン,0000333862,サンデーサイレンス(USA)
0000317993,ヤマニンリスペクト,0000333862,サンデーサイレンス(USA),0000155759,ヤマニンシヤレード,0000335154,Halo(USA),0000077996,ヤマニンスキー
0000891512,ヤマニンリュバン,0000616466,ヤマニンセラフィム,0000706177,ヤマニンファニオン,0000333862,サンデーサイレンス(USA),0000337101,ソヴィエトスター(USA)
0001133809,ヤマノウィザード,0000742976,ディープインパクト,0000284508,ランフォザドリーム,0000333862,サンデーサイレンス(USA),0000333707,リアルシヤダイ(USA)
0001201386,ヤマノグラップル,0001129430,ワークフォース(GB),0000619878,マルカパール,0000372784,キングズベスト(USA),0000333862,サンデーサイレンス(USA)
0001204805,ヤマノファイト,0000888832,エスポワールシチー,0000889988,ケイアイリード,0000619768,ゴールドアリュール,0000337550,フォーティナイナー(USA)
0001142085,ヤマノフェアリー,0000742976,ディープインパクト,0000993563,ベネンシアドール,0000333862,サンデーサイレンス(USA),0000729458,キングカメハメハ
0000616703,ヤマノブリザード,0000250204,タイキブリザード(USA),0000186053,モガミオージー,0000335964,Seattle Slew(USA),0000333560,フアルコン(GB)
0001089567,ヤマノラヴ,0000321138,アグネスデジタル(USA),0000304440,ヤマノバイオレット,0000336770,Crafty Prospector(USA),0000262443,フジキセキ
0000730133,ヤマノルドルフ,0000207623,トウカイテイオー,0000295994,ヤマノセンプー,0000140567,シンボリルドルフ,0000333846,キンググローリアス(USA)
0001044317,ヤングアットハート,0000362799,フレンチデピュティ(USA),0000316353,ニフティハート,0000338072,Deputy Minister(CAN),0000333862,サンデーサイレンス(USA)
0001151528,ヤングマンパワー,0001039506,スニッツェル(AUS),0000701838,スナップショット,0000375619,Redoute's Choice(AUS),0000333862,サンデーサイレンス(USA)
0000760745,ユウカージナル,0000250204,タイキブリザード(USA),0000323664,フォレットジューナ,0000335964,Seattle Slew(USA),0000069360,マルゼンスキー
0000304506,ユウキソルジャー,0000231850,ビワハヤヒデ,0000157069,メモリートウシヨウ,0000337280,シャルード(USA),0000068921,トウシヨウゲート
0000807569,ユウキタイティ,0000372284,カリズマティック(USA),0000614699,ユウキビバ,0000340714,Summer Squall(USA),0000337550,フォーティナイナー(USA)
0001167953,ユウキビバワンダー,0000761087,サクラメガワンダー,0000614699,ユウキビバ,0000299089,グラスワンダー(USA),0000337550,フォーティナイナー(USA)
0001092632,ユウキマリアッチ,0000287600,ブラックホーク(GB),0000614699,ユウキビバ,0000336085,Nureyev(USA),0000337550,フォーティナイナー(USA)
0000611717,ユウキャラット,0000230809,ウイニングチケット,0000176083,エンポールコメン,0000161740,トニービン(IRE),0000333600,ノーザンディクテイター(USA)
0001203572,ユウセイフラッシュ,0001052586,エイシンフラッシュ,0000797036,チャイニーズフレア,0000372784,キングズベスト(USA),0000262437,タヤスツヨシ
0000029249,ユウセン,0000333269,ボウプリンス(GB),0000005367,ヤマノカミ,0000334433,Prince Chevalier(FR),0000333115,ライジングフレーム(IRE)
0000730232,ユウゼータ,0000232893,ユウトウセイ,0000191651,ユウサレム,0000333621,マグニテユード(IRE),0000069360,マルゼンスキー
0000757206,ユウターアクセス,0000207623,トウカイテイオー,0000280972,セイワガイア,0000140567,シンボリルドルフ,0000098122,アンバーシヤダイ
0001088642,ユウターチェイサー,0000207623,トウカイテイオー,0000284692,タカイロドリゴ,0000140567,シンボリルドルフ,0000339534,ロドリゴデトリアーノ(USA)
0000801897,ユウタービスケット,0000268975,エイシンサンディ,0000281624,ダイヤターン,0000333862,サンデーサイレンス(USA),0000110447,メジロテイターン
0001167797,ユウチェンジ,0000728935,スウィフトカレント,0000611717,ユウキャラット,0000333862,サンデーサイレンス(USA),0000230809,ウイニングチケット
0000320934,ユウフヨウホウ,0000159311,ラグビーボール,0000160167,ユウミロク,0000333603,ナイスダンサー(CAN),0000085885,カツラノハイセイコ
0000316596,ユウワンプラテクト,0000161740,トニービン(IRE),0000383949,ルフィーラ(USA),0000336378,カンパラ(GB),0000336085,Nureyev(USA)
0000886869,ユキチャン,0000615577,クロフネ(USA),0000309095,シラユキヒメ,0000362799,フレンチデピュティ(USA),0000333862,サンデーサイレンス(USA)
0000306654,ユキノアイオロス,0000213946,ダイナマイトダディ,0000223536,ユキノチューリップ,0000145106,サクラユタカオー,0000129863,ニホンピロウイナー
0000761646,ユキノアサカゼ,0000298391,エアジハード,0000383461,アイリッシュシャドウ(USA),0000145106,サクラユタカオー,0000336421,Irish River(FR)
0000887185,ユキノサッシュ,0000286968,ステイゴールド,0000313822,イサミコマチ,0000333862,サンデーサイレンス(USA),0000340528,ジェネラス(IRE)
0001108397,ユキノサムライ,0000849057,バゴ(FR),0000732860,ヒメ,0000342649,Nashwan(USA),0000274883,ダンスインザダーク
0000317485,ユキノサンロイヤル,0000333862,サンデーサイレンス(USA),0000383932,マイアミガルチ(USA),0000335154,Halo(USA),0000339836,Gulch(USA)
0000171579,ユキノスイトピー,0000050516,ロングホーク,0000076085,マキバコマンダー,0000333303,ハードリドン(GB),0000333495,ダストコマンダー(USA)
0001124844,ユキノスライダー,0000619835,デュランダル,0000758489,ユキノチャンプ,0000333862,サンデーサイレンス(USA),0000361351,タバスコキャット(USA)
0001187052,ユキノタイガ,0000728098,ハイアーゲーム,0000756028,タバスコリエ,0000333862,サンデーサイレンス(USA),0000361351,タバスコキャット(USA)
0000884353,ユキノハボタン,0000274914,バブルガムフェロー,0000271933,タイキエンプレス,0000333862,サンデーサイレンス(USA),0000161740,トニービン(IRE)
0000755176,ユキノマーメイド,0000293624,スペシャルウィーク,0000250101,サスペンスクイーン(USA),0000333862,サンデーサイレンス(USA),0000337445,Woodman(USA)
0001123692,ユキノユウダン,0000286968,ステイゴールド,0000733548,クリスタルティアズ,0000333862,サンデーサイレンス(USA),0000333886,スキャン(USA)
0000731127,ユキノレイコ,0000362599,ラムタラ(USA),0000421801,ヴェリガ(USA),0000333996,Nijinsky(CAN),0000335975,Mr. Prospector(USA)
0001088763,ユニバーサルバンク,0000701577,ネオユニヴァース,0000286948,ヴィクトリーバンク,0000333862,サンデーサイレンス(USA),0000225905,ドクターデヴィアス(IRE)
0000988808,ユノゾフィー,0000337550,フォーティナイナー(USA),0000263061,マチカネベニザクラ(IRE),0000335975,Mr. Prospector(USA),0000341457,ロイヤルアカデミーⅡ(USA)
0000733920,ユノディエール,0000294840,キングヘイロー,0000411607,タイムリービジネス(USA),0000336853,ダンシングブレーヴ(USA),0000336499,Diesis(GB)
0000750211,ユノナゲット,0000337550,フォーティナイナー(USA),0000299263,マチカネハツシマダ(USA),0000335975,Mr. Prospector(USA),0000336504,Private Account(USA)
0000615584,ユノピエロ,0000344537,サザンヘイロー(USA),0000615623,Switch Ur Kingdom(USA),0000335154,Halo(USA),0000336221,Key to the Kingdom(USA)
0000885167,ユビキタス,0000321138,アグネスデジタル(USA),0000286007,パローニアクレスト,0000336770,Crafty Prospector(USA),0000333846,キンググローリアス(USA)
0000887028,ユメイッポ,0000619768,ゴールドアリュール,0000310582,レディキャッツアイ(IRE),0000333862,サンデーサイレンス(USA),0000350017,Catrail(USA)
0000759909,ユメノオーラ,0000298971,マイネルラヴ(USA),0000313428,レッダンゴールド,0000337444,Seeking the Gold(USA),0000333862,サンデーサイレンス(USA)
0001045003,ユメノキラメキ,0000848478,ロージズインメイ(USA),0000325073,ツァリーヌ,0000339820,Devil His Due(USA),0000201489,メジロライアン
0000750212,ユメノシルシ,0000262443,フジキセキ,0000233155,ユメシバイ,0000333862,サンデーサイレンス(USA),0000161740,トニービン(IRE)
0001187257,ユラノト,0000729458,キングカメハメハ,0000760208,コイウタ,0000347989,Kingmambo(USA),0000262443,フジキセキ
0001204799,ユーキャンスマイル,0000729458,キングカメハメハ,0000889913,ムードインディゴ,0000347989,Kingmambo(USA),0000274883,ダンスインザダーク
0001093970,ユースティティア,0000262443,フジキセキ,0000706199,ソブストーリー,0000333862,サンデーサイレンス(USA),0000365099,エリシオ(FR)
0000302074,ユーセイシュタイン,0000129863,ニホンピロウイナー,0000383683,プリティラッキー(GB),0000333618,ステイールハート(IRE),0000335305,Shirley Heights(GB)
0000330844,ユーセイプライム,0000337101,ソヴィエトスター(USA),0000139271,アメリカンスーパー,0000336085,Nureyev(USA),0000054090,フエートメーカー(USA)
0000262006,ユーチャリス,0000333798,シエルシユールドール(USA),0000146512,トウヤイメージ,0000334002,Northern Dancer(CAN),0000333632,ダンサーズイメージ(USA)
0000458416,ユートピア,0000455640,グレートリング,0000457069,速燕,0000455630,バラツケー(FR),,
0001124423,ユールシンギング,0000700008,シンボリクリスエス(USA),0000750315,ジョリーノエル,0000336209,Kris S.(USA),0000293624,スペシャルウィーク
0001142037,ユールドゥー,0000742996,サムライハート,0000991893,ナントカナルサ,0000333862,サンデーサイレンス(USA),0000308300,アドマイヤコジーン
0000209065,ユーロビート,0000333759,ヴイテイージ(FR),0000095061,エプソムレデイー,0000335836,Phaeton(GB),0000333523,ボールドコンバタント(USA)
0000617780,ユーワキングストン,0000274914,バブルガムフェロー,0000431078,クリームリー(USA),0000333862,サンデーサイレンス(USA),0000333978,Secretariat(USA)
0000706369,ユーワテンザン,0000333874,ジェイドロバリー(USA),0000262931,ミスダンジグ(USA),0000335975,Mr. Prospector(USA),0000336082,Danzig(USA)
0000179794,ユーワハリケーン,0000333696,ガロト(FR),0000061864,サウザンクイン,0000334968,Lyphard(USA),0000333262,マロツト(ITY)
0000313886,ユーワファルコン,0000214562,スターオブコジーン(USA),0000383307,ロンバーデル(USA),0000337423,Cozzene(USA),0000337371,Lombardi(USA)
0000329918,ユーワブレイヴ,0000274883,ダンスインザダーク,0000261135,ホットチョコレート,0000333862,サンデーサイレンス(USA),0000337311,リーチ(IRE)
0000320817,ヨイチキナコ,0000333845,アイシーグルーム(USA),0000211724,ボールドテスコ,0000335274,Blushing Groom(FR),0000118750,サルノキング
0000728960,ヨイチサウス,0000339572,オペラハウス(GB),0000211724,ボールドテスコ,0000336572,Sadler's Wells(USA),0000118750,サルノキング
0001170409,ヨカグラ,0001115148,ハービンジャー(GB),0000755970,ダンスオールナイト,0000372531,Dansili(GB),0000299155,エルコンドルパサー(USA)
0001175007,ヨシオ,0000719054,ヨハネスブルグ(USA),0001107282,フローラルホーム,0000362819,ヘネシー(USA),0000714411,ケイムホーム(USA)
0000700422,ヨシサイバーダイン,0000179021,サツカーボーイ,0000211580,ホーセンルビー,0000333664,デイクタス(FR),0000333677,スイフトスワロー(USA)
0000201059,ヨシフサキング,0000333691,ミシシツピアン(USA),0000098570,ヨシロング,0000333923,Vaguely Noble(GB),0000333386,ヒツテイングアウエー(USA)
0001135804,ヨッヘイ,0000848478,ロージズインメイ(USA),0000384146,ベネットクィーン(USA),0000339820,Devil His Due(USA),0000336401,Clever Trick(USA)
0000881736,ヨドノヒーロー,0000372284,カリズマティック(USA),0000207245,イナズマクロス,0000340714,Summer Squall(USA),0000082169,シービークロス
0001139073,ライアンセンス,0000325200,ジャングルポケット,0000743236,メジロルルド,0000161740,トニービン(IRE),0000333862,サンデーサイレンス(USA)
0000009152,ライザン,0000455646,アア　ミキノヒカリ,0000465750,タテバフジ,0000333164,サラ　トキノチカラ,0000333129,サラ　フジミヤ
0000015741,ライジンオー,0000333219,フエリオール(FR),0000006744,フエンス,0000334914,Fastnet(FR),0000333194,トサミドリ
0000256871,ライジングゴールド,0000333812,ゴライタス(USA),0000144239,グランメルシー,0000333996,Nijinsky(CAN),0000061253,トウシヨウボーイ
0000725279,ライジングフェイス,0000333874,ジェイドロバリー(USA),0000225135,ジュウニヒトエ,0000335975,Mr. Prospector(USA),0000333707,リアルシヤダイ(USA)
0001189257,ライジングリーズン,0000722797,ブラックタイド,0000988687,ジョウノファミリー,0000333862,サンデーサイレンス(USA),0000729458,キングカメハメハ
0001095532,ライステラス,0000760831,ソングオブウインド,0000736833,ファンタスティコ,0000299155,エルコンドルパサー(USA),0000287733,スピードワールド(USA)
0001188969,ライズスクリュー,0001103854,トーセンホマレボシ,0000891874,トーセンスクリュー,0000742976,ディープインパクト,0000362799,フレンチデピュティ(USA)
0000723813,ライズトゥフェイム,0000224703,トロットサンダー,0000234086,キャリアエレガンス,0000158501,ダイナコスモス,0000139342,リキサンパワー
0001174198,ライディングハイ,0000372610,ファスリエフ(USA),0001047606,アイキボウユウキ,0000336085,Nureyev(USA),0000262443,フジキセキ
0000160589,ライデンシャフト,0000333566,カラード(FR),0000060490,ニツトウドレーク,0000333614,ゼダーン(GB),0000333338,デイクタドレーク(FR)
0001209646,ライトオンキュー,0000858233,Shamardal(USA),0001194543,グレイトタイミング(USA),0000372708,Giant's Causeway(USA),0001083952,Raven's Pass(USA)
0001202055,ライトカラカゼ,0000294840,キングヘイロー,0000724373,スマイルコンテスト,0000336853,ダンシングブレーヴ(USA),0000179021,サツカーボーイ
0000743018,ライトニングボール,0000201489,メジロライアン,0000316591,インディスユニゾン,0000098122,アンバーシヤダイ,0000333862,サンデーサイレンス(USA)
0000617950,ライトパシフィック,0000225628,サクラバクシンオー,0000259434,アサヒマリン,0000145106,サクラユタカオー,0000333618,ステイールハート(IRE)
0001149149,ライトファンタジア,0000701668,ゼンノロブロイ,0000298305,スプリットザナイト,0000333862,サンデーサイレンス(USA),0000161740,トニービン(IRE)
0001157350,ライトフェアリー,0000742996,サムライハート,0001049803,フラワーフェアリー,0000333862,サンデーサイレンス(USA),0000872979,アルカセット(USA)
0001149077,ライドオンウインド,0000321138,アグネスデジタル(USA),0000293813,サンシャインバレイ,0000336770,Crafty Prospector(USA),0000333862,サンデーサイレンス(USA)
0000619805,ライブインザムーン,0000336862,グルームダンサー(USA),0000262313,エアリュージュ,0000335274,Blushing Groom(FR),0000333544,ノーザンテースト(CAN)
0001094252,ライブインベガス,0000324971,マンハッタンカフェ,0000714263,ベガスナイト(USA),0000333862,サンデーサイレンス(USA),0000368659,コロナドズクエスト(USA)
0000997269,ライブコンサート,0000263172,Singspiel(IRE),0000920857,Dance Lively(USA),0000341850,In The Wings(GB),0000347989,Kingmambo(USA)
0000760144,ライブリシュロム,0000249565,ライブリマウント,0000315842,ライブリメロウ,0000333790,グリーンマウント(USA),0000339572,オペラハウス(GB)
0000733753,ライム,0000362599,ラムタラ(USA),0000308186,シンモーション,0000333996,Nijinsky(CAN),0000339534,ロドリゴデトリアーノ(USA)
0000886835,ライムキャンディ,0000611525,タニノギムレット,0000308971,マルカキャンディ,0000333844,ブライアンズタイム(USA),0000333862,サンデーサイレンス(USA)
0000886380,ライムライトシチー,0000621040,スクワートルスクワート(USA),0000304234,イシノスター,0000339829,Marquetry(USA),0000337101,ソヴィエトスター(USA)
0000743066,ライラプス,0000362799,フレンチデピュティ(USA),0000309206,フサイチエアデール,0000338072,Deputy Minister(CAN),0000333862,サンデーサイレンス(USA)
0001205851,ライレローズ,0001110554,ディープブリランテ,0000999178,ヴィアンローズ(FR),0000742976,ディープインパクト,0000714374,Sevres Rose(IRE)
0001140087,ラインカグラ,0000293624,スペシャルウィーク,0000792034,プレイリースモーク(USA),0000333862,サンデーサイレンス(USA),0000337432,Gone West(USA)
0001208597,ラインギャラント,0000375505,スウェプトオーヴァーボード(USA),0001125255,アモールミーオ,0000361855,エンドスウィープ(USA),0000725485,ダイワメジャー
0000743113,ラインクラフト,0000361855,エンドスウィープ(USA),0000274856,マストビーラヴド,0000337550,フォーティナイナー(USA),0000333862,サンデーサイレンス(USA)
0001151742,ラインシュナイダー,0000742999,ヴァーミリアン,0000705343,トウジュ,0000299155,エルコンドルパサー(USA),0000347983,テンビー(GB)
0001133347,ラインスピリット,0000375505,スウェプトオーヴァーボード(USA),0000255320,リボンストライプ,0000361855,エンドスウィープ(USA),0000161740,トニービン(IRE)
0000179570,ラインドライブ,0000023639,オンワードガイ,0000080379,バイオニツクⅡ,0000003331,オンワードゼア,0000333318,ミンシオ(FR)
0000262710,ラインドリーム,0000333766,ロードザキヤノンズ(USA),0000382346,レガリスム(IRE),0000336130,Cannonade(USA),0000333632,ダンサーズイメージ(USA)
0001139349,ラインハーディー,0000619768,ゴールドアリュール,0000754140,デライトポイント,0000333862,サンデーサイレンス(USA),0000207623,トウカイテイオー
0000113371,ラインハート,0000032819,タイムライン,0000464337,センジユトミカワ,0000455785,タガミホマレ,0000455697,センジユ
0000993930,ラインブラッド,0000287925,タイキシャトル(USA),0000396526,フォーミド(IRE),0000337092,Devil's Bag(USA),0000337461,Trempolino(USA)
0000889923,ラインプレアー,0000615577,クロフネ(USA),0000434394,スラボンスカ(USA),0000362799,フレンチデピュティ(USA),0000336499,Diesis(GB)
0001123942,ラインミーティア,0000727032,メイショウボーラー,0000736416,アラマサフェアリー,0000287925,タイキシャトル(USA),0000369768,オース(IRE)
0001154148,ラインルーフ,0000362799,フレンチデピュティ(USA),0000762603,サルトリーガール,0000338072,Deputy Minister(CAN),0000293624,スペシャルウィーク
0001120085,ラウンドワールド,0000742976,ディープインパクト,0000325091,グレースランド,0000333862,サンデーサイレンス(USA),0000161740,トニービン(IRE)
0001142592,ラガーギアチェンジ,0000722158,ハーツクライ,0001050389,アンティックドール(USA),0000333862,サンデーサイレンス(USA),0000621167,Fusaichi Pegasus(USA)
0001104542,ラガートモヒーロ,0000620131,アドマイヤドン,0000326598,フジタカローズ,0000333901,ティンバーカントリー(USA),0000333844,ブライアンズタイム(USA)
0000708997,ラガーマイラー,0000337527,オジジアン(USA),0000272936,ナリタコトブキ,0000334660,Damascus(USA),0000161734,アレミロード(USA)
0001042255,ラガーリンリン,0000615577,クロフネ(USA),0000279934,サクラシルフィード,0000362799,フレンチデピュティ(USA),0000333862,サンデーサイレンス(USA)
0000305979,ラキシス,0000333849,エブロス(USA),0000071487,ミヨウジンアサヒ,0000335975,Mr. Prospector(USA),0000333245,ダイハード(GB)
0001152593,ラクアミ,0000725485,ダイワメジャー,0000729994,レイズアンドコール,0000333862,サンデーサイレンス(USA),0000225628,サクラバクシンオー
0000743859,ラクティ,0000342688,Polish Precedent(USA),0000743860,ラゲラ(IRE),0000336082,Danzig(USA),0000337286,Rainbow Quest(USA)
0001133251,ラグジードライブ,0000737164,アドマイヤジャパン,0000245191,ジョウノエンジェル,0000333862,サンデーサイレンス(USA),0000061253,トウシヨウボーイ
0000724135,ラグレスロマニー,0000293624,スペシャルウィーク,0000250097,グリーシャンコレー(USA),0000333862,サンデーサイレンス(USA),0000337283,Alysheba(USA)
0001109050,ラシンティランテ,0000324933,アグネスタキオン,0000743072,アドマイヤキラメキ,0000333862,サンデーサイレンス(USA),0000361855,エンドスウィープ(USA)
0001125081,ラシーマ,0000620083,アドマイヤマックス,0000762183,ルミナスカラー,0000333862,サンデーサイレンス(USA),0000333887,ヘクタープロテクター(USA)
0001170216,ラシーム,0000722797,ブラックタイド,0000750742,クランチーカ(GB),0000333862,サンデーサイレンス(USA),0000336202,Caerleon(USA)
0001046489,ラジャポネーズ,0000255813,マヤノトップガン,0000451142,レヴドフェ(USA),0000333844,ブライアンズタイム(USA),0000335975,Mr. Prospector(USA)
0001226827,ラスエモーショネス,0001019761,Fastnet Rock(AUS),0000765446,Dahlia's Krissy(USA),0000337424,デインヒル(USA),0000336209,Kris S.(USA)
0000305175,ラスカルスズカ,0000333894,コマンダーインチーフ(GB),0000383468,ワキア(USA),0000336853,ダンシングブレーヴ(USA),0000336395,Miswaki(USA)
0001138986,ラステラ,0000179021,サツカーボーイ,0000742753,ウインディーギフト,0000333664,デイクタス(FR),0000263172,Singspiel(IRE)
0000272979,ラストアロー,0000333839,レイクコモ(USA),0000060863,アローグレース,0000333996,Nijinsky(CAN),0000333419,フオンタラバル(FR)
0001120507,ラストインパクト,0000742976,ディープインパクト,0000330384,スペリオルパール,0000333862,サンデーサイレンス(USA),0000333901,ティンバーカントリー(USA)
0000702939,ラストコンテスト,0000337436,ラストタイクーン(IRE),0000280522,エミノオクリモノ,0000336129,トライマイベスト(USA),0000171990,イブンベイ(GB)
0001134071,ラストダンサー,0000729458,キングカメハメハ,0000295431,ワルツダンサー,0000347989,Kingmambo(USA),0000333862,サンデーサイレンス(USA)
0000804528,ラストベガ,0000309184,アドマイヤベガ,0000315028,ナスノマーチ,0000333862,サンデーサイレンス(USA),0000129264,スズカコバン
0001110761,ラスヴェンチュラス,0000742976,ディープインパクト,0000896724,ジョセット(IRE),0000333862,サンデーサイレンス(USA),0000337424,デインヒル(USA)
0001170075,ラズールリッキー,0000743908,スタチューオブリバティ(USA),0000743140,コリンズグラス,0000337102,Storm Cat(USA),0000299089,グラスワンダー(USA)
0001207032,ラセット,0001192958,モンテロッソ(GB),0001089896,ナンヨーサフラウア,0001111493,Dubawi(IRE),0000324933,アグネスタキオン
0000045097,ラッキーナイン,0000333352,プリメラ(GB),0000004289,セカンドスター,0000334371,My Babu(FR),0000333078,シーマー
0000885073,ラッキーバニヤン,0000256512,マーベラスサンデー,0000284502,エキセントリック,0000333862,サンデーサイレンス(USA),0000069360,マルゼンスキー
0001047782,ラッキーバニラ,0000700008,シンボリクリスエス(USA),0000701514,フウレイカ,0000336209,Kris S.(USA),0000333862,サンデーサイレンス(USA)
0001298142,ラッキーバブルズ,0001178081,Sebring(AUS),0001298141,Bubble Below(AUS),0000372626,More Than Ready(USA),0000621945,Hussonet(USA)
0000724926,ラッキーブレイク,0000365341,ジェリ(USA),0000383726,シアトルロケット(USA),0000337450,Theatrical(IRE),0000335964,Seattle Slew(USA)
0000214837,ラッキープリンス,0000056582,ヒロタケ,0000174424,カツロケツト,0000455749,フクトミオー,0000084657,シナノリンボー
0001171863,ラッキーボックス,0000891931,ディープスカイ,0000862103,レディバウンティフル(GB),0000324933,アグネスタキオン,0000362679,Spectrum(IRE)
0001046864,ラッキーライラック,0000369639,ストラヴィンスキー(USA),0000614343,ライラックノカオリ,0000336085,Nureyev(USA),0000333846,キンググローリアス(USA)
0001186110,ラッシュアウト,0000714411,ケイムホーム(USA),0000728444,シルクアンフィニ,0000337432,Gone West(USA),0000333844,ブライアンズタイム(USA)
0001091894,ラッシュウインド,0000369358,ワイルドラッシュ(USA),0000384252,ラクリス(USA),0000336574,Wild Again(USA),0000336504,Private Account(USA)
0000884438,ラッシュストリート,0000256512,マーベラスサンデー,0000273345,ノーザンセレナード,0000333862,サンデーサイレンス(USA),0000333544,ノーザンテースト(CAN)
0000759897,ラッシュライフ,0000225628,サクラバクシンオー,0000313334,フレンドレイ,0000145106,サクラユタカオー,0000337424,デインヒル(USA)
0000756696,ラッセルバローズ,0000333862,サンデーサイレンス(USA),0000273579,チアズダンサー,0000335154,Halo(USA),0000098122,アンバーシヤダイ
0001156843,ラッフォルツァート,0000299089,グラスワンダー(USA),0001000742,コスモベル(USA),0000336890,Silver Hawk(USA),0000339614,Formal Dinner(USA)
0001087295,ラテアート,0000225628,サクラバクシンオー,0000233153,ラテルネ,0000145106,サクラユタカオー,0000161740,トニービン(IRE)
0001208222,ラテュロス,0000742976,ディープインパクト,0001129793,スウィートハース(USA),0000333862,サンデーサイレンス(USA),0000365218,Touch Gold(USA)
0001170175,ラテールプロミーズ,0000324971,マンハッタンカフェ,0000750313,リーフィーウッド,0000333862,サンデーサイレンス(USA),0000237704,ホワイトマズル(GB)
0000706319,ラディウス,0000361137,サンシャック(GB),0000284846,ティーレックス,0000337286,Rainbow Quest(USA),0000333812,ゴライタス(USA)
0001093275,ラトルスネーク,0000611525,タニノギムレット,0000627847,ワシントンシティ(CHI),0000333844,ブライアンズタイム(USA),0000361784,Wagon Master(FR)
0001128943,ラトーナ,0000372531,Dansili(GB),0001127182,レトⅡ(USA),0000337424,デインヒル(USA),0000336499,Diesis(GB)
0000736621,ラドランファーマ,0000237704,ホワイトマズル(GB),0000258379,ヒデアスタイアー,0000336853,ダンシングブレーヴ(USA),0000069360,マルゼンスキー
0000995255,ラドラーダ,0000700008,シンボリクリスエス(USA),0000620581,レディブロンド(USA),0000336209,Kris S.(USA),0000337444,Seeking the Gold(USA)
0000149242,ラナンキュラス,0000019148,アローエクスプレス,0000086484,フアインテスコ,0000333283,スパニツシユイクスプレス(GB),0000333299,テスコボーイ(GB)
0001194505,ラニ,0000849372,Tapit(USA),0000706207,ヘヴンリーロマンス,0000337958,Pulpit(USA),0000333862,サンデーサイレンス(USA)
0001187325,ラニカイサンデー,0000325200,ジャングルポケット,0000761824,プリティタヤス,0000161740,トニービン(IRE),0000256512,マーベラスサンデー
0001189017,ラニカイシチー,0000372784,キングズベスト(USA),0000897741,リリウオカラニ(USA),0000347989,Kingmambo(USA),0000365179,Grindstone(USA)
0001104902,ラニカイツヨシ,0000262437,タヤスツヨシ,0000330654,マイディアガビー,0000333862,サンデーサイレンス(USA),0000333887,ヘクタープロテクター(USA)
0001167016,ラハトケレブ,0000626942,ファルブラヴ(IRE),0000316576,ディアアドマイヤ,0000337427,Fairy King(USA),0000333862,サンデーサイレンス(USA)
0000725490,ラバグルート,0000274883,ダンスインザダーク,0000201713,スカーレットローズ,0000333862,サンデーサイレンス(USA),0000333544,ノーザンテースト(CAN)
0001222651,ラバストーン,0000992448,ナカヤマフェスタ,0000732980,アドマイヤイチ,0000286968,ステイゴールド,0000333887,ヘクタープロテクター(USA)
0000701542,ラバンディエーラ,0000333862,サンデーサイレンス(USA),0000190911,ナショナルフラッグ,0000335154,Halo(USA),0000333664,デイクタス(FR)
0001094409,ラバーフロー,0000611525,タニノギムレット,0000723136,フェザーレイ,0000333844,ブライアンズタイム(USA),0000299155,エルコンドルパサー(USA)
0001213470,ラビットラン,0000849372,Tapit(USA),0000792062,Amelia(USA),0000337958,Pulpit(USA),0000336397,Dixieland Band(USA)
0001040073,ラフォルジュルネ,0000293624,スペシャルウィーク,0000721467,グレイトフィーヴァー(FR),0000333862,サンデーサイレンス(USA),0000336817,Kaldoun(FR)
0000886915,ラフレッシュブルー,0000299089,グラスワンダー(USA),0000309392,セイントビクトリア,0000336890,Silver Hawk(USA),0000214492,リンドシェーバー(USA)
0001104932,ラフレーズカフェ,0000324971,マンハッタンカフェ,0000331321,ロリポップガール(USA),0000333862,サンデーサイレンス(USA),0000337461,Trempolino(USA)
0000283771,ラブアフェアー,0000203571,ミュージックタイム(USA),0000208717,サングリーン,0000333996,Nijinsky(CAN),0000129001,サンオーイ
0001103178,ラブイズブーシェ,0000324971,マンハッタンカフェ,0000305367,ローリエ,0000333862,サンデーサイレンス(USA),0000203356,メジロマックイーン
0000704697,ラブイズラッシュ,0000225628,サクラバクシンオー,0000176258,ハウアーユー,0000145106,サクラユタカオー,0000333257,パーソロン(IRE)
0001203313,ラブカンプー,0000325977,ショウナンカンプ,0000761305,ラブハート,0000225628,サクラバクシンオー,0000298971,マイネルラヴ(USA)
0000806809,ラブカーナ,0000369768,オース(IRE),0000384240,カーナⅡ(USA),0000337427,Fairy King(USA),0000336202,Caerleon(USA)
0000626279,ラブグランデー,0000333879,デュラブ(USA),0000287188,レガログランデ,0000336769,Topsider(USA),0000190958,センリョウヤクシャ
0000994467,ラブチャーミー,0000268975,エイシンサンディ,0000612218,レッドブルーム,0000333862,サンデーサイレンス(USA),0000262442,ベストタイアップ
0001136531,ラブバレット,0000321265,ノボジャック(USA),0000618661,リバイバルガール,0000362799,フレンチデピュティ(USA),0000274914,バブルガムフェロー
0001050337,ラブフール,0000701668,ゼンノロブロイ,0000742771,サブリナシューズ,0000333862,サンデーサイレンス(USA),0000299155,エルコンドルパサー(USA)
0000993300,ラブミラー,0000298352,ミラクルアドマイヤ,0000330628,シャトーモア,0000161740,トニービン(IRE),0000340556,ジョリーズヘイロー(USA)
0001049482,ラブミーチャン,0000310467,サウスヴィグラス(USA),0000735372,ダッシングハニー,0000361855,エンドスウィープ(USA),0000182480,アサティス(USA)
0001219708,ラブミーファイン,0001106251,ジャスタウェイ,0001089567,ヤマノラヴ,0000722158,ハーツクライ,0000321138,アグネスデジタル(USA)
0001219168,ラブミーリッキー,0000310467,サウスヴィグラス(USA),0001047412,ベラドンナジュリア,0000361855,エンドスウィープ(USA),0000701668,ゼンノロブロイ
0001106670,ラブラドライト,0000729458,キングカメハメハ,0000701705,タンザナイト,0000347989,Kingmambo(USA),0000333862,サンデーサイレンス(USA)
0001203601,ラブラブラブ,0001090360,オルフェーヴル,0000798273,クインズプレイヤー,0000286968,ステイゴールド,0000207623,トウカイテイオー
0001217179,ラブリロンリロンス,0000992448,ナカヤマフェスタ,0000884265,ズブロッカ,0000286968,ステイゴールド,0000321138,アグネスデジタル(USA)
0000256990,ラブリーアモン,0000115693,アンドレアモン,0000150090,トウシヨウラブリー,0000011212,リユウフアーロス,0000061253,トウシヨウボーイ
0001122040,ラブリーデイ,0000729458,キングカメハメハ,0000701711,ポップコーンジャズ,0000347989,Kingmambo(USA),0000274883,ダンスインザダーク
0001138255,ラブリープラネット,0000725485,ダイワメジャー,0000730168,ランペルティーザ,0000333862,サンデーサイレンス(USA),0000359332,トワイニング(USA)
0000730427,ラブリープリンセス,0000361855,エンドスウィープ(USA),0000166344,ラブリーサンライズ,0000337550,フォーティナイナー(USA),0000333544,ノーザンテースト(CAN)
0001171224,ラブレオ,0000700008,シンボリクリスエス(USA),0000801573,ミルクトーレル,0000336209,Kris S.(USA),0000274883,ダンスインザダーク
0000751714,ラプタル,0000225628,サクラバクシンオー,0000180369,コミニュケーション,0000145106,サクラユタカオー,0000069360,マルゼンスキー
0001174371,ラプレシオーサ,0001050184,ダノンシャンティ,0001051619,シンプリーラヴリー(CAN),0000262443,フジキセキ,0000344756,Bold Executive(CAN)
0000889010,ラベ,0000274883,ダンスインザダーク,0000331342,クイーンリザーブ(USA),0000333862,サンデーサイレンス(USA),0000336395,Miswaki(USA)
0001169921,ラベンダーヴァレイ,0000742976,ディープインパクト,0000738195,クロウキャニオン,0000333862,サンデーサイレンス(USA),0000362799,フレンチデピュティ(USA)
0001153810,ラホーヤビーチ,0000287925,タイキシャトル(USA),0000757859,エアラホーヤ,0000337092,Devil's Bag(USA),0000365330,ボストンハーバー(USA)
0001102050,ラミアプリマベーラ,0000732134,トーセンダンス,0000274898,ディコーラム,0000333862,サンデーサイレンス(USA),0000192969,フレンチグローリー(IRE)
0001154801,ラミーロ,0000704212,アサクサデンエン(GB),0000805241,アラハ,0000263172,Singspiel(IRE),0000309184,アドマイヤベガ
0000304319,ラムジェットシチー,0000207667,ヤマニンゼファー,0000197309,ラッキーシービー,0000129863,ニホンピロウイナー,0000130523,ミスターシービー
0001241252,ラムセスバローズ,0001051353,Curlin(USA),0001240338,Devious Intent(USA),0000365210,Smart Strike(CAN),0000372662,Dixie Union(USA)
0000326480,ラムセスロード,0000362599,ラムタラ(USA),0000258605,マルブツメグミ,0000333996,Nijinsky(CAN),0000333844,ブライアンズタイム(USA)
0000722078,ラムタラプリンス,0000362599,ラムタラ(USA),0000306306,アイウェイトスター,0000333996,Nijinsky(CAN),0000333889,タイトスポット(USA)
0001187249,ラユロット,0000749845,エンパイアメーカー(USA),0000759909,ユメノオーラ,0000340629,Unbridled(USA),0000298971,マイネルラヴ(USA)
0001148845,ララエクラテール,0000286968,ステイゴールド,0000280312,オリミツキネン,0000333862,サンデーサイレンス(USA),0000333822,ジヤツジアンジエルーチ(USA)
0001151458,ララベル,0000619768,ゴールドアリュール,0000701481,ブリージーウッズ,0000333862,サンデーサイレンス(USA),0000333901,ティンバーカントリー(USA)
0000758741,ラララウィンパル,0000365099,エリシオ(FR),0000299199,レディピーチ(GB),0000337427,Fairy King(USA),0000341961,Mujtahid(USA)
0001137172,ラリングクライ,0000722158,ハーツクライ,0000704218,エグジジェ(USA),0000333862,サンデーサイレンス(USA),0000336568,Capote(USA)
0001175186,ラルク,0000742976,ディープインパクト,0001133028,ライラックスアンドレース(USA),0000333862,サンデーサイレンス(USA),0001002331,Flower Alley(USA)
0000885874,ラルケット,0000626942,ファルブラヴ(IRE),0000297087,アズサユミ,0000337427,Fairy King(USA),0000333862,サンデーサイレンス(USA)
0001140433,ランウェイワルツ,0000619768,ゴールドアリュール,0000802663,ラウンドダンス,0000333862,サンデーサイレンス(USA),0000337421,アフリート(CAN)
0001184114,ランガディア,0000729458,キングカメハメハ,0000309134,マリーシャンタル,0000347989,Kingmambo(USA),0000333862,サンデーサイレンス(USA)
0001142765,ラングレー,0000742976,ディープインパクト,0001127173,ラヴズオンリーミー(USA),0000333862,サンデーサイレンス(USA),0000337102,Storm Cat(USA)
0000081008,ランザローテ,0000333489,プリンスロイヤル(GB),0000014211,ユージエニー,0000334457,Ribot(GB),0000333238,シーフユリユー(GB)
0000144789,ランタナ,0000333660,ヘイルトウサクセス(USA),0000061408,チヤンバーガール,0000333977,Swaps(USA),0000333276,ラテイフイケイシヨン(GB)
0000247498,ランチボックス,0000333740,タツプオンウツド(IRE),0000382376,スパーククイン,0000335962,Sallust(GB),0000333404,ステインテイノ(IRE)
0000614099,ランディスティニー,0000225628,サクラバクシンオー,0000236598,キャロットウイン,0000145106,サクラユタカオー,0000069360,マルゼンスキー
0000702826,ラントゥザフリーズ,0000333844,ブライアンズタイム(USA),0000268026,ソロシンガー,0000335167,Roberto(USA),0000333821,リヴリア(USA)
0001267575,ランド,0000725485,ダイワメジャー,0001117863,カノン,0000333862,サンデーサイレンス(USA),0000898530,フォーティナイナーズサン(USA)
0000378877,ランドクイーン,0000002613,ハクチカラ,0000377669,ロンドンミドリ,0000333085,トビサクラ,0000000469,ミツハタ
0001241247,ランドネ,0001114530,Blame(USA),0001132657,Loure(USA),0000369802,Arch(USA),0000339653,A.P. Indy(USA)
0000253782,ランドベスト,0000147332,シリウスシンボリ,0000150043,キシユウカトレア,0000333665,モガミ(FR),0000333634,ソーブレスド(GB)
0000614695,ランドミラクル,0000365099,エリシオ(FR),0000384160,ヤママー(GB),0000337427,Fairy King(USA),0000336573,Siberian Express(USA)
0000996143,ランフォルセ,0000700008,シンボリクリスエス(USA),0000709100,ソニンク(GB),0000336209,Kris S.(USA),0000337496,Machiavellian(USA)
0000763032,ランヘランバ,0000287925,タイキシャトル(USA),0000634653,ミスティックライト(GB),0000337092,Devil's Bag(USA),0000337496,Machiavellian(USA)
0000808011,ランペイア,0000324933,アグネスタキオン,0000627701,スマラ(FR),0000333862,サンデーサイレンス(USA),0000337285,Antheus(USA)
0001266769,ランリョウオー,0001085636,パイロ(USA),0001102113,ファビラスタイム,0000337958,Pulpit(USA),0000700008,シンボリクリスエス(USA)
0001202934,ランリーナ,0001052586,エイシンフラッシュ,0000750366,アップルティー,0000372784,キングズベスト(USA),0000333862,サンデーサイレンス(USA)
0000920870,ラヴァマン,0000342346,Slew City Slew(USA),0000920867,Li'l Ms. Leonard(USA),0000335964,Seattle Slew(USA),0000343114,Nostalgia's Star(USA)
0000615843,ラヴァリージェニオ,0000192967,カコイーシーズ(USA),0000280682,ミスルピナス,0000336305,Alydar(USA),0000069360,マルゼンスキー
0000616668,ラヴァリーフリッグ,0000256512,マーベラスサンデー,0000383064,ユウワプリテイー(USA),0000333862,サンデーサイレンス(USA),0000336724,Naevus(USA)
0001121166,ラヴァーズポイント,0000298971,マイネルラヴ(USA),0000612864,ハートフルシフォン,0000337444,Seeking the Gold(USA),0000166681,タマモクロス
0001170108,ラヴアンドポップ,0000760877,アドマイヤムーン,0000745302,ラヴィングプライド(USA),0000361855,エンドスウィープ(USA),0000341573,Quiet American(USA)
0000996598,ラヴィンライフ,0000619768,ゴールドアリュール,0000728089,ラフィンムード,0000333862,サンデーサイレンス(USA),0000299155,エルコンドルパサー(USA)
0001140965,ラヴィーネ,0000701668,ゼンノロブロイ,0000851957,レディイン(FR),0000333862,サンデーサイレンス(USA),0000337435,Kendor(FR)
0001097030,ラヴェリータ,0000361396,Unbridled's Song(USA),0000777111,Go Classic(CAN),0000340629,Unbridled(USA),0000337432,Gone West(USA)
0001091006,ラヴェルソナタ,0000626942,ファルブラヴ(IRE),0000325217,ハッピーパス,0000337427,Fairy King(USA),0000333862,サンデーサイレンス(USA)
0000884025,ラヴドシャンクシー,0000626942,ファルブラヴ(IRE),0000263170,シャンクシー(USA),0000337427,Fairy King(USA),0000342645,Zilzal(USA)
0001126507,ラヴネヴァーダイズ,0000701577,ネオユニヴァース,0000890954,アイアムラヴィング,0000333862,サンデーサイレンス(USA),0000626942,ファルブラヴ(IRE)
ラーイズアトーニー,ラーイズアトーニー,,,,,,,,
0000991913,ラークキャロル,0000286968,ステイゴールド,0000316569,タバスコキャロル,0000333862,サンデーサイレンス(USA),0000161740,トニービン(IRE)
0000701673,ラージヒルジャンプ,0000274914,バブルガムフェロー,0000262334,アップヒルガール,0000333862,サンデーサイレンス(USA),0000333544,ノーザンテースト(CAN)
0001190564,ラーナアズーラ,0001085636,パイロ(USA),0001049725,グロッタアズーラ,0000337958,Pulpit(USA),0000262443,フジキセキ
0001153334,リアファル,0000701668,ゼンノロブロイ,0000743116,クリソプレーズ,0000333862,サンデーサイレンス(USA),0000299155,エルコンドルパサー(USA)
0001108852,リアライズキボンヌ,0000337421,アフリート(CAN),0000737976,ジョウノボレロ,0000335975,Mr. Prospector(USA),0000333844,ブライアンズタイム(USA)
0001100535,リアライズナッシュ,0000714343,Galileo(IRE),0000872707,Cooberpedy(AUS),0000336572,Sadler's Wells(USA),0000365324,デザートキング(IRE)
0001113720,リアライズブレイク,0000372680,Invincible Spirit(IRE),0000715149,Siringas(IRE),0000336430,Green Desert(USA),0000337692,Barathea(IRE)
0001113698,リアライズペガサス,0000621167,Fusaichi Pegasus(USA),0000412590,Sacahuista(USA),0000335975,Mr. Prospector(USA),0000334746,Raja Baba(USA)
0000298777,リアリティー,0000336568,Capote(USA),0000383764,コートネイズデイ(USA),0000335964,Seattle Slew(USA),0000335167,Roberto(USA)
0001088812,リアルインパクト,0000742976,ディープインパクト,0000287775,トキオリアリティー(USA),0000333862,サンデーサイレンス(USA),0000337483,Meadowlake(USA)
0000136089,リアルキング,0000333289,バリメライス(GB),0000014215,レツドライオン,0000334013,Ballymoss(GB),0000333214,カリム(IRE)
0000742995,リアルコンコルド,0000274915,フサイチコンコルド,0000232975,ブリリアントベリー,0000336202,Caerleon(USA),0000333544,ノーザンテースト(CAN)
0001157711,リアルスティール,0000742976,ディープインパクト,0001127173,ラヴズオンリーミー(USA),0000333862,サンデーサイレンス(USA),0000337102,Storm Cat(USA)
0001051651,リアルトニック,0000352503,Victory Dance(IRE),0001051652,Bantan(NZ),0000336572,Sadler's Wells(USA),0001051653,Ivatan
0001102971,リアルブラック,0000848478,ロージズインメイ(USA),0000299418,ゼンノシチョウ(USA),0000339820,Devil His Due(USA),0000337445,Woodman(USA)
0000188365,リアルマイスター,0000333707,リアルシヤダイ(USA),0000130301,ユウホープ,0000335167,Roberto(USA),0000029738,ロングエース
0000886105,リアルヴィクトリー,0000274883,ダンスインザダーク,0000299315,スギノキューティー(USA),0000333862,サンデーサイレンス(USA),0000336090,Majestic Light(USA)
0001141029,リアルヴィーナス,0000701577,ネオユニヴァース,0000853222,ラブレター,0000333862,サンデーサイレンス(USA),0000714421,ロックオブジブラルタル(IRE)
0001149514,リアンドジュエリー,0000615577,クロフネ(USA),0000309212,アーネストデザイア,0000362799,フレンチデピュティ(USA),0000333862,サンデーサイレンス(USA)
0001222135,リエノテソーロ,0000719250,Speightstown(USA),0001128175,Akilina(USA),0000337432,Gone West(USA),0000365186,Langfuhr(CAN)
0001170063,リオンディーズ,0000729458,キングカメハメハ,0000743110,シーザリオ,0000347989,Kingmambo(USA),0000293624,スペシャルウィーク
0001185786,リカビトス,0001110554,ディープブリランテ,0000722299,エンシェントヒル,0000742976,ディープインパクト,0000361855,エンドスウィープ(USA)
0000730403,リガードシチー,0000225628,サクラバクシンオー,0000290716,ラビットコスモ,0000145106,サクラユタカオー,0000069360,マルゼンスキー
0000730541,リキアイガイセン,0000182480,アサティス(USA),0000266011,リキアイワンダー,0000336769,Topsider(USA),0000337265,クリスタルグリツターズ(USA)
0001043734,リキアイクロフネ,0000615577,クロフネ(USA),0000308473,エイダイヒロイン,0000362799,フレンチデピュティ(USA),0000336853,ダンシングブレーヴ(USA)
0000730532,リキアイサイレンス,0000333862,サンデーサイレンス(USA),0000229969,リキアイアクトレス,0000335154,Halo(USA),0000336877,Reference Point(GB)
0000327360,リキアイタイカン,0000337421,アフリート(CAN),0000411055,ノーノーネヴアー(USA),0000335975,Mr. Prospector(USA),0000333996,Nijinsky(CAN)
0001122061,リキサンステルス,0000324971,マンハッタンカフェ,0000701800,リキサンピュアティ,0000333862,サンデーサイレンス(USA),0000161740,トニービン(IRE)
0000701800,リキサンピュアティ,0000161740,トニービン(IRE),0000262423,プリンセスリーベ,0000336378,カンパラ(GB),0000333544,ノーザンテースト(CAN)
0000802858,リキサンファイター,0000214492,リンドシェーバー(USA),0000295703,オーロラマキシマム,0000336305,Alydar(USA),0000178889,メジロアルダン
0000762424,リキサンポイント,0000316565,アドマイヤボス,0000421450,トップニュースⅡ(USA),0000333862,サンデーサイレンス(USA),0000336082,Danzig(USA)
0001090866,リキサンマックス,0000294840,キングヘイロー,0000324318,ビッグテンビー,0000336853,ダンシングブレーヴ(USA),0000347983,テンビー(GB)
0000728936,リキッドノーツ,0000299155,エルコンドルパサー(USA),0000383648,ホワイトウォーターレディ(USA),0000347989,Kingmambo(USA),0000335664,Riverman(USA)
0000618557,リキボクサー,0000262275,ジェニュイン,0000383327,アレキサンドラ(USA),0000333862,サンデーサイレンス(USA),0000335155,Stop the Music(USA)
0000991836,リクエストソング,0000700008,シンボリクリスエス(USA),0000316279,ハッピーリクエスト,0000336209,Kris S.(USA),0000161740,トニービン(IRE)
0001120635,リグヴェーダ,0000742976,ディープインパクト,0000384028,ニキーヤ(USA),0000333862,サンデーサイレンス(USA),0000336085,Nureyev(USA)
0000175392,リコリス,0000455908,アステイングドウ(FR),0000076908,サラ　フラワーワルツ,0000466771,アラ　Gosse du Bearn,0000333410,フアーザーズイメージ(USA)
0001142827,リサプシュケ,0000369358,ワイルドラッシュ(USA),0000983780,バレーダンシング(IRE),0000336574,Wild Again(USA),0000372708,Giant's Causeway(USA)
0000305701,リザルトシチー,0000336348,リファーズウィッシュ(FR),0000192728,ビユーテイアンバー,0000334968,Lyphard(USA),0000098122,アンバーシヤダイ
0001041671,リザルヴ,0000362799,フレンチデピュティ(USA),0000262994,フィールドソング(USA),0000338072,Deputy Minister(CAN),0000339836,Gulch(USA)
0000762986,リザーブカード,0000225628,サクラバクシンオー,0000624737,ディナータイム(FR),0000145106,サクラユタカオー,0000337417,Bering(GB)
0001208575,リシュブール,0000729458,キングカメハメハ,0001118092,ラストグルーヴ,0000347989,Kingmambo(USA),0000742976,ディープインパクト
0001191589,リスグラシュー,0000722158,ハーツクライ,0001129825,リリサイド(FR),0000333862,サンデーサイレンス(USA),0001099390,American Post(GB)
0000729489,リスティアエーデル,0000262443,フジキセキ,0000248429,ミスアヴェニュー,0000333862,サンデーサイレンス(USA),0000333821,リヴリア(USA)
0000730355,リスティアダーリン,0000359332,トワイニング(USA),0000231276,ラストキッス,0000337550,フォーティナイナー(USA),0000069360,マルゼンスキー
0001175154,リスペクトアース,0000324971,マンハッタンカフェ,0001127428,アースグリーン(USA),0000333862,サンデーサイレンス(USA),0000621983,Street Cry(IRE)
0001055984,リスペクトキャット,0000337102,Storm Cat(USA),0000845441,Princess Atoosa(USA),0000336177,Storm Bird(CAN),0000337432,Gone West(USA)
0001123155,リスヴェリアート,0000731452,ウォーエンブレム(USA),0000727137,バレエブラン,0000362883,Our Emblem(USA),0000274883,ダンスインザダーク
0001175200,リセエンヌ,0000742976,ディープインパクト,0001142866,ラブーム(GER),0000333862,サンデーサイレンス(USA),0000361091,Monsun(GER)
0001135450,リターンラルク,0000742976,ディープインパクト,0000327042,リターンキャスト,0000333862,サンデーサイレンス(USA),0000333544,ノーザンテースト(CAN)
0000759942,リッカキセキ,0000129863,ニホンピロウイナー,0000313705,プリンセスメルド,0000333618,ステイールハート(IRE),0000262443,フジキセキ
0000733069,リッカバクシンオ,0000225628,サクラバクシンオー,0000241105,パラダイスチャイム,0000145106,サクラユタカオー,0000036106,ハイセイコー
0000804392,リッカメルド,0000360095,ヴィクトリースピーチ(USA),0000313705,プリンセスメルド,0000338072,Deputy Minister(CAN),0000262443,フジキセキ
0001138840,リッカルド,0000759656,フサイチリシャール,0000737644,キョウエイハツラツ,0000615577,クロフネ(USA),0000339572,オペラハウス(GB)
0000887171,リッカロイヤル,0000374991,シーロ(USA),0000313710,エトアールピオン,0000337445,Woodman(USA),0000337424,デインヒル(USA)
0001142340,リックタラキチ,0000762497,オンファイア,0001000715,ケイアイカグラ,0000333862,サンデーサイレンス(USA),0000628952,Songandaprayer(USA)
0001166344,リッジマン,0000375505,スウェプトオーヴァーボード(USA),0000287822,アドマイヤモンロー(IRE),0000361855,エンドスウィープ(USA),0000336202,Caerleon(USA)
0001178108,リッチタペストリー,0001000965,Holy Roman Emperor(IRE),0001019267,Genuine Charm(IRE),0000337424,デインヒル(USA),0000336572,Sadler's Wells(USA)
0000301716,リッチーリッチー,0000455933,イムラツド(FR),0000215656,チヨノトウザイ,0000455968,Fayriland II(FR),0000113044,コマツタイム
0001042050,リッツィースター,0000214562,スターオブコジーン(USA),0000274854,キョウエイミヤビ,0000337423,Cozzene(USA),0000333544,ノーザンテースト(CAN)
0001156392,リッパーザウィン,0000719054,ヨハネスブルグ(USA),0000990884,シャトルシャロン,0000362819,ヘネシー(USA),0000287925,タイキシャトル(USA)
0001045591,リディル,0000324933,アグネスタキオン,0000330325,エリモピクシー,0000333862,サンデーサイレンス(USA),0000336853,ダンシングブレーヴ(USA)
0000885516,リトルアマポーラ,0000324933,アグネスタキオン,0000292026,リトルハーモニー,0000333862,サンデーサイレンス(USA),0000333894,コマンダーインチーフ(GB)
0001144662,リトルゲルダ,0000982161,Closing Argument(USA),0001144132,ビジューミス(USA),0000369898,Successful Appeal(USA),0000731473,Buddha(USA)
0000098517,リトルダンサー,0000333515,トンピオン(USA),0000029345,テンリスター,0000334545,Tom Fool(USA),0000333282,ムーテイエ(FR)
0000214119,リトルダーリン,0000128779,ダイゼンキング,0000157779,スピーデータカラ,0000061253,トウシヨウボーイ,0000017101,スピーデーワンダー
0001163376,リトルブリッジ,0000373528,Faltaat(USA),0001163374,Golden Rose(NZ),0000335975,Mr. Prospector(USA),0000363792,Gold Brose(AUS)
0000127608,リトルブレイブ,0000333552,フイリツプオブスペイン(GB),0000043721,チエリータケミドリ,0000333990,Tudor Melody(GB),0000333338,デイクタドレーク(FR)
0001191635,リナーテ,0000286968,ステイゴールド,0001144170,マルペンサ(ARG),0000333862,サンデーサイレンス(USA),0000369736,Orpen(USA)
0000730589,リネンドン,0000333846,キンググローリアス(USA),0000256240,リネンティアラ,0000336724,Naevus(USA),0000069360,マルゼンスキー
0000614387,リネンメイン,0000333665,モガミ(FR),0000383403,ヨット(USA),0000334968,Lyphard(USA),0000333996,Nijinsky(CAN)
0000755488,リネンヤクシン,0000192967,カコイーシーズ(USA),0000256240,リネンティアラ,0000336305,Alydar(USA),0000069360,マルゼンスキー
0001137307,リノリオ,0000274883,ダンスインザダーク,0000706173,ガンダーラプソディ,0000333862,サンデーサイレンス(USA),0000333874,ジェイドロバリー(USA)
0000882460,リノーンリーズン,0000365159,チーフベアハート(CAN),0000229377,ホマレノクイン,0000337339,Chief's Crown(USA),0000077996,ヤマニンスキー
0001208357,リバティハイツ,0000729458,キングカメハメハ,0001157824,ドバウィハイツ(GB),0000347989,Kingmambo(USA),0001111493,Dubawi(IRE)
0001044307,リバティバランス,0000701577,ネオユニヴァース,0000316317,エアピース,0000333862,サンデーサイレンス(USA),0000333901,ティンバーカントリー(USA)
0000888511,リバーキャッスル,0000302080,テイエムオペラオー,0000326965,テイエムロゼット,0000339572,オペラハウス(GB),0000333862,サンデーサイレンス(USA)
0001155018,リバークルーズ,0000762715,マルカシェンク,0000807649,ハミングトップ,0000333862,サンデーサイレンス(USA),0000214492,リンドシェーバー(USA)
0000882801,リバータウン,0000340066,ディアブロ(USA),0000236598,キャロットウイン,0000337092,Devil's Bag(USA),0000069360,マルゼンスキー
0000617506,リバートレジャー,0000192967,カコイーシーズ(USA),0000275557,アロマホーク(USA),0000336305,Alydar(USA),0000336890,Silver Hawk(USA)
0000885239,リビアーモ,0000309184,アドマイヤベガ,0000286885,ラトラヴィアータ,0000333862,サンデーサイレンス(USA),0000145106,サクラユタカオー
0000316488,リビングデイライツ,0000262443,フジキセキ,0000409705,グリーンポーラ(USA),0000333862,サンデーサイレンス(USA),0000333996,Nijinsky(CAN)
0001201369,リビーリング,0001046333,ヴィクトワールピサ,0000619766,インコグニート,0000701577,ネオユニヴァース,0000337432,Gone West(USA)
0000752241,リファインドボディ,0000214562,スターオブコジーン(USA),0000197406,カシマスズラン,0000337423,Cozzene(USA),0000069360,マルゼンスキー
0001093494,リフトザウイングス,0000722158,ハーツクライ,0000701600,レンドフェリーチェ,0000333862,サンデーサイレンス(USA),0000337423,Cozzene(USA)
0001092054,リベルタス,0000742976,ディープインパクト,0000432603,カーリング(FR),0000333862,サンデーサイレンス(USA),0000341356,Garde Royale(IRE)
0000316594,リベレーション,0000333862,サンデーサイレンス(USA),0000190960,リストレーション,0000335154,Halo(USA),0000333544,ノーザンテースト(CAN)
0001149966,リベレーター,0001115148,ハービンジャー(GB),0000321239,スタンドオンエンド(USA),0000372531,Dansili(GB),0000361855,エンドスウィープ(USA)
0000725487,リボンアート,0000333862,サンデーサイレンス(USA),0000179010,スカーレットリボン,0000335154,Halo(USA),0000333544,ノーザンテースト(CAN)
0001123036,リボントリコロール,0000626923,チチカステナンゴ(FR),0000725487,リボンアート,0000361696,Smadoun(FR),0000333862,サンデーサイレンス(USA)
0000885314,リマレックス,0000324933,アグネスタキオン,0000287646,キチマチス,0000333862,サンデーサイレンス(USA),0000337441,ポリッシュネイビー(USA)
0000805428,リミットブレーカー,0000308300,アドマイヤコジーン,0000325028,ラヴァーズチェイス,0000337423,Cozzene(USA),0000361933,Peaks and Valleys(USA)
0000619809,リミットレスビッド,0000333862,サンデーサイレンス(USA),0000225219,エリザベスローズ,0000335154,Halo(USA),0000333544,ノーザンテースト(CAN)
0000761319,リメインオブザサン,0000298246,サンプレイス,0000330477,ヴェイルデラルナ,0000333862,サンデーサイレンス(USA),0000361977,サンダーガルチ(USA)
0001123268,リメインサイレント,0000237704,ホワイトマズル(GB),0000728201,サイレントアスク,0000336853,ダンシングブレーヴ(USA),0000333862,サンデーサイレンス(USA)
0000202024,リメンバードリーム,0000333725,アーテイアス(USA),0000116364,ミスカトレヤ,0000345057,Round Table(USA),0000333571,ホープフリーオン(USA)
0001124482,リメンバーメジロ,0000324876,メジロベイリー,0000751163,メジロルバート,0000333862,サンデーサイレンス(USA),0000201489,メジロライアン
0001119610,リヤンドファミユ,0000286968,ステイゴールド,0000316406,オリエンタルアート,0000333862,サンデーサイレンス(USA),0000203356,メジロマックイーン
0000888647,リュウケン,0000310467,サウスヴィグラス(USA),0000327973,スノーガール,0000361855,エンドスウィープ(USA),0000158547,ダイナガリバー
0001094410,リュウシンヒーロー,0000615577,クロフネ(USA),0000723140,レイライン,0000362799,フレンチデピュティ(USA),0000333862,サンデーサイレンス(USA)
0001203106,リュウノユキナ,0000742999,ヴァーミリアン,0000756186,ネオカラー,0000299155,エルコンドルパサー(USA),0000615577,クロフネ(USA)
0000993644,リュシオル,0000615577,クロフネ(USA),0000383911,ホワットケイティーディド(USA),0000362799,フレンチデピュティ(USA),0000336085,Nureyev(USA)
0000880159,リュヌドール,0000361048,Green Tune(USA),0000413609,Luth D'Or(FR),0000335293,Green Dancer(USA),0000337030,Noir et Or(GB)
0001203957,リュヌルージュ,0001192958,モンテロッソ(GB),0000805959,ムーンハウリング,0001111493,Dubawi(IRE),0000203356,メジロマックイーン
0001043694,リュンヌ,0000615577,クロフネ(USA),0000307822,レイオブライト,0000362799,フレンチデピュティ(USA),0000230809,ウイニングチケット
0001241651,リョーノテソーロ,0001240334,Justin Phillip(USA),0001241218,Town Belle(USA),0000985287,First Samurai(USA),0000719250,Speightstown(USA)
0001175179,リライアブルエース,0000742976,ディープインパクト,0001131136,ゴールデンドックエー(USA),0000333862,サンデーサイレンス(USA),0000361780,Unusual Heat(USA)
0001126627,リラコサージュ,0000333844,ブライアンズタイム(USA),0000899605,サッカーマム(USA),0000335167,Roberto(USA),0000347989,Kingmambo(USA)
0000801899,リラコルレオーネ,0000309184,アドマイヤベガ,0000281660,レモンキス,0000333862,サンデーサイレンス(USA),0000333887,ヘクタープロテクター(USA)
0001141087,リラヴァティ,0000701668,ゼンノロブロイ,0000876771,シンハリーズ(GB),0000333862,サンデーサイレンス(USA),0000263172,Singspiel(IRE)
0000060740,リリエンタール,0000333311,ターキン(FR),0000016144,ブロンテイ,0000334480,Scratch(FR),0000333269,ボウプリンス(GB)
0001141012,リリコイパイ,0000742976,ディープインパクト,0000853130,クイーンカアフマヌ,0000333862,サンデーサイレンス(USA),0000372784,キングズベスト(USA)
0001107104,リリーアタッカー,0000362799,フレンチデピュティ(USA),0000706255,シルクピュアハート,0000338072,Deputy Minister(CAN),0000255813,マヤノトップガン
0000707310,リリーキャスケード,0000274915,フサイチコンコルド,0000225090,リバイバルダンサー,0000336202,Caerleon(USA),0000333544,ノーザンテースト(CAN)
0001205321,リリーノーブル,0001042049,ルーラーシップ,0000990500,ピュアチャプレット,0000729458,キングカメハメハ,0000615577,クロフネ(USA)
0001046493,リルダヴァル,0000324933,アグネスタキオン,0000451540,ヴェイルオブアヴァロン(USA),0000333862,サンデーサイレンス(USA),0000361977,サンダーガルチ(USA)
0001166356,リルティングインク,0000762445,マツリダゴッホ,0000290619,ザラストドロップ,0000333862,サンデーサイレンス(USA),0000077996,ヤマニンスキー
0000705145,リワードシンバル,0000337421,アフリート(CAN),0000286784,リワードカリヨン,0000335975,Mr. Prospector(USA),0000161740,トニービン(IRE)
0000761572,リワードプレザン,0000278769,マチカネフクキタル,0000383299,ダンスジニー(USA),0000337265,クリスタルグリツターズ(USA),0000335164,The Minstrel(CAN)
0000009045,リンカーン,0000003449,ホシヒカリ,0000002882,ハチヨシ,0000333115,サラ　ライジングフレーム(IRE),0000333166,サラ　崇優
0000612411,リンガスローレル,0000243723,サクラローレル,0000255459,リンガスマドンナ,0000337286,Rainbow Quest(USA),0000061253,トウシヨウボーイ
0001202373,リンガラポップス,0000901749,キンシャサノキセキ(AUS),0000730965,クラシックローズ,0000262443,フジキセキ,0000333894,コマンダーインチーフ(GB)
0001190496,リンクスゼロ,0000620083,アドマイヤマックス,0001048316,チャメ,0000333862,サンデーサイレンス(USA),0000237704,ホワイトマズル(GB)
0000217714,リンダリンダ,0000140567,シンボリルドルフ,0000114508,ニツコウサカエ,0000333257,パーソロン(IRE),0000333593,ラツキーソブリン(USA)
0000801511,リンリンリン,0000333844,ブライアンズタイム(USA),0000275282,シーズグレイス,0000335167,Roberto(USA),0000333862,サンデーサイレンス(USA)
0000734360,リヴァプール,0000274883,ダンスインザダーク,0000258972,マークプロミス,0000333862,サンデーサイレンス(USA),0000061253,トウシヨウボーイ
0001090473,リヴァーレ,0000294840,キングヘイロー,0000317519,セクシーディナー,0000336853,ダンシングブレーヴ(USA),0000333846,キンググローリアス(USA)
0001090315,リヴェレンテ,0000729458,キングカメハメハ,0000316262,アスペンリーフ,0000347989,Kingmambo(USA),0000333862,サンデーサイレンス(USA)
0001151362,リヴゴーシュ,0000722158,ハーツクライ,0000634822,ライヴ(USA),0000333862,サンデーサイレンス(USA),0000337102,Storm Cat(USA)
0001052438,リヴザルト,0000337563,Red Ransom(USA),0000718315,Hill of Grace(NZ),0000335167,Roberto(USA),0000342033,Zabeel(NZ)
0000889921,リーガルアミューズ,0000324933,アグネスタキオン,0000434333,リーガルジョイ(USA),0000333862,サンデーサイレンス(USA),0000340054,Regal and Royal(USA)
0000886432,リーガルスキーム,0000225628,サクラバクシンオー,0000304749,ミントエンジェル,0000145106,サクラユタカオー,0000337496,Machiavellian(USA)
0000883857,リーサムクラウン,0000324933,アグネスタキオン,0000261884,エビスファミリー,0000333862,サンデーサイレンス(USA),0000333844,ブライアンズタイム(USA)
0001091769,リーサムポイント,0000324933,アグネスタキオン,0000384033,バーシャ(USA),0000333862,サンデーサイレンス(USA),0000337339,Chief's Crown(USA)
0000273821,リーサルウェポン,0000100485,サクラシンゲキ,0000211569,ハナワジョイナー,0000333485,ドン(ITY),0000333608,ミルジヨージ(USA)
0000305995,リージェントブラフ,0000333769,パークリージエント(CAN),0000125942,サリーベル,0000336132,Vice Regent(CAN),0000333401,グツドリー(FR)
0001141813,リーゼントロック,0000725485,ダイワメジャー,0000981280,レディインディ(USA),0000333862,サンデーサイレンス(USA),0000339653,A.P. Indy(USA)
0000991842,リーチザクラウン,0000293624,スペシャルウィーク,0000316295,クラウンピース,0000333862,サンデーサイレンス(USA),0000335964,Seattle Slew(USA)
0000701710,リーディングエッジ,0000274914,バブルガムフェロー,0000262392,クリアースター,0000333862,サンデーサイレンス(USA),0000161740,トニービン(IRE)
0000184644,リードオフマン,0000455918,アリラバツト(FR),0000038139,サラ系　テスホウカツ,0000466789,アラ　Djerba Oua,0000333299,サラ　テスコボーイ(GB)
0000743760,リーバズゴールド,0000336883,Slew o' Gold(USA),0000743761,Lovely Reba(USA),0000335964,Seattle Slew(USA),0000339833,Herat(USA)
0000714277,リーピングキャット,0000337102,Storm Cat(USA),0000405830,Won't She Tell(USA),0000336177,Storm Bird(CAN),0000340177,Banner Sport(USA)
0000884138,リーベストラウム,0000321292,ゼンノエルシド(IRE),0000267437,マウントモガミ,0000336202,Caerleon(USA),0000333665,モガミ(FR)
0001156048,ルアンジュ,0000324971,マンハッタンカフェ,0000899605,サッカーマム(USA),0000333862,サンデーサイレンス(USA),0000347989,Kingmambo(USA)
0001093484,ルイーザシアター,0000722158,ハーツクライ,0000701560,キューバリブレ,0000333862,サンデーサイレンス(USA),0000347989,Kingmambo(USA)
0001194506,ルグランフリソン,0000365210,Smart Strike(CAN),0001194168,Leaning Tower(USA),0000335975,Mr. Prospector(USA),0000337450,Theatrical(IRE)
0000996247,ルシュクル,0000225628,サクラバクシンオー,0000721591,アジアンミーティア(USA),0000145106,サクラユタカオー,0000340629,Unbridled(USA)
0000331355,ルゼル,0000347622,Zafonic(USA),0000424430,Schezerade(USA),0000337432,Gone West(USA),0000334546,Tom Rolfe(USA)
0000725763,ルタンティール,0000333844,ブライアンズタイム(USA),0000250098,スリーエフ(USA),0000335167,Roberto(USA),0000336085,Nureyev(USA)
0001220274,ルチアーナミノル,0001042049,ルーラーシップ,0001100258,シーザバッドガール(USA),0000729458,キングカメハメハ,0000372708,Giant's Causeway(USA)
0001106709,ルチャドルアスール,0000714411,ケイムホーム(USA),0000701868,リメインフォレスト,0000337432,Gone West(USA),0000333872,アジュディケーティング(USA)
0001193308,ルックスザットキル,0000744311,Wildcat Heir(USA),0001193304,Carol's Amore(USA),0000349487,Forest Wildcat(USA),0000347573,Two Punch(USA)
0001171894,ルックトゥワイス,0000286968,ステイゴールド,0000878681,エスユーエフシー(IRE),0000333862,サンデーサイレンス(USA),0000339659,Alzao(USA)
0001205983,ルッジェーロ,0000901749,キンシャサノキセキ(AUS),0001032551,シルヴァーカップ(IRE),0000262443,フジキセキ,0000369510,Almutawakel(GB)
0000324800,ルドルフロード,0000140567,シンボリルドルフ,0000211305,マルブツアイリス,0000333257,パーソロン(IRE),0000333600,ノーザンディクテイター(USA)
0000025613,ルナ,0000455720,テツカントウ,0000457529,第弐イソアラシ,0000003446,セイユウ,,
0000995233,ルナキッズ,0000274883,ダンスインザダーク,0000620272,ルナジェーナ,0000333862,サンデーサイレンス(USA),0000337550,フォーティナイナー(USA)
0001105494,ルナフォンターナ,0000760877,アドマイヤムーン,0000450366,ファーザ(USA),0000361855,エンドスウィープ(USA),0000335975,Mr. Prospector(USA)
0001152051,ルナプロスペクター,0000728492,カンパニー,0000722364,ムーンフェイズ,0000298352,ミラクルアドマイヤ,0000365099,エリシオ(FR)
0000723209,ルナルナ,0000337421,アフリート(CAN),0000275209,オースミサツキ,0000335975,Mr. Prospector(USA),0000333844,ブライアンズタイム(USA)
0001135093,ルナレディ,0000287925,タイキシャトル(USA),0000320222,レディソーサリス,0000337092,Devil's Bag(USA),0000333862,サンデーサイレンス(USA)
0001175109,ルネイション,0000760877,アドマイヤムーン,0001113569,パラフレーズ(GB),0000361855,エンドスウィープ(USA),0000365118,Pivotal(GB)
0001109201,ルネッタアスール,0000848478,ロージズインメイ(USA),0000750323,ティーパートナー,0000339820,Devil His Due(USA),0000365099,エリシオ(FR)
0000762741,ルビーレジェンド,0000324933,アグネスタキオン,0000611066,ルビア(USA),0000333862,サンデーサイレンス(USA),0000339712,Rubiano(USA)
0001169068,ルフォール,0000729458,キングカメハメハ,0000724455,レクレドール,0000347989,Kingmambo(USA),0000333862,サンデーサイレンス(USA)
0001119919,ルペールノエル,0000760877,アドマイヤムーン,0000321343,サンタママ(USA),0000361855,エンドスウィープ(USA),0000336869,Lear Fan(USA)
0001141552,ルミナスウォリアー,0000760084,メイショウサムソン,0000890096,ルミナスハッピー,0000339572,オペラハウス(GB),0000324933,アグネスタキオン
0001172500,ルミナスティアラ,0000760084,メイショウサムソン,0000890096,ルミナスハッピー,0000339572,オペラハウス(GB),0000324933,アグネスタキオン
0000799898,ルミナスハーバー,0000324933,アグネスタキオン,0000247152,タックスヘイブン,0000333862,サンデーサイレンス(USA),0000336305,Alydar(USA)
0000763089,ルミナスポイント,0000324933,アグネスタキオン,0000709100,ソニンク(GB),0000333862,サンデーサイレンス(USA),0000337496,Machiavellian(USA)
0000322720,ルミナリエ,0000174323,ミスターヨシゼン,0000277231,コマツスキー,0000093587,キタノトウザイ,0000113044,コマツタイム
0001136630,ルミニズム,0000701668,ゼンノロブロイ,0000619980,ルミネンス,0000333862,サンデーサイレンス(USA),0000333874,ジェイドロバリー(USA)
0001095911,ルリニガナ,0001039506,スニッツェル(AUS),0000750738,ダムドコンパニー(USA),0000375619,Redoute's Choice(AUS),0000347989,Kingmambo(USA)
0001204501,ルリハリ,0001050184,ダノンシャンティ,0000885475,コスモランゲル,0000262443,フジキセキ,0000214562,スターオブコジーン(USA)
0000886624,ルルパンブルー,0000325200,ジャングルポケット,0000306887,ガトーショコラ,0000161740,トニービン(IRE),0000262443,フジキセキ
0001094261,ルルーシュ,0000701668,ゼンノロブロイ,0000714951,ダンスーズデトワール(FR),0000333862,サンデーサイレンス(USA),0000336571,Highest Honor(FR)
0001205475,ルヴァンスレーヴ,0000700008,シンボリクリスエス(USA),0000992627,マエストラーレ,0000336209,Kris S.(USA),0000701577,ネオユニヴァース
0001222590,ルヴォルグ,0000742976,ディープインパクト,0001209607,キトゥンカブードル(USA),0000333862,サンデーサイレンス(USA),0000979726,Kitten's Joy(USA)
0001188332,ルヴォワール,0000722158,ハーツクライ,0000880159,リュヌドール(FR),0000333862,サンデーサイレンス(USA),0000361048,Green Tune(USA)
0001202312,ルーカス,0000801447,スクリーンヒーロー,0000729927,メジロフランシス,0000299089,グラスワンダー(USA),0000358543,カーネギー(IRE)
0001156915,ルージュバック,0000324971,マンハッタンカフェ,0001026257,ジンジャーパンチ(USA),0000333862,サンデーサイレンス(USA),0000369512,Awesome Again(CAN)
0000995577,ルージュバンブー,0000621944,マリエンバード(IRE),0000701687,トロピカルナイト,0000336202,Caerleon(USA),0000333862,サンデーサイレンス(USA)
0001089606,ルーズベルト,0000333901,ティンバーカントリー(USA),0000305111,ワールドマジック,0000337445,Woodman(USA),0000179021,サツカーボーイ
0001149041,ルートヴィヒコード,0000742976,ディープインパクト,0000292026,リトルハーモニー,0000333862,サンデーサイレンス(USA),0000333894,コマンダーインチーフ(GB)
0000701528,ルーベンスメモリー,0000262275,ジェニュイン,0000115373,ダイナフランダース,0000333862,サンデーサイレンス(USA),0000333544,ノーザンテースト(CAN)
0001042049,ルーラーシップ,0000729458,キングカメハメハ,0000274849,エアグルーヴ,0000347989,Kingmambo(USA),0000161740,トニービン(IRE)
0001149885,ルールソヴァール,0000362799,フレンチデピュティ(USA),0000318870,キョウエイトルース,0000338072,Deputy Minister(CAN),0000262443,フジキセキ
0000887112,ルールプロスパー,0000318739,ダイタクリーヴァ,0000313268,グロウリボン,0000262443,フジキセキ,0000337430,グロウ(USA)
0000617057,ルールレッドスター,0000201489,メジロライアン,0000211049,タケリボン,0000098122,アンバーシヤダイ,0000333753,パーフライト(USA)
0000620004,レアパール,0000333874,ジェイドロバリー(USA),0000384059,ランバダレディ(USA),0000335975,Mr. Prospector(USA),0000335964,Seattle Slew(USA)
0001148980,レアリスタ,0000286968,ステイゴールド,0000287775,トキオリアリティー(USA),0000333862,サンデーサイレンス(USA),0000337483,Meadowlake(USA)
0001205776,レイエスプランドル,0001115148,ハービンジャー(GB),0000997055,レイナソフィア,0000372531,Dansili(GB),0000293624,スペシャルウィーク
0001205667,レイエンダ,0000729458,キングカメハメハ,0000995255,ラドラーダ,0000347989,Kingmambo(USA),0000700008,シンボリクリスエス(USA)
0001109164,レイカーラ,0000729458,キングカメハメハ,0000749847,カーラパワー(GB),0000347989,Kingmambo(USA),0000336202,Caerleon(USA)
0000729994,レイズアンドコール,0000225628,サクラバクシンオー,0000405169,モーリストンベル(CAN),0000145106,サクラユタカオー,0000339833,Herat(USA)
0000287760,レイズスズラン,0000337445,Woodman(USA),0000396795,Sintanous(USA),0000335975,Mr. Prospector(USA),0000336082,Danzig(USA)
0001189721,レイデオロ,0000729458,キングカメハメハ,0000995255,ラドラーダ,0000347989,Kingmambo(USA),0000700008,シンボリクリスエス(USA)
0000730739,レイナシンフォニー,0000333844,ブライアンズタイム(USA),0000258420,レイナロバリー,0000335167,Roberto(USA),0000333874,ジェイドロバリー(USA)
0000704381,レイナワルツ,0000340630,ブラックタイアフェアー(IRE),0000258420,レイナロバリー,0000336395,Miswaki(USA),0000333874,ジェイドロバリー(USA)
0001121605,レイヌドネージュ,0000262443,フジキセキ,0000619759,イルネージュ,0000333862,サンデーサイレンス(USA),0000161740,トニービン(IRE)
0001169582,レイホーロマンス,0001115148,ハービンジャー(GB),0000733266,スズカローラン,0000372531,Dansili(GB),0000333862,サンデーサイレンス(USA)
0001049843,レインスティック,0000225628,サクラバクシンオー,0000750363,リズムオブザレイン,0000145106,サクラユタカオー,0000333862,サンデーサイレンス(USA)
0000166486,レインダンス,0000333578,ジムフレンチ(USA),0000086484,フアインテスコ,0000334999,Graustark(USA),0000333299,テスコボーイ(GB)
0000327283,レインフォーレスト,0000176226,サクラチヨノオー,0000176429,ノーブルガール,0000069360,マルゼンスキー,0000333438,ラデイガ(USA)
0001040805,レインボーダリア,0000333844,ブライアンズタイム(USA),0000233016,アローム,0000335167,Roberto(USA),0000333544,ノーザンテースト(CAN)
0000727118,レインボーフラッグ,0000365957,ドリームウェル(FR),0000261461,ナリタワカクサ,0000336572,Sadler's Wells(USA),0000140567,シンボリルドルフ
0000169831,レインボーブリッジ,0000333613,サンプリンス(IRE),0000382079,キーワード,0000334436,Princely Gift(GB),0000333404,ステインテイノ(IRE)
0000887603,レインボーペガサス,0000324933,アグネスタキオン,0000317193,ギャンブルローズ,0000333862,サンデーサイレンス(USA),0000337424,デインヒル(USA)
0000311979,レインボーライン,0000084657,シナノリンボー,0000142846,シオマイクイン,0000455785,タガミホマレ,0000455878,アサヒマロツト
0001108430,レオアクティブ,0000760877,アドマイヤムーン,0000733227,レオソレイユ,0000361855,エンドスウィープ(USA),0000339572,オペラハウス(GB)
0000995814,レオウィザード,0000287925,タイキシャトル(USA),0000704621,トゥハーモニー,0000337092,Devil's Bag(USA),0000333862,サンデーサイレンス(USA)
0000798294,レオエンペラー,0000325200,ジャングルポケット,0000212643,コクトビューティー,0000161740,トニービン(IRE),0000333747,サウスアトランテイツク(IRE)
0001203203,レオコックブルー,0001148419,ベーカバド(FR),0000758499,フレアキャスケード,0000363470,Cape Cross(IRE),0000299155,エルコンドルパサー(USA)
0000727793,レオシャープ,0000274883,ダンスインザダーク,0000235099,ヒシスイフト,0000333862,サンデーサイレンス(USA),0000061253,トウシヨウボーイ
0000724495,レオスターライト,0000274883,ダンスインザダーク,0000148709,ゴールドムーン,0000333862,サンデーサイレンス(USA),0000333635,リイフオー(GB)
0000883897,レオソリスト,0000626597,スキャターザゴールド(CAN),0000262286,マチカネレイロウ,0000335975,Mr. Prospector(USA),0000333544,ノーザンテースト(CAN)
0000023056,レオナルド,0000333219,フエリオール(FR),0000001662,フルタケ,0000334914,Fastnet(FR),0000333085,トビサクラ
0001046169,レオパステル,0000729458,キングカメハメハ,0000405481,ズーナクア(USA),0000347989,Kingmambo(USA),0000336890,Silver Hawk(USA)
0001156815,レオパルディナ,0001039506,スニッツェル(AUS),0000999203,ビオンドパンテーラ,0000375619,Redoute's Choice(AUS),0000337444,Seeking the Gold(USA)
0001048110,レオプライム,0000225628,サクラバクシンオー,0000704621,トゥハーモニー,0000145106,サクラユタカオー,0000333862,サンデーサイレンス(USA)
0000883826,レオマイスター,0000318327,ニューイングランド,0000261308,ローズレッド,0000333862,サンデーサイレンス(USA),0000333822,ジヤツジアンジエルーチ(USA)
0000325556,レオマイティー,0000207623,トウカイテイオー,0000219778,エースポポ,0000140567,シンボリルドルフ,0000333790,グリーンマウント(USA)
0001107180,レオンビスティー,0000225628,サクラバクシンオー,0000707211,スパイシークラウン,0000145106,サクラユタカオー,0000361351,タバスコキャット(USA)
0000291480,レガシーロック,0000333878,リズム(USA),0000176594,シーワイズ,0000335975,Mr. Prospector(USA),0000333665,モガミ(FR)
0001152322,レガッタ,0000742976,ディープインパクト,0000726199,スイープトウショウ,0000333862,サンデーサイレンス(USA),0000361855,エンドスウィープ(USA)
0000313912,レガーロ,0000333878,リズム(USA),0000240778,ナインツーナイン,0000335975,Mr. Prospector(USA),0000333853,パレスダンサー(USA)
0000733999,レキシントンブルー,0000309184,アドマイヤベガ,0000198888,マリヒサ,0000333862,サンデーサイレンス(USA),0000069360,マルゼンスキー
0000317768,レギュラーメンバー,0000333894,コマンダーインチーフ(GB),0000248772,シスターソノ,0000336853,ダンシングブレーヴ(USA),0000333848,ナスルエルアラブ(USA)
0000724455,レクレドール,0000333862,サンデーサイレンス(USA),0000213942,ゴールデンサッシュ,0000335154,Halo(USA),0000333664,デイクタス(FR)
0001205880,レグルドール,0000620083,アドマイヤマックス,0001000743,コスモパルムドール(USA),0000333862,サンデーサイレンス(USA),0000621041,Yonaguska(USA)
0001120945,レコンダイト,0000722158,ハーツクライ,0000447730,モテック(FR),0000333862,サンデーサイレンス(USA),0000337436,ラストタイクーン(IRE)
0001221219,レコードチェイサー,0001110554,ディープブリランテ,0001124363,ゴールドチェイス,0000742976,ディープインパクト,0000760877,アドマイヤムーン
0000723427,レゴラス,0000333862,サンデーサイレンス(USA),0000432603,カーリング(FR),0000335154,Halo(USA),0000341356,Garde Royale(IRE)
0001154646,レザンドゥオール,0000714411,ケイムホーム(USA),0000802896,サクラダモン,0000337432,Gone West(USA),0000365330,ボストンハーバー(USA)
0000182809,レザーク,0000075700,サラ　スピリツトスワプス(USA),0000464751,カネヒメタカラ,0000333977,Swaps(USA),0000466745,アラ　良泳
0000995671,レジェトウショウ,0000294840,キングヘイロー,0000702535,ウイッチトウショウ,0000336853,ダンシングブレーヴ(USA),0000333874,ジェイドロバリー(USA)
0000742973,レジェンダロッサ,0000333862,サンデーサイレンス(USA),0000383656,ローザネイ(FR),0000335154,Halo(USA),0000334968,Lyphard(USA)
0001186743,レジェンドセラー,0001042049,ルーラーシップ,0000743062,トップセラー,0000729458,キングカメハメハ,0000293624,スペシャルウィーク
0000314816,レジェンドハンター,0000169382,サクラダイオー,0000155830,サクラソフテイー,0000069360,マルゼンスキー,0000077016,サクラシヨウリ
0000988846,レジェンドブルー,0000286968,ステイゴールド,0000265975,ターコイズブルー,0000333862,サンデーサイレンス(USA),0000130523,ミスターシービー
0000887443,レジネッタ,0000362799,フレンチデピュティ(USA),0000316262,アスペンリーフ,0000338072,Deputy Minister(CAN),0000333862,サンデーサイレンス(USA)
0000769604,レジーナガール,0000622228,Siphon(BRZ),0000763373,Expedicionaria(VEN),0000362918,Itajara(BRZ),0000763310,Inland Voyager(USA)
0001187857,レジーナフォルテ,0000714301,アルデバランⅡ(USA),0000803811,ナイキトライアンフ,0000335975,Mr. Prospector(USA),0000365330,ボストンハーバー(USA)
0000761244,レソナル,0000299089,グラスワンダー(USA),0000329663,ポニーガール,0000336890,Silver Hawk(USA),0000335964,Seattle Slew(USA)
0001092853,レックスパレード,0000848478,ロージズインメイ(USA),0000617498,インディパレード(USA),0000339820,Devil His Due(USA),0000339653,A.P. Indy(USA)
0000723100,レッツゴーアテネ,0000182480,アサティス(USA),0000229974,エリザベスドリーム,0000336769,Topsider(USA),0000333812,ゴライタス(USA)
0000884491,レッツゴーキリシマ,0000201489,メジロライアン,0000274474,マルシンアモン,0000098122,アンバーシヤダイ,0000333861,バイアモン(USA)
0001152102,レッツゴードンキ,0000729458,キングカメハメハ,0000723104,マルトク,0000347989,Kingmambo(USA),0000256512,マーベラスサンデー
0000801628,レットイットライド,0000318327,ニューイングランド,0000278414,ヤングダリア,0000333862,サンデーサイレンス(USA),0000333821,リヴリア(USA)
0000750249,レットバトラー,0000333862,サンデーサイレンス(USA),0000213918,スカーレットブーケ,0000335154,Halo(USA),0000333544,ノーザンテースト(CAN)
0000887572,レッドアゲート,0000324971,マンハッタンカフェ,0000316851,セカンドチャンス,0000333862,サンデーサイレンス(USA),0000333886,スキャン(USA)
0001120497,レッドアリオン,0000324933,アグネスタキオン,0000330325,エリモピクシー,0000333862,サンデーサイレンス(USA),0000336853,ダンシングブレーヴ(USA)
0001153363,レッドアルティスタ,0000286968,ステイゴールド,0000744116,スタイルリスティック(USA),0000333862,サンデーサイレンス(USA),0000337102,Storm Cat(USA)
0001140893,レッドアルヴィス,0000619768,ゴールドアリュール,0000808408,チャールストンハーバー(USA),0000333862,サンデーサイレンス(USA),0000365179,Grindstone(USA)
0001191939,レッドアンシェル,0000324971,マンハッタンカフェ,0000744116,スタイルリスティック(USA),0000333862,サンデーサイレンス(USA),0000337102,Storm Cat(USA)
0001167553,レッドアヴァンセ,0000742976,ディープインパクト,0000330325,エリモピクシー,0000333862,サンデーサイレンス(USA),0000336853,ダンシングブレーヴ(USA)
0001110250,レッドアーヴィング,0000760877,アドマイヤムーン,0000804220,エンプレスティアラ,0000361855,エンドスウィープ(USA),0000615577,クロフネ(USA)
0001167274,レッドウィズダム,0000729458,キングカメハメハ,0000325084,プレシャスラバー,0000347989,Kingmambo(USA),0000263174,ペンタイア(GB)
0001173786,レッドエルディスト,0000701668,ゼンノロブロイ,0001035870,ショウダウン(GB),0000333862,サンデーサイレンス(USA),0000336887,Darshaan(GB)
0001091114,レッドエレンシア,0000325200,ジャングルポケット,0000326427,マイハート,0000161740,トニービン(IRE),0000333844,ブライアンズタイム(USA)
0001134164,レッドオラシオン,0000626923,チチカステナンゴ(FR),0000298422,ブライダルスイート,0000361696,Smadoun(FR),0000333862,サンデーサイレンス(USA)
0001135336,レッドオリヴィア,0000325200,ジャングルポケット,0000325274,アドマイヤリッチ,0000161740,トニービン(IRE),0000333862,サンデーサイレンス(USA)
0001136797,レッドオーラム,0000725485,ダイワメジャー,0000634420,タッチフォーゴールド(USA),0000333862,サンデーサイレンス(USA),0000335975,Mr. Prospector(USA)
0001121755,レッドオーヴァル,0000742976,ディープインパクト,0000622073,コートアウト(USA),0000333862,サンデーサイレンス(USA),0000365210,Smart Strike(CAN)
0000270015,レッドカドー,0000333737,リーフアーマツドネス(GB),0000137463,クラウンアスペン,0000334047,Mill Reef(USA),0000333634,ソーブレスド(GB)
0000757436,レッドカーペット,0000339572,オペラハウス(GB),0000283775,シルバーアクト,0000336572,Sadler's Wells(USA),0000333880,スラヴィック(USA)
0000265117,レッドカーラ,0000131489,ボールドマン,0000154102,フクノトーザイ,0000333596,サラ　ボールドラツド(USA),0000093587,キタノトウザイ
0001110514,レッドキングダム,0000742976,ディープインパクト,0000848390,プラウドビューティー(IRE),0000333862,サンデーサイレンス(USA),0000337424,デインヒル(USA)
0001109061,レッドクラウディア,0000324933,アグネスタキオン,0000743091,シェアザストーリー,0000333862,サンデーサイレンス(USA),0000333894,コマンダーインチーフ(GB)
0001191678,レッドコルディス,0000722158,ハーツクライ,0001157863,ストライキングヴェイル(USA),0000333862,サンデーサイレンス(USA),0000365210,Smart Strike(CAN)
0001200540,レッドサクヤ,0000742976,ディープインパクト,0000312871,サクラサクⅡ,0000333862,サンデーサイレンス(USA),0000337424,デインヒル(USA)
0001239499,レッドサン,0000361091,Monsun(GER),0001025249,Celebre Vadala(FR),0000340371,Konigsstuhl(GER),0000365262,パントレセレブル(USA)
0000993993,レッドシャガーラ,0000701577,ネオユニヴァース,0000409705,グリーンポーラ(USA),0000333862,サンデーサイレンス(USA),0000333996,Nijinsky(CAN)
0001133065,レッドシャンクス,0000714343,Galileo(IRE),0001032633,Ardbrae Lady(GB),0000336572,Sadler's Wells(USA),0000350333,Overbury(IRE)
0001207191,レッドシャーロット,0001089850,ロードカナロア,0001093129,シルバーフォックス,0000729458,キングカメハメハ,0000615577,クロフネ(USA)
0001037232,レッドシューター,0000337563,Red Ransom(USA),0000841841,Aspiration(IRE),0000335167,Roberto(USA),0000336572,Sadler's Wells(USA)
0001168853,レッドシルヴィ,0001046333,ヴィクトワールピサ,0000714951,ダンスーズデトワール(FR),0000701577,ネオユニヴァース,0000336571,Highest Honor(FR)
0001189789,レッドジェノヴァ,0000700008,シンボリクリスエス(USA),0000996419,コロンバスサークル,0000336209,Kris S.(USA),0000237704,ホワイトマズル(GB)
0001126154,レッドジャイヴ,0000324933,アグネスタキオン,0000875123,マンボスルー(USA),0000333862,サンデーサイレンス(USA),0000347989,Kingmambo(USA)
0000003951,レッドストーン,0000000478,イツセイ,0000000351,コウゲン,0000333161,セフト(IRE),0000333084,ハクリユウ
0001041782,レッドスパークル,0000318327,ニューイングランド,0000267266,クリスタルコーラル,0000333862,サンデーサイレンス(USA),0000333887,ヘクタープロテクター(USA)
0000996958,レッドスパーダ,0000287925,タイキシャトル(USA),0000749660,バービキャット(USA),0000337092,Devil's Bag(USA),0000337102,Storm Cat(USA)
0000762712,レッドスプレンダー,0000225628,サクラバクシンオー,0000448633,ルビーベイビー(USA),0000145106,サクラユタカオー,0000340653,ハウスバスター(USA)
0001096948,レッドセインツ,0000742976,ディープインパクト,0001051640,サセッティ(IRE),0000333862,サンデーサイレンス(USA),0000340074,Selkirk(USA)
0001127023,レッドセシリア,0000722158,ハーツクライ,0001051640,サセッティ(IRE),0000333862,サンデーサイレンス(USA),0000340074,Selkirk(USA)
0001150144,レッドソロモン,0000760084,メイショウサムソン,0000325274,アドマイヤリッチ,0000339572,オペラハウス(GB),0000333862,サンデーサイレンス(USA)
0000627834,レッドディザイア,0000262443,フジキセキ,0000258655,イコノシンボリ,0000333862,サンデーサイレンス(USA),0000140567,シンボリルドルフ
0001093123,レッドデイヴィス,0000324933,アグネスタキオン,0000620093,ディクシージャズ,0000333862,サンデーサイレンス(USA),0000161740,トニービン(IRE)
0000290328,レッドドラゴン,0000056658,ミクニノホマレ,0000123073,ロツコーパール,0000455858,ダイゴトウスイ,0000032819,タイムライン
0001052592,レッドバリオス,0000342430,Dynaformer(USA),0000977566,アドヴァーシティ(USA),0000335167,Roberto(USA),0000337444,Seeking the Gold(USA)
0000900068,レッドバースピン,0000372708,Giant's Causeway(USA),0000721970,How Could You(USA),0000337102,Storm Cat(USA),0000337863,Boundary(USA)
0001134867,レッドファルクス,0000375505,スウェプトオーヴァーボード(USA),0000316397,ベルモット,0000361855,エンドスウィープ(USA),0000333862,サンデーサイレンス(USA)
0000287557,レッドフォーチュン,0000188878,オサイチジョージ,0000125409,セカイヒメ,0000333608,ミルジヨージ(USA),0000333479,プルバン(GB)
0001208625,レッドベルローズ,0000742976,ディープインパクト,0001144117,レッドファンタジア(USA),0000333862,サンデーサイレンス(USA),0000361396,Unbridled's Song(USA)
0000325485,レッドベレーザ,0000214492,リンドシェーバー(USA),0000177838,ダイカツキヨウコ,0000336305,Alydar(USA),0000333513,ダイアトム(GB)
0000179027,レッドペッパー,0000333664,デイクタス(FR),0000125495,ダイナハニー,0000334478,Sanctus(FR),0000333439,ボールドアンドエイブル(USA)
0001119229,レッドマニッシュ,0000700008,シンボリクリスエス(USA),0000309040,スティンガー,0000336209,Kris S.(USA),0000333862,サンデーサイレンス(USA)
0000614217,レッドマーキュリー,0000359154,ティッカネン(USA),0000233563,キタノジイナー,0000337423,Cozzene(USA),0000333816,サンキリコ(USA)
0001091829,レッドマーベル,0000700008,シンボリクリスエス(USA),0000384137,オールザチャット(NZ),0000336209,Kris S.(USA),0000343423,Westminster(NZ)
0001185735,レッドミラベル,0000286968,ステイゴールド,0000714951,ダンスーズデトワール(FR),0000333862,サンデーサイレンス(USA),0000336571,Highest Honor(FR)
0001157421,レッドライジェル,0000742976,ディープインパクト,0001051640,サセッティ(IRE),0000333862,サンデーサイレンス(USA),0000340074,Selkirk(USA)
0001173599,レッドラウダ,0000725485,ダイワメジャー,0000999069,ヘヴンリーソング(FR),0000333862,サンデーサイレンス(USA),0000337496,Machiavellian(USA)
0001208230,レッドランディーニ,0000742976,ディープインパクト,0001131142,レッドメデューサ(USA),0000333862,サンデーサイレンス(USA),0000362868,Mr. Greeley(USA)
0000175886,レッドリボン,0000333452,ダンシングキヤツプ(USA),0000116147,アクトレデイー,0000334375,Native Dancer(USA),0000044000,キタノカチドキ
0001135861,レッドリヴェール,0000286968,ステイゴールド,0000398091,ディソサード(USA),0000333862,サンデーサイレンス(USA),0000336397,Dixieland Band(USA)
0001140964,レッドルシファー,0000742976,ディープインパクト,0000851848,ヴァレンティン(IRE),0000333862,サンデーサイレンス(USA),0000369182,キングオブキングス(IRE)
0001144118,レッドルーファス,0000361396,Unbridled's Song(USA),0000983697,Oonagh Maccool(IRE),0000340629,Unbridled(USA),0000372708,Giant's Causeway(USA)
0001120888,レッドルーラー,0000729458,キングカメハメハ,0000441714,ガゼルロワイヤル(FR),0000347989,Kingmambo(USA),0000341356,Garde Royale(IRE)
0001144119,レッドレイヴン,0000365210,Smart Strike(CAN),0000745022,Wonder Again(USA),0000335975,Mr. Prospector(USA),0000336890,Silver Hawk(USA)
0001208624,レッドレオン,0000742976,ディープインパクト,0001144116,レッドエルザ(USA),0000333862,サンデーサイレンス(USA),0000365210,Smart Strike(CAN)
0001203885,レッドレグナント,0001089850,ロードカナロア,0000804220,エンプレスティアラ,0000729458,キングカメハメハ,0000615577,クロフネ(USA)
0000991253,レッドヴァンクール,0000615577,クロフネ(USA),0000308949,パープルホワイト,0000362799,フレンチデピュティ(USA),0000262443,フジキセキ
0001125604,レッドヴィーヴォ,0000325200,ジャングルポケット,0000803107,ヴィヴァチッシモ,0000161740,トニービン(IRE),0000225628,サクラバクシンオー
0001201016,レッドヴェイロン,0000729458,キングカメハメハ,0000330325,エリモピクシー,0000347989,Kingmambo(USA),0000336853,ダンシングブレーヴ(USA)
0001050167,レディアルバローザ,0000729458,キングカメハメハ,0000860625,ワンフォーローズ(CAN),0000347989,Kingmambo(USA),0000361974,Tejano Run(USA)
0000724740,レディインブラック,0000333862,サンデーサイレンス(USA),0000228837,サマニベッピン,0000335154,Halo(USA),0000333544,ノーザンテースト(CAN)
0001127146,レディオブオペラ,0000263172,Singspiel(IRE),0001111751,レディミドルトン(USA),0000341850,In The Wings(GB),0000347989,Kingmambo(USA)
0001169983,レディトリス,0000749845,エンパイアメーカー(USA),0000742561,フランダース,0000340629,Unbridled(USA),0000333862,サンデーサイレンス(USA)
0000321374,レディバラード,0000340629,Unbridled(USA),0000442937,Angelic Song(CAN),0000336225,Fappiano(USA),0000335154,Halo(USA)
0000329258,レディパステル,0000161740,トニービン(IRE),0000408048,ピンクタートル(USA),0000336378,カンパラ(GB),0000335274,Blushing Groom(FR)
0001327651,レディブロンド,0001110914,スピルバーグ,0001201391,ラインラピット,0000742976,ディープインパクト,0000719054,ヨハネスブルグ(USA)
0000997168,レディルージュ,0000333844,ブライアンズタイム(USA),0000899605,サッカーマム(USA),0000335167,Roberto(USA),0000347989,Kingmambo(USA)
0000058838,レディーシップ,0000333418,ルイスデール(GB),0000010490,タマハヤブサ,0000334055,Right Royal(FR),0000333227,ヴアルドアー(IRE)
0001219412,レディードリー,0000901749,キンシャサノキセキ(AUS),0001051620,スリリングヴィクトリー(USA),0000262443,フジキセキ,0000369018,Event of the Year(USA)
0000887538,レディービスティー,0000262443,フジキセキ,0000316589,バンクシアローズ,0000333862,サンデーサイレンス(USA),0000358543,カーネギー(IRE)
0001104784,レディーメグネイト,0000372610,ファスリエフ(USA),0000329153,フラワーホーラー,0000336085,Nureyev(USA),0000161740,トニービン(IRE)
0001045477,レト,0000310618,ザカリヤ(GB),0000329096,レパーティー,0000347622,Zafonic(USA),0000333894,コマンダーインチーフ(GB)
0001155339,レトロロック,0000742976,ディープインパクト,0000882404,サムワントゥラブ,0000333862,サンデーサイレンス(USA),0000700008,シンボリクリスエス(USA)
0000620126,レニングラード,0000161740,トニービン(IRE),0000232975,ブリリアントベリー,0000336378,カンパラ(GB),0000333544,ノーザンテースト(CAN)
0000282861,レネット,0000177974,ユーワフォルテ,0000171739,グリーンデザート,0000333608,ミルジヨージ(USA),0000333602,オフイスダンサー(USA)
0001206031,レノヴァール,0000722158,ハーツクライ,0001039721,データ(ARG),0000333862,サンデーサイレンス(USA),0000337993,Roy(USA)
0001174442,レプランシュ,0000742976,ディープインパクト,0001053751,レディドーヴィル(FR),0000333862,サンデーサイレンス(USA),0000372610,ファスリエフ(USA)
0000732003,レマーズガール,0000372880,Defrere(USA),0000731516,タイムレスツイスト(USA),0000338072,Deputy Minister(CAN),0000337084,Timeless Moment(USA)
0001140383,レムミラス,0000294840,キングヘイロー,0000801729,エルベレス,0000336853,ダンシングブレーヴ(USA),0000274883,ダンスインザダーク
0000730720,レモンリーフ,0000214492,リンドシェーバー(USA),0000309001,レースミストレス,0000336305,Alydar(USA),0000333862,サンデーサイレンス(USA)
0001153569,レンイングランド,0000615577,クロフネ(USA),0000753334,マリンフェスタ,0000362799,フレンチデピュティ(USA),0000225628,サクラバクシンオー
0001098774,レンディル,0000362560,Danehill Dancer(IRE),0000446995,Streetcar(IRE),0000337424,デインヒル(USA),0000341850,In The Wings(GB)
0001154042,レントラー,0000722158,ハーツクライ,0000761792,ハートビートワルツ,0000333862,サンデーサイレンス(USA),0000333844,ブライアンズタイム(USA)
0000701600,レンドフェリーチェ,0000337423,Cozzene(USA),0000444467,レンⅡ(IRE),0000334731,Caro(IRE),0000340183,Bob Back(USA)
0001222128,レヴァンテライオン,0001127396,Pioneerof the Nile(USA),0001211855,Ghostly Darkness(USA),0000749845,エンパイアメーカー(USA),0000978108,Ghostzapper(USA)
0000736598,レヴリ,0000237704,ホワイトマズル(GB),0000209481,トーヨーラクーン,0000336853,ダンシングブレーヴ(USA),0000336430,Green Desert(USA)
0001088983,レーガン,0000274915,フサイチコンコルド,0000292732,ロングレジナ,0000336202,Caerleon(USA),0000336853,ダンシングブレーヴ(USA)
0001107291,レーザーインパクト,0000742976,ディープインパクト,0000708861,チアズヒカリ,0000333862,サンデーサイレンス(USA),0000255813,マヤノトップガン
0001138412,レーザーズエッジ,0000372825,プリサイスエンド(USA),0000732622,ロンドインディ,0000361855,エンドスウィープ(USA),0000262443,フジキセキ
0001090847,レーザーバレット,0000333844,ブライアンズタイム(USA),0000324123,コンプリカーター,0000335167,Roberto(USA),0000335975,Mr. Prospector(USA)
0000743109,レースパイロット,0000333862,サンデーサイレンス(USA),0000440324,マンファス(IRE),0000335154,Halo(USA),0000337436,ラストタイクーン(IRE)
0001148922,レーヌドブリエ,0000701668,ゼンノロブロイ,0000286632,メジロドーベル,0000333862,サンデーサイレンス(USA),0000201489,メジロライアン
0001185478,レーヌミノル,0000725485,ダイワメジャー,0000702834,ダイワエンジェル,0000333862,サンデーサイレンス(USA),0000287925,タイキシャトル(USA)
0000754387,レーヴァテイン,0000230809,ウイニングチケット,0000236747,スイートルノワール,0000161740,トニービン(IRE),0000140567,シンボリルドルフ
0000890944,レーヴダムール,0000626942,ファルブラヴ(IRE),0000626108,レーヴドスカー(FR),0000337427,Fairy King(USA),0000336571,Highest Honor(FR)
0001093243,レーヴディソール,0000324933,アグネスタキオン,0000626108,レーヴドスカー(FR),0000333862,サンデーサイレンス(USA),0000336571,Highest Honor(FR)
0001136766,レーヴデトワール,0000701668,ゼンノロブロイ,0000626108,レーヴドスカー(FR),0000333862,サンデーサイレンス(USA),0000336571,Highest Honor(FR)
0001214552,レーヴドカナロア,0001089850,ロードカナロア,0000626108,レーヴドスカー(FR),0000729458,キングカメハメハ,0000336571,Highest Honor(FR)
0001047541,レーヴドリアン,0000293624,スペシャルウィーク,0000626108,レーヴドスカー(FR),0000333862,サンデーサイレンス(USA),0000336571,Highest Honor(FR)
0001151314,レーヴミストラル,0000729458,キングカメハメハ,0000626108,レーヴドスカー(FR),0000347989,Kingmambo(USA),0000336571,Highest Honor(FR)
0001166266,レーヴムーン,0000760877,アドマイヤムーン,0000283355,ウメノダンサー,0000361855,エンドスウィープ(USA),0000145106,サクラユタカオー
0001168891,ロイカバード,0000742976,ディープインパクト,0000721560,アゼリ(USA),0000333862,サンデーサイレンス(USA),0000337289,ジェイドハンター(USA)
0000329111,ロイヤルキャンサー,0000333862,サンデーサイレンス(USA),0000219937,ミヤビサクラコ,0000335154,Halo(USA),0000333544,ノーザンテースト(CAN)
0001091386,ロイヤルクレスト,0000848478,ロージズインメイ(USA),0000328969,ルピナスレイク,0000339820,Devil His Due(USA),0000333846,キンググローリアス(USA)
0000723418,ロイヤルセランガー,0000225913,パラダイスクリーク(USA),0000190929,カーペンタービー,0000336421,Irish River(FR),0000333692,ルドウターブル(FR)
0000991261,ロイヤルネックレス,0000700008,シンボリクリスエス(USA),0000308967,シルバーネックレス,0000336209,Kris S.(USA),0000333862,サンデーサイレンス(USA)
0000619770,ロイヤルマイル,0000333862,サンデーサイレンス(USA),0000408440,ハイランドトーク(USA),0000335154,Halo(USA),0000336864,Highland Park(USA)
0001190658,ロイヤルメジャー,0000725485,ダイワメジャー,0001051683,クリミナルコード,0000333862,サンデーサイレンス(USA),0000337563,Red Ransom(USA)
0001156570,ロカ,0001115148,ハービンジャー(GB),0000994076,ランズエッジ,0000372531,Dansili(GB),0000274883,ダンスインザダーク
0001041116,ログ,0000298498,トゥナンテ,0000246712,メイサウンド,0000145106,サクラユタカオー,0000333787,スプレンデイドモーメント(IRE)
0000176457,ロケットパンチ,0000114852,バンブーアトラス,0000127803,タケシヨウアトム,0000333578,ジムフレンチ(USA),0000333513,ダイアトム(GB)
0001268884,ロケットマン,0001151936,ドゥラメンテ,0001142448,ヒーラブズミー,0000729458,キングカメハメハ,0000742976,ディープインパクト
0001124405,ロゴタイプ,0000619817,ローエングリン,0000750290,ステレオタイプ,0000263172,Singspiel(IRE),0000333862,サンデーサイレンス(USA)
0001142789,ロサギガンティア,0000262443,フジキセキ,0001127438,ターフローズ(GER),0000333862,サンデーサイレンス(USA),0000342292,Big Shuffle(USA)
0001204702,ロサグラウカ,0001042049,ルーラーシップ,0000888335,ローザブランカ,0000729458,キングカメハメハ,0000615577,クロフネ(USA)
0000309217,ロサード,0000333862,サンデーサイレンス(USA),0000383656,ローザネイ(FR),0000335154,Halo(USA),0000334968,Lyphard(USA)
0001126837,ロジウエスト,0000714411,ケイムホーム(USA),0000997278,シルキークラフト(USA),0000337432,Gone West(USA),0000336770,Crafty Prospector(USA)
0001173807,ロジクライ,0000722158,ハーツクライ,0001037235,ドリームモーメント(GB),0000333862,サンデーサイレンス(USA),0000337496,Machiavellian(USA)
0001043771,ロジスプリング,0000286968,ステイゴールド,0000308942,スプリングソネット,0000333862,サンデーサイレンス(USA),0000161740,トニービン(IRE)
0001156966,ロジチャリス,0000725485,ダイワメジャー,0001032861,プラチナチャリス(GB),0000333862,サンデーサイレンス(USA),0000714421,ロックオブジブラルタル(IRE)
0000753285,ロジック,0000324933,アグネスタキオン,0000218946,エイプリルドラマ,0000333862,サンデーサイレンス(USA),0000145106,サクラユタカオー
0001206032,ロジティナ,0000996482,ロジユニヴァース,0001040071,コヴェンティナ,0000701577,ネオユニヴァース,0000700008,シンボリクリスエス(USA)
0001045359,ロジディオン,0000617048,サニングデール,0000327989,ウメノディオン,0000342675,ウォーニング(GB),0000145106,サクラユタカオー
0001041930,ロジフェローズ,0000611525,タニノギムレット,0000271844,スイートフェローズ,0000333844,ブライアンズタイム(USA),0000140567,シンボリルドルフ
0001126872,ロジプリンセス,0000742976,ディープインパクト,0000999068,ペンカナプリンセス(IRE),0000333862,サンデーサイレンス(USA),0000365118,Pivotal(GB)
0001188300,ロジムーン,0000701668,ゼンノロブロイ,0000862445,ムーンライトダンス(IRE),0000333862,サンデーサイレンス(USA),0000372792,Sinndar(IRE)
0001110871,ロジメジャー,0000725485,ダイワメジャー,0000920882,ヴィエールソンリ(USA),0000333862,サンデーサイレンス(USA),0000342433,Cryptoclearance(USA)
0001206753,ロジャージーニアス,0000701577,ネオユニヴァース,0001051683,クリミナルコード,0000333862,サンデーサイレンス(USA),0000337563,Red Ransom(USA)
0000996482,ロジユニヴァース,0000701577,ネオユニヴァース,0000725959,アコースティクス,0000333862,サンデーサイレンス(USA),0000363470,Cape Cross(IRE)
0001170796,ロスカボス,0000729458,キングカメハメハ,0000762488,マンハッタンセレブ,0000347989,Kingmambo(USA),0000333862,サンデーサイレンス(USA)
0000887674,ロスペトリュス,0000287925,タイキシャトル(USA),0000318005,ロスマリヌス,0000337092,Devil's Bag(USA),0000333862,サンデーサイレンス(USA)
0001102436,ロゼオ,0000362799,フレンチデピュティ(USA),0000286882,リュバンドール,0000338072,Deputy Minister(CAN),0000161740,トニービン(IRE)
0001110886,ロゼシャンパーニュ,0000701668,ゼンノロブロイ,0000983782,アーティストチョイス(IRE),0000333862,サンデーサイレンス(USA),0000372708,Giant's Causeway(USA)
0001124009,ロゼラニ,0000722797,ブラックタイド,0000737133,ジュバリー,0000333862,サンデーサイレンス(USA),0000333844,ブライアンズタイム(USA)
0001153848,ロゾヴァドリナ,0001039506,スニッツェル(AUS),0000758634,ダマスクローズ,0000375619,Redoute's Choice(AUS),0000324933,アグネスタキオン
0001156037,ロッカフェスタ,0000324971,マンハッタンカフェ,0000899516,ルンバロッカ(IRE),0000333862,サンデーサイレンス(USA),0000361698,Sri Pekan(USA)
0001155034,ロッカフラベイビー,0000729458,キングカメハメハ,0000807903,シーディドアラバイ,0000347989,Kingmambo(USA),0000325200,ジャングルポケット
0001096818,ロッカヴェラーノ,0000324971,マンハッタンカフェ,0000899516,ルンバロッカ(IRE),0000333862,サンデーサイレンス(USA),0000361698,Sri Pekan(USA)
0000615576,ロッキーアピール,0000336773,Valid Appeal(USA),0000615603,Dame's Rocket(USA),0000334720,In Reality(USA),0000339625,Timeless Native(USA)
0001156817,ロックキャンディ,0000722158,ハーツクライ,0000999207,ガッビア,0000333862,サンデーサイレンス(USA),0000369845,Montjeu(IRE)
0000328787,ロックスキル,0000342675,ウォーニング(GB),0000244775,ダンスパーティー,0000335911,Known Fact(USA),0000061253,トウシヨウボーイ
0001201404,ロックディスタウン,0001090360,オルフェーヴル,0000620010,ストレイキャット,0000286968,ステイゴールド,0000337102,Storm Cat(USA)
0001003705,ロックドゥカンブ,0000337563,Red Ransom(USA),0001000702,Fairy Lights(IRE),0000335167,Roberto(USA),0000337427,Fairy King(USA)
0001046353,ロックハンドスター,0000256512,マーベラスサンデー,0000439572,コンティンジェンシー(USA),0000333862,サンデーサイレンス(USA),0000335203,Alleged(USA)
0001110658,ロッソコルサ,0000619835,デュランダル,0000881945,ベラミカントリー,0000333862,サンデーサイレンス(USA),0000333901,ティンバーカントリー(USA)
0001173905,ロッテンマイヤー,0000615577,クロフネ(USA),0001042084,アーデルハイト,0000362799,フレンチデピュティ(USA),0000324933,アグネスタキオン
0000324903,ロットシュナイダー,0000207623,トウカイテイオー,0000225692,ローズムーン,0000140567,シンボリルドルフ,0000333665,モガミ(FR)
0001156771,ロットリー,0000375505,スウェプトオーヴァーボード(USA),0000998956,レスリーズラブ(USA),0000361855,エンドスウィープ(USA),0000826981,Combat Ready(USA)
0001088676,ロビンフット,0000321292,ゼンノエルシド(IRE),0000285457,サンディフォルス,0000336202,Caerleon(USA),0000333862,サンデーサイレンス(USA)
0001207538,ロフティフレーズ,0001089850,ロードカナロア,0001102773,モンクール,0000729458,キングカメハメハ,0000742976,ディープインパクト
0000742603,ロフティーエイム,0000333862,サンデーサイレンス(USA),0000444689,ウィッチフルシンキング(USA),0000335154,Halo(USA),0000335915,Lord Avie(USA)
0001204377,ロマンテソーロ,0001046333,ヴィクトワールピサ,0000882975,ロマンシエール,0000701577,ネオユニヴァース,0000321138,アグネスデジタル(USA)
0000702817,ロミオダンス,0000333802,グランドオペラ(USA),0000242481,オリンピアオーカン,0000333996,Nijinsky(CAN),0000333608,ミルジヨージ(USA)
0001168422,ロライマ,0000729458,キングカメハメハ,0000701583,ミルフィオリ,0000347989,Kingmambo(USA),0000333862,サンデーサイレンス(USA)
0000997219,ロラパルーザ,0000372825,プリサイスエンド(USA),0000728134,フェアナタリー,0000361855,エンドスウィープ(USA),0000274883,ダンスインザダーク
0000754261,ロランラムール,0000369765,ムタファーウエク(USA),0000234836,オーミスズラン,0000336890,Silver Hawk(USA),0000159702,ウインドストース
0001171865,ロワアブソリュー,0000701668,ゼンノロブロイ,0000862128,スーヴェニアギフト(USA),0000333862,サンデーサイレンス(USA),0000368595,Souvenir Copy(USA)
0001134535,ロワジャルダン,0000729458,キングカメハメハ,0000308975,アグネスショコラ,0000347989,Kingmambo(USA),0000333862,サンデーサイレンス(USA)
0001136663,ロンギングケイシー,0000729458,キングカメハメハ,0000620118,スカイクレイバー,0000347989,Kingmambo(USA),0000333862,サンデーサイレンス(USA)
0001045236,ロンギングスター,0000619768,ゴールドアリュール,0000326981,ヒシアイドル,0000333862,サンデーサイレンス(USA),0000145106,サクラユタカオー
0001101736,ロンギングダンサー,0000700008,シンボリクリスエス(USA),0000262374,ダンスパートナー,0000336209,Kris S.(USA),0000333862,サンデーサイレンス(USA)
0000618100,ロングアイラッシュ,0000249114,ナリタブライアン,0000383967,ナコマ(USA),0000333844,ブライアンズタイム(USA),0000338072,Deputy Minister(CAN)
0000805571,ロングアキレス,0000324971,マンハッタンカフェ,0000326240,ロングマジョルカ,0000333862,サンデーサイレンス(USA),0000340556,ジョリーズヘイロー(USA)
0000200796,ロングアライブ,0000333745,ペンシルプツシヤー(USA),0000379163,クレールドリユンヌ(GB),0000333912,Apalachee(USA),0000333971,Sing Sing(GB)
0000316732,ロングカイソウ,0000333872,アジュディケーティング(USA),0000224096,ロングマサユメ,0000336082,Danzig(USA),0000161734,アレミロード(USA)
0000328722,ロングクリムゾン,0000203356,メジロマックイーン,0000262281,ロングセレッソ,0000110447,メジロテイターン,0000333707,リアルシヤダイ(USA)
0000257733,ロングプライド,0000088791,ニチドウアラシ,0000160437,マリンベイビー,0000333439,ボールドアンドエイブル(USA),0000333600,ノーザンディクテイター(USA)
0000302255,ロングランニング,0000333866,アロングオール(GB),0000258280,レデイロバリー,0000334047,Mill Reef(USA),0000333874,ジェイドロバリー(USA)
0001139772,ロングリバイバル,0000615577,クロフネ(USA),0000760945,アピールポイント,0000362799,フレンチデピュティ(USA),0000324933,アグネスタキオン
0001170936,ロンドンタウン,0000742946,カネヒキリ,0000775207,フェアリーバニヤン,0000262443,フジキセキ,0000362822,Honour and Glory(USA)
0000286492,ロンバルディア,0000333839,レイクコモ(USA),0000095237,スイートフエアー,0000333996,Nijinsky(CAN),0000333257,パーソロン(IRE)
0000619817,ローエングリン,0000263172,Singspiel(IRE),0000432603,カーリング(FR),0000341850,In The Wings(GB),0000341356,Garde Royale(IRE)
0001123567,ローガンサファイア,0000725485,ダイワメジャー,0000731691,ダークサファイア(USA),0000333862,サンデーサイレンス(USA),0000339639,Out of Place(USA)
0001044795,ローグランド,0000621925,グランデラ(IRE),0000321407,ミスペンブローク(USA),0000337862,Grand Lodge(USA),0000362887,Pembroke(USA)
0001173904,ローズウィスパー,0001129430,ワークフォース(GB),0001042078,ローザミスティカ,0000372784,キングズベスト(USA),0000324933,アグネスタキオン
0000612364,ローズウッド,0000237704,ホワイトマズル(GB),0000166002,ラウレルシーダー,0000336853,ダンシングブレーヴ(USA),0000077016,サクラシヨウリ
0000798844,ローズオットー,0000274883,ダンスインザダーク,0000225219,エリザベスローズ,0000333862,サンデーサイレンス(USA),0000333544,ノーザンテースト(CAN)
0000886845,ローズカットダイヤ,0000362799,フレンチデピュティ(USA),0000309019,ダイヤモンドジェム,0000338072,Deputy Minister(CAN),0000225905,ドクターデヴィアス(IRE)
0001045066,ローズキングダム,0000729458,キングカメハメハ,0000325275,ローズバド,0000347989,Kingmambo(USA),0000333862,サンデーサイレンス(USA)
0000325275,ローズバド,0000333862,サンデーサイレンス(USA),0000274980,ロゼカラー,0000335154,Halo(USA),0000335305,Shirley Heights(GB)
0001193109,ローズプリンスダム,0000848478,ロージズインメイ(USA),0000991813,クリスチャンパール,0000339820,Devil His Due(USA),0000700008,シンボリクリスエス(USA)
0000801487,ローズプレステージ,0000274883,ダンスインザダーク,0000274980,ロゼカラー,0000333862,サンデーサイレンス(USA),0000335305,Shirley Heights(GB)
0000702456,ローズベアダウン,0000333886,スキャン(USA),0000291085,イングランドローズ,0000335975,Mr. Prospector(USA),0000337441,ポリッシュネイビー(USA)
0001126882,ローズミラクル,0000262443,フジキセキ,0000999178,ヴィアンローズ(FR),0000333862,サンデーサイレンス(USA),0000714374,Sevres Rose(IRE)
0000742989,ローゼンクロイツ,0000333862,サンデーサイレンス(USA),0000274980,ロゼカラー,0000335154,Halo(USA),0000335305,Shirley Heights(GB)
0001104438,ローゼンケーニッヒ,0000700008,シンボリクリスエス(USA),0000325275,ローズバド,0000336209,Kris S.(USA),0000333862,サンデーサイレンス(USA)
0001148735,ローデッド,0000742976,ディープインパクト,0000272696,ホッコーオウカ,0000333862,サンデーサイレンス(USA),0000214492,リンドシェーバー(USA)
0001222811,ロードアクア,0001089850,ロードカナロア,0001110462,オーシュペール,0000729458,キングカメハメハ,0000725485,ダイワメジャー
0001206757,ロードアクシス,0001050392,ブレイクランアウト(USA),0001051716,エニーデイ,0000365210,Smart Strike(CAN),0000369802,Arch(USA)
0001104800,ロードアクレイム,0000742976,ディープインパクト,0000329258,レディパステル,0000333862,サンデーサイレンス(USA),0000161740,トニービン(IRE)
0000299375,ロードアトラス,0000336924,El Gran Senor(USA),0000436516,Hail the Lady(USA),0000334002,Northern Dancer(CAN),0000336826,Hail the Pirates(USA)
0000888040,ロードアリエス,0000700008,シンボリクリスエス(USA),0000321374,レディバラード(IRE),0000336209,Kris S.(USA),0000340629,Unbridled(USA)
0000714234,ロードアルティマ,0000337444,Seeking the Gold(USA),0000394672,Secrettame(USA),0000335975,Mr. Prospector(USA),0000333978,Secretariat(USA)
0001204247,ロードイヒラニ,0001089850,ロードカナロア,0000853221,レディカーニバル,0000729458,キングカメハメハ,0000372708,Giant's Causeway(USA)
0000727007,ロードインザスカイ,0000225628,サクラバクシンオー,0000244188,ナースアンビション,0000145106,サクラユタカオー,0000333809,ベリフア(IRE)
0000742658,ロードウィズダム,0000337848,デヒア(USA),0000246808,インテリフラワー,0000338072,Deputy Minister(CAN),0000333843,オウインスパイアリング(USA)
0001043685,ロードオブザリング,0000237704,ホワイトマズル(GB),0000307698,レディフューチャー,0000336853,ダンシングブレーヴ(USA),0000333862,サンデーサイレンス(USA)
0001089850,ロードカナロア,0000729458,キングカメハメハ,0000308961,レディブラッサム,0000347989,Kingmambo(USA),0000337102,Storm Cat(USA)
0000803896,ロードキャニオン,0000337421,アフリート(CAN),0000307698,レディフューチャー,0000335975,Mr. Prospector(USA),0000333862,サンデーサイレンス(USA)
0001171199,ロードクエスト,0000762445,マツリダゴッホ,0000801262,マツリダワルツ,0000333862,サンデーサイレンス(USA),0000365159,チーフベアハート(CAN)
0001123100,ロードクラヴィウス,0000760877,アドマイヤムーン,0000726358,ダイワデリカシー,0000361855,エンドスウィープ(USA),0000274914,バブルガムフェロー
0001152659,ロードクルーザー,0000615577,クロフネ(USA),0000730819,エスワンスペクター,0000362799,フレンチデピュティ(USA),0000340413,シャンハイ(USA)
0000298563,ロードクロノス,0000161740,トニービン(IRE),0000225873,シンコウラブリイ(IRE),0000336378,カンパラ(GB),0000336202,Caerleon(USA)
0001178377,ロードクロムウェル,0000719408,High Chaparral(IRE),0001178374,Suisun(GER),0000336572,Sadler's Wells(USA),0000361091,Monsun(GER)
0000307734,ロードケンユー,0000333608,ミルジヨージ(USA),0000383455,エンドイットダーリン(USA),0000334047,Mill Reef(USA),0000336305,Alydar(USA)
0000216563,ロードシップ,0000123060,ハクバフアースト,0000464102,アサヒルーキー,0000040167,スマノダイドウ,0000003446,セイユウ
0001119447,ロードシュプリーム,0000714234,ロードアルティマ(USA),0000314137,ジャックカガヤキ,0000337444,Seeking the Gold(USA),0000337424,デインヒル(USA)
0000616366,ロードスプレッド,0000274883,ダンスインザダーク,0000233092,ダンサーズシューズ,0000333862,サンデーサイレンス(USA),0000333707,リアルシヤダイ(USA)
0000614408,ロードダルメシアン,0000250172,シンコウキング(IRE),0000285116,シンコウエトワール,0000337427,Fairy King(USA),0000161740,トニービン(IRE)
0001203730,ロードトレジャー,0000372825,プリサイスエンド(USA),0000801262,マツリダワルツ,0000361855,エンドスウィープ(USA),0000365159,チーフベアハート(CAN)
0000886710,ロードニュースター,0000617479,エアエミネム(IRE),0000307713,レディスターダム,0000337424,デインヒル(USA),0000340457,アルカング(USA)
0001095879,ロードハリアー,0000325200,ジャングルポケット,0000750317,オーブリエチア,0000161740,トニービン(IRE),0000262443,フジキセキ
0000886830,ロードバリオス,0000333844,ブライアンズタイム(USA),0000308961,レディブラッサム,0000335167,Roberto(USA),0000337102,Storm Cat(USA)
0000995403,ロードパンサー,0000274883,ダンスインザダーク,0000634730,ジャズキャット(USA),0000333862,サンデーサイレンス(USA),0000337102,Storm Cat(USA)
0001149637,ロードフェリーチェ,0001115148,ハービンジャー(GB),0000314136,レディチャーム,0000372531,Dansili(GB),0000333862,サンデーサイレンス(USA)
0000620553,ロードフォレスター,0000362552,Charnwood Forest(IRE),0000617401,La Vigie(IRE),0000342675,ウォーニング(GB),0000340175,King of Clubs(GB)
0001141728,ロードフォワード,0000701577,ネオユニヴァース,0000899605,サッカーマム(USA),0000333862,サンデーサイレンス(USA),0000347989,Kingmambo(USA)
0000318348,ロードフラッグ,0000337424,デインヒル(USA),0000169497,ダイナフラツグ,0000336082,Danzig(USA),0000333544,ノーザンテースト(CAN)
0001166880,ロードブレイド,0000901749,キンシャサノキセキ(AUS),0000314137,ジャックカガヤキ,0000262443,フジキセキ,0000337424,デインヒル(USA)
0000297749,ロードブレーブ,0000336853,ダンシングブレーヴ(USA),0000224487,ユートジェーン,0000334968,Lyphard(USA),0000069360,マルゼンスキー
0000620582,ロードプリヴェイル,0000337445,Woodman(USA),0000435149,Dance Play(GB),0000335975,Mr. Prospector(USA),0000335164,The Minstrel(CAN)
0000734429,ロードマジェスティ,0000333844,ブライアンズタイム(USA),0000634730,ジャズキャット(USA),0000335167,Roberto(USA),0000337102,Storm Cat(USA)
0000708987,ロードミカエル,0000274915,フサイチコンコルド,0000275596,シンコウエンジェル(USA),0000336202,Caerleon(USA),0000337527,オジジアン(USA)
0001203395,ロードライト,0001046333,ヴィクトワールピサ,0000762386,パパラチア,0000701577,ネオユニヴァース,0000299089,グラスワンダー(USA)
0001103983,ロードラディアント,0000714411,ケイムホーム(USA),0000318095,ハーバーキラリ,0000337432,Gone West(USA),0000358543,カーネギー(IRE)
0001171832,ロードランウェイ,0000325200,ジャングルポケット,0000853221,レディカーニバル,0000161740,トニービン(IRE),0000372708,Giant's Causeway(USA)
0001191290,ロードリベラル,0001050392,ブレイクランアウト(USA),0001103827,デルマハゴロモ,0000365210,Smart Strike(CAN),0000262443,フジキセキ
0001097038,ロードロックスター,0000714421,ロックオブジブラルタル(IRE),0000329258,レディパステル,0000337424,デインヒル(USA),0000161740,トニービン(IRE)
0000260917,ロードワンダー,0000129863,ニホンピロウイナー,0000159646,アインシユネル,0000333618,ステイールハート(IRE),0000333600,ノーザンディクテイター(USA)
0001168322,ロードヴァンドール,0000725485,ダイワメジャー,0000634730,ジャズキャット(USA),0000333862,サンデーサイレンス(USA),0000337102,Storm Cat(USA)
0000377536,ローハイド,0000333105,グレーロード(USA),0000376815,ニユーダイアナ,0000334823,Mahmoud(FR),0000333081,ロツクフオード
0001126656,ローブティサージュ,0000731452,ウォーエンブレム(USA),0000901460,プチノワール,0000362883,Our Emblem(USA),0000263172,Singspiel(IRE)
0000212638,ローブデコルテ,0000333697,ノーアテンシヨン(FR),0000124373,カイムラサキ,0000335293,Green Dancer(USA),0000333613,サンプリンス(IRE)
0000989266,ローブドヴルール,0000310467,サウスヴィグラス(USA),0000274934,エアカボッション,0000361855,エンドスウィープ(USA),0000333874,ジェイドロバリー(USA)
0000613080,ローマンエンパイア,0000243723,サクラローレル,0000200808,ローマステーション,0000337286,Rainbow Quest(USA),0000336203,Law Society(USA)
0001096464,ローマンレジェンド,0000293624,スペシャルウィーク,0000793775,パーソナルレジェンド(USA),0000333862,サンデーサイレンス(USA),0000369512,Awesome Again(CAN)
0000268439,ローランコングレ,0000333866,アロングオール(GB),0000124649,クインバージ,0000334047,Mill Reef(USA),0000333374,フアバージ(FR)
0000766360,ローランジェネルー,0000342671,Cadeaux Genereux(GB),0000440794,Russian Grace(IRE),0000336702,Young Generation(IRE),0000337101,ソヴィエトスター(USA)
0001188771,ローリングタワー,0001115148,ハービンジャー(GB),0000888777,メイユーブルーム,0000372531,Dansili(GB),0000274883,ダンスインザダーク
0000079176,ローリーポーリー,0000333471,オーバン(FR),0000035733,リリーオブザバレー,0000334487,Sicambre(FR),0000333337,ホワイトフアイア(FR)
0000887475,ロールオブザダイス,0000359332,トワイニング(USA),0000316356,ラブフォーエバー,0000337550,フォーティナイナー(USA),0000333862,サンデーサイレンス(USA)
0000174574,ローレルアイ,0000455933,イムラツド(FR),0000123062,サラエボノホシ,0000455968,Fayriland II(FR),0000032673,スカレー
0000761223,ローレルエルドラド,0000286968,ステイゴールド,0000329374,ゴールデンコマーズ,0000333862,サンデーサイレンス(USA),0000333901,ティンバーカントリー(USA)
0000805347,ローレルゲレイロ,0000294840,キングヘイロー,0000324318,ビッグテンビー,0000336853,ダンシングブレーヴ(USA),0000347983,テンビー(GB)
0000750769,ローレルスパーク,0000369621,Tale of the Cat(USA),0000750616,Stark Ballet(USA),0000337102,Storm Cat(USA),0000336085,Nureyev(USA)
0000705734,ローレルデフィー,0000362599,ラムタラ(USA),0000218677,ブランディニー,0000333996,Nijinsky(CAN),0000333757,ノーリユート(FR)
0000751113,ローレルハンバーバ,0000262275,ジェニュイン,0000155830,サクラソフテイー,0000333862,サンデーサイレンス(USA),0000077016,サクラシヨウリ
0001108727,ローレルブレット,0000742996,サムライハート,0000736639,タッソーニー,0000333862,サンデーサイレンス(USA),0000347983,テンビー(GB)
0001139633,ローレルベローチェ,0000225628,サクラバクシンオー,0000758706,ヘイローフジ,0000145106,サクラユタカオー,0000294840,キングヘイロー
0001107150,ローレルボルケーノ,0000372610,ファスリエフ(USA),0000706769,コンゴウエンジェル,0000336085,Nureyev(USA),0000339861,Salt Lake(USA)
0001040095,ローレルレヴァータ,0000255813,マヤノトップガン,0000166344,ラブリーサンライズ,0000333844,ブライアンズタイム(USA),0000333544,ノーザンテースト(CAN)
0000706169,ローレルロイス,0000262275,ジェニュイン,0000309077,ルナースフィア,0000333862,サンデーサイレンス(USA),0000333874,ジェイドロバリー(USA)
0000701595,ワイアットアープ,0000333862,サンデーサイレンス(USA),0000382802,レガシーオブストレングス(USA),0000335154,Halo(USA),0000336350,Affirmed(USA)
0000760027,ワイキューブ,0000324933,アグネスタキオン,0000314721,エレガントフライ,0000333862,サンデーサイレンス(USA),0000333544,ノーザンテースト(CAN)
0000742559,ワイズタイクーン,0000337436,ラストタイクーン(IRE),0000213994,ピーチブルーム,0000336129,トライマイベスト(USA),0000333664,デイクタス(FR)
0001098788,ワイズドリーム,0000369586,Yes It's True(USA),0000787947,Shappy(USA),0000342487,Is It True(USA),0000340935,Really Secret(USA)
0001093931,ワイズリー,0000743734,ムーンバラッド(IRE),0000705796,プラントパラダイス,0000263172,Singspiel(IRE),0000225913,パラダイスクリーク(USA)
0000301540,ワイド,0000154339,イソナンブ,0000185440,タイヨウガバナ,0000064225,シズヒロオー,0000075480,スイセイガバナー
0000988712,ワイドサファイア,0000324933,アグネスタキオン,0000262262,クイーンソネット,0000333862,サンデーサイレンス(USA),0000333544,ノーザンテースト(CAN)
0000615778,ワイドセイヴィア,0000340704,General Meeting(USA),0000615691,Absolute Sensation(USA),0000335964,Seattle Slew(USA),0000337245,Tank's Prospect(USA)
0001105761,ワイドバッハ,0000333872,アジュディケーティング(USA),0000613284,グリーンヒルレッド,0000336082,Danzig(USA),0000333886,スキャン(USA)
0000999323,ワイルドイリーガル,0000369336,Indian Charlie(USA),0000999060,First Prom(USA),0000339710,In Excess(IRE),0000340630,ブラックタイアフェアー(IRE)
0000263089,ワイルドシャウト,0000336574,Wild Again(USA),0000408792,Windy and Mild(USA),0000334747,Icecapade(USA),0000335970,Best Turn(USA)
0001087691,ワイルドジュニア,0000897270,デビッドジュニア(USA),0000253573,プログレスサンデー,0000339742,Pleasant Tap(USA),0000333862,サンデーサイレンス(USA)
0000620142,ワイルドスナイパー,0000274914,バブルガムフェロー,0000286894,マイバレンタイン,0000333862,サンデーサイレンス(USA),0000161740,トニービン(IRE)
0000742914,ワイルドソニック,0000262443,フジキセキ,0000299092,トキオジュリア(USA),0000333862,サンデーサイレンス(USA),0000336770,Crafty Prospector(USA)
0000725177,ワイルドソルジャー,0000337849,ブロッコ(USA),0000275596,シンコウエンジェル(USA),0000336209,Kris S.(USA),0000337527,オジジアン(USA)
0001136485,ワイルドダラー,0000369358,ワイルドラッシュ(USA),0000617985,ナムラミステリー,0000336574,Wild Again(USA),0000262275,ジェニュイン
0001122708,ワイルドドラゴン,0000619768,ゴールドアリュール,0000721589,マイワイルドローズ(USA),0000333862,サンデーサイレンス(USA),0000336574,Wild Again(USA)
0001174466,ワイルドファイアー,0001085636,パイロ(USA),0001078552,カトゥーンバ(GB),0000337958,Pulpit(USA),0000349487,Forest Wildcat(USA)
0001113528,ワイルドフラッパー,0000978108,Ghostzapper(USA),0000719397,スモークンフローリック(USA),0000369512,Awesome Again(CAN),0000368103,Smoke Glacken(USA)
0000618726,ワイルドユース,0000274915,フサイチコンコルド,0000192803,エバープロスパー,0000336202,Caerleon(USA),0000333707,リアルシヤダイ(USA)
0001044374,ワイルドラズベリー,0000626942,ファルブラヴ(IRE),0000316576,ディアアドマイヤ,0000337427,Fairy King(USA),0000333862,サンデーサイレンス(USA)
0000128002,ワイルドリバー,0000333591,マイスワロー(GB),0000080936,グリンリバー,0000334065,Le Levanstell(GB),0000333282,ムーテイエ(FR)
0000735500,ワイルドワンダー,0000333844,ブライアンズタイム(USA),0000295431,ワルツダンサー,0000335167,Roberto(USA),0000333862,サンデーサイレンス(USA)
0001139827,ワイレアワヒネ,0000287925,タイキシャトル(USA),0000761824,プリティタヤス,0000337092,Devil's Bag(USA),0000256512,マーベラスサンデー
0000742580,ワキノエクセル,0000299155,エルコンドルパサー(USA),0000441320,クローズ(USA),0000347989,Kingmambo(USA),0000336082,Danzig(USA)
0000701621,ワキノカイザー,0000255813,マヤノトップガン,0000274792,サンデーエイコーン,0000333844,ブライアンズタイム(USA),0000333862,サンデーサイレンス(USA)
0001152899,ワキノヒビキ,0000762497,オンファイア,0000734767,ワキノバクシン,0000333862,サンデーサイレンス(USA),0000225628,サクラバクシンオー
0001120005,ワキノブレイブ,0000298971,マイネルラヴ(USA),0000324398,ザフェイツ,0000337444,Seeking the Gold(USA),0000333844,ブライアンズタイム(USA)
0001205273,ワグネリアン,0000742976,ディープインパクト,0000989953,ミスアンコール,0000333862,サンデーサイレンス(USA),0000729458,キングカメハメハ
0000993118,ワシャモノタリン,0000617479,エアエミネム(IRE),0000328920,ジョウネツノアラシ,0000337424,デインヒル(USA),0000337421,アフリート(CAN)
0000287871,ワシントンカラー,0000340630,ブラックタイアフェアー(IRE),0000431550,Jump With Joy(USA),0000336395,Miswaki(USA),0000336208,Linkage(USA)
0000731086,ワディラム,0000333862,サンデーサイレンス(USA),0000384149,ワディア(USA),0000335154,Halo(USA),0000334968,Lyphard(USA)
0000709040,ワナ,0000262443,フジキセキ,0000275654,メロンパン(USA),0000333862,サンデーサイレンス(USA),0000337450,Theatrical(IRE)
0001188387,ワラッチャウヨネ,0000742976,ディープインパクト,0000882431,クリームパフ,0000333862,サンデーサイレンス(USA),0000333844,ブライアンズタイム(USA)
0000804973,ワルキューレ,0000286968,ステイゴールド,0000318856,キョウエイセオリー,0000333862,サンデーサイレンス(USA),0000340528,ジェネラス(IRE)
0000313852,ワンアンドオンリー,0000333849,エブロス(USA),0000241387,ランクアップ,0000335975,Mr. Prospector(USA),0000333608,ミルジヨージ(USA)
0000744212,ワンアンドオール,0000369802,Arch(USA),0000634725,アッファビリティー(USA),0000336209,Kris S.(USA),0000340629,Unbridled(USA)
0000253582,ワンカラット,0000333757,ノーリユート(FR),0000158467,ダイナデライト,0000334060,Luthier(FR),0000333544,ノーザンテースト(CAN)
0001170982,ワンスインアライフ,0000804714,ドリームジャーニー,0000796876,エレガントトーク(USA),0000286968,ステイゴールド,0000337496,Machiavellian(USA)
0001175289,ワンスインナムーン,0000760877,アドマイヤムーン,0000989451,ツーデイズノーチス,0000361855,エンドスウィープ(USA),0000333887,ヘクタープロテクター(USA)
0001231931,ワンダフルデイズ,0000299089,グラスワンダー(USA),0000885808,エナジーワイルド,0000336890,Silver Hawk(USA),0000372284,カリズマティック(USA)
0001173365,ワンダフルラッシュ,0000849057,バゴ(FR),0000994560,アドマイヤパンチ,0000342649,Nashwan(USA),0000369358,ワイルドラッシュ(USA)
0000243775,ワンダフルワールド,0000333792,スリルシヨー(USA),0000138440,ノビアボニータ,0000335989,Northern Baby(CAN),0000333257,パーソロン(IRE)
0000309566,ワンダーアキュート,0000337008,ダハール(USA),0000188172,トーヨーチグサ,0000334968,Lyphard(USA),0000333637,ロイヤルスキー(USA)
0001149133,ワンダーアツレッタ,0000749845,エンパイアメーカー(USA),0000297626,ワンダーマッスル,0000340629,Unbridled(USA),0000333846,キンググローリアス(USA)
0001107026,ワンダーコロアール,0000714411,ケイムホーム(USA),0000705549,ワンダーマドンナ,0000337432,Gone West(USA),0000263178,ピルサドスキー(IRE)
0000613155,ワンダーシアトル,0000336880,シアトルダンサーⅡ(USA),0000170156,ワンダーレジスト,0000333996,Nijinsky(CAN),0000061253,トウシヨウボーイ
0000701924,ワンダーシンゲキ,0000339572,オペラハウス(GB),0000212278,フレイバーギフト,0000336572,Sadler's Wells(USA),0000124927,カツラギエース
0000803017,ワンダースティーヴ,0000372848,キャプテンスティーヴ(USA),0000297626,ワンダーマッスル,0000339929,Fly So Free(USA),0000333846,キンググローリアス(USA)
0000055123,ワンダースピード,0000004055,セントモレナ,0000377524,サラ　センヒメ,0000333115,サラ　ライジングフレーム(IRE),0000001319,フアイナルスコア(NZ)
0000726095,ワンダータフネス,0000255813,マヤノトップガン,0000154852,タカハギ,0000333844,ブライアンズタイム(USA),0000333635,リイフオー(GB)
0000724720,ワンダードリーム,0000365957,ドリームウェル(FR),0000274814,サフィーロ,0000336572,Sadler's Wells(USA),0000182479,キャロルハウス(IRE)
0000723261,ワンダーハヤブサ,0000333886,スキャン(USA),0000217837,オオシマソフィー,0000335975,Mr. Prospector(USA),0000335991,Pleasant Colony(USA)
0000613143,ワンダーハーブ,0000333898,エルハーブ(USA),0000201160,ホッポウマリア,0000337339,Chief's Crown(USA),0000098122,アンバーシヤダイ
0001170566,ワンダーピルエット,0000749845,エンパイアメーカー(USA),0000758763,ワンダーグラス,0000340629,Unbridled(USA),0000299089,グラスワンダー(USA)
0000225187,ワンダーフルフィル,0000333707,リアルシヤダイ(USA),0000145815,ダイナフイーリング,0000335167,Roberto(USA),0000333544,ノーザンテースト(CAN)
0001189012,ワンダープチュック,0000722158,ハーツクライ,0000897685,ウイングドキャット(USA),0000333862,サンデーサイレンス(USA),0000337102,Storm Cat(USA)
0000059908,ワンダーボーイ,0000333323,パーシア(GB),0000378239,ミニキン(NZ),0000334414,Persian Gulf(GB),0000334090,Alpenhorn(GB)
0000802050,ワンダーポデリオ,0000337550,フォーティナイナー(USA),0000284105,アラマサブレーヴ,0000335975,Mr. Prospector(USA),0000336853,ダンシングブレーヴ(USA)
0000734997,ワンダーマッハー,0000365159,チーフベアハート(CAN),0000297626,ワンダーマッスル,0000337339,Chief's Crown(USA),0000333846,キンググローリアス(USA)
0000885906,ワンダームシャ,0000745529,アラムシャー(IRE),0000297626,ワンダーマッスル,0000361071,Key of Luck(USA),0000333846,キンググローリアス(USA)
0000804338,ワンダールストラー,0000362599,ラムタラ(USA),0000313303,ワンダーカピターナ,0000333996,Nijinsky(CAN),0000339534,ロドリゴデトリアーノ(USA)
0000208316,ワンダーロード,0000333763,デイカードレム(USA),0000071051,ホマレダケ,0000335132,What a Pleasure(USA),0000333459,アステツク(FR)
0001173676,ワントゥワン,0000742976,ディープインパクト,0001003711,ワンカラット,0000333862,サンデーサイレンス(USA),0000626942,ファルブラヴ(IRE)
0001168182,ワンブレスアウェイ,0000286968,ステイゴールド,0000620010,ストレイキャット,0000333862,サンデーサイレンス(USA),0000337102,Storm Cat(USA)
0000887672,ワンモアグリッター,0000619768,ゴールドアリュール,0000317951,ワンモアアリュール,0000333862,サンデーサイレンス(USA),0000333874,ジェイドロバリー(USA)
0000701630,ワンモアチャッター,0000263174,ペンタイア(GB),0000213898,スケアヘッドライン,0000335936,Be My Guest(USA),0000333758,パドスール(GB)
0000614764,ワンモアディネロ,0000274883,ダンスインザダーク,0000220314,ワンモアラブウエイ,0000333862,サンデーサイレンス(USA),0000158501,ダイナコスモス
0000329183,ワンモアマイライン,0000179021,サツカーボーイ,0000209292,ロイヤルタイム,0000333664,デイクタス(FR),0000333749,ナグルスキー(CAN)
0000205626,ワーキングボーイ,0000333411,サラ　ロードリージ(USA),0000084581,ミユキフロルア,0000335850,Sir Gaylord(USA),0000455893,フロルア(FR)
0001207919,ワークアンドラブ,0001025279,シニスターミニスター(USA),0001112862,ハナライ(USA),0000369550,Old Trieste(USA),0000721553,Medaglia d'Oro(USA)
0001296417,ワーザー,0001099798,Tavistock(NZ),0001296416,Bagalollies(AUS),0000369845,Montjeu(IRE),0000342033,Zabeel(NZ)
0000852584,ワールドアベニュー,0000369336,Indian Charlie(USA),0000852039,Miriams Jewel(USA),0000339710,In Excess(IRE),0000337423,Cozzene(USA)
0001142303,ワールドインパクト,0000742976,ディープインパクト,0000999068,ペンカナプリンセス(IRE),0000333862,サンデーサイレンス(USA),0000365118,Pivotal(GB)
0000008594,ワールドエース,0000000882,リンボー(USA),0000377397,シヤンチリー,0000334576,War Admiral(USA),0000333107,ヴイーノーピユロー(ARG)
0000291686,ワールドクリーク,0000333813,マジツクミラー(GB),0000209017,ケイシュウハーブ,0000336085,Nureyev(USA),0000333691,ミシシツピアン(USA)
0000064736,ワールドシチー,0000005481,ヤマジヨー,0000459562,ダイニホンゴウ,0000001456,サチミノリ,0000007109,ゲンタロウ
0001232207,ワールドスケール,0001111008,ワールドエース,0000890338,アモーレヴォレ,0000742976,ディープインパクト,0000321138,アグネスデジタル(USA)
0000075475,ワールドセイハ,0000455697,センジユ,0000459448,ミスタグオン,0000455633,方景,0000003749,サラ　カツラシユウホウ
0001190999,ワールドツアラー,0000708926,ウインクリューガー,0001092743,フィジークルーズ,0000287925,タイキシャトル(USA),0000287733,スピードワールド(USA)
0001105563,ワールドハンター,0000333886,スキャン(USA),0000611698,エスカペード,0000335975,Mr. Prospector(USA),0000333707,リアルシヤダイ(USA)
0001185828,ワールドフォーラブ,0000742976,ディープインパクト,0000723109,ユニバーサル,0000333862,サンデーサイレンス(USA),0000333844,ブライアンズタイム(USA)
0000993597,ワールドプレミア,0000324933,アグネスタキオン,0000383827,ポインテッドパス(GB),0000333862,サンデーサイレンス(USA),0000336087,Kris(GB)
0001139013,ワールドマッチ,0001099904,コンデュイット(IRE),0000743032,パーフェクトマッチ,0000745340,Dalakhani(IRE),0000333862,サンデーサイレンス(USA)
0001120432,ワールドレーヴ,0000369753,ファンタスティックライト(USA),0000329252,エルメスティアラ,0000337553,Rahy(USA),0000333844,ブライアンズタイム(USA)
0000241523,ワールドワイド,0000333820,ストームオンザルース(CAN),0000042131,ハゴロモイチバン,0000334968,Lyphard(USA),0000333277,タマナー(FR)
0001127050,ワールンガ,0000760877,アドマイヤムーン,0001078552,カトゥーンバ(GB),0000361855,エンドスウィープ(USA),0000349487,Forest Wildcat(USA)
0001139066,ヴァイサーリッター,0000619835,デュランダル,0000743132,ブランシュネージュ,0000333862,サンデーサイレンス(USA),0000225628,サクラバクシンオー
0001204131,ヴァイザー,0001178418,ノヴェリスト(IRE),0000808257,ヴァイスハイト,0000361091,Monsun(GER),0000309184,アドマイヤベガ
0000295075,ヴァイタルトラック,0000337008,ダハール(USA),0000197718,マイグローリア,0000334968,Lyphard(USA),0000333640,ブレイヴエストローマン(USA)
0000701718,ヴァドヴィーツェ,0000365099,エリシオ(FR),0000247108,コンクラーベ,0000337427,Fairy King(USA),0000098122,アンバーシヤダイ
0001088303,ヴァナディース,0000714421,ロックオブジブラルタル(IRE),0000274856,マストビーラヴド,0000337424,デインヒル(USA),0000333862,サンデーサイレンス(USA)
0001192423,ヴァナヘイム,0000729458,キングカメハメハ,0001088300,グルヴェイグ,0000347989,Kingmambo(USA),0000742976,ディープインパクト
0001215199,ヴァニラアイス,0000901749,キンシャサノキセキ(AUS),0000728093,アジタート,0000262443,フジキセキ,0000287925,タイキシャトル(USA)
0001154819,ヴァフラーム,0001115148,ハービンジャー(GB),0000805457,ファーストチェア,0000372531,Dansili(GB),0000325200,ジャングルポケット
0000889497,ヴァリアントレディ,0000731452,ウォーエンブレム(USA),0000384059,ランバダレディ(USA),0000362883,Our Emblem(USA),0000335964,Seattle Slew(USA)
0000726829,ヴァルパライソ,0000333862,サンデーサイレンス(USA),0000384150,トコピジャ(ARG),0000335154,Halo(USA),0000344471,El Basco(USA)
0001175168,ヴァンキッシュラン,0000742976,ディープインパクト,0001128885,リリーオブザヴァレー(FR),0000333862,サンデーサイレンス(USA),0000714343,Galileo(IRE)
0000736108,ヴァンクルタテヤマ,0000337550,フォーティナイナー(USA),0000284076,フラワータテヤマ,0000335975,Mr. Prospector(USA),0000333844,ブライアンズタイム(USA)
0001101689,ヴァンセンヌ,0000742976,ディープインパクト,0000261386,フラワーパーク,0000333862,サンデーサイレンス(USA),0000129863,ニホンピロウイナー
0001046179,ヴァンダライズ,0000274883,ダンスインザダーク,0000408048,ピンクタートル(USA),0000333862,サンデーサイレンス(USA),0000335274,Blushing Groom(FR)
0001221954,ヴァンドギャルド,0000742976,ディープインパクト,0001209457,スキア(FR),0000333862,サンデーサイレンス(USA),0000897467,Motivator(GB)
0001112865,ヴァンヌーヴォー,0000347612,Cherokee Run(USA),0001083693,ニューチャプターⅡ(USA),0000339965,Runaway Groom(CAN),0000339653,A.P. Indy(USA)
0001119323,ヴァンフレーシュ,0000225628,サクラバクシンオー,0000310493,ティエッチグリーン(USA),0000145106,サクラユタカオー,0000347989,Kingmambo(USA)
0001087913,ヴァーゲンザイル,0000701577,ネオユニヴァース,0000262262,クイーンソネット,0000333862,サンデーサイレンス(USA),0000333544,ノーザンテースト(CAN)
0000742999,ヴァーミリアン,0000299155,エルコンドルパサー(USA),0000298313,スカーレットレディ,0000347989,Kingmambo(USA),0000333862,サンデーサイレンス(USA)
0000806948,ヴィアラクテア,0000324933,アグネスタキオン,0000408749,ステラマドリッド(USA),0000333862,サンデーサイレンス(USA),0000336305,Alydar(USA)
0000307182,ヴィエントシチー,0000337100,シャーラスタニ(USA),0000224100,ニホンピロクィーン,0000333996,Nijinsky(CAN),0000129863,ニホンピロウイナー
0001201164,ヴィオトポス,0000762445,マツリダゴッホ,0000612190,マイネヴィータ,0000333862,サンデーサイレンス(USA),0000249114,ナリタブライアン
0001167984,ヴィガーエッジ,0000729458,キングカメハメハ,0000615757,エラドゥーラ(USA),0000347989,Kingmambo(USA),0000339830,Sultry Song(USA)
0000806443,ヴィクトリアアイ,0000333844,ブライアンズタイム(USA),0000383744,キャットクイル(CAN),0000335167,Roberto(USA),0000337102,Storm Cat(USA)
0000802286,ヴィクトリー,0000333844,ブライアンズタイム(USA),0000286924,グレースアドマイヤ,0000335167,Roberto(USA),0000161740,トニービン(IRE)
0001092233,ヴィクトリースター,0000742976,ディープインパクト,0000449545,ヴィクトリークライ(IRE),0000333862,サンデーサイレンス(USA),0000336202,Caerleon(USA)
0001046475,ヴィクトリーマーチ,0000324933,アグネスタキオン,0000449545,ヴィクトリークライ(IRE),0000333862,サンデーサイレンス(USA),0000336202,Caerleon(USA)
0000309394,ヴィクトリーラン,0000214308,レオダーバン,0000231859,グリンペルセ,0000069360,マルゼンスキー,0000335155,Stop the Music(USA)
0001046333,ヴィクトワールピサ,0000701577,ネオユニヴァース,0000439039,ホワイトウォーターアフェア(GB),0000333862,サンデーサイレンス(USA),0000337496,Machiavellian(USA)
0001091073,ヴィジャイ,0000742976,ディープインパクト,0000326014,オイスターチケット,0000333862,サンデーサイレンス(USA),0000230809,ウイニングチケット
0001141705,ヴィスビー,0000701577,ネオユニヴァース,0000899501,アルヴィス(USA),0000333862,サンデーサイレンス(USA),0000362868,Mr. Greeley(USA)
0000735766,ヴィフォルテ,0000337848,デヒア(USA),0000315223,ロマンスプレゼント,0000338072,Deputy Minister(CAN),0000333901,ティンバーカントリー(USA)
0001169235,ヴィブロス,0000742976,ディープインパクト,0000727544,ハルーワスウィート,0000333862,サンデーサイレンス(USA),0000337496,Machiavellian(USA)
0001107937,ヴィルシーナ,0000742976,ディープインパクト,0000727544,ハルーワスウィート,0000333862,サンデーサイレンス(USA),0000337496,Machiavellian(USA)
0001128935,ヴィルジニア,0000714343,Galileo(IRE),0000853284,シルヴァースカヤ(USA),0000336572,Sadler's Wells(USA),0000336890,Silver Hawk(USA)
0000298453,ヴィンテージイヤー,0000333544,ノーザンテースト(CAN),0000225207,ニューモルト,0000334002,Northern Dancer(CAN),0000333707,リアルシヤダイ(USA)
0000804093,ヴィヴィッドカラー,0000274883,ダンスインザダーク,0000309189,アドマイヤライト,0000333862,サンデーサイレンス(USA),0000336209,Kris S.(USA)
0001142689,ヴィータアレグリア,0000701577,ネオユニヴァース,0001086781,カクタスペア(USA),0000333862,サンデーサイレンス(USA),0000875857,Lion Heart(USA)
0000701842,ヴィータローザ,0000333862,サンデーサイレンス(USA),0000383656,ローザネイ(FR),0000335154,Halo(USA),0000334968,Lyphard(USA)
0001190396,ヴィーナスアロー,0001085636,パイロ(USA),0001046228,スパートル,0000337958,Pulpit(USA),0000701668,ゼンノロブロイ
0001189883,ヴィーナスフローラ,0000722158,ハーツクライ,0000999062,サパス(USA),0000333862,サンデーサイレンス(USA),0000347989,Kingmambo(USA)
0001047329,ヴィーヴァギブソン,0000237704,ホワイトマズル(GB),0000619772,セーヌフロウ,0000336853,ダンシングブレーヴ(USA),0000333901,ティンバーカントリー(USA)
0000990719,ヴィーヴァヴォドカ,0000274883,ダンスインザダーク,0000302440,トウカイステラ,0000333862,サンデーサイレンス(USA),0000207623,トウカイテイオー
0000763922,ヴイプラド,0000340508,El Prado(IRE),0000287715,グレースフルマナー(USA),0000336572,Sadler's Wells(USA),0000335907,Cure the Blues(USA)
0001108776,ヴェアデイロス,0000225628,サクラバクシンオー,0000737132,マザーレイク,0000145106,サクラユタカオー,0000333862,サンデーサイレンス(USA)
0001106543,ヴェアリアスムーン,0000337421,アフリート(CAN),0000700711,シビリアンゴッデス,0000335975,Mr. Prospector(USA),0000362599,ラムタラ(USA)
0001093971,ヴェイロン,0000729458,キングカメハメハ,0000706207,ヘヴンリーロマンス,0000347989,Kingmambo(USA),0000333862,サンデーサイレンス(USA)
0001171469,ヴェゼール,0001085636,パイロ(USA),0000805538,タケイチゼット,0000337958,Pulpit(USA),0000361351,タバスコキャット(USA)
0001154678,ヴェラヴァルスター,0000722158,ハーツクライ,0000803331,レツィーナ,0000333862,サンデーサイレンス(USA),0000372848,キャプテンスティーヴ(USA)
0001155940,ヴェルステルキング,0000225628,サクラバクシンオー,0000891655,サルスエラ,0000145106,サクラユタカオー,0000324971,マンハッタンカフェ
0001104265,ヴェルティゴ,0000762497,オンファイア,0000324000,レスティヴコマンダ,0000333862,サンデーサイレンス(USA),0000333894,コマンダーインチーフ(GB)
0001095598,ヴェルデグリーン,0000325200,ジャングルポケット,0000737513,レディーダービー,0000161740,トニービン(IRE),0000293624,スペシャルウィーク
0000807962,ヴェルトマイスター,0000324971,マンハッタンカフェ,0000622100,プラウドウイングス(GER),0000333862,サンデーサイレンス(USA),0000342010,Dashing Blade(GB)
0001221719,ヴェロックス,0001106251,ジャスタウェイ,0001148415,セルキス(GER),0000722158,ハーツクライ,0000361091,Monsun(GER)
0001207541,ヴェロニカグレース,0001115148,ハービンジャー(GB),0001102853,エンジェルフォール,0000372531,Dansili(GB),0000325200,ジャングルポケット
0001128787,ヴォトレメイヤー,0000347519,Gilded Time(USA),0000796670,Tight Shoes(USA),0000337084,Timeless Moment(USA),0000365210,Smart Strike(CAN)
0001136059,ヴォルシェーブ,0000701577,ネオユニヴァース,0000451540,ヴェイルオブアヴァロン(USA),0000333862,サンデーサイレンス(USA),0000361977,サンダーガルチ(USA)
0000852527,ヴォルテクス,0000337424,デインヒル(USA),0000422398,Roupala(USA),0000336082,Danzig(USA),0000333923,Vaguely Noble(GB)
0001099065,ヴォワライシ,0000365083,Daylami(IRE),0000860690,Far Hope(GB),0000337282,Doyoun(IRE),0000337692,Barathea(IRE)
0001109552,ヴォーグトルネード,0000701577,ネオユニヴァース,0000758097,スマイルポジション,0000333862,サンデーサイレンス(USA),0000337421,アフリート(CAN)
0001172260,ヴォージュ,0000992448,ナカヤマフェスタ,0000887262,ギュイエンヌ,0000286968,ステイゴールド,0000611525,タニノギムレット
0001186882,ヴゼットジョリー,0000619817,ローエングリン,0000750375,フレンチビキニ,0000263172,Singspiel(IRE),0000333862,サンデーサイレンス(USA)
0001102844,ヴュルデバンダム,0000274883,ダンスインザダーク,0000298324,ウイッシュバンダム,0000333862,サンデーサイレンス(USA),0000336348,リファーズウィッシュ(FR)
0000774786,ヴリル,0000333862,サンデーサイレンス(USA),0000621226,ファントムクリーク(GB),0000335154,Halo(USA),0000335975,Mr. Prospector(USA)
0000722886,ヴンダー,0000262443,フジキセキ,0000284085,エーピーダイヤ,0000333862,サンデーサイレンス(USA),0000161740,トニービン(IRE)
馬単,馬単,,,,,,,,
３連複,３連複,,,,,,,,
0001152886,ノブワイルド,0000742999,ヴァーミリアン,0000734517,コウエイベスト,0000299155,エルコンドルパサー(USA),0000098122,アンバーシヤダイ
0000735255,ブルーフランカー,0000255813,マヤノトップガン,0000315965,ブルースターライト,0000333844,ブライアンズタイム(USA),0000069360,マルゼンスキー
0001155779,ベルラップ,0000722158,ハーツクライ,0000889475,ベルスリーブ,0000333862,サンデーサイレンス(USA),0000700008,シンボリクリスエス(USA)
0000457952,ベルーガ,0000000960,タイコウ,0000456775,リリー,0000455631,ラミー(FR),0000333076,サラ　セントライト
0000714262,ベレノス,0000369512,Awesome Again(CAN),0000426763,Sun Blush(USA),0000338072,Deputy Minister(CAN),0000337527,オジジアン(USA)
0000307089,ホットシークレット,0000333893,ハンティングホーク(IRE),0000206895,スダナデシコ,0000336572,Sadler's Wells(USA),0000030382,タイテエム
0000803814,ホットファッション,0000293624,スペシャルウィーク,0000306899,シンシンパッション,0000333862,サンデーサイレンス(USA),0000333887,ヘクタープロテクター(USA)
0001141007,ホットランナー,0000725485,ダイワメジャー,0000853093,ホットレッグス,0000333862,サンデーサイレンス(USA),0000714343,Galileo(IRE)
0000296199,ボーイフレンド,0000333593,ラツキーソブリン(USA),0000105365,ニツトウカラード,0000333996,Nijinsky(CAN),0000333566,カラード(FR)
0000611919,ボールドブライアン,0000333844,ブライアンズタイム(USA),0000431290,シジェームサン(USA),0000335167,Roberto(USA),0000341670,Septieme Ciel(USA)
0001167148,ボールライトニング,0000725485,ダイワメジャー,0000321146,デフィニット(USA),0000333862,サンデーサイレンス(USA),0000337848,デヒア(USA)
0000325218,ボーンキング,0000333862,サンデーサイレンス(USA),0000383657,バレークイーン(IRE),0000335154,Halo(USA),0000336572,Sadler's Wells(USA)
0000738075,ポライトストーン,0000337421,アフリート(CAN),0000245264,ロイヤルティアラ,0000335975,Mr. Prospector(USA),0000333544,ノーザンテースト(CAN)
0001190711,ポールヴァンドル,0000725485,ダイワメジャー,0001053751,レディドーヴィル(FR),0000333862,サンデーサイレンス(USA),0000372610,ファスリエフ(USA)
0000726797,マイケルバローズ,0000287925,タイキシャトル(USA),0000296056,トウヨウロイヤル,0000337092,Devil's Bag(USA),0000341457,ロイヤルアカデミーⅡ(USA)
0000760815,マイネルパイレット,0000225913,パラダイスクリーク(USA),0000324615,ニシノパイレーツ,0000336421,Irish River(FR),0000145106,サクラユタカオー
0000804708,マイディアサン,0000299089,グラスワンダー(USA),0000316385,マクリス,0000336890,Silver Hawk(USA),0000336862,グルームダンサー(USA)
0001184845,マイネルパラディ,0000801447,スクリーンヒーロー,0000449073,ロワージ(GB),0000299089,グラスワンダー(USA),0000336430,Green Desert(USA)
0000800851,マイニングゴールド,0000362799,フレンチデピュティ(USA),0000263157,チーター(USA),0000338072,Deputy Minister(CAN),0000337444,Seeking the Gold(USA)
0000708065,マイネルヒルシュ,0000365159,チーフベアハート(CAN),0000236601,ポットウィンキー,0000337339,Chief's Crown(USA),0000336129,トライマイベスト(USA)
0000804995,マイネルアンサー,0000214562,スターオブコジーン(USA),0000319085,オグリクェスチョン,0000337423,Cozzene(USA),0000333894,コマンダーインチーフ(GB)
0000882317,マイネルファルケ,0000369765,ムタファーウエク(USA),0000224760,ビンゴハナコ,0000336890,Silver Hawk(USA),0000333769,パークリージエント(CAN)
0001095477,マイネルギブソン,0000611525,タニノギムレット,0000736068,マイネメリアン,0000333844,ブライアンズタイム(USA),0000365262,パントレセレブル(USA)
0000701072,マイネルダオス,0000340066,ディアブロ(USA),0000125541,ルツキングダイナ,0000337092,Devil's Bag(USA),0000333544,ノーザンテースト(CAN)
0001206543,マイネルファンロン,0000286968,ステイゴールド,0001047973,マイネテレジア,0000333862,サンデーサイレンス(USA),0000848478,ロージズインメイ(USA)
