horse_id,name,sex,birth_year,birth_date,color,breeder,owner,total_earnings,total_starts,total_wins,profile_scraped
0000308300,Adomaiyakojiin,Male,,,,,,0.0,0.0,0.0,1
0000298477,Divainraito,Male,,1995.05.10,Kage,Shadaifaamu,(Ari) Shadaireesuhoosu,216359000.0,26.0,4.0,1
0000324771,Daabiireguno,Male,,1998.04.07,Kurige,Shadaibokujou,(Kabu) Daabiisha,226627000.0,43.0,3.0,1
0000321231,Iigurukafe,Male,,,,,,0.0,0.0,0.0,1
0000324224,Torasutofaiyaa,Male,,1998.03.21,Kage,Hokuseimuratabokujou,Suganami Man,119921000.0,25.0,4.0,1
0000196973,Suteingaa,Female,,1987.04.25,Kage,Akatsuki Bokujou,Takekuni Hiroshi,1200000.0,4.0,0.0,1
0000329164,Biggugoorudo,Male,,1998.03.21,Kage,Shimokoubebokujou,Shimada Takanori,351791000.0,94.0,13.0,1
0000198604,Goddoobuchansu,Male,,1987.04.23,Kage,Maekoufuaamu,(Ari) Noosuhiruzumanejimento,810000.0,7.0,0.0,1
0000298562,Taikiburaidoru,Male,,1995.04.01,Kage,Taijufaamu,(Ari) Taijufaamu,188009000.0,31.0,5.0,1
0000313871,Toppupurotekutaa,Male,,1997.04.08,Kurige,Miyauchibokujou,(Ari) Miyauchibokujou,235613000.0,47.0,7.0,1
0000310618,Zakariya,Male,,1996.02.26,Kage,Blue Blood Investments,Date Shuuwa,162982000.0,27.0,3.0,1
0000281571,Nippooatorasu,Male,,1994.05.23,Kuroshikage,Nojimabokujou,(Kabu) Enu・Aaru・Yuu,178875000.0,43.0,7.0,1
0000308938,Bihaindozamasuku,Female,,1996.04.24,Kage,Shadaifaamu,(Ari) Sandeereeshingu,320646000.0,23.0,10.0,1
0000324989,Daiyamondobikoo,Female,,1998.05.25,Kage,Shadaifaamu,Oosako Nin,333619000.0,23.0,7.0,1
0000319223,Fusaichiyuukyan,Female,,1997.03.09,Kage,Shimokoubebokujou,Sekiguchi Fusao,134399000.0,31.0,5.0,1
0000316322,Eatouure,Female,,,,,,0.0,0.0,0.0,1
0000308307,Taikipoora,Female,,1996.04.28,Tochikurige,Taijufaamu,(Ari) Taijufaamu,162672000.0,32.0,7.0,1
0000316372,Jiemiidoresu,Female,,1997.05.28,Kuroshikage,Shadaifaamu,Yoshida Teruya,188900000.0,27.0,6.0,1
0000308304,Taikitouinkuru,Female,,1996.05.13,Kage,Taijufaamu,(Ari) Taijufaamu,72225000.0,20.0,4.0,1
0000316530,Pinkupurumeria,Female,,1997.05.12,Kurige,Noozanfaamu,Kaneko Masato,89318000.0,22.0,5.0,1
0000317504,Fuyuuchasandee,Female,,1997.04.28,Aokage,Kawakamibokujou,Hirosaki Toshihiro,98447000.0,38.0,3.0,1
0000327895,Neemuvaryuu,Female,,1998.03.03,Kage,Hinobokujou,(Ari) Hinobokujou,312994000.0,29.0,10.0,1
0000301791,Eishinruudensu,Female,,,,,,0.0,0.0,0.0,1
0000308952,Kuruupiasutaa,Female,,,,,,0.0,0.0,0.0,1
0000620418,Chiazushutaruku,Male,,1999.03.30,Kage,Nakanofaamu,Kitamura Kiyoko,120375000.0,13.0,3.0,1
0000612577,Sanvaree,Male,,1999.05.05,Aokage,Urakawanisseibokujou,Hayashi Susumu,74970000.0,33.0,4.0,1
0000620068,Seikooakademii,Male,,1999.01.31,Kuroshikage,Noozanfaamu,Takekuni Hiroshi,125174000.0,35.0,4.0,1
0000611923,Sasuga,Male,,1999.02.21,Kuroshikage,Chiyodabokujou,Ichikawa Yoshimi,44593000.0,13.0,3.0,1
0000617506,Ribaatorejaa,Male,,1999.05.27,Kurige,Iiokabokujou,Kawagoe Takeji,23804000.0,24.0,2.0,1
0000704084,Kokomokingu,Male,,1999.06.05,Kuroshikage,David G. Campbell,Kanekomasatohoorudingusu (Kabu),62304000.0,18.0,4.0,1
0000612970,Choukaifuraito,Male,,1999.03.01,Kuroshikage,Tanigawabokujou,(Kabu) Hiratabokujou,126896000.0,55.0,4.0,1
0000611468,Santoniibin,Male,,1999.04.28,Kage,Okanobokujou,Nagai Keiji,49453000.0,26.0,2.0,1
0000611946,Sutoronguburaddo,Male,,1999.03.13,Kage,Chiyodabokujou,Muraki Atsushi,326952000.0,38.0,8.0,1
0000619603,Aiamutsuyoshi,Male,,,,,,0.0,0.0,0.0,1
0000618726,Wairudoyuusu,Male,,1999.05.24,Kuroshikage,Miyoshibokujou,Takezaki Daiakira,60697000.0,26.0,3.0,1
0000619805,Raibuinzamuun,Male,,1999.05.24,Kurige,Shadaifaamu,Shutou Toku,71642000.0,44.0,3.0,1
0000619770,Roiyarumairu,Male,,1999.03.15,Kurige,Oiwakefaamu,(Ari) Shadaireesuhoosu,34378000.0,20.0,3.0,1
0000613272,Naritakisekibooi,Male,,1999.05.14,Kurige,Motosu Atsushi,Shirai Gaku,106975000.0,47.0,7.0,1
0000275550,Geiriifurasshu,Male,,1993.02.28,Kage,Ballylinch Stud Ltd,Itou Kazuhiko,251276000.0,78.0,7.0,1
0000308962,Saikyousandee,Male,,1996.04.28,Kurige,Shadaifaamu,Okumoto Ken'Ichirou,172991000.0,30.0,5.0,1
0000320781,Aiteiisuwaroo,せん,,,,,,0.0,0.0,0.0,1
0000315411,Namuramaika,Female,,1997.04.28,Kage,Hattafaamu,Namura Nobushige,161124000.0,48.0,5.0,1
0000310603,Taikidaiya,Female,,1996.04.01,Kage,Taiki Farm,(Ari) Taijufaamu,150220000.0,19.0,4.0,1
0000305439,Torottosutaa,Male,,1996.05.11,Kage,Ogifukumiyoshifuaamu,Takano Minoru,472395000.0,34.0,8.0,1
0000304748,Noboriyukioo,Male,,1996.06.28,Kage,Hidakataiyoubokujou,Harada Yutaka,135041000.0,39.0,6.0,1
0000299422,Jonkaranotegami,Male,,1995.02.26,Kurige,Thomas P. Keenan,Chida Yukinobu,165411000.0,34.0,7.0,1
0000327360,Rikiaitaikan,Male,,1998.02.25,Kurige,Okadabokujou,Shimizu Tokukatsu,284142000.0,66.0,6.0,1
0000327393,Kitasanchanneru,Male,,,,,,0.0,0.0,0.0,1
0000325017,Fusaichioore,Male,,1998.03.06,Kuroshikage,Shadaifaamu,Sekiguchi Fusao,115332000.0,34.0,5.0,1
0000615576,Rokkiiapiiru,Male,,1998.03.04,Kage,"Mockingbird Farm, Inc.",Kaneko Masato,222122000.0,56.0,10.0,1
0000306881,Suniikaa,Female,,1996.04.14,Kage,Chiyodabokujou,Iida Seigou,83462000.0,35.0,5.0,1
0000271595,Keiwanbaikingu,せん,,1993.05.08,Kage,Touhokubokujou,Kitamura Kazuya,315987000.0,44.0,9.0,1
0000305789,Furenchipasshon,Female,,1996.03.01,Kuroshikage,Hayashi Jisaku,Yoshida Osamu,60187000.0,29.0,5.0,1
0000304319,Ramujiettoshichii,Male,,1996.03.15,Kage,Shimokoubebokujou,(Kabu) Tomoshunhoosukurabu,83160000.0,25.0,5.0,1
0000303333,Tamamohibiki,Male,,1996.05.22,Kuroshikage,Niikappuitoubokujou,Tamamo (Kabu),169477000.0,43.0,7.0,1
0000325026,Uinshunaito,Male,,,,,,0.0,0.0,0.0,1
0000330173,Daitakubaatoramu,Male,,1998.04.02,Kage,Masa Bokujou,Kurosaki Noboru,425696000.0,36.0,8.0,1
0000313498,Ankurusuupaa,Male,,,,,,0.0,0.0,0.0,1
0000296694,Banbuumariatchi,Male,,1995.06.02,Kage,Banbuubokujou,(Ari) Banbuubokujou,233102000.0,64.0,10.0,1
0000301959,Oosumiburaito,Male,,,,,,0.0,0.0,0.0,1
0000283726,Miyagirodorigo,Male,,1994.04.16,Kurige,Nakamura Kouzou,Sugawara Mitsuhiro,213490000.0,67.0,7.0,1
0000319149,Uinmaaberasu,Male,,,,,,0.0,0.0,0.0,1
0000325753,Agunesusutoomu,Male,,,,,,0.0,0.0,0.0,1
0000295386,Puremiamubaraado,Male,,1995.03.13,Kurige,Hayatabokujouniikappushijou,Nakanishi Hiroaki,109067000.0,46.0,5.0,1
0000319991,Toohoudoriimu,Male,,1997.05.26,Ashige,Miwa Minoru,Touhoubussan (Kabu),173855000.0,31.0,6.0,1
マイネルタンゴ,Mainerutango,Male,,,,,,,,,1
0000309052,Kontakuto,Male,,1996.03.12,Kurige,Shiraoifaamu,(Ari) Shadaireesuhoosu,112989000.0,28.0,6.0,1
0000298152,Joobigguban,Male,,1995.03.15,Kage,Hokkaidounarashinobokujou,Ueda Keiko,252701000.0,29.0,6.0,1
0000298276,Kurafutomanshippu,Male,,,,,,0.0,0.0,0.0,1
マイネルライツ,Maineruraitsu,Male,,,,,,,,,1
0000321249,Kinguzafakuto,Male,,,,,,0.0,0.0,0.0,1
0000316465,Fusaichiranhaato,Male,,1997.06.02,Kuroshikage,Noozanfaamu,Sekiguchi Fusao,133912000.0,21.0,5.0,1
0000301872,Toshizabui,Male,,1996.05.05,Kage,Urakawakobayashibokujou,Kamimura Kanou,244993000.0,36.0,6.0,1
0000326743,Seikoosandee,Male,,1998.03.30,Kuroshikage,Kasamatsubokujou,Takekuni Hiroshi,98310000.0,15.0,4.0,1
0000325233,Adomaiyaroodo,Male,,,,,,0.0,0.0,0.0,1
0000307426,Keiemucheesaa,Male,,1996.05.13,Kage,Misawabokujou,(Kabu) Guriintekku,77023000.0,46.0,3.0,1
0000309138,Goorudorejiendo,せん,,1996.02.17,Ashige,Noozanfaamu,(Ari) Shadaireesuhoosu,47310000.0,23.0,3.0,1
0000298345,Taganobijon,Male,,1995.04.08,Kurige,Noozanfaamu,Yagi Shouji,68528000.0,26.0,4.0,1
0000297749,Roodobureebu,Male,,1995.03.14,Kage,Kuwaharabokujou,Okabayashi Tetsuzan,107314000.0,106.0,5.0,1
0000308840,Mejiroronzan,Male,,1996.04.21,Kage,Mejirobokujou,(Ari) Mejirobokujou,257360000.0,52.0,7.0,1
0000319321,Shinborioregon,Male,,1997.03.23,Kage,Shinboribokujou,Chouryuu Nobuo,117285000.0,99.0,31.0,1
0000324903,Rottoshunaidaa,Male,,1998.02.22,Kuroshikage,Daitoubokujou,(Kabu) Daitoubokujou,52388000.0,52.0,3.0,1
0000308947,Peintedoburakku,Male,,1996.05.13,Kurige,Shadaifaamu,Iketani Seiichi,132217000.0,14.0,4.0,1
0000619693,Mejiromaiyaa,Male,,1999.03.18,Kurige,Mejirobokujou,(Ari) Mejirobokujou,202009000.0,32.0,6.0,1
0000626086,Agunesusonikku,Male,,,,,,0.0,0.0,0.0,1
0000616389,Kazenifukarete,Male,,,,,,0.0,0.0,0.0,1
0000618438,Oosumierusuto,Male,,,,,,0.0,0.0,0.0,1
0000616401,Maineruanburu,Male,,1999.03.22,Kurige,Nakamotobokujou,(Kabu) Sarabureddokurabu・Rafian,98136000.0,13.0,4.0,1
0000704266,Fiirudorakkii,Male,,1999.02.22,Kage,Mrs Ann Cunningham,Chida Katsuzou,40926000.0,13.0,3.0,1
0000619701,Mejiroaabin,Male,,1999.04.26,Kage,Mejirobokujou,(Ari) Mejirobokujou,110998000.0,56.0,5.0,1
0000620315,Megasutaadamu,Male,,1999.04.02,Kuroshikage,Takahashi Osamu,(Ari) Noosuhiruzumanejimento,210459000.0,21.0,5.0,1
0000700952,Seiunmagumarashi,Male,,1999.03.19,Kurige,Alexander-Groves Thoroughbreds,Nishiyamabokujou,19758000.0,6.0,2.0,1
0000617197,Teiemumazuruka,Male,,1999.03.12,Kage,Teiemubokujou,Takezono Masatsugu,36593000.0,25.0,2.0,1
0000705464,Mentarushauto,Male,,1999.01.27,Kage,H. Smoot Fahlgren,Kumi)Kunizookai,71520000.0,94.0,3.0,1
0000619836,Shaininrubii,Female,,1999.04.18,Aokage,Shadaifaamu,Ichikawa Yoshimi,181052000.0,28.0,4.0,1
0000614994,Oosumibaadii,Female,,,,,,0.0,0.0,0.0,1
0000616484,Uirubiizea,Female,,,,,,0.0,0.0,0.0,1
0000058838,Rediishippu,Female,,1973.04.20,Kuroshikage,,Kobayashi Hiroyasu,0.0,1.0,0.0,1
0000611754,Sakuravikutoria,Female,,1999.03.31,Kurige,Shinwabokujou,(Kabu) Sakurakomaasu,125006000.0,9.0,3.0,1
0000618302,Toosen'Eeru,Female,,1999.05.08,Kurige,Kasamatsubokujou,Shimakawa Takaya,59436000.0,44.0,2.0,1
0000612190,Maineviita,Female,,1999.04.13,Kage,Bitsuguretsudofuaamu,(Kabu) Sarabureddokurabu・Rafian,54006000.0,27.0,1.0,1
0000614708,Sutoroberiidooru,Female,,1999.04.15,Kuroshikage,Numashima Nobuhiro,Yamaguchi Akihiko,82629000.0,88.0,5.0,1
0000616540,Buraianzuibu,Female,,1999.04.23,Kuroshikage,Hayatabokujouniikappushijou,Inawashiro Isami,38701000.0,11.0,2.0,1
0000616668,Ravariifuriggu,Female,,1999.05.12,Kurige,Hokuseibokujou,Muranaka Tokuhiro,200100000.0,30.0,9.0,1
0000619862,Omegasutaaraito,Female,,,,,,0.0,0.0,0.0,1
0000611418,Buruurijjiribaa,Female,,1999.04.21,Kuroshikage,Okadasutatsudo,Kobayashi Kaoru,81531000.0,16.0,2.0,1
0000616294,Sakusesubyuutei,Female,,1999.04.01,Kuroshikage,Taniguchibokujou,Takashima Satoshi,83537000.0,13.0,3.0,1
0000619349,Suzukaanzera,Female,,1999.04.14,Kurige,Araibokujou,Nagai Keini,8400000.0,24.0,1.0,1
0000626583,Orukidea,Female,,,,,,0.0,0.0,0.0,1
0000618100,Ronguairasshu,Female,,1999.04.30,Kage,Mitsuishihashimotobokujou,(Kabu) Tomiokikaku,5100000.0,9.0,1.0,1
0000304230,Naritatoppuroodo,Male,,1996.04.04,Kurige,Sasakibokujou,Yamaji Hidenori,990112000.0,30.0,8.0,1
0000310633,Machikanekinnohoshi,Male,,1996.04.02,Kage,Clarence Scharbauer Jr.,Hosokawa Masuo,282753000.0,25.0,4.0,1
0000326910,Tenzanseiza,Male,,1998.04.30,Kurige,Ookitabokujou,Heiya Shirou,244685000.0,37.0,6.0,1
0000326916,Misukyasuto,Male,,1998.05.23,Kage,Ookitabokujou,(Ari) Noosuhiruzumanejimento,155187000.0,24.0,5.0,1
0000151668,Toukaiooza,Male,,1982.03.25,Kage,Yoshinaga Sumitoku,Sakai Sei,14298000.0,47.0,10.0,1
0000327568,Cheriiburasuto,Male,,1998.04.08,Kage,Sakamoto Tomohiro,Chieriishouji (Shi),85220000.0,31.0,4.0,1
0000325218,Boonkingu,Male,,1998.05.13,Kage,Noozanfaamu,Kanekomasatohoorudingusu (Kabu),150542000.0,17.0,2.0,1
0000291036,Sakuranamikioo,Male,,1995.04.04,Kage,Taniokabokujou,(Kabu) Sakurakomaasu,154336000.0,31.0,6.0,1
0000293055,Guroriasudoota,Female,,,,,,0.0,0.0,0.0,1
0000321138,Agunesudejitaru,Male,,,,,,0.0,0.0,0.0,1
0000327165,Tooshinburizaado,Male,,1998.05.15,Kage,Muranaka Kazuhide,Izumi Eiichi,415210000.0,30.0,9.0,1
0000310498,Nobotouruu,Male,,1996.03.27,Kage,Mr. & Mrs. J. S. Moss,(Kabu) Ls.M,676966000.0,87.0,11.0,1
0000309174,Touzavikutorii,Female,,1996.02.22,Kage,Noozanfaamu,Kaneko Masato,477625000.0,19.0,6.0,1
0000304500,Toohouenperaa,Male,,1996.05.11,Aoge,Chibaiidabokujou,Touhoubussan (Kabu),345284000.0,33.0,20.0,1
0000310467,Sausuvigurasu,Male,,1996.04.19,Kurige,"Samuel H. Rogers, Jr.",Nanba Hisashi,543725000.0,33.0,16.0,1
0000299428,Geiriiiguritto,Female,,1995.05.14,Kage,Green Gates Farm,(Kabu) Toukyousarabureddobyuuroo,212586000.0,32.0,8.0,1
0000314900,Purieminensu,Female,,1997.04.18,Kage,Gurandobokujou,(Ari) Gurandobokujou,589856000.0,49.0,13.0,1
0000291452,Uinguaroo,Male,,,,,,0.0,0.0,0.0,1
0000321265,Nobojakku,Male,,1997.03.24,Kurige,Mrs. Lewis C. Ledyard,(Ari) Ikebata,478685000.0,43.0,11.0,1
0000305995,Riijientoburafu,Male,,1996.05.02,Kage,Yoshida Takashi,Oohara Mikotonorihiroshi,527368000.0,56.0,9.0,1
0000310471,Goorudoteiara,Female,,1996.04.25,Kurige,Everest Stables Inc.,Yoshida Kazuko,389767000.0,32.0,9.0,1
0000284732,Sunooendebaa,Male,,1994.04.30,Kage,Niikappuhashimotobokujou,Nakayama Keisuke,358964000.0,51.0,14.0,1
0000328876,Ishiyakumahha,Male,,,,,,0.0,0.0,0.0,1
0000287871,Washintonkaraa,Male,,1994.04.21,Ashige,Parrish Hill Farm & Vinery,(Kabu) Tenjin,396765000.0,38.0,7.0,1
0000611525,Taninogimuretto,Male,,1999.05.04,Kage,Kantoriibokujou,Tanimizu Yuuzou,386010000.0,8.0,5.0,1
0000613356,Hooman'Uinaa,Male,,1999.04.11,Kage,Inahara Keizou,Inahara Keizou,81583000.0,37.0,1.0,1
0000614725,Dantsujajji,Male,,1999.06.20,Kuroshikage,Nojimabokujou,Yamamoto Tetsuji,283452000.0,41.0,6.0,1
0000611678,Sadamuburuusukai,Male,,1999.04.26,Kage,Sakamoto Haruo,Oonishi Tei,137829000.0,32.0,3.0,1
0000620256,Marubutsuansemu,Male,,1999.04.05,Kage,Matsuda Ken'Ichi,Oosawa Tsuyoshi,23400000.0,15.0,2.0,1
0000620245,Kineteikusu,Male,,,,,,0.0,0.0,0.0,1
0000706726,Sutoreiraruhooku,Male,,1999.03.27,Kuroshikage,M.P. Burke,Sausunia (Kabu),70157000.0,29.0,4.0,1
0000614338,Sanraizubiito,Male,,1999.03.30,Kurige,Shimokoubebokujou,Matsuoka Takao,83923000.0,58.0,17.0,1
0000620419,Chiazurigasu,Male,,1999.04.26,Kuroshikage,Nakanofaamu,Kitamura Kiyoko,11650000.0,10.0,1.0,1
0000613571,Marushigegaribaa,Male,,1999.04.17,Kage,Bandoushima Shigetou,Bandoushima Shigetou,10360000.0,4.0,3.0,1
0000611602,Pinkudoragon,Female,,1999.04.12,Kage,Gurandobokujou,Yoshioka Shuugi,6130000.0,131.0,8.0,1
0000307837,Toukaipointo,せん,,1996.05.18,Kurige,Takeuchi Ryouichi,Uchimura Seisoku,319698000.0,36.0,7.0,1
0000305175,Rasukarusuzuka,Male,,1996.04.17,Kage,Inaharabokujou,Nagai Keini,241904000.0,16.0,4.0,1
0000325213,Mireniamubaio,Male,,1998.02.06,Kurige,Noozanfaamu,Baio (Kabu),291070000.0,19.0,8.0,1
0000321274,Eishinpuresuton,Male,,,,,,0.0,0.0,0.0,1
0000314237,Joutenbureevu,Male,,1997.05.10,Kage,Tagami Minoru,Tanabe Hisao,291329000.0,31.0,5.0,1
0000310650,Eishin'Eeken,Male,,,,,,0.0,0.0,0.0,1
0000308984,Eagyangusutaa,せん,,,,,,0.0,0.0,0.0,1
0000177167,Goosutedi,Male,,1985.03.27,Kage,Shouwabokujou,Itou Keiko,0.0,2.0,0.0,1
0000325863,Takedenjuriasu,Male,,1998.05.04,Kurige,Andoubokujou,Takeichi Hiroshi,79537000.0,18.0,5.0,1
0000307884,Toukaiparusaa,Male,,1996.04.21,Kage,Tsuchida Fumiko,Inahara Keizou,224284000.0,40.0,6.0,1
0000313979,Dantsukyasuto,Male,,1997.04.19,Kuroshikage,Watanabebokujou,Yamamoto Tetsuji,108831000.0,47.0,3.0,1
0000317784,Buraunshatoree,Male,,1997.05.17,Kage,Takusaribokujou,Kojima Fumiyo,297599000.0,64.0,12.0,1
0000326216,Tenshinokiseki,Female,,1998.03.29,Kurige,Surugabokujou,Sugitani Masuotto,325858000.0,25.0,9.0,1
0000315291,Toushouriipu,Male,,1997.04.18,Kage,Toushoubokujou,Toushousangyou (Kabu),84580000.0,29.0,6.0,1
0000330256,Ikehayabusa,Male,,,,,,0.0,0.0,0.0,1
0000615753,Nobosanshain,Female,,1998.02.22,Kurige,Rosemont Farm Inc.,(Ari) Ikebata,43446000.0,25.0,4.0,1
0000615581,Suteiimaa,Male,,1998.04.03,Kuroshikage,James Wigan,Fujita Takeshi,118366000.0,40.0,5.0,1
0000327026,Nihonpirosaato,Male,,1998.04.19,Kuroshikage,Hashizume Matsuo,Kobayashi Hyakutarou,476347000.0,53.0,13.0,1
0000326484,Tenzandezaato,Female,,1998.03.31,Kage,Matsuda Toshi,Heiya Saburou,114188000.0,31.0,3.0,1
0000619834,Herusuuooru,Female,,1999.03.06,Kage,Shadaifaamu,Suzuki Yoshitaka,87198000.0,14.0,3.0,1
0000612667,Oosumikosumo,Female,,,,,,0.0,0.0,0.0,1
0000620006,Chaperukonsaato,Female,,1999.01.31,Aokage,Shiraoifaamu,(Ari) Sandeereeshingu,143508000.0,26.0,3.0,1
0000613064,Toosenfeaa,Female,,1999.04.24,Kuroshikage,Tominabokujou,Shimakawa Takaya,11100000.0,18.0,1.0,1
0000618614,Joofuyuujon,Female,,1999.03.11,Kage,Hashizume Matsuo,Ueda Keiko,81812000.0,48.0,3.0,1
0000620034,Shieenkuraito,Female,,1999.03.08,Kage,Noozanfaamu,(Ari) Sandeereeshingu,28586000.0,13.0,2.0,1
0000618808,Sutekipurezento,Female,,1999.03.12,Aokage,Yoshida Takashi,Odagiri Touni,68775000.0,40.0,4.0,1
0000611909,Kurasshiidoresu,Female,,,,,,0.0,0.0,0.0,1
0000619810,Omegagureisu,Female,,,,,,0.0,0.0,0.0,1
0000613319,Meishoufukuhime,Female,,1999.04.11,Kuroshikage,Yoshida Mataji,Matsumoto Yoshio,90587000.0,40.0,5.0,1
0000617044,Tamurocherii,Female,,1999.04.02,Kurige,Suwabokujou,Taniguchi Ton,100413000.0,16.0,3.0,1
0000616878,Misuironderu,Female,,1999.03.10,Kage,Yamaokabokujou,Iwasa Shunsaku,67000000.0,45.0,2.0,1
0000628858,Okanopureiyaa,Female,,,,,,0.0,0.0,0.0,1
0000003850,Yamashiro,Female,,1955.06.10,Kage,,Ooshima,1638000.0,18.0,4.0,1
0000618798,Baransuobugeemu,Male,,1999.04.22,Kage,Yamadafuaamu,Sonobe Hiroyuki,617695000.0,29.0,8.0,1
0000613080,Rooman'Enpaia,Male,,1999.02.26,Kuroshikage,Nakajimabokujou,Nakajima Masaharu,162531000.0,26.0,5.0,1
0000619851,Taigaakafe,Male,,1999.03.07,Kuroshikage,Shadaifaamu,Nishikawa Kouichi,240068000.0,56.0,4.0,1
0000620137,Sevunsubaado,Male,,1999.03.31,Kage,Noozanfaamu,Usuda Hiroyoshi,50120000.0,21.0,3.0,1
0000616703,Yamanoburizaado,Male,,1999.03.27,Aokage,Matsuurabokujou,Takano Satoshi,171252000.0,44.0,7.0,1
0000616466,Yamaninserafimu,Male,,1999.04.13,Kurige,Nishikiokabokujou,Tsuchii Hajime,47300000.0,6.0,3.0,1
0000617062,Monteburaian,Male,,1999.04.26,Kuroshikage,Taiheibokujou,Mouri Yoshiaki,18834000.0,4.0,2.0,1
0000614300,Toniidiamante,Male,,1999.03.14,Kuroshikage,Shimokoubebokujou,Matsuzaki Tsutomu,53257000.0,19.0,4.0,1
0000611916,Taimuresuwaarudo,Male,,1999.03.06,Kage,Chiyodabokujou,Usuda Hiroyoshi,91550000.0,32.0,4.0,1
0000462133,Roozukingu,Male,,1960.05.30,Kurige,,,0.0,0.0,0.0,1
0000709035,Marutaazuwaarudo,Male,,1999.03.23,Kage,Yoshio Fujita,Fujita Yoshiotoko,19620000.0,23.0,1.0,1
0000329607,Tsurumarubooi,Male,,1998.03.05,Kage,Hamamotobokujou,Tsuruta Ninotoko,582924000.0,32.0,7.0,1
0000326451,Kingufideria,Male,,,,,,0.0,0.0,0.0,1
0000298669,Shinboribinteeji,Male,,1995.04.14,Kage,Shinboribokujou,Shinboribokujou,92671000.0,28.0,5.0,1
0000098517,Ritorudansaa,Male,,1977.04.03,Kage,Noomote Nisaburou,Imai Kiyoshi,105000.0,3.0,0.0,1
0000295134,Buririantoroodo,Male,,1995.05.21,Kage,Daieibokujou,Oosawa Tsuyoshi,350824000.0,73.0,7.0,1
0000318298,Tainoobururedi,Female,,1997.05.23,Kurige,Meitaibokujou,(Ari) Meitaikougyou,65968000.0,17.0,5.0,1
0000319316,Atorakuteiibo,Male,,,,,,0.0,0.0,0.0,1
0000326283,Kosumosukuranburu,Male,,1998.02.20,Ashige,Tanigawabokujou,Okada Misako,79936000.0,32.0,5.0,1
0000302921,Airandoooja,Male,,,,,,0.0,0.0,0.0,1
0000317100,Teikoteikotakku,Female,,1997.03.11,Kurige,Banbuubokujou,(Ari) Banbuubokujou,222811000.0,22.0,4.0,1
0000329258,Redipasuteru,Female,,1998.04.26,Kuroshikage,Shinkoofaamu,(Kabu) Roodohoosukurabu,432073000.0,21.0,6.0,1
0000313272,Karisumasan'Opera,Female,,,,,,0.0,0.0,0.0,1
0000325179,Shounanbaakin,Female,,1998.03.02,Kuroshikage,Noozanfaamu,Kunimoto Tesshuu,75828000.0,25.0,4.0,1
0000318347,Happiimakishimamu,Female,,1997.05.01,Kurige,Moriyabokujou,Houya Fumiko,145107000.0,30.0,6.0,1
0000314847,Bairariina,Female,,1997.04.11,Kurige,Kayanobokujou,(Kabu) Hidaka・Buriidaazu・Yunion,97750000.0,29.0,4.0,1
0000192735,Mejirobaabara,Female,,1986.04.11,Kuroshikage,Yoshida Ken,Mejiroshouji (Kabu),0.0,0.0,0.0,1
0000295075,Vaitarutorakku,Female,,1995.04.27,Kage,Tagami Hikarisei,Iwamoto In,70218000.0,39.0,4.0,1
0000324097,Taimufearedi,Female,,1998.02.24,Kuroshikage,Niikappuhashimotobokujou,Tokisaki Takao,81996000.0,25.0,3.0,1
0000305409,Haginosupurendaa,Female,,1996.02.16,Kurige,Ogifukubokujou,Yasuoka Mitsuko,134854000.0,32.0,5.0,1
0000330283,Magumaraifu,Male,,1998.04.10,Kage,Jouchi Kiyoshiman,Katou Katsuhide,74478000.0,12.0,2.0,1
0000281833,Ibukimanpawaa,Male,,,,,,0.0,0.0,0.0,1
0000291480,Regashiirokku,Male,,1995.04.23,Kuroshikage,Heihatabokujou,(Kabu) Hoosutajima,192314000.0,34.0,5.0,1
0000298266,Makishimamupureizu,せん,,1995.04.29,Kage,Shiraoifaamu,(Ari) Shadaireesuhoosu,178981000.0,52.0,4.0,1
0000316539,Adomaiyatatchi,Male,,,,,,0.0,0.0,0.0,1
0000315374,Kosumokurosu,Male,,1997.03.05,Ashige,Nosakabokujou,Ueyama Toshihiro,42168000.0,45.0,8.0,1
0000013166,Darutanian,せん,,1964.04.27,Kurige,,Nakajima,0.0,0.0,0.0,1
0000287851,Eishinbinsensu,Male,,,,,,0.0,0.0,0.0,1
0000323948,Sakusesurii,Female,,1998.03.05,Kage,Taniguchibokujou,Takashima Satoshi,44421000.0,22.0,3.0,1
0000302074,Yuuseishutain,Male,,1996.03.27,Kage,Kineusubokujou,(Ari) Asahikurabu,168082000.0,63.0,6.0,1
0000186177,Koueijanbo,せん,,1986.03.17,Kuroshikage,Ichikawa Sadao,Nishioka Shizuo,0.0,0.0,0.0,1
0000213487,Bigguhantaa,Male,,1988.04.28,Kage,Bitsukuribokujou,Yajima Matsue,6257000.0,36.0,1.0,1
0000709150,Saaganoveru,Female,,1999.03.17,Kurige,Spectrum Bloodstock & Partners,Maeda Kouji,148077000.0,17.0,4.0,1
0000704081,Iigurusuuoodo,Male,,,,,,0.0,0.0,0.0,1
0000700010,Kafebosutonian,Male,,,,,,0.0,0.0,0.0,1
0000614256,Shadousukeipu,Male,,1999.04.21,Kurige,Mikibokujou,Iizuka Tomoichi,221413000.0,50.0,5.0,1
0000626071,Sutaaerudoraado,Male,,1999.03.15,Aokage,"Morven Stud, Ltd.",Araki Suzuko,108270000.0,54.0,4.0,1
0000619510,Biggusumasshu,Male,,1999.03.28,Kuroshikage,Maruzenhashimotobokujou,Hamasaki Takeshi,112677000.0,51.0,4.0,1
0000704196,Kiinrandosuwan,Male,,,,,,0.0,0.0,0.0,1
0000634806,Geiriifantomu,Male,,1999.02.22,Kurige,Mitsuo Haga,Ono Ryuudai,80372000.0,44.0,5.0,1
0001168310,Shiruvaaparetto,Male,,2013.03.02,Ashige,Shadaifaamu,(Ari) Shadaireesuhoosu,5560000.0,6.0,1.0,1
0000612123,Daiwafoochun,Male,,1999.02.27,Kage,Hattori Kazunori,Satou Hiroki,122840000.0,88.0,12.0,1
0000700950,Supiningumajikku,Male,,1999.02.13,Kurige,Martin Gellman & R. Larry Johnson,(Kabu) Tenjin,33799000.0,31.0,3.0,1
0000700011,Negateiburitaan,Male,,1999.03.31,Kage,Rick Trontz,Kuriyama Michirou,61853000.0,28.0,4.0,1
0000704076,Endoresudezaato,Male,,,,,,0.0,0.0,0.0,1
0000704074,Taganochaariizu,Female,,1999.03.05,Kuroshikage,Aaron U. Jones & Marie D. Jones,Yagi Ryouji,65915000.0,12.0,4.0,1
0000705466,Benefisharu,Male,,1999.02.25,Kage,Connie Scherr,Maeda Kouji,71580000.0,40.0,4.0,1
0000616022,Kyouwanokoibito,Female,,,,,,0.0,0.0,0.0,1
0000611488,Kitasanhibotan,Female,,,,,,0.0,0.0,0.0,1
0000613534,Supaishiidooru,Female,,1999.02.28,Kuroshikage,Kanoyayoshidabokujou,Yoshida Masato,43137000.0,26.0,2.0,1
0000619961,Kanetoshidizaia,Female,,,,,,0.0,0.0,0.0,1
0000619885,Shuterunpuresuto,Female,,1999.03.20,Kurige,Shadaifaamu,(Ari) Noosuhiruzumanejimento,56897000.0,25.0,3.0,1
0000612876,Machikanetemariuta,Female,,1999.04.14,Kurige,Nobunaribokujou,Hosokawa Masuo,69056000.0,41.0,4.0,1
0000614893,Touinchiazu,Female,,1999.03.24,Kage,Furuhon Seisoku,Urai Takashi,67859000.0,32.0,15.0,1
0000612587,Eishinsupein,Female,,,,,,0.0,0.0,0.0,1
0000008035,Hokusetsukuiin,Female,,1960.04.01,Kage,,Aoki,0.0,0.0,0.0,1
0000616793,Taifiiru,Female,,1999.03.28,Kage,Meitaibokujou,(Ari) Meitaikougyou,10600000.0,17.0,1.0,1
0000614099,Randisuteinii,Female,,1999.06.03,Kage,Kawashima Teiji,Tachibana Dainama,18378000.0,22.0,4.0,1
0000620324,Sumairutoumoroo,Female,,1999.04.20,Kage,Chiyodabokujou,Iida Seigou,199829000.0,14.0,4.0,1
0000619879,Shiidizaabusu,Female,,1999.05.03,Kage,Shadaifaamu,Yoshida Teruya,89117000.0,33.0,5.0,1
0000612189,Mainemimooze,Female,,1999.05.05,Aokage,Bitsuguretsudofuaamu,(Kabu) Sarabureddokurabu・Rafian,88378000.0,24.0,2.0,1
0000619700,Mejirojoonzu,Female,,1999.04.30,Kage,Mejirobokujou,Mejiroshouji (Kabu),29070000.0,26.0,3.0,1
0000634445,Burisutorupari,Female,,1999.04.13,Kurige,Ecurie Skymarc Farm,Watanabe Takashi,50205000.0,22.0,3.0,1
0000620152,Burigadoon,Female,,1999.02.05,Kuroshikage,Noozanfaamu,Yoshida Katsumi,88319000.0,27.0,4.0,1
0000614509,Kantoriibahha,Female,,,,,,0.0,0.0,0.0,1
0000619786,Emerarudoairu,Female,,,,,,0.0,0.0,0.0,1
0000219115,Sourumyuujikku,Female,,1989.04.18,Kurige,Nakamoto Ryuutarou,Takano Minoru,0.0,2.0,0.0,1
0000613116,Bikutorianoniji,Female,,1999.05.26,Kage,Hitabokujou,(Ari) Mishimabokujou,34986000.0,35.0,7.0,1
0000612364,Roozuuddo,Female,,1999.04.21,Kuroshikage,Masumoto Yoshitaka,Okada Makio,47994000.0,45.0,3.0,1
0000620350,Konpuriitoagen,Female,,1999.03.30,Kurige,Yuri Noriyuki,Asakawa Kouji,12237000.0,42.0,3.0,1
0000619695,Mejirofuriiman,Female,,1999.06.03,Kage,Mejirobokujou,(Ari) Mejirobokujou,7500000.0,4.0,1.0,1
0000619930,Teregunoshisu,Male,,1999.05.11,Kage,Shadaifaamu,(Ari) Shadaireesuhoosu,446619000.0,33.0,5.0,1
0000619817,Rooengurin,Male,,1999.06.08,Kurige,Shadaifaamu,(Ari) Shadaireesuhoosu,574236000.0,45.0,10.0,1
0000613134,Maineruribateii,Male,,1999.05.27,Kage,Noto Kazuo,(Kabu) Sarabureddokurabu・Rafian,84238000.0,52.0,3.0,1
0000619979,Dadiizudoriimu,Male,,1999.03.11,Kage,Shiraoifaamu,(Ari) Sandeereeshingu,189507000.0,39.0,7.0,1
0000008285,Saadonikkusu,Male,,1961.04.17,Kage,,Hatakekou,9450000.0,27.0,6.0,1
0000611919,Boorudoburaian,Male,,1999.04.22,Kage,Chiyodabokujou,Kobayashi Eiichi,117092000.0,19.0,5.0,1
0000612252,Uinguburaian,Male,,,,,,0.0,0.0,0.0,1
0000615154,Memoriiburonko,Male,,1999.05.30,Kage,Yamaguchi Masayuki,(Kabu) Shinzankurabu,24596000.0,50.0,11.0,1
0000704086,Sepiamemorii,Male,,1999.02.11,Kuroshikage,Warren W. Rosenthal & Richard S. Trontz,Kaneko Masato,100191000.0,14.0,7.0,1
0000325200,Jangurupoketto,Male,,1998.05.07,Kage,Noozanfaamu,Yoshida Katsumi,704258000.0,13.0,5.0,1
0000312881,Erimoburaian,Male,,,,,,0.0,0.0,0.0,1
0000318703,Mitsuakisairensu,Male,,1997.04.20,Kage,Hirokawabokujou,Yamamoto Koumyou,330532000.0,60.0,13.0,1
0000323718,Arishibakingu,Male,,,,,,0.0,0.0,0.0,1
0000318808,Akuteibubaio,Male,,,,,,0.0,0.0,0.0,1
0000321156,Tappudansushichii,Male,,1997.03.16,Kage,Echo Valley Horse Farm & Swettenham Stud,(Kabu) Tomoshunhoosukurabu,1084221000.0,41.0,12.0,1
0000325078,Kointosu,Male,,1998.03.20,Kuroshikage,Shadaifaamu,Usuda Hiroyoshi,327672000.0,26.0,4.0,1
0000317415,Toohoushiden,Male,,1997.03.26,Kage,Orientobokujou,Touhoubussan (Kabu),275533000.0,23.0,4.0,1
0000325217,Happiipasu,Female,,1998.06.03,Kage,Noozanfaamu,(Ari) Shadaireesuhoosu,248506000.0,28.0,5.0,1
0000324971,Manhattankafe,Male,,1998.03.05,Aokage,Shadaifaamu,Nishikawa Kiyoshi,522834000.0,11.0,6.0,1
0000620553,Roodoforesutaa,Male,,1998.02.12,Kuroshikage,Mrs Noelle Walsh,(Kabu) Roodohoosukurabu,121273000.0,32.0,4.0,1
0000613503,Daitakufuraggu,Male,,1999.04.14,Kage,Masa Bokujou,Kobayashi Masashi,47260000.0,20.0,2.0,1
0000618103,Zennokarunakku,Male,,1999.03.17,Kurige,Mitsuishihashimotobokujou,Oosako Nin,74372000.0,28.0,3.0,1
0000618997,Erimosharuman,Male,,,,,,0.0,0.0,0.0,1
0000618645,Banbuuyubentosu,Male,,1999.05.31,Kurige,Banbuubokujou,(Ari) Banbuubokujou,121074000.0,11.0,3.0,1
0000619788,Agunesupointo,Male,,,,,,0.0,0.0,0.0,1
0000617670,Appareappare,Male,,,,,,0.0,0.0,0.0,1
マイネルディバイン,Mainerudibain,Male,,,,,,,,,1
0000612268,Megabakkusu,Male,,1999.03.20,Kage,Fujiwarabokujou,Oota Bijitsu,33978000.0,11.0,2.0,1
0000614084,Namurasankusu,Male,,1999.03.15,Kuroshikage,Gachousanurabokujou,Namura Nobushige,209873000.0,38.0,7.0,1
0000616566,Biwawaarudo,Male,,1999.05.02,Kage,Hayatabokujouniikappushijou,(Ari) Biwa,72479000.0,24.0,3.0,1
0000616554,Shirukuinzaraito,Male,,1999.03.06,Kurige,Hayatabokujouniikappushijou,Yuugengaishashiruku,17770000.0,9.0,2.0,1
0000299200,Manbotsuisuto,Male,,1995.01.24,Kage,Calumet Farm,Yoshida Teruya,303399000.0,51.0,12.0,1
0000125654,Sumaatobooi,Male,,1980.05.08,Kage,Takahashinoujou,Harada Eiichi,121078000.0,55.0,5.0,1
0000308940,Eapieeru,Male,,,,,,0.0,0.0,0.0,1
0000223997,Taganofootei,Male,,1989.05.07,Kurige,Hara Fuaamu,Takahashi Mitsutoshi,45000.0,9.0,0.0,1
0000321374,Redibaraado,Female,,1997.03.04,Kuroshikage,Orpendale,(Kabu) Roodohoosukurabu,166431000.0,19.0,7.0,1
0000297166,Kikunogurittaa,Male,,,,,,0.0,0.0,0.0,1
0000312910,Toohoudaioo,Male,,1997.05.03,Kurige,Kamishimabokujou,Touhoubussan (Kabu),117860000.0,25.0,5.0,1
0000034381,Hoshioo,Male,,1970.02.17,Kurige,,(Kabu) Higashibokujou,230000.0,3.0,0.0,1
0000291686,Waarudokuriiku,Male,,1995.04.25,Ashige,Yamadabokujou,Yoshida Mitsunori,225108000.0,50.0,14.0,1
0000287608,Shinkousupurenda,Male,,1994.03.31,Kage,Newgate Stud Farm Inc.,Ishida Hiroshi,312538000.0,33.0,9.0,1
0000303880,Aruaran,Male,,,,,,0.0,0.0,0.0,1
0000303194,Hokusetsukingu,せん,,1996.04.03,Kage,Taniguchibokujou,Hirashima Naotake,115906000.0,21.0,7.0,1
0000316975,Mainerukonbatto,Male,,1997.03.14,Kage,Takamatsubokujou,(Kabu) Sarabureddokurabu・Rafian,123238000.0,29.0,4.0,1
0000325977,Shounankanpu,Male,,1998.03.07,Kage,Ooyanagifaamu,Kunimoto Tesshuu,312701000.0,18.0,8.0,1
0000299093,Tokiopaafekuto,Male,,1995.05.20,Kage,Edward P. Evans,Hatakeyama Makoto,257744000.0,97.0,19.0,1
0000308823,Mejirodaaringu,Female,,1996.05.28,Kage,Mejirobokujou,(Ari) Mejirobokujou,292352000.0,33.0,8.0,1
0000321116,Epigurafu,Male,,,,,,0.0,0.0,0.0,1
0000064415,Teneshiigaaru,Female,,1973.03.17,Kage,,Satou Mitsuo,1094000.0,11.0,1.0,1
0000304345,Shanhaidaron,Male,,1996.03.24,Kage,Shiraibokujou,Tsuchida Masaaki,91270000.0,40.0,6.0,1
0000310515,Gurasuwaarudo,Male,,,,,,0.0,0.0,0.0,1
0000251731,Torejaa,Male,,1991.03.04,Kurige,Tanba Toshinori,Fujii Matsurigotosuke,3311000.0,20.0,2.0,1
0000318233,Mideonbitto,Male,,1997.04.10,Kage,Murakamifaamu,Mideonkougyou (Ari),193974000.0,36.0,6.0,1
0001310784,Eishinrubaan,Male,,,,,,0.0,0.0,0.0,1
0000615795,Eishinsupensaa,Male,,,,,,0.0,0.0,0.0,1
0000324986,Daiwaruuju,Female,,1998.05.04,Kage,Shadaifaamu,Yamatoshouji (Kabu),126165000.0,19.0,3.0,1
0000324189,Fujinotenbii,Male,,1998.03.16,Kage,Hiwatari Nobuyoshi,Sabashi Isoo,110731000.0,71.0,13.0,1
0000318070,Shirukupurimadonna,Female,,1997.04.22,Kage,Hayatabokujouniikappushijou,Yuugengaishashiruku,206422000.0,15.0,3.0,1
0000329953,Sanraizupegasasu,Male,,1998.04.15,Kurige,Yanagawabokujou,Matsuoka Takao,353743000.0,24.0,6.0,1
0000316264,Eashakaaru,Male,,,,,,0.0,0.0,0.0,1
0000309217,Rosaado,Male,,1996.04.22,Kage,Noozanfaamu,(Ari) Shadaireesuhoosu,433836000.0,46.0,6.0,1
0000327376,Toosendandi,Male,,1998.04.09,Kage,Ogura Mitsuhiro,Shimakawa Takaya,186526000.0,39.0,8.0,1
0000137198,Pureshasusongu,Male,,1981.05.21,Kurige,Hayashi Jisaku,Yoshida Osamu,0.0,3.0,0.0,1
0000705451,Taikirion,Male,,1999.04.09,Kuroshikage,Taiki Farm,Nishimura Sentsugi,120609000.0,48.0,8.0,1
0000626080,Mejaakafe,Male,,1999.03.24,Kurige,Mr. & Mrs. Martin J. Wygod,Nishikawa Kouichi,180487000.0,46.0,6.0,1
0000612385,Arusuburanka,Male,,,,,,0.0,0.0,0.0,1
0000709034,Shiberianmedou,Male,,1999.04.05,Kurige,"Highland Farms, Inc.",Fujita Yoshiotoko,90171000.0,62.0,3.0,1
0000620259,Torikkiiaizu,Male,,1999.03.05,Kage,Marusachikobayashibokujou,Maeda Kouji,23869000.0,13.0,2.0,1
0001044974,Daiwafarukon,Male,,2007.03.25,Kage,Shadaifaamu,Ooshiro Keizou,285020000.0,38.0,8.0,1
0000704073,Esutoreeno,Male,,,,,,0.0,0.0,0.0,1
0000613143,Wandaahaabu,Male,,1999.05.13,Kuroshikage,Nobuokabokujou,Yamamoto Nobuyuki,136299000.0,50.0,5.0,1
0000612440,Arookyarii,Female,,,,,,0.0,0.0,0.0,1
0000620027,Tsurumaruguramaa,Female,,1999.03.13,Kage,Noozanfaamu,Tsuruta Ninotoko,19174000.0,8.0,1.0,1
0000616756,Santaanazusongu,Female,,1999.04.11,Kurige,Murakami Masanori,Fujita Yoshiotoko,30559000.0,17.0,2.0,1
0000613150,Ainoburiizu,Female,,,,,,0.0,0.0,0.0,1
0000721146,Sentosuteiivun,せん,,1994.10.27,Kage,Mr B.L.Mck. Kerr,J.Uiiraa,103347000.0,4.0,1.0,1
0000271682,Gookai,Male,,1993.05.06,Kuroshikage,Taiheibokujou,Yoshihashi Kei,510744000.0,52.0,9.0,1
0000309167,Fusaichigoorudo,Male,,1996.02.20,Kurige,Noozanfaamu,Sekiguchi Fusao,139709000.0,25.0,6.0,1
0000296206,Minaminogoojasu,Male,,1995.02.03,Kurige,Umedabokujou,Nagashima Michiharu,207839000.0,37.0,7.0,1
0000721610,Senkosu,せん,,1994.03.21,Kurige,M. Gerard Samama,J.Suchuwaato,8000000.0,1.0,0.0,1
0000721164,Teiibenjan,せん,,1996.04.05,Kage,Mme Maryse Veron,G.Rupeizan,0.0,2.0,0.0,1
0000721133,Donrifaaru,せん,,1995.06.06,Ashige,M. Sergr Lefranc,S.Rufuran,0.0,2.0,0.0,1
0000721601,Bankaakaunto,せん,,1992.04.09,Kage,Mrs A. Richardson,P.Buraun,0.0,1.0,0.0,1
0000721609,Oorugongu,せん,,,,,,0.0,0.0,0.0,1
0000315700,Aidinsamaa,Male,,1997.06.11,Kage,Mikita Yoritsugu,Yonei Kachi,113819000.0,21.0,4.0,1
0000225187,Wandaafurufiru,Male,,1989.05.18,Aokage,Shadaifuaamu,(Ari) Shadaireesuhoosu,500000.0,1.0,0.0,1
0000721596,Egujittosuuin,せん,,,,,,0.0,0.0,0.0,1
0001267575,Rando,せん,,2018.05.05 8歳,Kuroshikage,Hidakafuaamu,Kumi)Ooruzabesutokumiai,11770000.0,74.0,8.0,1
0000310479,Magunaaten,せん,,1996.04.18,Kage,Hideo Yokoyama,Komai Takao,452995000.0,36.0,12.0,1
0000313651,Meishoukiou,Male,,1997.03.17,Kage,Tsuji Bokujou,Matsumoto Yoshio,219225000.0,38.0,7.0,1
0000318739,Daitakuriiva,Male,,1997.03.24,Kurige,Masa Bokujou,(Ari) Taiyoufaamu,402439000.0,19.0,7.0,1
0000325275,Roozubado,Female,,1998.04.29,Aoge,Noozanfaamu,(Ari) Shadaireesuhoosu,331049000.0,26.0,3.0,1
0000306296,Mikkiidansu,Male,,1996.04.24,Kage,Ishikawa Shin'Ichi,Miki Hisashi,237803000.0,34.0,7.0,1
0000326432,Fooreruagein,Male,,1998.04.15,Kage,Hamadabokujou,(Ari) Eeteii,65317000.0,29.0,4.0,1
0000299441,Geiriikondoru,Male,,1995.02.02,Kurige,Nita Brooks,Nakamura Hiroaki,150807000.0,34.0,9.0,1
0000616476,Nooriizun,Male,,1999.06.04,Kage,Noosuhiruzumanejimento,Maeda Shinji,186017000.0,12.0,3.0,1
0000620131,Adomaiyadon,Male,,,,,,0.0,0.0,0.0,1
0000616424,Shigerugoddohando,Male,,1999.05.28,Kage,Nagahama Hideaki,Morinaka Ban,76434000.0,27.0,4.0,1
0000620355,Fasutotateyama,Male,,1999.05.30,Kage,Akitabokujou,Tsuji Yukio,428437000.0,55.0,6.0,1
0000620082,Monoporaizaa,Male,,1999.04.04,Kage,Noozanfaamu,Antoku Yoshinori,92464000.0,37.0,14.0,1
0000620193,Nishinohanaguruma,Female,,1999.03.30,Kage,Nishiyamabokujou,Nishiyama Shigeyuki,83039000.0,21.0,2.0,1
0000614120,Maineharumonia,Female,,1999.03.25,Kuroshikage,Kikuchibokujou,(Kabu) Sarabureddokurabu・Rafian,23910000.0,19.0,2.0,1
0000613913,Guranbazaaru,Female,,,,,,0.0,0.0,0.0,1
0000620004,Reapaaru,Female,,1999.02.26,Kage,Shiraoifaamu,(Ari) Shadaireesuhoosu,16301000.0,14.0,2.0,1
0000611877,Epusomuakutoresu,Female,,,,,,0.0,0.0,0.0,1
0000613435,Meiseipurima,Female,,1999.04.20,Kurige,Takahashi Kei,Onodera Akiko,26611000.0,27.0,1.0,1
0000616186,Daburuneemu,Female,,1999.03.26,Kuroshikage,Shimizu Katsunori,(Kabu) Akademii,67260000.0,23.0,4.0,1
0000620146,Machikanemawankana,Female,,1999.02.03,Kuroshikage,Noozanfaamu,Hosokawa Masuo,5100000.0,4.0,1.0,1
0000302590,Haginohaigureido,Male,,1996.04.21,Aokage,Koubetsufukudafaamu,Hinokuma Yoshie,472941000.0,43.0,10.0,1
0000329183,Wanmoamairain,Male,,1998.04.13,Kage,Shimokoubebokujou,Matsui Kazumi,129500000.0,29.0,4.0,1
0000319426,Sutaaringuroozu,Male,,1997.03.20,Kurige,Tabatafaamu,(Kabu) Kyouei,554590000.0,40.0,14.0,1
0000329766,Tenrittoru,Male,,1998.05.20,Kage,Yutakahiroshibokujou,Nishimura Junhitoshi,76022000.0,94.0,14.0,1
0000325533,Kachidokiryuu,Male,,,,,,0.0,0.0,0.0,1
0000317248,Fujiyamadeyurabu,Male,,1997.04.13,Kage,Yamauchi Tsuneo,Sasaki Hiroaki,42883000.0,73.0,14.0,1
0000320113,Kanetoshioperakun,Male,,,,,,0.0,0.0,0.0,1
0000700008,Shinborikurisuesu,Male,,1999.01.21,Kuroshikage,Takahiro Wada,Shinboribokujou,984724000.0,15.0,8.0,1
0000619921,Agunesupuranetto,Male,,,,,,0.0,0.0,0.0,1
0000620206,Nishinosaburaimu,Male,,1999.03.24,Aokage,Nishiyamabokujou,Nishiyama Shigeyuki,98568000.0,35.0,6.0,1
0000616001,Diiesusandaa,Male,,1999.06.08,Kage,Kawakamibokujou,Akiya Toshiyuki,184822000.0,23.0,5.0,1
0000614015,Omoshiroi,Male,,,,,,0.0,0.0,0.0,1
0000615884,Gyaroppusandaa,Male,,,,,,0.0,0.0,0.0,1
0000613498,Suterusukonkorudo,Male,,1999.05.03,Kage,Masa Bokujou,(Ari) Maekawakikaku,12370000.0,16.0,1.0,1
0000708725,Dantsushieiku,Male,,1999.05.02,Kuroshikage,Barronstown Stud And Spectrum Bloodstock S.A.,Yamamoto Tetsuji,74194000.0,27.0,3.0,1
0000619928,Ingurandiire,Male,,,,,,0.0,0.0,0.0,1
0000613973,Jupitaashichii,Male,,1999.04.03,Kage,Imoto Fumio,(Kabu) Tomoshunhoosukurabu,10573000.0,13.0,1.0,1
0000612868,Burittoreen,Male,,1999.05.12,Kuroshikage,Shouwabokujou,Abe Kenzou,114552000.0,151.0,11.0,1
0000042254,Toukaiaroo,Male,,1971.03.11,Kage,Tadokorobokujou,Uchimura Seisoku,2100000.0,13.0,1.0,1
0000314751,Howaitohapinesu,Male,,1997.04.19,Ashige,Okadabokujou,Hasegawa Kouji,135461000.0,28.0,5.0,1
0000616245,Kiiboranchi,Male,,,,,,0.0,0.0,0.0,1
0000618990,Erimomakishimu,Male,,,,,,0.0,0.0,0.0,1
0000620237,Anfitorion,Male,,1999.03.21,Kage,Kaneishi Shu,Maeda Kouji,128140000.0,41.0,6.0,1
0001170949,Mainerupureerii,Male,,2013.04.13,Kage,Hidakataiyoubokujou,Sugiura Kazuya,480000.0,17.0,1.0,1
0000616377,Kosumodigunitei,Male,,1999.03.26,Kage,Doushimabokujou,Ueda Chikara,26317000.0,18.0,2.0,1
0000613966,Namurahakusha,Male,,1999.05.30,Kage,Itou Matsugi,Namura Nobushige,77578000.0,23.0,4.0,1
0000618551,Agunesubureibu,Male,,,,,,0.0,0.0,0.0,1
0000612396,Shirukusukaiburuu,Male,,1999.03.05,Kage,Mikamibokujou,Yuugengaishashiruku,17950000.0,17.0,1.0,1
0000616076,Kanoyabatorukurosu,Male,,,,,,0.0,0.0,0.0,1
0000619135,Mayanosariida,Male,,1999.03.22,Kage,Honkiribokujou,Naitou Yoshihiro,26020000.0,63.0,2.0,1
0000618962,Supesharusutokku,Male,,1999.02.17,Kage,Hori Toshinori,Oohara Keiko,84405000.0,56.0,4.0,1
0000296423,Hokkooanbaa,Male,,1995.03.25,Kurige,Takaakibokujou,Yabe Kouichi,164295000.0,36.0,9.0,1
0000626457,Karusutonhaadoo,Male,,,,,,0.0,0.0,0.0,1
0000317497,Mayanokoncheruto,Male,,1997.04.11,Kage,Kawakami Etsuo,Yokokawa Masumi,37000000.0,22.0,2.0,1
0000297513,Kanetoshigabanaa,Male,,,,,,0.0,0.0,0.0,1
0000305595,Gifuteddokuraun,Male,,,,,,0.0,0.0,0.0,1
0000283902,Fujinoseigaiha,Male,,1994.05.11,Kage,Fujibokujou,Fujii Kazuo,41130000.0,34.0,1.0,1
0000299186,Shinboriakademii,せん,,1995.02.12,Kage,Takahiro Wada,Abe Fusakou,65202000.0,62.0,4.0,1
0000114020,Biriivu,Female,,1979.05.27,Kage,Noguchi Kiyoshi,Nomura Michikou,0.0,0.0,0.0,1
0000326421,Dantsufureemu,Male,,1998.04.19,Kage,Nobuokabokujou,Yamamoto Tetsuji,511428000.0,26.0,6.0,1
0000626398,Neiteivuhaato,Male,,1998.04.03,Kage,Meiwabokujou,Ikeda Kusaryuu,319307000.0,52.0,7.0,1
0000321292,Zennoerushido,Male,,1997.03.26,Aokage,Orpendale,Oosako Nin,203366000.0,17.0,6.0,1
0000298744,Tamarufaitaa,Male,,1995.03.22,Kage,Kanobokujou,Oogawara Masaomi,108303000.0,63.0,11.0,1
0000297493,Inarikonkorudo,Male,,,,,,0.0,0.0,0.0,1
0000330436,Sakusesusutorein,Female,,1998.04.09,Kage,Meiwabokujou,Suzuki Yoshio,99630000.0,14.0,3.0,1
0000309002,Daiwajian,Male,,1996.04.07,Kurige,Shadaifaamu,Ooshiro Keizou,128744000.0,45.0,6.0,1
0000320296,Guriinsonikku,Male,,,,,,0.0,0.0,0.0,1
0000315019,Tafunesusutaa,Female,,1997.03.16,Kage,Sankoubokujou,Takashi,172917000.0,17.0,5.0,1
0000327443,Taninoetanitei,Male,,1998.05.07,Kurige,Kantoriibokujou,Tanimizu Yuuzou,220943000.0,57.0,9.0,1
0000330844,Yuuseipuraimu,Male,,1998.03.27,Kage,Asahifaamu,Saishoutera Toshiharu,47002000.0,43.0,3.0,1
0000307089,Hottoshiikuretto,せん,,1996.05.14,Kage,Hatakeyamabokujou,Kaneko Masato,393388000.0,38.0,7.0,1
0000317228,Chikaradayuuki,Male,,1997.04.04,Kage,Murashitabokujou,(Kabu) Abirufudousan,75205000.0,29.0,4.0,1
0000611717,Yuukyaratto,Female,,1999.04.07,Aokage,Shizunaisakaibokujou,(Kabu) Aitetsu,82374000.0,31.0,3.0,1
0000612210,Byuuteimarion,Female,,1999.04.15,Kurige,Fujikawafuaamu,Tomizawa Atsuko,28020000.0,27.0,2.0,1
0000317776,Kanetsufuruuvu,Male,,,,,,0.0,0.0,0.0,1
0000331145,Buraunraian,Male,,1998.05.28,Kage,Marushichibokujou,Kojima Fumiyo,28505000.0,26.0,8.0,1
0000290806,Sunaakureiaasu,Male,,1995.04.26,Kage,Gurandobokujou,Sugimoto Senjirou,429596000.0,77.0,12.0,1
0000308943,Agunesupaatonaa,Male,,,,,,0.0,0.0,0.0,1
0000615584,Yunopiero,Male,,1998.02.15,Kage,"K 5 Stable, Inc.",Hosokawa Yukiko,129118000.0,42.0,5.0,1
0000323729,Asakadifiito,せん,,,,,,0.0,0.0,0.0,1
0000310611,Adomaiyakaizaa,Male,,,,,,0.0,0.0,0.0,1
0000294881,Suehirokomandaa,Male,,1995.03.25,Kage,Koizumibokujou,(Kabu) Midorijuutaku,441936000.0,60.0,7.0,1
0000326480,Ramusesuroodo,Male,,1998.03.14,Kage,Matsuda Ken'Ichi,Oosawa Tsuyoshi,89371000.0,34.0,3.0,1
0000314244,Paapuruebisu,Male,,1997.05.08,Kurige,Takeuchi Ryouichi,Nakano Ginjuu,129637000.0,27.0,4.0,1
0000298263,Sairentoseibaa,Male,,1995.03.20,Kuroshikage,Shiraoifaamu,(Ari) Shadaireesuhoosu,203834000.0,60.0,7.0,1
0000281466,Anburasumoa,Male,,,,,,0.0,0.0,0.0,1
0000611564,Machikaneakatsuki,Male,,1999.04.13,Kuroshikage,Kudoufaamu,Hosokawa Masuo,146278000.0,13.0,3.0,1
0000619768,Goorudoaryuuru,Male,,1999.03.03,Kurige,Oiwakefaamu,(Ari) Shadaireesuhoosu,410376000.0,16.0,8.0,1
0000618482,Himitsuheiki,Male,,1999.06.14,Kage,Taiseibokujou,Tanaka Harumi,78965000.0,10.0,5.0,1
0000071620,Intaataiyou,Male,,,,,,0.0,0.0,0.0,1
0000704212,Asakusaden'En,Male,,,,,,0.0,0.0,0.0,1
0000611751,Sakurahaan,Male,,1999.04.21,Kage,Shinwabokujou,(Kabu) Sakurakomaasu,79978000.0,75.0,14.0,1
0000626090,Kuronosushichii,Male,,,,,,0.0,0.0,0.0,1
0000616470,Yamaninmataa,Male,,1999.03.27,Aokage,Nishikiokabokujou,Tsuchii Hajime,51856000.0,34.0,3.0,1
0000006535,Kuuringaa,Male,,,,,,0.0,0.0,0.0,1
0000704061,Machikanehinogotoshi,Male,,1999.05.03,Kage,Robert G. Schaedle,Hosokawa Masuo,19969000.0,13.0,2.0,1
0000614047,Mainerupurosupaa,Male,,,,,,0.0,0.0,0.0,1
0000612034,Namurajiigaa,Male,,1999.04.21,Kage,Tomoda Kinzou,Kurihara Kiyoko,104640000.0,50.0,5.0,1
0000704191,Middotaun,Male,,1999.03.09,Kage,Miss Kay Shigeta,(Ari) Kyarottofaamu,127747000.0,21.0,6.0,1
0000731660,Juunkingupuroon,Male,,1997.01.01,Kage,Tremon Thoroughbreds Vic,P.Roo,0.0,1.0,0.0,1
0000179027,Reddopeppaa,せん,,1985.04.03,Kurige,Shadaifuaamu,Kawagoe Takeji,55083000.0,77.0,8.0,1
0000299015,Amerikanbosu,Male,,,,,,0.0,0.0,0.0,1
0000308824,Mejirosandora,Female,,1996.03.19,Ashige,Mejirobokujou,(Ari) Mejirobokujou,161106000.0,34.0,5.0,1
0000046001,Gurandoshinzan,せん,,,,,,0.0,0.0,0.0,1
0000330052,Maineruesukeepu,Male,,1998.04.19,Ashige,Kitajimabokujou,(Kabu) Sarabureddokurabu・Rafian,67793000.0,37.0,2.0,1
0000323768,Tamamosupuringu,Male,,1998.03.27,Kage,Koizumibokujou,Tamamo (Kabu),52986000.0,42.0,3.0,1
0000319845,Sapuremashii,Male,,1997.03.30,Kage,Yutakahiroshibokujou,Araki Kazuo,41255000.0,57.0,4.0,1
0000316748,Onwaadometeo,Male,,,,,,0.0,0.0,0.0,1
0000327508,Mireniamusuzuka,Male,,1998.05.09,Kage,Gurandobokujou,Nagai Keini,121423000.0,17.0,4.0,1
0000306149,Supuringutookai,Male,,1996.04.11,Kage,Deguchi Shigeo,Katou Haruo,72089000.0,48.0,3.0,1
0000308351,Taikidagurasu,Male,,1996.04.16,Ashige,Reddofaamu,Fuchigami Katsuo,60848000.0,37.0,4.0,1
0000329513,Supaakuraa,Male,,1998.03.18,Kage,Chuuzen Yoshitaka,Satou Yukio,10450000.0,24.0,1.0,1
0000273093,Hisakoobonbaa,Male,,1993.05.20,Ashige,Muranaka Isoichi,Hisatomi Kansuke,216651000.0,48.0,10.0,1
0000318699,Garufindoriimu,Female,,,,,,0.0,0.0,0.0,1
0000281547,Meishouwakashio,Male,,1994.03.23,Kurige,Nisseibokujou,Matsumoto Yoshio,237337000.0,59.0,7.0,1
0000304617,Shouzansukai,Male,,1996.04.08,Kuroshikage,Nisseibokujou,Yamamoto Osamu,76793000.0,59.0,3.0,1
0000299351,Easumappu,Male,,,,,,0.0,0.0,0.0,1
0000327548,Chiazuburaitorii,Male,,1998.03.24,Aokage,Ima Bokujou,Kitamura Kiyoko,205086000.0,29.0,7.0,1
0000299096,Shinkouedowaado,Male,,1995.02.04,Kage,"Fares Farms, Inc.",Nakamura Tokuya,155452000.0,27.0,3.0,1
0000316324,Guranpadodou,Female,,,,,,0.0,0.0,0.0,1
0000326947,Keejiimuteki,Male,,1998.03.23,Kage,Takamatsubokujou,Kawai Gorou,63241000.0,23.0,10.0,1
0000617048,Saningudeeru,Male,,1999.04.01,Kuroshikage,Taiheibokujou,Gotou Shigeki,435395000.0,26.0,7.0,1
0000612257,Teiemusazan'Oo,Male,,1999.03.27,Kage,Fujiwarafuaamu,Takezono Masatsugu,32712000.0,26.0,2.0,1
0000616816,Mayanooodorii,Female,,1999.03.26,Ashige,Morinaga Masashi,Tadokoro Suke,25013000.0,15.0,3.0,1
0000614758,Tsurumarufaitaa,Male,,1999.04.21,Kurige,Hamamotobokujou,Tsuruta Ninotoko,217090000.0,44.0,5.0,1
0000634664,Guriiriirando,Female,,,,,,0.0,0.0,0.0,1
0000612411,Ringasurooreru,Female,,1999.04.27,Kage,Mikita Yoritsugu,Itou Gan,220977000.0,50.0,6.0,1
0000611484,Jieikeibesuto,Male,,1999.05.15,Kage,Kashimabokujou,Koyano Jirou,65837000.0,37.0,4.0,1
0000225043,Toppujanbo,Male,,1989.03.12,Kuroshikage,Hokkaidounarashinobokujou,Oosaki Fumiko,4320000.0,3.0,2.0,1
0000313269,Yamakatsusuzuran,Female,,1997.04.14,Kurige,Okazakibokujou,Yamada Hiroyasu,297663000.0,26.0,6.0,1
0000296228,Hoomansupiritto,Male,,1995.03.27,Kurige,Ooshimabokujou,Kubo Hisato,187332000.0,38.0,7.0,1
0000212473,Sanfoodoshichii,Male,,1988.04.16,Kage,Sankoubokujou,(Kabu) Tomoshunhoosukurabu,0.0,0.0,0.0,1
0000287760,Reizusuzuran,Male,,1994.05.06,Kurige,Howard B. Keck,Suzuki Shuuhei,342153000.0,62.0,11.0,1
0000321177,Geiriiekushiido,Male,,1997.02.02,Ashige,Mitsuo Haga,Iwabuchi Michiyoshi,107589000.0,72.0,14.0,1
0000310463,Geiriiariesu,Male,,1996.03.04,Kurige,Twin Hopes Farm Inc,Kumada Yoshitaka,57245000.0,26.0,3.0,1
0000617176,Kattsumii,Male,,,,,,0.0,0.0,0.0,1
0000620126,Reninguraado,Male,,1999.04.29,Kurige,Noozanfaamu,Kondou Eiko,144940000.0,12.0,4.0,1
0000166620,Sougon,Male,,1984.05.15,Kage,Nagahamabokujou,Yoshida Osamu,0.0,4.0,0.0,1
0000615843,Ravariijienio,Male,,1999.04.27,Kage,Adachi Hiroshinama,Muranaka Tokuhiro,179618000.0,48.0,6.0,1
0000619099,Kosumorejisuta,Male,,1999.05.01,Kage,Daabiisutatsudo,Okada Misako,60255000.0,20.0,4.0,1
0000612439,Jieikeigabanaa,Male,,1999.04.08,Kuroshikage,Yasuda Toyoshige,Koyano Jirou,128310000.0,44.0,6.0,1
0000618457,Toosenfurendo,Male,,1999.04.05,Kuroshikage,Sarubashi Yoshiaki,Shimakawa Takaya,96066000.0,48.0,5.0,1
0000619404,Uintorasuto,Male,,,,,,0.0,0.0,0.0,1
0000310596,Taikitorejaa,Male,,1996.04.25,Kage,Taiki Farm,(Ari) Taijufaamu,329329000.0,30.0,8.0,1
0000314409,Namurafuronteia,Male,,1997.03.17,Kurige,Paradaisu・Faamu,Namura Nobushige,50835000.0,11.0,5.0,1
0000313886,Yuuwafarukon,Male,,1997.04.07,Kage,Mirufaamu,(Kabu) Yuuwa,137715000.0,26.0,5.0,1
0000316084,Supankiijakku,Male,,1997.05.30,Kuroshikage,Ougonbokujou,Tsuchii Yasusuke,75825000.0,25.0,4.0,1
0000295762,Kiigoorudo,Male,,,,,,0.0,0.0,0.0,1
0000298563,Roodokuronosu,Male,,1995.03.27,Kurige,Taijufaamu,(Kabu) Roodohoosukurabu,181562000.0,30.0,8.0,1
0000317485,Yukinosanroiyaru,Male,,1997.04.10,Aokage,Kawakami Etsuo,Inoue Motoyuki,271037000.0,72.0,8.0,1
0000317311,Berubokusaa,Male,,1997.06.03,Kurige,Akitabokujou,Matsuda Keiichi,128047000.0,110.0,9.0,1
0000292953,Eepiiguriido,Male,,,,,,0.0,0.0,0.0,1
0000316279,Happiirikuesuto,Female,,1997.06.06,Kurige,Shadaifaamu,(Ari) Shadaireesuhoosu,108238000.0,25.0,6.0,1
0000316290,Supuringuchiketto,Female,,1997.05.07,Kuroshikage,Shadaifaamu,Yoshida Teruya,100355000.0,19.0,6.0,1
0000614840,Nishionooburu,Female,,1999.03.26,Kage,Faaminguyanakita,Nishio Umarou,47322000.0,17.0,3.0,1
0000127068,Suriirooman,Female,,1980.05.01,Kurige,Matoba Misao,Kamimura Takashiteru,7199000.0,62.0,3.0,1
0000325194,Daiichidanhiru,Male,,1998.04.25,Aokage,Noozanfaamu,Tsujimoto Haruo,72000000.0,16.0,3.0,1
0000305777,Shiipasshon,Male,,1996.05.05,Kage,Nomura Masanobu,Fujita Souhei,80603000.0,35.0,5.0,1
0000299350,Paradaisuhiruzu,Male,,1995.03.15,Kage,Bernard Cooke,(Ari) Shadaireesuhoosu,142458000.0,47.0,6.0,1
0000291160,Toushounoa,Male,,1995.03.08,Kage,Toushoubokujou,Toushousangyou (Kabu),111213000.0,37.0,6.0,1
0000307182,Vientoshichii,Male,,1996.03.30,Kurige,Fukuoka Kiyoshi,(Kabu) Tomoshunhoosukurabu,87367000.0,31.0,5.0,1
0000325162,Bigguteesuto,Male,,1998.03.09,Kurige,Noozanfaamu,(Ari) Biggu,197979000.0,25.0,6.0,1
0000325950,Eishinkagayaki,Male,,,,,,0.0,0.0,0.0,1
0000303923,Namuramaamuudo,Male,,1996.04.13,Kuroshikage,Itou Matsugi,Namura Nobushige,97758000.0,59.0,5.0,1
0000167239,Hakusanrakkii,Male,,1984.05.26,Kurige,Takagishi Setsuo,Nanpou Hisao,21751000.0,18.0,7.0,1
0000299283,Sumairinguhanto,せん,,1995.03.30,Kage,Kazuhiro J. Higuchi,Higuchi Kazuhiro,60166000.0,26.0,1.0,1
0000316733,Guddopaararaisu,Male,,,,,,0.0,0.0,0.0,1
0000307542,Teiemudaioo,Male,,1996.04.14,Kurige,Inokebokujou,Takezono Masatsugu,126712000.0,26.0,5.0,1
0000615778,Waidoseivia,Male,,1998.03.08,Kurige,Old English Rancho & Mr. & Mrs. John Stonebraker,Habata Masanobu,18315000.0,28.0,1.0,1
0000317993,Yamaninrisupekuto,Male,,1997.03.24,Kage,Nishikiokabokujou,Tsuchii Kaoru,159049000.0,21.0,5.0,1
0000313329,Toppukomandaa,Male,,1997.05.20,Kage,Kamada Masatsugu,Joi・Reesuhoosu (Kabu),210362000.0,34.0,5.0,1
0000318107,Toowatorejaa,Female,,1997.04.28,Kage,Hinodefaamu,Saitou Suゞ,161110000.0,25.0,5.0,1
0000330037,Meishouramusesu,Male,,1998.03.28,Kurige,Inaharabokujou,Matsumoto Yoshio,167381000.0,19.0,6.0,1
0000317193,Gyanbururoozu,Female,,,,,,0.0,0.0,0.0,1
0000290737,Oosumitaikan,Male,,,,,,0.0,0.0,0.0,1
0000327833,Biggufuriito,Male,,1998.04.30,Kuroshikage,Chiyodabokujou,Kumi)Ksddoriimu,140355000.0,58.0,16.0,1
0000318033,Uinbureizu,Male,,,,,,0.0,0.0,0.0,1
0000302952,Kikukaguroriasu,Female,,,,,,0.0,0.0,0.0,1
0000316387,Agunesusupesharu,Male,,,,,,0.0,0.0,0.0,1
0000304743,Tsujinowandaa,Male,,1996.06.19,Kage,Hidakataiyoubokujou,Ootsuka Fumio,125548000.0,42.0,6.0,1
0000306961,Toushouandore,Male,,1996.03.23,Kuroshikage,Toushoubokujou,Satou Yukihiko,105838000.0,44.0,5.0,1
0000714290,Atagotaishou,Male,,,,,,0.0,0.0,0.0,1
0000700870,Toohouasuka,Female,,2000.05.27,Kurige,Yoshida Takashi,Touhoubussan (Kabu),34594000.0,11.0,1.0,1
0000706416,Mainerumorugen,Male,,2000.05.26,Kage,Matsuurabokujou,(Kabu) Sarabureddokurabu・Rafian,287166000.0,37.0,7.0,1
0000033450,Fujinotakane,Female,,1969.06.19,Kage,,Sakakibara Suhe,451000.0,11.0,2.0,1
0000702124,Howaitokaanibaru,Female,,2000.03.06,Ashige,Gurandobokujou,(Ari) Gurandobokujou,63979000.0,18.0,2.0,1
0000714239,Haatoon'Ueebu,Female,,2000.01.20,Kage,Brushwood Stable,Iida Sei,17702000.0,10.0,1.0,1
0000721159,Seiunbakufuun,Male,,2000.04.25,Kage,Gainsborough Farm Llc,Nishiyama Shigeyuki,41248000.0,30.0,1.0,1
0000703179,Samaaobukingusu,Male,,2000.02.17,Kuroshikage,Keiaifuaamu,Nakamura Kazuo,21950000.0,31.0,2.0,1
0000705076,Okanohaamonii,Female,,,,,,0.0,0.0,0.0,1
0000701861,Fiirudomakkusu,Male,,2000.05.12,Kage,Ikedabokujou,Chida Katsuzou,16490000.0,8.0,1.0,1
0000706400,Eesuobuhaato,Male,,,,,,0.0,0.0,0.0,1
0000263434,Haroomaifurendo,Female,,1992.03.25,Kage,Iwasaki Kou,Kozono Kazuo,272000.0,3.0,0.0,1
0000702192,Maineruefooru,Male,,2000.04.24,Kurige,Kosumobyuufaamu,(Kabu) Sarabureddokurabu・Rafian,25700000.0,25.0,2.0,1
0000064736,Waarudoshichii,Male,,1973.03.20,Kurige,Noomote Tsutomu,Yanaga Shizue,0.0,0.0,0.0,1
0000707544,Sachinoguroori,Male,,2000.03.14,Kage,Tomikawabokujou,Satou Yukihiko,43212000.0,22.0,3.0,1
0000319957,Aratamaindi,Male,,,,,,0.0,0.0,0.0,1
0000303155,Ibukigabamento,Male,,,,,,0.0,0.0,0.0,1
0000317476,Mayanoabusoruuto,Female,,1997.03.02,Kage,Kawakami Etsuo,Tadokoro Suke,160357000.0,29.0,6.0,1
0000317832,Mitsuwatoppuredi,Female,,1997.05.23,Kage,Daieibokujou,(Kabu) Koushou,165109000.0,35.0,7.0,1
0000328153,Asukukomandaa,Female,,,,,,0.0,0.0,0.0,1
0000316931,Joodishiraoki,Female,,1997.04.24,Kage,Taiseibokujou,(Ari) Taiseibokujou,88423000.0,41.0,5.0,1
0000298086,Jupiterian,せん,,1995.03.19,Kage,Shiraoioosugabokujou,(Ari) Sandeereeshingu,114746000.0,42.0,3.0,1
0000298397,Agunesuchanpu,Male,,,,,,0.0,0.0,0.0,1
0000306636,Hizenhokushoo,Male,,1996.03.05,Kage,Sakamoto Tomohiro,(Ari) Maekawakikaku,99453000.0,36.0,4.0,1
0000318050,Shirukuenperaa,Male,,1997.06.13,Aokage,Kashiwagibokujou,Tomioka Shinji,28000000.0,30.0,2.0,1
0000326684,Karusutonraitoo,Male,,,,,,0.0,0.0,0.0,1
0000320139,Bureikutaimu,Male,,1997.05.21,Kage,Taniguchibokujou,(Ari) Noosuhiruzumanejimento,259580000.0,23.0,6.0,1
0000318510,Taikimebiusu,Female,,1997.04.29,Kage,Taijufaamu,(Ari) Taijufaamu,70440000.0,26.0,4.0,1
0000124831,Intaasakusesu,Male,,,,,,0.0,0.0,0.0,1
0000326543,Sazankurosubikoo,Female,,1998.03.30,Kage,Mirufaamu,(Ari) Rejiendo,56187000.0,54.0,4.0,1
0000291898,Sanraizutaigaa,Male,,1995.02.27,Kage,Urakawayamaguchibokujou,(Kabu) Matsuoka,111770000.0,34.0,7.0,1
0000140413,Misutaadon,Male,,1981.04.17,Ashige,Itoubokujou,Fujimoto Masami,116190000.0,77.0,15.0,1
0000304296,Eregantoregaaro,Female,,,,,,0.0,0.0,0.0,1
0000306974,Mateiini,Female,,1996.05.11,Kage,Hinobokujou,Kitatokoro Naoto,87291000.0,53.0,5.0,1
0000316527,Kurarettopanchi,Female,,,,,,0.0,0.0,0.0,1
0000279508,Mainerueameeru,Male,,1994.06.04,Kurige,Kohara Takao,Oka Shigeyuki,125094000.0,40.0,6.0,1
0000305701,Rizarutoshichii,Male,,1996.04.02,Kage,Deguchi Gionore,(Kabu) Tomoshunhoosukurabu,94183000.0,77.0,4.0,1
0000326052,Teiemuooshan,Female,,1998.04.09,Kage,Kawagoe Toshiki,Takezono Masatsugu,472257000.0,18.0,7.0,1
0000328006,Himarayanburuu,Male,,1998.03.09,Kage,Hatakeyamabokujou,Sugioka Tokiji,135249000.0,26.0,4.0,1
0000318605,Nihonpironiiru,Male,,1997.05.24,Kurige,Inaharabokujou,Kobayashi Hyakutarou,70961000.0,9.0,6.0,1
0000309028,Choukairyouga,Male,,1996.03.08,Kuroshikage,Shadaifaamu,(Kabu) Hiratabokujou,138560000.0,36.0,4.0,1
0000301903,Eishinwanshan,Female,,,,,,0.0,0.0,0.0,1
0000302197,Dandirasshu,Male,,1996.04.06,Kuroshikage,Nobunaribokujou,Jinnai Yutaka,97276000.0,42.0,5.0,1
0000309075,Areguraaru,Male,,,,,,0.0,0.0,0.0,1
0000317548,Takinosupesharu,Male,,1997.04.25,Kage,Kuroyanagi Sakuji,Otaki Wataru,73370000.0,17.0,9.0,1
0000319105,Fuumonjoo,Male,,1997.05.13,Kurige,Sakaguchi Yutakatsubasa,Kawauchi Takao,71420000.0,25.0,5.0,1
0000626072,Sutaakinguman,Male,,1999.04.14,Kurige,John R. Gaines Thoroughbreds Ltd.,(Kabu) Goorudoreeshingu,409679000.0,41.0,7.0,1
0000296596,Maitaan,Male,,1995.04.18,Kage,Toueibokujou,Shimoi Michihiro,336650000.0,38.0,8.0,1
0000313435,Atsumiraare,Male,,,,,,0.0,0.0,0.0,1
0000709040,Wana,Female,,2000.03.31,Kuroshikage,Kimurabokujou,Odagiri Yuuichi,43395000.0,9.0,2.0,1
0000700422,Yoshisaibaadain,Male,,2000.01.29,Kurige,Kasamatsubokujou,Tanabe Yoshihiko,85415000.0,25.0,3.0,1
0000701817,Marurosu,Male,,2000.03.02,Kage,Noozanfaamu,Nagata Kazuhiko,33007000.0,38.0,2.0,1
0000701787,Taimuuiruteru,Female,,2000.02.13,Kage,Noozanfaamu,(Ari) Sandeereeshingu,72181000.0,20.0,2.0,1
0000707555,Toosen'Orion,Male,,2000.03.20,Kage,Tomikawabokujou,Shimakawa Takaya,88935000.0,13.0,3.0,1
0000706369,Yuuwatenzan,Male,,2000.03.06,Kage,Berumontofaamu,(Kabu) Yuuwa,13450000.0,19.0,1.0,1
0000705384,Mieppari,Male,,2000.05.16,Kuroshikage,Taiheibokujou,Nakagawa Tsutomu,10404000.0,35.0,6.0,1
0000708331,Hooman'Apiiru,Male,,2000.04.23,Kage,Biratoribokujou,Kubo Hisato,94599000.0,38.0,5.0,1
0000702748,Mainerabendaa,Female,,2000.03.10,Kage,Bitsuguretsudofuaamu,Kurishima Toyoake,18610000.0,25.0,2.0,1
0000701762,Shootoroobusu,Male,,2000.03.17,Kuroshikage,Noozanfaamu,(Ari) Sandeereeshingu,100808000.0,54.0,4.0,1
0000705019,Maineruriipusuto,Male,,2000.04.01,Kurige,Saegusabokujou,(Kabu) Sarabureddokurabu・Rafian,11212000.0,8.0,1.0,1
0000701716,Makotosuzuran,Female,,2000.04.18,Aokage,Noozanfaamu,Makabe Mei,63311000.0,21.0,4.0,1
0000702752,Maineviinasu,Female,,2000.04.25,Kage,Bitsuguretsudofuaamu,(Kabu) Sarabureddokurabu・Rafian,17250000.0,33.0,1.0,1
0000703399,Toosenririi,Female,,2000.04.04,Kage,Shinodabokujou,Shimakawa Takaya,42574000.0,23.0,2.0,1
0000700355,Torasutoserebii,Male,,2000.04.16,Kage,Umedabokujou,Suganami Masami,85387000.0,33.0,5.0,1
0000707310,Ririikyasukeedo,Female,,2000.02.06,Kage,Shiraibokujou,Itou Hitoshi,18260000.0,12.0,2.0,1
0000714070,Meipururoodo,Female,,2000.05.07,Kurige,Naritakabokujou,(Ari) Taafu・Supooto,64230000.0,52.0,2.0,1
0000257305,Buruukonkorudo,Male,,1992.04.11,Ashige,Sasaki Harumi,Aoike Yukiko,76000.0,4.0,0.0,1
0000703074,Daikichimusume,Female,,2000.02.10,Kage,Inui Minaosu,Nishimura Shin'Ichirou,41615000.0,51.0,4.0,1
0000731243,Chaningugaaru,Female,,2000.03.13,Kurige,Glencrest Farm Llc,Hirai Toyomitsu,21350000.0,15.0,2.0,1
0000714142,Eishintsurugizan,Male,,,,,,0.0,0.0,0.0,1
0000702296,Chikiriteioo,Male,,2000.04.03,Kage,Shimomura Shigemasa,Kansaikougyou (Ari),38109000.0,52.0,2.0,1
0000704697,Rabuizurasshu,Male,,2000.03.04,Kage,Surugabokujou,Jouchi Kiyoshiman,21142000.0,26.0,2.0,1
0000704872,Yamashiroheiroo,Male,,2000.03.25,Kuroshikage,Nakajima Toshiaki,Tachibana Yukio,7050000.0,20.0,1.0,1
0000703772,Marushigetoniibin,Female,,2000.03.23,Kuroshikage,Bandoushima Shigetou,Bandoushima Shigetou,22603000.0,21.0,2.0,1
0000706516,Taiposhibirii,Female,,2000.05.23,Kage,Meitaibokujou,Sumida Aiko,8763000.0,47.0,4.0,1
0000704379,Meishoukazekko,Female,,2000.05.07,Kage,Urakawanisseibokujou,Matsumoto Yoshio,13350000.0,21.0,1.0,1
0000707513,Eesuinzareesu,Male,,,,,,0.0,0.0,0.0,1
0000706185,Yamaninkarufuuru,Female,,2000.03.06,Kage,Nishikiokabokujou,Tsuchii Hajime,27000000.0,13.0,3.0,1
0000704916,Kosumoburuunooto,Female,,2000.03.09,Kurige,Hitabokujou,Okada Misako,16700000.0,17.0,1.0,1
0000701288,Marubutsutaikuun,Male,,2000.04.01,Kuroshikage,Takahashinoujou,Oosawa Tsuyoshi,44962000.0,37.0,2.0,1
0000709148,Touruusaapasu,Male,,1999.03.21,Kuroshikage,William S. Kilroy,Maeda Kouji,98010000.0,14.0,5.0,1
0000298440,Tayasumedou,Male,,1995.04.27,Kage,Shadaifaamu,Yokose Kan'Ichi,189502000.0,27.0,7.0,1
0000309010,Burazaataikuun,Male,,1996.02.23,Kurige,Shadaifaamu,Saitou Shihoutsukasa,102510000.0,24.0,5.0,1
0000328362,Paian,Female,,1998.02.14,Kage,Yamadabokujou,Nishimori Tsuru,72803000.0,12.0,5.0,1
0000294692,Kiinishiki,Male,,,,,,0.0,0.0,0.0,1
0000304795,Marukachiino,Male,,1996.04.07,Kurige,Fukumitsubokujou,Hoshino Seizou,77564000.0,63.0,13.0,1
0000315693,Manbonorizumu,Male,,1997.05.25,Kage,Mikamibokujou,Tsubonotani Wahei,134216000.0,32.0,6.0,1
0000310423,Bikooguddoman,Male,,1996.02.20,Kurige,Albert G. Clay & John W. Clay,(Ari) Rejiendo,81007000.0,35.0,3.0,1
0000290805,Biggumakibaoo,Male,,1995.04.28,Kage,Gurandobokujou,(Ari) Biggu,134872000.0,47.0,8.0,1
0000616366,Roodosupureddo,Male,,1999.05.28,Kage,Hiwataribokujou,(Kabu) Roodohoosukurabu,18520000.0,21.0,1.0,1
0000132476,Hikarihoooo,Male,,1980.02.04,Kurige,Sado Hideharu,Kamimura Nitarou,1190000.0,64.0,0.0,1
0000331312,Biggusutorongu,Male,,1998.02.21,Kage,Folly Hill Farm,(Ari) Biggu,12810000.0,14.0,1.0,1
0000318648,Kuriminaruraito,Male,,,,,,0.0,0.0,0.0,1
0000620083,Adomaiyamakkusu,Male,,,,,,0.0,0.0,0.0,1
0000612177,Maineruamunzen,Male,,1999.03.05,Kage,Bitsuguretsudofuaamu,(Kabu) Sarabureddokurabu・Rafian,249329000.0,34.0,7.0,1
0000611506,Kanfaabesuto,Male,,,,,,0.0,0.0,0.0,1
0000614261,Uindeyueru,Male,,,,,,0.0,0.0,0.0,1
0000611589,Hanedarenjaa,Male,,1999.04.20,Kurige,Gurandobokujou,Suzuki Toshi,44760000.0,16.0,3.0,1
0000619607,Operabooi,Male,,,,,,0.0,0.0,0.0,1
0000618557,Rikibokusaa,Male,,1999.02.23,Kuroshikage,Nakamura Toshiaki,Gotou Shigeki,77484000.0,36.0,3.0,1
0000612735,Aiadobenchaa,Male,,,,,,0.0,0.0,0.0,1
0000619859,Akutonachurarii,Male,,,,,,0.0,0.0,0.0,1
0000612121,Daiwafurorida,Male,,1999.03.14,Kurige,Hattori Kazunori,Yamatoshouji (Kabu),40775000.0,28.0,2.0,1
0000704208,Fainmooshon,Female,,1999.01.27,Kage,Barronstown Stud And Orpendale,Fushikita Tatsuo,494518000.0,15.0,8.0,1
0000612569,Toshizadansaa,Female,,1999.05.20,Kage,Urakawakobayashibokujou,Kamimura Kanou,97583000.0,25.0,5.0,1
0000619880,Toripurekkusu,Female,,1999.03.17,Aokage,Shadaifaamu,(Ari) Shadaireesuhoosu,88948000.0,30.0,4.0,1
0000617883,Bahamuuto,Female,,1999.04.08,Kurige,Nakahashi Sei,Fujino Nenyasu,19626000.0,31.0,10.0,1
0000619709,Mejirobenetto,Female,,1999.04.29,Kage,Mejirobokujou,(Ari) Mejirobokujou,78848000.0,51.0,3.0,1
0000620119,Biipojiteibu,Female,,1999.03.10,Kurige,Noozanfaamu,Kaneko Masato,75150000.0,19.0,3.0,1
0000325180,Happiirukku,Male,,1998.03.22,Kage,Noozanfaamu,Kobayashi Eiichi,189683000.0,28.0,5.0,1
0000613921,Shiatoruriidaa,Male,,1999.04.30,Kage,Arai Shouji,Baba Sachiaki,112613000.0,33.0,6.0,1
0000617546,Hishimirakuru,Male,,1999.03.31,Ashige,Ootsukabokujou,Abe Masaichirou,514989000.0,28.0,6.0,1
0000618462,Operakasutamu,Male,,,,,,0.0,0.0,0.0,1
0000616546,Shirukufeimasu,Male,,1999.04.08,Kage,Hayatabokujouniikappushijou,Yuugengaishashiruku,473914000.0,43.0,9.0,1
0000090576,Shindererabooi,Male,,1976.05.28,Kuroshikage,Sasaki Kin'Ichirou,Motegi Kuranosuke,10514000.0,14.0,6.0,1
マイソールサウンド,Maisoorusaundo,Male,,,,,,,,,1
0000702412,Sakurapurejidento,Male,,2000.04.11,Kage,Taniokabokujou,(Kabu) Sakurakomaasu,286265000.0,12.0,4.0,1
0000705784,Teiemurikisan,Male,,2000.04.13,Kage,Kyouyuubokujou,Takezono Masatsugu,108520000.0,36.0,2.0,1
0000059908,Wandaabooi,Male,,1973.04.09,Kurige,Hishitatamurabokujou,Inoue Shin'Ichi,0.0,0.0,0.0,1
0000127202,Marubutsutoppu,Male,,1980.05.13,Kurige,Yanagitani Tomoosamu,Oosawa Tsuyoshi,46451000.0,38.0,4.0,1
0000702130,Tamamoritchi,Male,,2000.03.07,Kage,Gurandobokujou,Tamamo (Kabu),88622000.0,15.0,4.0,1
0000171579,Yukinosuitopii,Female,,1984.05.15,Tochikurige,Sasaki Taku,Yamaoka Yukiko,755000.0,11.0,0.0,1
0000015741,Raijin'Oo,Male,,1966.04.26,Kage,,Onoue Yoshinori,28850000.0,38.0,4.0,1
0000701704,Pashionkuremansu,Male,,2000.02.11,Kage,Noozanfaamu,Koyazu Nobuhiro,18008000.0,23.0,2.0,1
0000319382,Goorudenrodorigo,Male,,1997.04.03,Kage,Takeshima Kouji,Yamazumi Reiko,226904000.0,54.0,6.0,1
0000319843,Daburuhapinesu,Male,,1997.03.14,Ashige,Yutakahiroshibokujou,Itou Takesaburou,131968000.0,29.0,6.0,1
0000321394,Eishindanzubiru,Male,,,,,,0.0,0.0,0.0,1
0000626288,Toshizabosu,Male,,1998.02.08,Kuroshikage,Robert Bertram,Kamimura Kanou,174758000.0,45.0,6.0,1
0000331290,Dibainshirubaa,Male,,1998.03.24,Kurige,Redwood Partners,Sakurai Sei,350251000.0,54.0,10.0,1
0000291878,Toshizamika,Female,,1995.04.16,Kage,Urakawakobayashibokujou,Kamimura Kanou,233598000.0,43.0,9.0,1
0000306902,Naikiafuriito,Male,,1996.05.27,Kurige,Chiyodabokujou,Oono Kazuei,97407000.0,61.0,10.0,1
0000319829,Teruterubouzu,Female,,1997.04.22,Kage,Hekiunbokujou,Nomura Toshiko,38125000.0,34.0,2.0,1
0000319772,Girudeddoeeji,Male,,,,,,0.0,0.0,0.0,1
0000274435,Kobanosukotchi,せん,,1993.03.06,Kage,Ookawabokujou,Kobayashi Masao,152039000.0,69.0,6.0,1
0000292183,Toukairokkii,せん,,1995.03.11,Kage,Shoueibokujou,Uchimura Seisoku,89577000.0,40.0,7.0,1
0000313981,Daiwauindamu,Male,,1997.04.24,Kage,Watanabebokujou,Ooshiro Keizou,109459000.0,45.0,6.0,1
0000308231,Marugouisshu,Male,,1996.04.12,Kage,Yamakoshi Noritada,Katou Niroku,96206000.0,64.0,5.0,1
0000709132,Shirukuburaboo,Male,,2000.02.06,Ashige,Dr. Koichaiko Hayata,Yuugengaishashiruku,67144000.0,13.0,3.0,1
0000707129,Buruuirevun,Male,,2000.04.09,Kurige,Sasakibokujou,Kanekomasatohoorudingusu (Kabu),146536000.0,14.0,3.0,1
0000634849,Eishinchanpu,Male,,,,,,0.0,0.0,0.0,1
0000704546,Teiemugaruchioo,Male,,2000.03.30,Kurige,Kineusubokujou,Takezono Masatsugu,54985000.0,27.0,2.0,1
0000709131,Shirukukojiin,Male,,2000.02.19,Ashige,Dr. Koichiro Hayata,Yuugengaishashiruku,8500000.0,7.0,1.0,1
0000176457,Rokettopanchi,Male,,1985.06.07,Kuroshikage,Hara Takemi,(Ari) Naitoshouji,25337000.0,16.0,3.0,1
0000708017,Operakoronarii,Male,,,,,,0.0,0.0,0.0,1
0000704343,Purachinafezaa,Male,,2000.05.01,Kage,Ueda Seizou,(Ari) Sandeereeshingu,21700000.0,18.0,2.0,1
0000317464,Meipurubega,Female,,1997.05.13,Kage,Kawakami Etsuo,Fushi Eiji,63485000.0,30.0,14.0,1
0000305685,Furendoriieesu,Female,,1996.04.13,Kurige,Takamatsubokujou,Masuyama Takeshi,76973000.0,44.0,3.0,1
0000614799,Shiariasubaio,Female,,1999.04.17,Ashige,Hidakataiyoubokujou,Baio (Kabu),83010000.0,29.0,5.0,1
0000617998,Kosumopurofiiru,Female,,1999.04.27,Kage,Fujimaki Norihiroshi,Okada Misako,22730000.0,20.0,2.0,1
0000321358,Eishinkojiin,Male,,,,,,0.0,0.0,0.0,1
0000319332,Shirukusanraizu,Female,,1997.04.27,Kage,Takazawa Toshio,Matsuoka Takao,90090000.0,32.0,5.0,1
0000317649,Marutakasairensu,Male,,1997.04.23,Aokage,Sakakibara Koushi,Takahashi Yoshikazu,152452000.0,55.0,10.0,1
0000315465,Maineruburaian,Male,,1997.04.21,Kurige,Bitsuguretsudofuaamu,(Kabu) Sarabureddokurabu・Rafian,269313000.0,34.0,8.0,1
0000615774,Gurasueikouoo,Male,,,,,,0.0,0.0,0.0,1
0000304250,Jounoburaboo,Male,,1996.05.26,Kurige,Mikibokujou,Chiba Shigeo,158936000.0,66.0,12.0,1
0000316732,Rongukaisou,Female,,1997.04.26,Kage,Ogifukumiyoshifuaamu,Nakai Toshio,172575000.0,27.0,7.0,1
0000305461,Onwaadoseinto,Female,,,,,,0.0,0.0,0.0,1
0000283751,Biimainakayama,Male,,1994.05.25,Kage,Nagata Katsuyuki,(Ari) Nakayamabokujou,483089000.0,53.0,13.0,1
0000612314,Jienesuaridaa,Male,,1999.03.25,Kage,Hokutobokujou,Yamaguchi Shingo,103094000.0,41.0,5.0,1
0000616696,Nomuraryuuoo,Male,,1999.05.23,Kurige,Maekawa Takanori,Nomura Akio,101352000.0,45.0,8.0,1
0000295403,Naritahomare,Male,,1995.04.13,Kuroshikage,Hikarubokujou,Takahashi Yuuko,218792000.0,69.0,6.0,1
0000315688,Naritadaidou,Male,,1997.03.15,Kurige,Maakuribokujou,Yamaji Hidenori,155990000.0,70.0,5.0,1
0000309051,Kuriaabeesu,せん,,,,,,0.0,0.0,0.0,1
0000321239,Sutandoon'Endo,Female,,1997.03.10,Kage,Harry T. Mangurian Jr.,Yoshida Kazuko,114965000.0,27.0,7.0,1
0000319609,Kishuufantaji,Female,,,,,,0.0,0.0,0.0,1
0000316266,Agunesufuraito,Male,,,,,,0.0,0.0,0.0,1
0000330636,Sanraizujiegaa,Male,,1998.05.19,Aokage,Urakawayamaguchibokujou,Matsuoka Takao,215523000.0,33.0,6.0,1
0000310410,Biggubaikingu,Male,,1996.04.24,Aokage,Katom Ltd,(Ari) Biggu,117914000.0,28.0,2.0,1
0000702494,Piisuobuwaarudo,Female,,2000.02.18,Kage,Chiyodabokujou,Iida Sei,146000000.0,10.0,4.0,1
0000702537,Shiiizutoushou,Female,,2000.04.02 26歳,Kage,Toushoubokujou,Toushousangyou (Kabu),504499000.0,37.0,7.0,1
0000731694,Soruteibiddo,Female,,2000.01.29,Kurige,Beth H. Clifton,Kaneko Masato,60335000.0,12.0,3.0,1
0000286330,Purantoparadaisu,Female,,1994.03.18,Kage,Nishiyamabokujou,Nishiyamabokujou,1300000.0,8.0,0.0,1
ペルル,Peruru,Female,,,,,,,,,1
0000703716,Asakamaguma,Female,,,,,,0.0,0.0,0.0,1
0000700474,Shatorufuji,Female,,2000.02.27,Kurige,Takaakibokujou,(Ari) Takaakibokujou,9510000.0,18.0,1.0,1
0000705536,Neibiizudootaa,Female,,2000.02.29,Kurige,Adachi Hiroshinama,Monbetsu Yoshio,6710000.0,19.0,3.0,1
0000701833,Karameruaato,Male,,,,,,0.0,0.0,0.0,1
0000701692,Nachuraruriidaa,Male,,2000.01.29,Kurige,Noozanfaamu,Yoshida Katsumi,65903000.0,28.0,4.0,1
0000704987,Taganorafureshia,Female,,2000.03.24,Kuroshikage,Matsuda Toshi,Yagi Ryouji,53621000.0,16.0,3.0,1
0000700123,Kyokuichibanbuu,Male,,,,,,0.0,0.0,0.0,1
0000731206,Monteooshan,Male,,2000.04.07,Kurige,Fletcher Gray & Carolyn Gray,Mouri Yoshiaki,23536000.0,11.0,3.0,1
0000078121,Mejiroraiden,せん,,1975.05.20,Kuroshikage,Mejirobokujou,Mejiroshouji (Kabu),14873000.0,15.0,2.0,1
0000302128,Marubutsueruhaabu,Male,,1996.03.19,Kurige,Sakaibokujou,Oosawa Tsuyoshi,53636000.0,24.0,4.0,1
0000324731,Ganshottoshichii,せん,,,,,,0.0,0.0,0.0,1
0000320934,Yuufuyouhou,Male,,1997.03.19,Kage,Taiheibokujou,(Kabu) Aitetsu,122275000.0,29.0,2.0,1
0000325071,Biruandokuu,Female,,1998.05.30,Kage,Shadaifaamu,Yoshida Teruya,75833000.0,27.0,4.0,1
0000306792,Buruuenpuresu,Female,,1996.05.25,Kuroshikage,Takeshi Bokujou,(Kabu) Ogifukureeshingu・Kurabu,64696000.0,20.0,3.0,1
0000732033,Taigaamooshon,Male,,2000.03.29,Kurige,Sierra Thoroughbreds Ltd.,Iida Seigou,47017000.0,14.0,2.0,1
0000732021,Baronkaranotegami,Male,,2000.03.28,Kage,Claiborne Farm,Chida Yukinobu,89362000.0,32.0,5.0,1
0000705949,Hoshikomandaa,Male,,2000.05.12,Kuroshikage,Takashisakaebokujou,Nagai Takeshi,54790000.0,10.0,2.0,1
0000700497,Namuramonsutaa,Male,,2000.02.28,Kurige,Kojimabokujou,Namura Nobushige,82654000.0,22.0,5.0,1
0000706378,Kaishuukondoru,Male,,,,,,0.0,0.0,0.0,1
0000708065,Maineruhirushu,Male,,2000.03.11,Kage,Morinagafaamu,(Kabu) Sarabureddokurabu・Rafian,6000000.0,2.0,1.0,1
0000619835,Deyurandaru,Male,,1999.05.25,Kurige,Shadaifaamu,Yoshida Teruya,503232000.0,17.0,8.0,1
0000743760,Riibazugoorudo,Male,,1997年,Kage,Mereworth Farm,Kuresutonfaamuzu,0.0,1.0,0.0,1
0000365440,Aburiizu,せん,,,,,,0.0,0.0,0.0,1
0001239499,Reddosan,Male,,2010.03.17 16歳,Kage,S.C.E.A. Haras De Saint Pair,,0.0,1.0,0.0,1
パプウス,Papuusu,せん,,,,,,,,,1
0000007153,Saidowaindaa,Male,,1959年,Kurige,,Higashide,0.0,0.0,0.0,1
0001339311,Ponderooza,Female,,2021.05.13,Kuroshikage,Yuugengaisha Esuteifaamu,Shimakawa Takaya,1700000.0,7.0,0.0,1
0000612191,Mainerupuresuto,Male,,1999.04.22,Kuroshikage,Bitsuguretsudofuaamu,Yamamoto Kouichi,67995000.0,74.0,9.0,1
0001172525,Hikookigumo,Male,,2013.04.10,Aokage,Okitabokujou,Gei Tooru,19340000.0,45.0,5.0,1
0000626942,Faruburavu,Male,,1998.02.28,Kage,Azienda Agricola Francesca,Sukyuderiarankateisha,253444000.0,1.0,1.0,1
0001105392,Sarafan,せん,,2009.03.15 17歳,Kurige,Ueyamabokujou,(Ari) Taafu・Supooto,6400000.0,9.0,1.0,1
0000375637,Indijienasu,せん,,,,,,0.0,0.0,0.0,1
0000008384,Gooran,Male,,1961.02.14,Kuroshikage,,Satou,2795000.0,35.0,3.0,1
0000743922,Irijisuteiburujueru,Female,,,,,,0.0,0.0,0.0,1
0000731381,Buraitosukai,Female,,1999年,Kurige,Dayton Investments Ltd,Uirudenshutainsha,0.0,1.0,0.0,1
0000620927,Sutoominguhoomu,Male,,1998.02.14,Kuroshikage,Gainsborough Stud Management Ltd,Makutsuumudenka,0.0,1.0,0.0,1
0000620054,Sutoppuzawaarudo,せん,,1999.05.18,Kage,Noozanfaamu,(Ari) Sandeereeshingu,74496000.0,20.0,4.0,1
0000316647,Nishinoaraundo,Male,,1997.03.19,Kage,Nishiyamabokujou,Nishiyama Shigeyuki,52241000.0,36.0,3.0,1
0000700974,Yamakatsuririi,Female,,2000.02.15,Kurige,Abe Sakaenosusumu,Yamada Hiroyasu,159620000.0,13.0,2.0,1
0000703570,Buranpyuuru,Female,,2000.04.07,Kage,Mitsuishikawakamibokujou,(Ari) Takaakibokujou,39836000.0,4.0,2.0,1
0000700535,Oosumiharuka,Female,,,,,,0.0,0.0,0.0,1
0000701777,Adomaiyateresa,Female,,,,,,0.0,0.0,0.0,1
0000705418,Teiemutokimeki,Female,,2000.05.06,Kuroshikage,Teiemubokujou,Takezono Masatsugu,17780000.0,21.0,2.0,1
0000708064,Gurandosafaiya,Female,,,,,,0.0,0.0,0.0,1
0000617765,Eeteiidaioo,Male,,,,,,0.0,0.0,0.0,1
0000324045,Suupaajiin,Male,,1998.02.24,Kage,Nakaji Yasuhiro,Hasatani Shigeko,227333000.0,29.0,8.0,1
0000329664,Machikanetaguinaki,Male,,1998.04.05,Kuroshikage,Hidakataiyoubokujou,Hosokawa Masuo,58941000.0,12.0,5.0,1
0001231931,Wandafurudeizu,Male,,2017.05.09,Kurige,Abe Sakaenosusumu,Niimura Jun'Ichi,151000.0,19.0,0.0,1
0000705074,Maijookaa,Male,,,,,,0.0,0.0,0.0,1
0000701785,Sairentodiiru,Male,,2000.03.19,Kurige,Noozanfaamu,Kanekomasatohoorudingusu (Kabu),318441000.0,49.0,7.0,1
0000700248,Kosumoinperiaru,Male,,2000.02.25,Kage,Tomita Kyouji,Nomoto Toshiko,100209000.0,63.0,7.0,1
0000731201,Shinboridebiru,Male,,2000.03.08,Kurige,Takahiro Wada,Shinboribokujou,46448000.0,28.0,3.0,1
0000700388,Paapurukuootsu,せん,,2000.04.18,Kage,Ogifukuhattoribokujou,(Ari) Ogifukuhattoribokujou,19390000.0,29.0,3.0,1
0000705345,Senritsu,Male,,2000.04.08,Kage,Akinaribokujou,Kokkou Masanori,37563000.0,32.0,3.0,1
0000731244,Eishinbuun,Male,,,,,,0.0,0.0,0.0,1
0000617479,Eaeminemu,Male,,,,,,0.0,0.0,0.0,1
0000303865,Faitokomandaa,Male,,1996.05.13,Kage,Amoubokujou,Shinagawa Hideko,208813000.0,44.0,7.0,1
0000705168,Toosensanii,Female,,2000.04.24,Kuroshikage,Hitoyamabokujou,Shimakawa Takaya,43548000.0,18.0,3.0,1
0000705586,Kameriaroozu,Female,,,,,,0.0,0.0,0.0,1
0000705380,Sutaariihevun,Female,,2000.05.09,Kuroshikage,Taiheibokujou,Sausunia (Kabu),146552000.0,39.0,6.0,1
0000706534,Takaorubii,Female,,2000.03.27,Kage,Mori Bokujou,(Kabu) Teradakoumuten,88069000.0,11.0,5.0,1
0000013600,Buruupeeru,Female,,1965.04.15,Kuroshikage,,Date,4680000.0,22.0,2.0,1
0000707859,Ishinohimebotaru,Female,,,,,,0.0,0.0,0.0,1
0000701780,Kafepinoko,Female,,,,,,0.0,0.0,0.0,1
0000169831,Reinbooburijji,Female,,1984.05.14,Kurige,Sakaibokujou,Tokisaki Takao,510000.0,3.0,0.0,1
0000702817,Romiodansu,Female,,2000.04.08,Kage,Toukichibokujou,(Kabu) Emuandoaaru,9772000.0,27.0,1.0,1
0000067635,Torianon,Female,,1974.01.28,Kurige,Takeda Hideo,Nakamura Hifumi,3795000.0,37.0,5.0,1
0000706261,Shirukiiraguun,Female,,2000.04.10,Kuroshikage,Hayatabokujouniikappushijou,Yuugengaishashiruku,154677000.0,24.0,7.0,1
0000320218,Koaresuburanka,Female,,1997.02.28,Ashige,Okita Hiroshi,Kobayashi Masashi,89132000.0,27.0,5.0,1
0000618949,Mandeemusume,Female,,1999.03.29,Ashige,Houseibokujou,Kakuda Tetsuo,95779000.0,14.0,6.0,1
0000611809,Buruushottogan,Male,,1999.05.02,Kage,Takeshi Bokujou,(Kabu) Buruumanejimento,226458000.0,68.0,7.0,1
0000299321,Serekutoguriin,Male,,1995.02.10,Kage,Grousmont Farm,(Kabu) Guriinfaamu,199460000.0,30.0,5.0,1
0000700017,Kiuidansu,Female,,,,,,0.0,0.0,0.0,1
0000302291,Daiwadeyuuru,Male,,1996.03.24,Kage,Tanigawabokujou,Ooshiro Keizou,192708000.0,49.0,5.0,1
0000302255,Ronguranningu,Male,,1996.05.30,Aokage,Takanobokujou,Nakai Toshio,136659000.0,21.0,5.0,1
0000328318,Supuringukingu,Male,,1998.05.07,Kuroshikage,Miyakebokujou,Katou Haruo,23370000.0,24.0,2.0,1
0000307734,Roodokenyuu,Male,,1996.03.30,Kuroshikage,Sakamotobokujou,(Kabu) Roodohoosukurabu,42250000.0,38.0,2.0,1
0000329918,Yuuwabureivu,せん,,1998.05.25,Kuroshikage,Morinagafaamu,(Kabu) Yuuwa,25560000.0,37.0,2.0,1
0000331211,Maineruyunibaasu,Male,,1998.03.10,Ashige,Taiheibokujou,(Kabu) Sarabureddokurabu・Rafian,117678000.0,62.0,2.0,1
0000701549,Zattsuzapurentei,Male,,2000.05.26,Kage,Shadaifaamu,(Ari) Shadaireesuhoosu,408360000.0,16.0,3.0,1
0000706208,Gevaruto,Male,,2000.03.05,Kage,Noosuhiruzumanejimento,(Ari) Noosuhiruzumanejimento,55464000.0,13.0,4.0,1
0000703446,Maineruandorea,Male,,2000.04.20,Kurige,Paradaisu・Faamu,(Kabu) Sarabureddokurabu・Rafian,13800000.0,6.0,1.0,1
0000701669,Kurafutowaaku,Male,,,,,,0.0,0.0,0.0,1
0000706212,Shanpansunoo,Male,,2000.03.26,Kurige,Noosuhiruzumanejimento,Sawahata Riku,43350000.0,65.0,2.0,1
0000703236,Maaburuchiifu,Male,,2000.03.31,Kurige,Shitarabokujou,Shimomura Choku,198278000.0,33.0,3.0,1
0000708997,Ragaamairaa,Male,,2000.04.14,Kage,Hyuugabokujou,Okumura Keiji,12848000.0,35.0,1.0,1
0000702362,Tomumirakuru,Male,,2000.03.30,Kuroshikage,Takahashifuaamu,Handa Tsutomu,51450000.0,41.0,2.0,1
0000700237,Mainerushuraaku,Male,,2000.03.23,Kurige,Takamura Shin'Ichi,Sakata Katsuji,9034000.0,45.0,3.0,1
0000705098,Uootaawairudo,Male,,,,,,0.0,0.0,0.0,1
0000704845,Meishoupopai,Male,,2000.03.06,Kage,Tomitabokujou,Matsumoto Yoshio,64471000.0,20.0,4.0,1
0000330999,Kaorijobanni,Male,,,,,,0.0,0.0,0.0,1
0000309155,Shounanmaindo,Male,,1996.05.05,Kage,Noozanfaamu,Kunimoto Tesshuu,94149000.0,41.0,5.0,1
0000309446,Kinguobusandee,Male,,,,,,0.0,0.0,0.0,1
0000321372,Marutaazusupaabu,Female,,1997.02.21,Ashige,Irwin Weiner & France Weiner,Fujita Yoshiotoko,107615000.0,22.0,2.0,1
0000287813,Guriinburittsu,Male,,,,,,0.0,0.0,0.0,1
0000331306,Maineairu,Female,,1998.04.04,Kurige,"Prestonwood Farm, Inc. & Mike Cadotte",(Kabu) Sarabureddokurabu・Rafian,221774000.0,37.0,6.0,1
0000313776,Shokotto,Female,,1997.03.31,Kage,Hinodebokujou,Inoue Ichirou,95370000.0,23.0,5.0,1
0000324973,Marukasawayaka,Female,,1998.05.10,Kuroshikage,Shadaifaamu,Kawachousangyou (Kabu),116350000.0,39.0,5.0,1
0000316488,Ribingudeiraitsu,Female,,1997.03.14,Kage,Noozanfaamu,(Ari) Sandeereeshingu,52763000.0,16.0,5.0,1
0000702826,Rantouzafuriizu,Male,,2000.04.05,Kage,Toyosatobokujou,(Ari) Jasuteisu,148498000.0,42.0,5.0,1
0000702205,Takarashaadii,Male,,2000.03.31,Kage,Sakai Kouichi,Yoshida Hirotoshi,120106000.0,37.0,12.0,1
0000705145,Riwaadoshinbaru,Male,,2000.05.31,Kurige,Yuugengaisha Riwaado,Miyazaki Tadashihiko,27159000.0,38.0,1.0,1
0000701455,Burakkukafe,Male,,2000.04.20,Aokage,Shadaifaamu,Hirata Kazuo,152030000.0,48.0,6.0,1
0000731534,Dorooautaa,Male,,2000.03.25,Kage,"Malibu Valley Farms Inc., Arthur Alisi & Mary Alisi",Kawasaki Setsuko,80609000.0,38.0,4.0,1
0000705216,Sankarutetto,Male,,2000.05.05,Kage,Kashiwagibokujou,Tamaki Kiyoshi,8000000.0,13.0,1.0,1
0000708317,Biibiihebun,Male,,2000.03.17,Kuroshikage,Bandoubokujou,(Ari) Bandoubokujou,11047000.0,8.0,1.0,1
0000700241,Makotoenperaa,Male,,2000.03.31,Ashige,Deguchi Shigeo,Makabe Mei,52586000.0,35.0,2.0,1
0000246672,Majikkubooi,Male,,1991.06.03,Ashige,Furattobokujou,Sakemi Toorushou,2184000.0,23.0,2.0,1
0000707202,Maineruverude,Male,,2000.05.15,Kage,Shibata Setsuko,(Kabu) Sarabureddokurabu・Rafian,14641000.0,10.0,1.0,1
0000302578,Teiemusandee,Male,,1996.05.15,Aokage,Miyauchibokujou,Takezono Masatsugu,234026000.0,38.0,8.0,1
0000326075,Teiemusausupoo,Male,,1998.05.14,Kurige,Kineusubokujou,Takezono Masatsugu,84192000.0,17.0,2.0,1
0000303147,Nihonpirohaaree,Male,,1996.03.30,Kuroshikage,Takasebokujou,Kobayashi Hyakutarou,144829000.0,51.0,6.0,1
0000302878,Mayanotoraimii,Male,,1996.03.02,Kage,Kawakami Etsuo,Yamauchi Hiroshi,106243000.0,49.0,6.0,1
0000315453,Maineruburau,Male,,1997.05.13,Kurige,Bitsuguretsudofuaamu,(Kabu) Sarabureddokurabu・Rafian,199924000.0,32.0,5.0,1
0000316596,Yuuwanpuratekuto,Male,,1997.03.09,Kage,Noozanfaamu,Yamaishi Yuuichi,178665000.0,58.0,6.0,1
0000316319,Zennoshougun,Male,,1997.05.30,Kuroshikage,Shadaifaamu,Oosako Nin,120041000.0,44.0,9.0,1
0000611903,Ierooboisu,Male,,,,,,0.0,0.0,0.0,1
0000705449,Taikidainasutei,Male,,1999.04.03,Kurige,Taiki Farm,(Ari) Taijufaamu,138714000.0,49.0,7.0,1
0000618810,Shounankaiun,Male,,1999.04.02,Kage,Yoshida Takashi,Kunimoto Tesshuu,19100000.0,24.0,2.0,1
0000616542,Ten'Eiuingu,Female,,1999.03.22,Kuroshikage,Hayatabokujouniikappushijou,Kumasaka Tomijuosu,62201000.0,23.0,3.0,1
0000701577,Neoyunivaasu,Male,,2000.05.21,Kage,Shadaifaamu,(Ari) Shadaireesuhoosu,613376000.0,13.0,7.0,1
0000701389,Makkiimakkusu,Male,,2000.03.20,Kurige,Yoshida Saburou,Takigiura Tooru,154559000.0,19.0,3.0,1
0000224728,Bigguurufu,Male,,1989.04.07,Kage,Hiromitsubokujou,Hayashi Masshi,10990000.0,24.0,2.0,1
0000707916,Inperiarunaito,Male,,,,,,0.0,0.0,0.0,1
0000707557,Buirokkii,Male,,2000.03.21,Kage,Togawabokujou,(Kabu) Komashuu,97255000.0,34.0,3.0,1
0000701679,Kuwaiettodei,Male,,,,,,0.0,0.0,0.0,1
0000701630,Wanmoachattaa,Male,,2000.05.11,Kuroshikage,Shiraoifaamu,Matsui Kazumi,197433000.0,51.0,6.0,1
0000731999,Eishinkusshingu,Male,,,,,,0.0,0.0,0.0,1
0000701551,Daiwaburesuingu,Male,,2000.05.15,Kage,Shadaifaamu,Hirata Kazuo,37657000.0,41.0,3.0,1
0000707795,Chuunii,Female,,2000.03.18,Kage,Hidakataiyoubokujou,Usuda Hiroyoshi,120246000.0,13.0,3.0,1
0000701891,Heiseipikaichi,Female,,2000.04.02,Kage,Itou Shouji,Yoshida Hirotoshi,53443000.0,44.0,3.0,1
0000708308,Passhonkyarii,Female,,2000.04.04,Kage,Harada Niihari,Nakada Kazuhiro,44941000.0,23.0,4.0,1
0000708397,Taikichaperu,Female,,2000.04.14,Aokage,Taijufaamu,Hirose Yuichi,13240000.0,28.0,7.0,1
0000706771,Seikoomiraa,Female,,2000.03.02,Kage,Houjuu Kawani,Takekuni Hiroshi,15000000.0,13.0,1.0,1
0000731684,Naikifeibaa,Female,,2000.02.29,Ashige,"Harold J.Hendricks,Roger L.Justice,Rick L.Littrell & Dr.Scott W.Pierce",Ono Seiji,58190000.0,23.0,3.0,1
0000701362,Mejiroheriteiji,Female,,2000.03.08,Kage,Mejirobokujou,(Ari) Mejirobokujou,26650000.0,21.0,3.0,1
0000744212,Wan'Andoooru,Female,,2000.04.19,Kuroshikage,Nursery Place,Maeda Kouji,6000000.0,10.0,1.0,1
0000701718,Vadoviitsue,Female,,2000.04.25,Kage,Noozanfaamu,(Ari) Orientobokujou,9070000.0,28.0,1.0,1
0000174574,Rooreruai,Female,,1984.05.10,Ashige,Takimoto Kenji,Nishiura Kazuo,5095000.0,40.0,9.0,1
0000700597,Saimonpyuaa,Female,,2000.04.17,Kurige,Takagishi Setsuo,Iketani Seiichi,22425000.0,27.0,4.0,1
0000701423,Tsuisuteinguravu,Female,,2000.06.03,Kage,Oiwakefaamu,(Ari) Sandeereeshingu,13700000.0,15.0,2.0,1
0000701800,Rikisanpyuatei,Female,,2000.03.12 26歳,Kuroshikage,Noozanfaamu,(Ari) Haipawaashouji,42000000.0,35.0,3.0,1
0000330360,Biwashinseiki,Male,,1998.06.13,Kage,Hayatabokujouniikappushijou,(Ari) Biwa,371718000.0,33.0,10.0,1
0000291887,Eikyuugattsu,Male,,,,,,0.0,0.0,0.0,1
0000317768,Regyuraamenbaa,Male,,1997.06.16,Kuroshikage,Takasebokujou,(Ari) Noosuhiruzumanejimento,315406000.0,23.0,6.0,1
0000708926,Uinkuryuugaa,Male,,,,,,0.0,0.0,0.0,1
0000731678,Ekorupureisu,Male,,,,,,0.0,0.0,0.0,1
0000701108,Nishinoshitan,Male,,2000.05.14,Kuroshikage,Nishiyamabokujou,Maeda Toshifumi,158917000.0,63.0,14.0,1
0000075475,Waarudoseiha,Male,,1974.04.25,Kurige,Shimizubokujou,Nomura Akio,8865000.0,30.0,4.0,1
0000702893,Maineruaruba,Male,,2000.03.06,Kurige,Makotoutadanakamakiba,Yoshioka Shuugi,53105000.0,60.0,4.0,1
0000708783,Goorudenkyasuto,Male,,2000.03.01,Kurige,Bandamubokujou,Nomoto Toshiko,273362000.0,55.0,8.0,1
0000714266,Shiikingumairabu,Female,,2000.05.09,Kuroshikage,Rancho San Peasea S.A.,Yoshida Chizu,97486000.0,46.0,3.0,1
0000702950,Chiazufarukon,Male,,2000.04.30,Aokage,Maakuribokujou,Kitamura Kiyoko,16752000.0,12.0,6.0,1
0000714277,Riipingukyatto,Female,,2000.02.29,Kage,Ten Broeck Farm Inc,Yoshida Kazuko,71906000.0,26.0,4.0,1
0000705864,Doragon'Aizu,Male,,2000.05.10,Kage,Sakamotobokujou,Iwasaki Kisumi,46134000.0,45.0,5.0,1
0000159490,Oogonpurinsu,Male,,,,,,0.0,0.0,0.0,1
0000701739,Sakaraato,Male,,2000.04.21,Kurige,Noozanfaamu,(Ari) Sandeereeshingu,399241000.0,51.0,9.0,1
0000319800,Ishinogureisu,Female,,,,,,0.0,0.0,0.0,1
0000707242,Suteiruinrabu,Female,,2000.05.02,Kurige,Shimokoubebokujou,(Ari) Noosuhiruzumanejimento,437778000.0,16.0,5.0,1
0000702195,Chiazumesseeji,Female,,2000.04.07 26歳,Tochikurige,Ima Bokujou,Kitamura Kiyoko,215780000.0,31.0,5.0,1
0000381553,Shieriiru,Female,,1971.05.15,Kage,,,0.0,9.0,2.0,1
0000706504,Taikasaburanka,Female,,2000.03.17,Kuroshikage,Meitaibokujou,(Ari) Meitaikougyou,18450000.0,11.0,2.0,1
0000701591,Uindovein,Female,,,,,,0.0,0.0,0.0,1
0000706006,Sakusesuuitchi,Female,,2000.03.29 26歳,Kuroshikage,Taniguchibokujou,Takashima Satoshi,8400000.0,10.0,1.0,1
0000705556,Ekususupiidi,Female,,,,,,0.0,0.0,0.0,1
0000701244,Daikoomarina,Female,,2000.04.05,Kage,Sasagawadaiakirabokujou,(Ari) Sasagawadaiakirabokujou,17500000.0,18.0,7.0,1
0000701887,Namurakyasarin,Female,,2000.05.04,Aokage,Itou Mei,Namura Nobushige,24663000.0,16.0,2.0,1
0000703512,Memoriaruopera,Female,,2000.04.02,Kage,Maekawa Isami,Sakai Hifumi,7450000.0,15.0,3.0,1
0000702844,Ikueitaa,Female,,,,,,0.0,0.0,0.0,1
0000704651,Pisanomebiusu,Female,,2000.03.15,Kuroshikage,Sasachibokujou,Ichikawa Yoshimi,7100000.0,10.0,1.0,1
0000701495,Suzunomaachi,Male,,2000.02.20,Kurige,Shadaifaamu,Komurasaki Yoshio,182013000.0,37.0,6.0,1
0000713856,Irudepan,Male,,,,,,0.0,0.0,0.0,1
0000701710,Riidinguejji,Male,,2000.03.02,Kage,Noozanfaamu,Kanekomasatohoorudingusu (Kabu),55058000.0,27.0,5.0,1
0000620015,Taganomaibahha,Male,,1999.03.16,Aoge,Noozanfaamu,Yagi Ryouji,193451000.0,27.0,6.0,1
0000274126,Gooingusuzuka,Male,,1993.05.30,Kage,Araibokujou,Nagai Keini,308123000.0,45.0,8.0,1
0000324985,Noburesuoburijji,Female,,1998.05.12,Kurige,Shadaifaamu,(Ari) Shadaireesuhoosu,206126000.0,43.0,6.0,1
0000326611,Furawaachanpu,Female,,1998.04.21,Aokage,Yoshida Mataji,Hanakaki Haruo,107491000.0,37.0,6.0,1
0000324605,Nishinopurominensu,Female,,1998.03.21,Kage,Nishiyamabokujou,Nishiyamabokujou,88343000.0,40.0,5.0,1
0000618104,Chitosesakusesu,Male,,1999.03.27,Kage,Mitsuishifaamu,Haraguchi Teruaki,60026000.0,23.0,4.0,1
0001190900,Hikaruboshi,せん,,2014.04.15,Kage,Taniokasutatto,Sakai Takatoshi,1746000.0,32.0,5.0,1
0000324172,Diipuinsaido,Male,,1998.03.09,Kage,Hikarubokujou,Nishimori Tsuru,52812000.0,24.0,4.0,1
0000328829,Intaapurejaa,Male,,,,,,0.0,0.0,0.0,1
0000617528,Besutouoria,Male,,1999.05.08,Kage,Inokebokujou,Yamada Hideo,31878000.0,20.0,2.0,1
0000614653,Chiazushainingu,Male,,1999.02.22,Kage,Nagatafaamu,Kitamura Kiyoko,127856000.0,39.0,4.0,1
0000612856,Taganotsuyoshi,Male,,1999.04.16,Kage,San'Eibokujou,Yagi Ryouji,45340000.0,34.0,3.0,1
0000211044,Gyarantoaroo,Male,,,,,,0.0,0.0,0.0,1
0000713935,Taikijirion,Male,,2000.02.22,Kurige,"Wimborne Farm, Inc.",(Ari) Taijufaamu,130018000.0,43.0,6.0,1
0000732025,Shiberianhooku,Male,,2000.03.12,Kage,Bryan Boone & Ashford Stud,Fujita Yoshiotoko,81889000.0,16.0,4.0,1
0000701613,Shieikumaihaato,Male,,2000.04.25,Ashige,Shiraoifaamu,(Ari) Sandeereeshingu,122433000.0,49.0,6.0,1
0000731205,Fandoriwaarudo,Male,,2000.02.05,Kurige,Elizabeth P.Whelan & David J.Whelan,Mito Tomio,41776000.0,58.0,3.0,1
0000703433,Toppupashiko,Male,,2000.05.26,Kage,Pashifuitsukubokujou,Sakai Houshuu,115334000.0,40.0,5.0,1
0000731239,Joojiankingu,Male,,2000.04.01,Tochikurige,G. Watts Humphrey,Hattori Hideo,39214000.0,22.0,3.0,1
0001268199,Berugufuriito,Male,,2018.03.12,Kage,Matsuurabokujou,Nishimura Takeshi,88000.0,7.0,0.0,1
0000034330,Monparunasu,Female,,1970.05.10,Kage,Imaizumibokujou,Satou Matsuo,68948000.0,47.0,8.0,1
0000704381,Reinawarutsu,Female,,2000.04.25,Ashige,Urakawanisseibokujou,Hayashi Susumu,118796000.0,60.0,17.0,1
0000701759,Deyuarusutoorii,Female,,2000.03.28,Kuroshikage,Noozanfaamu,(Ari) Sandeereeshingu,67951000.0,19.0,4.0,1
0000704565,Afuretaata,Female,,,,,,0.0,0.0,0.0,1
0000706273,Shirukufuroora,Female,,2000.04.03,Kuroshikage,Hayatabokujouniikappushijou,Yuugengaishashiruku,14110000.0,19.0,2.0,1
0000705650,Santafeimasu,Female,,2000.04.17,Kage,Kashiwagi Kazunori,Sasaki Takayuki,25370000.0,21.0,2.0,1
0000701614,Jierikuru,Female,,2000.02.13,Kage,Shiraoifaamu,(Ari) Sandeereeshingu,33456000.0,32.0,3.0,1
0000702756,Mainenuuveru,Female,,2000.03.17,Kuroshikage,Bitsuguretsudofuaamu,(Kabu) Sarabureddokurabu・Rafian,126656000.0,22.0,3.0,1
0000701504,Seireenzusongu,Female,,2000.02.25,Kurige,Shadaifaamu,(Ari) Shadaireesuhoosu,40758000.0,9.0,3.0,1
0000700204,Supuringudoryuu,Female,,2000.03.31,Ashige,Shimizusutaddo,Katou Haruo,137782000.0,48.0,7.0,1
0000701702,Erudanju,Female,,,,,,0.0,0.0,0.0,1
0000702456,Roozubeadaun,Female,,2000.04.03,Kage,Chiyodabokujou,Ishibashi Matsuzou,17860000.0,35.0,1.0,1
0000701805,Ameijingubaio,Female,,,,,,0.0,0.0,0.0,1
0000701932,Ookuruumu,Female,,,,,,0.0,0.0,0.0,1
0000732003,Remaazugaaru,Female,,2000.04.27,Kage,Penn Farm,Hirai Toyomitsu,435302000.0,46.0,11.0,1
0000732036,Gurabbuyuahaato,Female,,,,,,0.0,0.0,0.0,1
0000706284,Shirukukanpaana,Female,,2000.03.11,Kage,Hayatabokujouniikappushijou,Tomioka Kouichirou,6000000.0,13.0,1.0,1
0000703637,Maineruieegaa,Male,,2000.03.21,Kage,Yamagiwabokujou,(Kabu) Sarabureddokurabu・Rafian,46046000.0,11.0,3.0,1
0000706027,Daiwaserekushon,Male,,2000.03.18,Kage,Daieibokujou,Ooshiro Keizou,52656000.0,22.0,3.0,1
0000634851,Tenkataihei,Male,,2000.04.06,Kuroshikage,Tahei Stud Farm,Tani Kensuke,85573000.0,64.0,4.0,1
0000700669,Dansaazunakayama,Male,,2000.04.29,Ashige,Nakayamabokujou,(Ari) Nakayamabokujou,51154000.0,40.0,2.0,1
0000731203,Kafebenechian,Male,,,,,,0.0,0.0,0.0,1
0000701586,Furuutsumashin,Male,,2000.04.24,Kuroshikage,Shadaifaamu,Yoshida Teruya,47457000.0,20.0,2.0,1
0000705404,Kurendesutaan,Male,,,,,,0.0,0.0,0.0,1
0000713886,Gurasumuun,Male,,,,,,0.0,0.0,0.0,1
0000701239,Kaorireddoai,Male,,,,,,0.0,0.0,0.0,1
0000703249,Miyagiiroiyaru,Male,,2000.04.25,Kurige,Shirai Yoshimi,Sugawara Mitsuhiro,20369000.0,16.0,2.0,1
0000298190,Mejiroranbaato,Male,,1995.05.01,Kurige,Mejirobokujou,(Ari) Mejirobokujou,181007000.0,29.0,3.0,1
0000458416,Yuutopia,Male,,1957.05.10,Kuroshikage,,,0.0,0.0,0.0,1
0000708214,Suzukadoriimu,Male,,2000.03.28,Aokage,Inaharabokujou,Nagai Keiji,61503000.0,7.0,2.0,1
0000702527,Shirukubonbaie,Male,,2000.03.26,Kage,Dewabokujou,Yuugengaishashiruku,76983000.0,22.0,5.0,1
0000705012,Ekusuatakku,Male,,,,,,0.0,0.0,0.0,1
0000325874,San'Emunova,Male,,1998.04.26,Kage,Isonobokujou,Matsumoto Hajime,78500000.0,22.0,6.0,1
0000744177,Disutaabinguzapiisu,せん,,1998.03.29,Kage,Old English Rancho & Patsy Mckuen,D.Miruchi,0.0,1.0,0.0,1
0000731435,Ekooedi,せん,,,,,,0.0,0.0,0.0,1
0000330325,Erimopikushii,Female,,,,,,0.0,0.0,0.0,1
0000702417,Sakuratairin,Male,,2000.04.13,Kage,Taniokabokujoushinwabunjou,(Kabu) Sakurakomaasu,73054000.0,15.0,4.0,1
0000707825,Houraiuoningu,Male,,2000.03.19,Kage,Fukumitsubokujou,Nishimura Junhitoshi,77432000.0,103.0,4.0,1
0000707245,Seiuntorai,Male,,2000.03.30,Kage,Shimokoubebokujou,Nishiyama Shigeyuki,20900000.0,15.0,2.0,1
0000714215,Arutaneeto,Male,,2000.03.13,Kage,Kawakami Etsuo,Shibahara Sakae,20650000.0,25.0,3.0,1
0000700205,Fujisairensu,Male,,2000.04.16,Kuroshikage,Shimizusutaddo,Asano Yasushuu,188519000.0,68.0,8.0,1
0000705620,Naritamaroora,Female,,2000.03.14,Kurige,Orientobokujou,Yamaji Hidenori,13600000.0,15.0,3.0,1
0000713851,Adomaiyaguruuvu,Female,,,,,,0.0,0.0,0.0,1
0000703180,Sentaaanjiero,Female,,2000.04.08,Kurige,Keiaifuaamu,Nakano Yuu,49484000.0,12.0,2.0,1
0000700755,Yamaninsufiaa,Female,,2000.04.10,Kuroshikage,Hirota Koujo,Tsuchii Hajime,68729000.0,19.0,3.0,1
0000295767,Chiazunyuupawaa,Male,,1995.04.28,Kage,Yamaokabokujou,Kitamura Kiyoko,117167000.0,44.0,6.0,1
0000763795,Esukootobooi,せん,,,,,,0.0,0.0,0.0,1
0000308978,Jasutobandito,Male,,1996.04.05,Kage,Shadaifaamu,Yoshida Teruya,41560000.0,39.0,3.0,1
0000763787,Aamataaku,せん,,,,,,0.0,0.0,0.0,1
0000763794,Teiuchefu,せん,,1993.04.23,Kage,Exors Of The Late Mrs D. M. De Rothsc,Raiaazu・Pookaa・Paatonaashippu,0.0,1.0,0.0,1
0000763192,Taigaaguruumu,Male,,1997.05.12,Kage,Elsdon Farms,R.Kore,0.0,2.0,0.0,1
0000763193,Shiruvaaaachaa,せん,,1991.12.01,Ashige,Mr B.J. & Mrs L.E. Anderton,C.Amurein,0.0,2.0,0.0,1
0000309215,Kisumiitendaa,Male,,,,,,0.0,0.0,0.0,1
0000313965,Sukaiandoryuu,Male,,1997.04.07,Kage,Yoshida Mi,Kobayashi Hisayoshi,81677000.0,9.0,4.0,1
0000326086,Sankinheiroo,Male,,1998.04.27,Aoge,Kineususaitoubokujou,Kawara Junshi,104569000.0,20.0,6.0,1
0000707234,Biggukongu,Male,,2000.02.07,Kage,Shimokoubebokujou,(Ari) Biggu,110952000.0,38.0,5.0,1
0000703582,Shinkoorubii,Female,,2000.03.19,Aokage,Mitsuishihashimotobokujou,Toyohara Masatsugu,98248000.0,27.0,2.0,1
0000704972,Shirokitagadesu,Female,,2000.04.19,Kage,Hosomichibokujou,Konishi Isami,53782000.0,19.0,2.0,1
0000706366,Berumontopatei,Female,,2000.04.13 26歳,Kuroshikage,Berumontofaamu,(Ari) Berumontofaamu,91339000.0,30.0,5.0,1
0000707171,Jounokatoriinu,Female,,2000.04.10,Kage,Mikibokujou,Ogawa Yoshikatsu,5602000.0,12.0,2.0,1
0000704376,Asaginu,Female,,,,,,0.0,0.0,0.0,1
0000701598,Batoruenpuresu,Female,,2000.04.21,Kurige,Shadaifaamu,(Ari) Shadaireesuhoosu,8544000.0,11.0,1.0,1
0000701583,Mirufiori,Female,,2000.05.27,Kage,Shadaifaamu,(Ari) Shadaireesuhoosu,88310000.0,36.0,4.0,1
0000701806,Makotomanryou,Female,,2000.02.07,Kage,Noozanfaamu,Makabe Mei,6000000.0,5.0,1.0,1
0000705997,Tsukinomikoto,Female,,2000.04.21,Kuroshikage,Takedabokujou,Miki Emi,6600000.0,23.0,1.0,1
0000314855,Taninogoodon,Male,,1997.05.07,Kage,Kantoriibokujou,Tanimizu Yuuzou,140864000.0,21.0,6.0,1
0000325098,Taimuparadokkusu,Male,,1998.05.23,Kurige,Shiraoifaamu,(Ari) Shadaireesuhoosu,977865000.0,50.0,16.0,1
0000025361,Sanraizukingu,Male,,1968.04.29,Kage,,(Kabu) Takatou,2080000.0,10.0,1.0,1
0000614642,Takehanaopera,Male,,1999.03.25,Kurige,Nakaharabokujou,Sakai Kazumi,108236000.0,34.0,5.0,1
0000326291,Kanaharadoragon,Male,,,,,,0.0,0.0,0.0,1
0000612442,Ishiyakuroman,Female,,,,,,0.0,0.0,0.0,1
0000616055,Paradaisushichii,Male,,1999.03.20,Kuroshikage,Kyouyuubokujou,(Kabu) Tomoshunhoosukurabu,88694000.0,31.0,6.0,1
0000701668,Zennoroburoi,Male,,2000.03.27,Kuroshikage,Shiraoifaamu,Oosako Kumiko,1115608000.0,19.0,7.0,1
0000150779,Teikufaibu,Male,,1982.05.12,Kurige,Yamada Masayuki,Kaneshige Katsujirou,4600000.0,1.0,1.0,1
0000704890,Uinjieneraare,Male,,,,,,0.0,0.0,0.0,1
0000702120,Suzukaramukun,Male,,2000.03.21,Ashige,Gurandobokujou,Nagai Keiji,15700000.0,11.0,1.0,1
0000700375,Hooman'Obujie,Male,,2000.03.15,Kurige,Ooshimabokujou,Kubo Hisato,65423000.0,25.0,5.0,1
0000732381,Suzujapan,Male,,2000.03.19,Kurige,Lochness & Fred Bower,Komurasaki Yoshio,114755000.0,26.0,6.0,1
0000719805,Episoodoshichii,Male,,,,,,0.0,0.0,0.0,1
0000310331,Shiisuruooru,Male,,1996.03.16,Kage,Katsumi Yoshida,Hatanaka Masao,77542000.0,25.0,5.0,1
0000228999,Chakura,Male,,1990.03.01,Kage,Houseibokujou,(Ari) Waiteishouji,19870000.0,78.0,11.0,1
0000701496,Uinjiiniasu,Male,,,,,,0.0,0.0,0.0,1
0000714278,Toririonkatto,Male,,2000.04.02,Kurige,"Dell Ridge Farm, Llc",(Ari) Kyarottofaamu,144706000.0,40.0,6.0,1
0000705989,Sausupooru,Male,,2000.05.08,Aokage,Takeda Shuuichi,Serizawa Seiichi,177208000.0,45.0,8.0,1
0000702062,Taninoboruga,Male,,2000.04.13,Kage,Kantoriibokujou,Tanimizu Yuuzou,78875000.0,42.0,3.0,1
0000701436,Teiemutenrai,Male,,2000.04.17,Kage,Oiwakefaamu,Takezono Masatsugu,157135000.0,59.0,6.0,1
0000706288,Shirukuchanpion,Male,,2000.03.25,Kage,Hayatabokujouniikappushijou,Irahara Tsutomu,48923000.0,52.0,3.0,1
0000701768,Sorodebyuu,Male,,2000.01.18,Kuroshikage,Noozanfaamu,Kaneko Masato,8739000.0,16.0,1.0,1
0000180663,Maruichiraiden,Male,,1985.03.02,Kage,Yuushunbokujou,Kobayashi Shigeyuki,68057000.0,25.0,5.0,1
0000701776,Kiifakutaa,Male,,,,,,0.0,0.0,0.0,1
0000731910,Hyuuma,Male,,2000.03.20,Tochikurige,Mrs Belinda Strudwick,Takashima Satoshi,133228000.0,40.0,3.0,1
0000701779,Jazuappu,Male,,2000.03.13,Kurige,Noozanfaamu,Yoshida Katsumi,70084000.0,25.0,3.0,1
0000326110,Kuurujoi,Male,,,,,,0.0,0.0,0.0,1
0000287829,Bureebutendaa,Male,,1994.04.16,Kage,Peter M. Brant & Foxfield,Maeda Kouji,324729000.0,69.0,7.0,1
0000299375,Roodoatorasu,せん,,1995.01.22,Kurige,R. L. Elam,(Kabu) Roodohoosukurabu,117074000.0,19.0,5.0,1
0000613018,Teiemuhayakaze,Male,,1999.04.10,Kuroshikage,Tsuji Bokujou,Takezono Masatsugu,28145000.0,23.0,1.0,1
0000324871,Mejirooomondo,Male,,1998.04.25,Kurige,Mejirobokujou,Mejiroshouji (Kabu),125101000.0,29.0,4.0,1
0000324137,Chekkuzarakku,Male,,1998.04.14,Kurige,Noosuhiruzumanejimento,Maeda Shinji,149813000.0,41.0,6.0,1
0000082050,Erukamiino,Male,,,,,,0.0,0.0,0.0,1
0000619748,Tenjin'Ookan,Male,,1999.04.10,Kage,Yoshidabokujou,(Kabu) Tenjin,79655000.0,41.0,4.0,1
0000327153,Besutotaikuun,Male,,1998.05.15,Kage,Murashitabokujou,Chouken Gan,92905000.0,37.0,5.0,1
0000326156,Asakabureivurii,Male,,,,,,0.0,0.0,0.0,1
0000701711,Poppukoonjazu,Female,,2000.02.06,Kage,Noozanfaamu,Kaneko Masato,18026000.0,5.0,1.0,1
0000704770,Memoriikianu,Female,,2000.06.12,Kage,Tanigawabokujou,(Kabu) Shinzankurabu,105695000.0,33.0,3.0,1
0000703344,Koin'Obusutaa,Female,,2000.03.02,Kage,Toriibokujou,Tanaka Seihou,41154000.0,25.0,3.0,1
0000708203,Aishiisuzuka,Female,,,,,,0.0,0.0,0.0,1
0000014131,Goorudopuruufu,Male,,1965.05.18,Kurige,,Yoshihashi,980000.0,8.0,0.0,1
0000702459,Perufetto,Male,,2000.03.31,Kage,Chiyodabokujou,Nakao Kouryou,110649000.0,51.0,6.0,1
0000618561,Emuefufarukon,Male,,,,,,0.0,0.0,0.0,1
0000617539,Tsurugisentan,Female,,1999.04.25,Kage,Ootsukabokujou,Nakano Toshimichi,46571000.0,47.0,4.0,1
0000618393,Hoomankyuuto,Female,,1999.04.09,Kage,Takaakibokujou,Kubo Hisato,90154000.0,37.0,3.0,1
0000620128,Naritasenchurii,Male,,1999.03.20,Kage,Noozanfaamu,(Kabu) Oosumi,323870000.0,23.0,8.0,1
0000701525,Zennojango,Male,,2000.03.13,Kurige,Shadaifaamu,Oosako Nin,38300000.0,6.0,2.0,1
0000009045,Rinkaan,Male,,1961.06.02,Kurige,,Hayashi,0.0,0.0,0.0,1
0000706121,Mainerusoromon,Male,,2000.03.16,Kage,Nakamotobokujou,(Kabu) Sarabureddokurabu・Rafian,153078000.0,27.0,4.0,1
0000705089,Manjudenkoube,Male,,2000.04.13,Kurige,Motosu Atsushi,Iwabuchi Michiyoshi,60427000.0,49.0,5.0,1
0000721147,Sushitorein,Male,,2000.03.08,Kage,Takashi Watanabe,Watanabe Takashi,16343000.0,6.0,2.0,1
0000700718,Bataraba,Female,,2000.03.10,Kage,Banbuubokujou,(Ari) Banbuubokujou,20570000.0,18.0,2.0,1
0000705025,Meishouotchimo,Female,,2000.05.21,Kurige,Mishimabokujou,Matsumoto Yoshio,16364000.0,14.0,2.0,1
0000700232,Pyuarunessansu,Male,,2000.04.27,Kage,Ooyanagifaamu,Seiyama Masanobu,24802000.0,29.0,10.0,1
0000324915,Hareruyasandee,Male,,1998.05.19,Aokage,Oiwakefaamu,(Ari) Shadaireesuhoosu,180710000.0,37.0,7.0,1
0000315288,Toushoutorigaa,Male,,1997.05.30,Kage,Toushoubokujou,Toushousangyou (Kabu),197443000.0,74.0,6.0,1
0000325935,Eishinharimaoo,Male,,,,,,0.0,0.0,0.0,1
0000611381,Suzunomiyabioo,Male,,1999.05.22,Kage,Urushihara Tetsuo,Abe Masako,37767000.0,13.0,3.0,1
0000318514,Taikisuteingu,せん,,1997.04.18,Kurige,Taijufaamu,(Ari) Taijufaamu,83876000.0,19.0,6.0,1
0000614687,Emutesukai,Male,,,,,,0.0,0.0,0.0,1
0000325004,Easunuupu,Male,,,,,,0.0,0.0,0.0,1
0000310464,Geiriitomahooku,せん,,1996.04.16,Kage,Rhonda Johnston,Nakamura Hiroaki,181815000.0,38.0,7.0,1
0000701784,Hishifearedi,Female,,2000.02.12,Kage,Noozanfaamu,Abe Masaichirou,112385000.0,42.0,5.0,1
0000704537,Sankinbasutaa,Male,,2000.04.11,Kage,Kineususaitoubokujou,Kawara Junshi,123183000.0,41.0,5.0,1
0000702599,Naritafuronteaa,Male,,2000.04.13,Kage,Tomodabokujou,(Kabu) Oosumi,90563000.0,42.0,4.0,1
0000703101,Shigerutorikku,Male,,2000.04.13,Kage,Okita Han,Morinaka Ban,41304000.0,24.0,3.0,1
0000459282,Hatsuratsu,Male,,1961.03.19,Kage,,,0.0,0.0,0.0,1
0000714262,Berenosu,Male,,2000.03.22,Kage,Pacelco Sa & Partners,(Ari) Shadaireesuhoosu,68485000.0,27.0,3.0,1
0000708858,Furuburasuto,Male,,2000.05.28,Kurige,Shimoyashikibokujou,Maeda Kouji,68067000.0,31.0,3.0,1
0000318292,Taigyaranto,Male,,1997.04.25,Kurige,Meitaibokujou,Ono Hideyo,164784000.0,95.0,14.0,1
0000309008,Tsurumaruzamurai,Male,,1996.03.12,Kage,Shadaifaamu,Kimoto Narishige,143139000.0,75.0,12.0,1
0000617651,Hokuzanfiirudo,Male,,1999.03.05,Kage,Kawabata Hideyuki,Kimoto Hirotaka,71540000.0,23.0,12.0,1
0000314816,Rejiendohantaa,Male,,1997.03.18,Kuroshikage,Kataokabokujou,Hirose Fu,184566000.0,61.0,26.0,1
0000701842,Viitarooza,Male,,2000.04.09,Kurige,Noozanfaamu,(Ari) Sandeereeshingu,336041000.0,51.0,6.0,1
0000707258,Shadoubinteeji,Male,,2000.05.14,Kage,Shimokoubebokujou,Iizuka Tomoichi,75440000.0,12.0,4.0,1
0000708823,Airubiibakku,Male,,,,,,0.0,0.0,0.0,1
0000708398,Taikiarufa,Male,,2000.03.08,Kage,Taijufaamu,Yoshida Kouzou,114807000.0,31.0,6.0,1
0000708987,Roodomikaeru,Male,,2000.02.04,Kage,Noozanfaamu,Andou Gaku,29684000.0,10.0,2.0,1
0000708047,Furankiibooi,Male,,2000.04.23,Kurige,Miwa Minoru,Tanioka Kouichi,25735000.0,18.0,2.0,1
0000706797,Biibiitomahooku,Male,,2000.03.04,Kage,Araibokujou,(Ari) Bandoubokujou,15564000.0,33.0,3.0,1
0000705013,Mejirotottei,Male,,2000.04.28,Kage,Marutomitomiokabokujou,(Ari) Mejirobokujou,9380000.0,9.0,1.0,1
0000703185,Mainerufuruuku,Male,,2000.03.30,Kurige,Keiaifuaamu,Okabayashi Eiyuu,21086000.0,101.0,19.0,1
0000706543,Tamamogetto,Male,,2000.05.09,Kuroshikage,Moriyabokujou,Tamamo (Kabu),23111000.0,13.0,2.0,1
0000313430,Fuminotoppuhiru,Male,,1997.03.18,Kage,Saitou Ei,Tani Ni,107040000.0,41.0,5.0,1
0000310669,Shounantaimu,Female,,1996.02.17,Kuroshikage,"Frank Penn, Jr.",Kunimoto Tesshuu,70851000.0,38.0,5.0,1
0000327200,Mireniamumemorii,Female,,1998.03.13,Kurige,Yamadafuaamu,Meita Hiroshi,36793000.0,55.0,5.0,1
0000201059,Yoshifusakingu,Male,,1987.03.24,Kage,Tomioka Kouji,Okada Yoshinobu,0.0,0.0,0.0,1
0000321266,Daiwakaason,Male,,1997.03.28,Kuroshikage,Frank Stronach,Yamatoshouji (Kabu),55007000.0,32.0,2.0,1
0000701600,Rendoferiiche,Female,,2000.05.19,Kuroshikage,Shadaifaamu,(Ari) Shadaireesuhoosu,85120000.0,27.0,5.0,1
0000327706,Mienosandee,Female,,,,,,0.0,0.0,0.0,1
0000327940,Kosumoribaasaru,Male,,1998.05.03,Kage,Nakada Hiromi,Okada Misako,110322000.0,30.0,4.0,1
0000299500,Toohousupaaku,Male,,1995.01.27,Kage,Edmund J. Loder,Touhoubussan (Kabu),95705000.0,47.0,5.0,1
0000309118,Jueriisoodo,Male,,1996.05.17,Kage,Noozanfaamu,Taga Koushou,61262000.0,30.0,3.0,1
0000612584,Meishoumitsukuni,Male,,1999.05.21,Kage,Urakawanisseibokujou,Matsumoto Yoshio,57704000.0,38.0,3.0,1
0000611358,Namuraekisupuresu,Male,,1999.05.08,Kage,Itou Mei,Namura Nobushige,34466000.0,23.0,2.0,1
0000614764,Wanmoadinero,Male,,1999.03.19,Kage,Hamamotobokujou,Matsui Kazumi,24853000.0,33.0,1.0,1
0000617681,Neomaesutoro,Male,,1999.05.02,Kuroshikage,Keiaifuaamu,(Ari) Noosuhiruzumanejimento,70476000.0,24.0,3.0,1
0000326862,Tooakomandaa,Male,,1998.04.05,Kage,Samekawa Keiichi,(Ari) Okazakibokujou,43431000.0,37.0,4.0,1
0000327184,Eepiikuroo,Male,,,,,,0.0,0.0,0.0,1
0000314668,Biggubatoru,Male,,1997.03.21,Kage,Itakabokujou,(Ari) Biggu,28480000.0,34.0,2.0,1
0000317475,Irubachio,Female,,,,,,0.0,0.0,0.0,1
0000329111,Roiyarukyansaa,Male,,1998.04.04,Kurige,Mikibokujou,Isawa Takeshi,199062000.0,72.0,7.0,1
0001109987,Kuronnudooru,Male,,,,,,0.0,0.0,0.0,1
0000730473,Fiiyudoureevu,Female,,2001.04.20,Kurige,Takasebokujou,(Kabu) Roorerureeshingu,68417000.0,19.0,2.0,1
0000730801,Furawaasaakuru,Female,,2001.04.24,Kage,Iiharabokujou,Iihara Hiroshi,24126000.0,8.0,3.0,1
0000750797,Myuujikkuhooku,Male,,2001.05.03,Kurige,"River Bend Farm, Inc.",Katou Hisae,81460000.0,48.0,4.0,1
0000728342,Maineruzesuto,Male,,2001.02.28,Tochikurige,Oda Seiichi,(Kabu) Sarabureddokurabu・Rafian,72581000.0,31.0,5.0,1
0000726029,Namurabiggutaimu,Male,,2001.04.10,Kurige,Heiyabokujou,Kurihara Kiyoko,118135000.0,63.0,15.0,1
0000726440,Purimosutaa,Female,,2001.02.21,Kage,Gurandobokujou,(Ari) Gurandobokujou,97180000.0,40.0,5.0,1
0000729104,Mainerusuperioru,Male,,2001.05.06,Kage,Kosumobyuufaamu,(Kabu) Sarabureddokurabu・Rafian,14698000.0,24.0,2.0,1
0000727839,Kafevinsento,Male,,,,,,0.0,0.0,0.0,1
0000730403,Rigaadoshichii,Male,,2001.04.11,Kage,Kataokabokujou,(Kabu) Tomoshunhoosukurabu,70112000.0,38.0,3.0,1
0000730405,Setonohitto,Male,,2001.03.31,Kurige,Katayama Osamu,Nanba Tsuneo,80330000.0,107.0,14.0,1
0000730722,Enjierukuruu,Female,,,,,,0.0,0.0,0.0,1
0000723209,Runaruna,Female,,2001.05.05,Kurige,Okitabokujou,Okita Masanori,3687000.0,15.0,1.0,1
0000723607,Supiidodesutenii,Male,,2001.03.22,Kuroshikage,Ueyamabokujou,Ichikawafudousan (Kabu),7000000.0,7.0,1.0,1
0000724216,Haipaabatoru,Male,,2001.03.21,Kage,Shiraoifaamu,Yagi Shouji,13400000.0,13.0,1.0,1
0000328078,Sanraizushaaku,Male,,1998.05.31,Kuroshikage,Fukuoka Kiyoshi,Matsuoka Takao,126029000.0,48.0,5.0,1
0000330426,Taichirudoren,Male,,1998.03.11,Kage,Meitaibokujou,(Ari) Meitaikougyou,62244000.0,39.0,4.0,1
0000313690,Meishoudomenika,せん,,1997.04.16,Kage,Tomitabokujou,Matsumoto Yoshio,174678000.0,38.0,8.0,1
0000316818,Maidainamaito,Female,,1997.05.14,Tochikurige,Kuwatabokujou,Satou Ryouji,73197000.0,47.0,6.0,1
0000329319,Keiesuhonoka,Female,,1998.05.03,Kurige,Takayanagi Takao,Kiyoshisaabisu (Kabu),80078000.0,34.0,5.0,1
0000612169,Maineruoopaa,Male,,1999.03.25,Kuroshikage,Bitsuguretsudofuaamu,Monbetsu Yoshio,191270000.0,37.0,5.0,1
0000327982,Teiemumatcho,Male,,1998.04.19,Kage,Nosakabokujou,Takezono Masatsugu,121839000.0,48.0,3.0,1
0000299258,Machikaneshiruyakimi,Male,,1995.03.28,Kage,Cheveley Park Stud Ltd,Hosokawa Masuo,67546000.0,39.0,6.0,1
0000628827,Samuraiwaarudo,Male,,1999.02.10,Aokage,The Thoroughbred Corp.,(Kabu) Derumaakurabu,52278000.0,50.0,3.0,1
0000327788,Kachikenzan,Male,,,,,,0.0,0.0,0.0,1
0000323748,Kaishuuteioo,Male,,,,,,0.0,0.0,0.0,1
0000321409,Teietchigureesu,Female,,1997.04.20,Aokage,Tadahiro Hotehama,Hotehama Hiroshiki,141340000.0,26.0,7.0,1
0000320817,Yoichikinako,Female,,1997.02.23,Kurige,Hitoyamabokujou,Katou Kouichi,82397000.0,30.0,5.0,1
0000329209,Jiiteiisumairu,Male,,1998.04.11,Kage,Shiraibokujou,(Kabu) Guriintekku,54826000.0,15.0,4.0,1
0000325556,Reomaiteii,Male,,1998.03.13,Kage,Nakanobokujou,(Kabu) Reo,41035000.0,33.0,3.0,1
0000325406,Furaitosongu,Female,,1998.03.30,Kurige,Keiaifuaamu,Nakamura Kazuo,74169000.0,36.0,5.0,1
0000318348,Roodofuraggu,せん,,1997.03.19,Kage,Moriyabokujou,(Kabu) Roodohoosukurabu,214061000.0,69.0,7.0,1
0000613014,Esujiibiimu,Male,,,,,,0.0,0.0,0.0,1
0000303816,Mannochanpion,Male,,1996.03.08,Kage,Wakabayashibokujou,Manno Junkei,118619000.0,46.0,5.0,1
0000316159,Tooakazenooo,Male,,1997.05.07,Kage,Tooabokujou,Touashunme (Kabu),106762000.0,37.0,6.0,1
0000319554,Ekuseshivuwaado,Male,,,,,,0.0,0.0,0.0,1
0000315658,Engerugureese,Male,,,,,,0.0,0.0,0.0,1
0000307538,Shirubaasaaberu,Male,,1996.04.27,Kurige,Inui Minaosu,Tachibana Bunmei,96793000.0,76.0,8.0,1
0000282036,Derumakinguoo,Male,,1994.05.03,Kuroshikage,Yamaguchi Masayuki,Asanuma Hiroyuki,71448000.0,93.0,26.0,1
0000329256,Shinkoukarido,Male,,1998.05.07,Kurige,Shinkoofaamu,Iida Seigou,109624000.0,17.0,3.0,1
0000749491,Daiwabanditto,Male,,2001.02.16,Kage,Gainesway Thoroughbreds Ltd.,Ooshiro Keizou,166717000.0,46.0,5.0,1
0000722892,Uinguretto,Female,,,,,,0.0,0.0,0.0,1
0000119530,Autodisutansu,Male,,,,,,0.0,0.0,0.0,1
0000729668,Mainerubenaado,Male,,2001.05.17,Kurige,Okita Dadayuki,(Kabu) Sarabureddokurabu・Rafian,58328000.0,13.0,3.0,1
0000723828,Kurisutaruviore,Female,,,,,,0.0,0.0,0.0,1
0000726767,Toukaihassuru,Male,,2001.03.30,Kuroshikage,Biratoribokujou,Uchimura Seisoku,93893000.0,42.0,6.0,1
0000725169,Nanyooarutorabu,Female,,2001.02.10,Kage,Umedabokujou,Nakamura Tokuya,16894000.0,21.0,2.0,1
0000727650,Shadoufairu,Female,,2001.03.15,Aokage,Noozanfaamu,Iizuka Tomoichi,10050000.0,23.0,1.0,1
0000727101,Maringoorudo,Female,,2001.05.21,Kurige,Kanariyoshidabokujou,Yamada Hirohito,20424000.0,9.0,3.0,1
0000725753,Eeteiiteioo,Male,,,,,,0.0,0.0,0.0,1
0000725901,Mainerudimajio,Male,,2001.03.06,Kage,Kosumobyuufaamu,Kurihara Kiyoko,14223000.0,59.0,1.0,1
0000727293,Maineruakuseru,Male,,2001.04.30,Kurige,Bitsuguretsudofuaamu,(Kabu) Sarabureddokurabu・Rafian,17300000.0,19.0,2.0,1
0000729400,Paresueesu,Male,,2001.04.10,Kuroshikage,Adachi Hiroshinama,Nishimura Yutaka,76385000.0,19.0,4.0,1
0000727441,Oiwakehien,Female,,,,,,0.0,0.0,0.0,1
0000723808,Furiikuobudansu,Female,,2001.03.30,Kuroshikage,Ishikawa Masayoshi,Yoshinaga Kiyomi,9400000.0,8.0,1.0,1
0000749492,Sutoomuseikoo,Male,,2001.03.01,Kurige,Peter Van Andel,Takekuni Hiroshi,103170000.0,34.0,4.0,1
0000729350,Marinbooto,Female,,2001.02.15,Kage,Pashifuitsukubokujou,Sakai Hideo,7055000.0,20.0,1.0,1
0000724808,Tamamoooshan,Male,,2001.03.31,Kuroshikage,Sakuraibokujou,Tamamo (Kabu),5000000.0,10.0,1.0,1
0000727032,Meishoubooraa,Male,,2001.04.16,Kuroshikage,Hinodebokujou,Matsumoto Yoshio,466724000.0,28.0,7.0,1
0000730985,Kosumosanbiimu,Male,,2001.03.28,Aokage,Yamaokabokujou,Okada Misako,260614000.0,16.0,5.0,1
0000722925,Eishinheebe,Female,,,,,,0.0,0.0,0.0,1
0000279470,Kaishuumakkusu,Male,,,,,,0.0,0.0,0.0,1
0000723203,Fiirudoruukii,Male,,2001.04.25,Kage,Yamaguchi Yoshihiko,Hirukawa Toshiaki,86815000.0,37.0,3.0,1
0000726432,Sandeesuuiipu,Male,,2001.03.23,Kage,Hara Nobuyuki,Katou Shu,23200000.0,14.0,2.0,1
0000728645,Teiemumaunten,Female,,2001.03.14,Kurige,Kineusubokujou,Takezono Masatsugu,7700000.0,11.0,1.0,1
0000730232,Yuuzeeta,Male,,2001.05.05,Kuroshikage,Kamada Masatsugu,(Kabu) Aitetsu,31600000.0,31.0,3.0,1
0000729090,Takeichiguddo,Male,,2001.03.27,Kage,Fukudafaamu,Yamamoto Akinori,12034000.0,51.0,5.0,1
0000724072,Banjokyaratto,Female,,2001.02.19,Kuroshikage,Hinobokujou,Saitaka Nobuyasu,9000000.0,8.0,1.0,1
0000728004,Kosumokyandoru,Female,,2001.03.31,Aoge,Nakanofaamu,Okada Misako,14800000.0,15.0,2.0,1
0000722503,Guranpurioorora,Female,,,,,,0.0,0.0,0.0,1
0000726732,Toohoucherii,Female,,2001.05.19,Kage,Takeshima Kouji,Touhoubussan (Kabu),8100000.0,8.0,1.0,1
0000722286,Maineruzepyurosu,Male,,2001.02.28,Kurige,Katou Hiroshi,Mukuhon Wakou,13282000.0,17.0,1.0,1
0000729381,Marushigearidaa,Male,,2001.04.22,Kage,Bandoushima Shigetou,Bandoushima Shigetou,25839000.0,22.0,2.0,1
0000329108,Uinradiusu,Male,,,,,,0.0,0.0,0.0,1
0000612712,Oogonsandee,Female,,,,,,0.0,0.0,0.0,1
0000325271,Gan'Andoroozu,Female,,,,,,0.0,0.0,0.0,1
0000614760,Sunaakubakushin,Male,,1999.05.06,Kage,Hamamotobokujou,Sugimoto Senjirou,74590000.0,33.0,2.0,1
0000614951,Furenokyaputen,Male,,1999.04.26,Kage,Hokuyoufaamu,(Kabu) Yabuuchi,57156000.0,17.0,2.0,1
0000616661,Heironshin,Female,,1999.04.14,Kuroshikage,Kitakachifaamu,Kyojou You,44962000.0,28.0,2.0,1
0000616539,Touhoopuroguresu,Female,,1999.02.22,Kuroshikage,Hayatabokujouniikappushijou,Miyagawa Junzou,31060000.0,24.0,2.0,1
0000030769,Shiigurooriasu,Male,,1969.04.12,Kuroshikage,,Matsui Yasomatsu,0.0,0.0,0.0,1
0000701106,Nishinoshinfonii,Male,,2000.05.06,Kage,Nishiyamabokujou,Nishiyama Shigeyuki,63137000.0,24.0,2.0,1
0000708233,Mainerupureshasu,Male,,2000.03.24,Kage,Kitajimabokujou,Kokonoka Shun,10750000.0,16.0,1.0,1
0000256436,Guranriio,Male,,,,,,0.0,0.0,0.0,1
0000705660,Korekushonbosu,Male,,2000.03.22,Kage,Katsukawabokujou,Niida Tsuyoshihou,7118000.0,24.0,3.0,1
0000701802,Besutoarubamu,Female,,2000.02.08,Kage,Noozanfaamu,Yoshida Katsumi,110292000.0,18.0,5.0,1
0000706207,Hevunriiromansu,Female,,2000.03.05,Kage,Noosuhiruzumanejimento,(Ari) Noosuhiruzumanejimento,391239000.0,33.0,8.0,1
0000705415,Teiemuogojo,Female,,2000.05.23,Kage,Teiemubokujou,Takezono Masatsugu,15027000.0,22.0,1.0,1
0000743721,Kyassuruburaun,Female,,,,,,0.0,0.0,0.0,1
0000313344,Supuringushion,Male,,1997.04.20,Ashige,Kawagoebokujou,Katou Haruo,105129000.0,50.0,15.0,1
0000704684,Amanobureiburii,Male,,,,,,0.0,0.0,0.0,1
0000707566,Mainerugaarando,Male,,2000.04.23,Kuroshikage,Sotokan Manmei,Morigami Takako,57082000.0,55.0,3.0,1
0000707366,Haadokurisutaru,Male,,2000.04.27,Kage,Shinboribokujou,Serizawa Seiichi,291654000.0,36.0,9.0,1
0000149252,Shindobaddo,Male,,1982.04.17,Kage,Takedabokujou,Takahashi Kazue,970000.0,5.0,0.0,1
0000725921,Moereesupowaaru,Male,,2001.03.07,Kuroshikage,Souta Hideyuki,Nakamura Kazuo,47586000.0,26.0,5.0,1
0000723210,Azumasandaasu,Female,,,,,,0.0,0.0,0.0,1
0000730112,Yamaninshukuru,Female,,2001.04.01,Kuroshikage,Yamaninbenbokujou,Tsuchii Hajime,269628000.0,19.0,4.0,1
0000722768,Maineruburukku,Male,,2001.03.21,Kage,Nagata Katsuyuki,(Kabu) Sarabureddokurabu・Rafian,74998000.0,11.0,3.0,1
0000727432,Taiseidoragon,Male,,2001.02.24,Kuroshikage,Kanariyoshidabokujou,Kaneko Kazumatsurigoto,20380000.0,49.0,2.0,1
0000723861,Kyouwasupurenda,Male,,,,,,0.0,0.0,0.0,1
0000725871,Aaban'Esukeepu,Male,,,,,,0.0,0.0,0.0,1
0000749483,Eboniibijon,Male,,,,,,0.0,0.0,0.0,1
0000725727,Suzukamanbo,Male,,2001.04.28,Kage,Gurandobokujou,Nagai Keiji,292068000.0,19.0,4.0,1
0000724548,Burikkoone,Male,,2001.02.20,Kage,Shadaifaamu,Kanekomasatohoorudingusu (Kabu),67714000.0,23.0,5.0,1
0000003740,Arabiannaito,Male,,1955.06.24,Kurige,,Maegawa,3050000.0,42.0,7.0,1
0000724477,Sanwaadomiru,Female,,2001.03.29,Kage,Yamaokabokujou,Furuya Toshiaki,6100000.0,9.0,1.0,1
0000730589,Rinendon,せん,,2001.03.25,Kage,Shiraibokujou,Toyama Mitsuo,14663000.0,41.0,3.0,1
0001327651,Rediburondo,Female,,2020.02.27,Kurige,Tsuchiibokujou,Tsuchii Kazunori,885000.0,32.0,0.0,1
0000620275,Maineruserekuto,Male,,1999.05.29,Kurige,Kanobokujou,(Kabu) Sarabureddokurabu・Rafian,359319000.0,16.0,10.0,1
0000325089,Adomaiyajakku,Male,,,,,,0.0,0.0,0.0,1
0000310556,Eishinraguranji,Male,,,,,,0.0,0.0,0.0,1
0000614174,Takumishirubaa,Male,,1999.03.28,Ashige,Konishifaamu,Sugimoto Mikio,40292000.0,78.0,27.0,1
0000325324,Nichidoumajikku,せん,,1998.05.13,Kage,Oohira Fukuzou,Sumida Shouri,66583000.0,51.0,14.0,1
0000329778,Sakurateiara,Female,,1998.03.11,Kuroshikage,Houribokujou,Sakurai Kazuko,36919000.0,67.0,6.0,1
0000319856,Dantsuranningu,Male,,1997.05.04,Kurige,Yutakahiroshibokujou,Yamamoto Tetsuji,123538000.0,38.0,6.0,1
0000328905,Tenbiieesu,Female,,1998.03.29,Kuroshikage,Goushigaishakanetsubokujou,Sakakibara Hideo,100385000.0,35.0,2.0,1
0000316566,Fusaichijihaado,Male,,1997.04.16,Kage,Noozanfaamu,Sekiguchi Fusao,98083000.0,38.0,5.0,1
0000327402,Tentoppusandaa,Male,,1998.04.30,Kage,Kataoka Hiroshi,Kanemoto Shouki,32770000.0,42.0,2.0,1
0000326263,Takanokisekioo,Male,,1998.05.26,Tochikurige,Tada Yoshihiro,Oono Kazuei,12390000.0,60.0,12.0,1
0000722529,Gureitojaanii,Male,,,,,,0.0,0.0,0.0,1
0000730808,Adomaiyashieiku,Male,,,,,,0.0,0.0,0.0,1
0000722622,Seishunjidai,Male,,2001.04.11,Kage,Uraaramakiba,Odagiri Yuuichi,51004000.0,31.0,2.0,1
0000723339,Emuteiidaioo,Male,,,,,,0.0,0.0,0.0,1
0000160869,Firuhaamonii,Male,,1983.03.04,Kurige,Takanobokujou,Kawara Fujiichi,720000.0,2.0,0.0,1
0000041756,Shiseihikari,Male,,1971.05.18,Kage,,Tomita Eizaburou,0.0,2.0,0.0,1
0000724238,Keejiierishio,Male,,2001.03.23,Kage,Iwamibokujou,Yamamoto Kouichi,8125000.0,17.0,4.0,1
0000729078,Maineruekusutora,Male,,2001.04.29,Aokage,Kosumobyuufaamu,Yoshioka Shuugi,9681000.0,80.0,4.0,1
0000702014,Mainesamansa,Female,,2000.04.05,Kage,Kohara Takao,(Kabu) Sarabureddokurabu・Rafian,243650000.0,28.0,7.0,1
0000702962,Meishoubatoraa,Female,,2000.04.19,Kage,Mikita Akihito,Matsumoto Yoshio,608433000.0,61.0,14.0,1
0000701705,Tanzanaito,Female,,2000.03.04,Kuroshikage,Noozanfaamu,Kondou Eiko,30297000.0,13.0,3.0,1
0000619857,Daiwareidaasu,Male,,1999.05.06,Kuroshikage,Shadaifaamu,Ooshiro Keizou,142648000.0,18.0,6.0,1
0000313158,Tomikenburaito,Female,,1997.05.13,Kurige,Imai Hideki,(Ari) Tomiken,110600000.0,31.0,7.0,1
0000320939,Kingurifaaru,Male,,,,,,0.0,0.0,0.0,1
0000705564,Asukujubirii,Male,,,,,,0.0,0.0,0.0,1
0000701072,Mainerudaosu,Male,,2000.03.28,Kurige,Daiichinoafaamu,(Kabu) Sarabureddokurabu・Rafian,42791000.0,25.0,2.0,1
0000321376,Marutaazuhooku,Male,,1997.05.09,Kage,Bryan Boone,Fujita Yoshiotoko,134813000.0,54.0,6.0,1
0000135982,Nachurarunain,Male,,1981.03.13,Kage,Urakawanisseibokujou,(Kabu) Ai・Kei・Tei・Oonaazu,0.0,0.0,0.0,1
0000316594,Ribereeshon,Male,,1997.05.15,Kurige,Noozanfaamu,Yoshida Katsumi,86968000.0,33.0,4.0,1
0000304796,Toukairizaabu,Male,,1996.03.10,Kurige,Fukumitsubokujou,Uchimura Seisoku,93227000.0,43.0,6.0,1
0000291100,Shinkoushinguraa,Male,,1995.04.11,Kage,Chiyodabokujou,Iida Masako,163745000.0,38.0,5.0,1
0000726199,Suiiputoushou,Female,,2001.05.09,Kage,Toushousangyoukabushikigaishatoushoubokujou,Toushousangyou (Kabu),744824000.0,24.0,8.0,1
0000723418,Roiyaruserangaa,Female,,2001.03.13,Kage,Nakamura Toshiaki,Gotou Shigeki,72993000.0,33.0,7.0,1
0000769600,Marutaazuhiito,Female,,2001.02.03,Kurige,"Omar Trevino, Dr. William Rood & Gaines-Gentry Thoroughbreds",Fujita Yoshiotoko,105198000.0,29.0,4.0,1
0000729239,Machikaneenjiiro,Female,,2001.03.12,Kurige,Noozanfaamu,Hosokawa Masuo,29950000.0,15.0,3.0,1
0000723641,Kaanibarusongu,Female,,,,,,0.0,0.0,0.0,1
0000726569,Tsurumarushisutaa,Female,,2001.05.04,Kurige,Hamamotobokujou,Tsuruta Ninotoko,23038000.0,4.0,2.0,1
0000724433,Konkorudia,Female,,2001.04.14,Kage,Noozanfaamu,(Ari) Sandeereeshingu,67209000.0,16.0,3.0,1
0000763917,Kyamerongaaru,Female,,,,,,0.0,0.0,0.0,1
0000769604,Rejiinagaaru,Female,,2001.05.04,Kage,J. L. Verenzuela,Hirai Toyomitsu,21500000.0,19.0,2.0,1
0000724799,Sangonoumiwo,Female,,2001.03.30,Kuroshikage,Taiheibokujou,Odagiri Yuuichi,34253000.0,46.0,2.0,1
0000766346,Apointeddodei,Male,,,,,,0.0,0.0,0.0,1
0000777074,Fusaichihokutosei,Male,,2001.03.09,Kage,Kilboy Estate,Okada Makio,150299000.0,22.0,6.0,1
0000763786,Nakayamabasutaa,Male,,2001.01.31,Aokage,"Blueridge Farm, Kim Lewis Kuhlmann Dvm & Eve Kuhlmann",Izumi Shin'Ichi,60384000.0,24.0,3.0,1
0001135729,Supaakurukyatto,Male,,2011.03.31 15歳,Kuroshikage,Nakagamibokujou,(Ari) Taafu・Supooto,5950000.0,8.0,0.0,1
0000722638,Dantsuairisshu,Female,,2001.04.22,Tochikurige,Houseibokujou,Yamamoto Tetsuji,8900000.0,11.0,2.0,1
0000730781,Moridenkingu,Male,,2001.05.03,Kage,Morita Yoshio,Egawa Nobuo,11517000.0,30.0,2.0,1
0000729813,Meishouazuuro,Male,,2001.04.25,Kurige,Tada Yoshihiro,Matsumoto Yoshio,58490000.0,46.0,4.0,1
0000299280,Iaraharikeen,Male,,,,,,0.0,0.0,0.0,1
0000745102,Taigaateiru,Female,,1999.04.03,Kage,Skymarc Farm Inc,G.Kude,25474000.0,2.0,0.0,1
0001268757,Anamarii,Female,,,,,,0.0,0.0,0.0,1
0000619656,Tooameiun,Male,,1999.05.27,Kage,Tooabokujou,Touashunme (Kabu),48606000.0,11.0,3.0,1
0000725233,Adomaiyabiggu,Male,,,,,,0.0,0.0,0.0,1
0000728165,Fookarupointo,Male,,2001.01.28,Kage,Shiraoifaamu,(Ari) Akuapurotto,110171000.0,15.0,3.0,1
0000728751,Jureppu,Male,,2001.03.23,Kage,Noozanfaamu,(Ari) Sandeereeshingu,99156000.0,38.0,7.0,1
0000727214,Mainerupanashu,Male,,,,,,0.0,0.0,0.0,1
0000729626,Toushounaito,Male,,2001.05.29,Kurige,Toushousangyoukabushikigaishatoushoubokujou,Fujita Mamorusei,355364000.0,38.0,6.0,1
マイネルデュプレ,Mainerudeyupure,Male,,,,,,,,,1
0000725161,Bobubiisuto,Male,,2001.04.22,Kage,Waarudofuaamu,Sabashi Isoo,16836000.0,12.0,1.0,1
0000724250,Keiaiunryuu,Male,,2001.05.06,Ashige,Kawagoe Toshiki,Kameda Morihiro,42786000.0,15.0,3.0,1
0000729240,Maineruokutetto,Male,,2001.04.11,Kage,Yamadafuaamu,Inaba Junya,21698000.0,40.0,1.0,1
0000728736,Maineruporoneezu,Male,,2001.05.12,Kage,Shimadabokujou,(Kabu) Sarabureddokurabu・Rafian,40459000.0,20.0,3.0,1
0000727793,Reoshaapu,Male,,2001.05.05,Kage,Oonishi Yoshihiko,Yamashita Masshi,16214000.0,31.0,1.0,1
0000728659,Biggufarukon,Male,,2001.03.26,Kurige,Ogurabokujou,Kobayashi Masashi,79880000.0,63.0,5.0,1
0000727824,Tomiken'Uinaa,Male,,2001.04.25,Kage,Kidoguchibokujou,Togashi Kenji,33352000.0,23.0,3.0,1
0000726072,Takaofaasuto,Male,,2001.03.13,Kage,Mori Bokujou,(Kabu) Teradakoumuten,15165000.0,5.0,1.0,1
0000730422,Epusomuarutema,Male,,,,,,0.0,0.0,0.0,1
0000745137,Supesharukarudouun,Male,,1999.03.30,Kage,Pontchartrain Stud And Alain Scemama,Ekyuri・Sharuubu,0.0,1.0,0.0,1
0000384109,Tousuuru,Male,,1992.02.27,Kage,Succ Sir Robin Mc Alpine,,0.0,18.0,2.0,1
0000750654,Furiitosutoriitodansaa,せん,,1998.05.12,Kuroshikage,White Fox Farm,T.Rezaaman,133402000.0,1.0,1.0,1
0000613182,Shirokitagoddoran,Male,,1999.04.07,Kuroshikage,Hosomichibokujou,Konishi Isami,166989000.0,39.0,7.0,1
0000744294,Outahia,Male,,,,,,0.0,0.0,0.0,1
0000324913,Taimutouchenji,Male,,1998.04.27,Kuroshikage,Oiwakefaamu,Yoshida Yasue,121427000.0,54.0,7.0,1
0000731359,Anjugaburieru,Male,,,,,,0.0,0.0,0.0,1
0000626194,Denon,Male,,1998.04.12,Kage,"Flaxman Holdings, Ltd.",Sekiguchi Fusao,0.0,1.0,0.0,1
0000743730,Izurinton,Female,,,,,,0.0,0.0,0.0,1
スルーヴァレイ,Suruuvarei,Male,,,,,,,,,1
0000843252,Johaa,Male,,1997.02.14,Kage,,,0.0,36.0,10.0,1
0000796723,Fiiruzuobuomaa,せん,,1997.09.22,Kage,Mr. M O' Connor,B.Maatein,0.0,1.0,0.0,1
0000616067,Teiemujienerasu,Male,,1999.04.13,Kurige,Kyouyuubokujou,Takezono Masatsugu,104942000.0,40.0,6.0,1
0000730117,Yamanin'Arushion,Female,,2001.04.12,Kage,Nishikiokabokujou,Tsuchii Hajime,35168000.0,15.0,1.0,1
0000730126,Yamanin'Arabasuta,Female,,2001.03.30,Ashige,Nishikiokabokujou,Tsuchii Hajime,216002000.0,39.0,5.0,1
0000729873,Makotokingin,Female,,2001.02.03,Kuroshikage,Noozanfaamu,Makabe Mei,12495000.0,14.0,1.0,1
0000730427,Raburiipurinsesu,Female,,2001.04.02,Kage,Wakabayashibokujou,Matsuoka Takao,7000000.0,3.0,1.0,1
0000729361,Diachansu,Female,,2001.02.02,Kage,Sasachibokujou,Terada Chiyono,173922000.0,32.0,7.0,1
0000619986,Purisaisumashiin,Male,,1999.03.13,Kage,Shiraoifaamu,Iketani Seiichi,508302000.0,44.0,14.0,1
0000090337,Sutaairebun,せん,,1976.05.02,Kage,Fujisawabokujou,Takahashi Kazue,4160000.0,8.0,1.0,1
0000330238,Maiteisupiido,Male,,1998.03.20,Ashige,Murashitanoujou,Yoga Hijirikei,126392000.0,34.0,6.0,1
0000725497,Meteobaasuto,Male,,2001.04.18,Kage,Noozanfaamu,(Ari) Sandeereeshingu,176992000.0,40.0,5.0,1
0000728031,Meishoumunenori,Male,,2001.04.10,Tochikurige,Fushikitabokujou,Matsumoto Yoshio,89699000.0,18.0,4.0,1
0000729101,Kosumosuteeji,Male,,2001.04.14,Kage,Bitsuguretsudofuaamu,Irokawa Akatsukirou,46470000.0,24.0,3.0,1
0000726411,Hoshinopiasu,Female,,2001.02.15,Kage,Taiheibokujou,Hoshino Hatsutarou,34564000.0,11.0,1.0,1
0000726802,Adomaiyamajikku,Female,,,,,,0.0,0.0,0.0,1
0000727659,Paafekutodansu,Female,,2001.05.25,Aokage,Taiheibokujou,(Ari) Taafu・Supooto,18200000.0,15.0,1.0,1
0000246374,Tenzantoppu,Female,,1991.05.29,Kage,Takada Yukio,Konno Rikio,2291000.0,15.0,1.0,1
0000270758,Kuinkuinkuin,Female,,,,,,0.0,0.0,0.0,1
0000731127,Yukinoreiko,Female,,2001.03.17,Kage,Hattori Kazunori,Inoue Motoyuki,8100000.0,7.0,1.0,1
0000150665,Gaiyaaru,Female,,,,,,0.0,0.0,0.0,1
0000722081,Purimoredi,Female,,2001.03.05,Kuroshikage,Gurandobokujou,(Ari) Gurandobokujou,21670000.0,34.0,1.0,1
0000726712,Tooagureisu,Female,,2001.04.26,Kage,Tooabokujou,Touashunme (Kabu),9366000.0,21.0,1.0,1
0000763905,Nanatsuboshi,Female,,2001.02.18,Kurige,Grand Farm,(Ari) Gurandobokujou,17060000.0,35.0,3.0,1
0000723304,Kuiinromansu,Female,,,,,,0.0,0.0,0.0,1
0000724277,Keijiiroman,Female,,2001.05.05,Kage,Kubo Hideo,Tamura Setsuko,12670000.0,10.0,3.0,1
0000729994,Reizuandokooru,Female,,2001.03.19 25歳,Kage,Noozanfaamu,Takahashi Shuushin,78817000.0,28.0,5.0,1
0000620217,Nishinomuunraito,Female,,1999.03.16,Kage,Nishiyamabokujou,Nishiyama Shigeyuki,122501000.0,30.0,6.0,1
0000722619,Kosumobaruku,Male,,2001.02.10,Kage,Kanobokujou,(Ari) Biggureddofaamu,482163000.0,44.0,9.0,1
0000729539,Misuteikkueiji,Male,,2001.04.21,Kage,Inui Minaosu,Sezonreesuhoosu (Kabu),121546000.0,18.0,4.0,1
0000728098,Haiaageemu,Male,,2001.02.27,Aokage,Shadaifaamu,Usuda Hiroyoshi,273041000.0,36.0,5.0,1
0000722797,Burakkutaido,Male,,2001.03.29 25歳,Kuroshikage,Noozanfaamu,Kanekomasatohoorudingusu (Kabu),162071000.0,22.0,3.0,1
0001391026,Buraddobaroozu,Male,,2024.02.13 2歳,Kage,Kineusubokujou,Inokuma Hirotsugu,7800000.0,1.0,1.0,1
0000727807,Pienaonriiwan,Male,,2001.03.26,Kage,Shiraibokujou,Motoya Kenzou,44236000.0,23.0,3.0,1
0000071985,Gureetobeesun,Male,,,,,,0.0,0.0,0.0,1
0000730539,Chikirisansan,Male,,2001.02.18,Kuroshikage,Yanobokujou,Yukimoto Hideki,28354000.0,25.0,2.0,1
0000723490,Namurashiizaa,Male,,2001.03.29,Kurige,Nakajimabokujou,Kawara Yoshihiro,45259000.0,42.0,5.0,1
0000729984,Nuchigusui,Male,,2001.04.04,Kage,Kimurabokujou,Odagiri Yuuichi,6100000.0,8.0,1.0,1
0000724632,Sakuraruuche,Male,,2001.05.21,Kuroshikage,Taniokabokujou,(Kabu) Sakurakomaasu,8100000.0,10.0,1.0,1
0000749487,Anteiikukoin,Male,,,,,,0.0,0.0,0.0,1
0001232207,Waarudosukeeru,Male,,2017.03.14,Kage,Mishimabokujou,(Ari) Mishimabokujou,92908000.0,46.0,5.0,1
0000316584,Burandisu,せん,,1997.03.20,Kage,Noozanfaamu,(Ari) Sandeereeshingu,276502000.0,36.0,9.0,1
0000618105,Merushiitakaoo,せん,,1999.04.05,Kurige,Mitsuishifaamu,Nagai Yasuo,185913000.0,24.0,4.0,1
0000314298,Miyanoshadai,Male,,1997.04.11,Kurige,Tentamamonobokujou,Hiromatsu Kinji,44672000.0,62.0,6.0,1
0000287240,Onitaiji,せん,,,,,,0.0,0.0,0.0,1
0000328015,Toosenmeizan,Male,,1998.03.29,Kage,Hattafaamu,Shimakawa Takaya,83294000.0,51.0,3.0,1
0000298202,Mejiroatorasu,せん,,1995.03.24,Ashige,Mejirobokujou,(Ari) Mejirobokujou,151330000.0,47.0,7.0,1
0000117411,Bariosu,Male,,1979.05.30,Kuroshikage,Kubotabokujou,Notake Chitose,0.0,4.0,0.0,1
0000619914,Purinshiparuribaa,Male,,1999.04.14,Kage,Shadaifaamu,Hirata Kazuo,136257000.0,46.0,6.0,1
0000003982,Tenkei,Male,,1955.04.20,Kage,,Hatano,845000.0,94.0,0.0,1
0000302544,Hatanoadonisu,Male,,1996.04.06,Kage,Marutomitomiokabokujou,Matsuda Keiichi,305881000.0,51.0,12.0,1
0000328882,Supininguaroo,Male,,1998.05.04,Kage,Okitabokujou,Okita Masanori,122061000.0,42.0,9.0,1
0000728903,Tamamohottopurei,Male,,2001.04.01,Kurige,Nobunaribokujou,Tamamo (Kabu),269714000.0,66.0,6.0,1
0000766353,Shiruvaazetto,Male,,2001.04.06,Ashige,Mrs J. A. Dene,Kiyokawa Takanori,175868000.0,43.0,4.0,1
0000725717,Joojisakura,Male,,2001.05.10,Kage,Fujisawabokujou,Suzuki Masashirou,14830000.0,28.0,2.0,1
0000724118,Teiemusantaoo,Male,,2001.04.29,Kurige,Chiyodabokujou,Takezono Masatsugu,7000000.0,12.0,1.0,1
0000725419,Shigerudontoike,Male,,2001.03.02,Kage,Wadanourin(Ari),Morinaka Ban,85111000.0,55.0,5.0,1
0000730196,Karisumasankiseki,Male,,,,,,0.0,0.0,0.0,1
0000726189,Taninoareguro,Male,,2001.05.28,Kage,Kantoriibokujou,Eguchi Masahiro,7000000.0,6.0,1.0,1
0000724578,Mainerumakurosu,Male,,2001.03.25,Kage,Noguchibokujou,(Kabu) Sarabureddokurabu・Rafian,65380000.0,12.0,2.0,1
0000729458,Kingukamehameha,Male,,,,,,0.0,0.0,0.0,1
0000722120,Kosumotaagetto,Male,,2001.05.05,Kage,Nanbu Kou,Okada Misako,21780000.0,5.0,2.0,1
0000724858,Nichirinkotobuki,Male,,2001.05.03,Kuroshikage,Kawashima Teiji,Okada Isami,18016000.0,8.0,2.0,1
0000729313,Gurandoburuu,Male,,,,,,0.0,0.0,0.0,1
0000722802,Biggukuraun,Male,,2001.04.30,Aokage,Shimokoubebokujou,Katou Niroku,124985000.0,58.0,5.0,1
0000188938,Maineruberuufu,Male,,1986.05.20,Kuroshikage,Kamimura Kiyoshi,(Kabu) Sarabureddokurabu・Rafian,0.0,2.0,0.0,1
0000326285,Teiemugookai,Male,,1998.03.06,Kage,Tanigawabokujou,Yoshida Mitsunori,70285000.0,29.0,5.0,1
0000331355,Ruzeru,Male,,1998.05.07,Kage,Compagnia Generale S R L,Kurisaka Suu,85672000.0,9.0,3.0,1
0000316528,Ferishitaru,Male,,1997.03.14,Ashige,Noozanfaamu,(Ari) Shadaireesuhoosu,146892000.0,28.0,6.0,1
0000321221,Supaakuhooku,Male,,1997.05.29,Kage,Pam Gartin & John Phillips,Joi・Reesuhoosu (Kabu),116086000.0,21.0,5.0,1
0000325016,Isaohiito,Male,,,,,,0.0,0.0,0.0,1
0000706577,Mitsuakitaabin,Male,,2000.04.04,Ashige,Yamauchi Suzuko,Yamamoto Koumyou,178280000.0,46.0,13.0,1
0000328835,Intaarejienda,せん,,,,,,0.0,0.0,0.0,1
0000326290,Oosumisuteiyaa,Male,,,,,,0.0,0.0,0.0,1
0000615919,Toraiwanzurakku,Male,,1999.03.16,Kage,Orientobokujou,Iketani Seiichi,89451000.0,25.0,6.0,1
0000701045,Taigaarootarii,Male,,2000.05.15,Kurige,Sadahiro Kenji,Nakamura Fumimasa,51104000.0,42.0,13.0,1
0000701520,Hishiatorasu,Male,,2000.03.20,Kuroshikage,Shadaifaamu,Abe Masaichirou,428259000.0,36.0,10.0,1
0000316860,Botomuzuappu,Male,,1997.04.23,Kage,Kobayashi Kazuyoshi,(Ari) Taafu・Supooto,72324000.0,54.0,5.0,1
0000316607,Oomiyaborero,Male,,,,,,0.0,0.0,0.0,1
0000615791,Ooshan'Akurosu,Male,,,,,,0.0,0.0,0.0,1
6,6,6,,,,,,,,,1
7,7,7,,,,,,,,,1
8,8,8,,,,,,,,,1
9,9,9,,,,,,,,,1
0000467314,10,10,,,,,,0.0,0.0,0.0,1
0000467338,11,11,,,,,,0.0,0.0,0.0,1
0000467320,12,12,,,,,,0.0,0.0,0.0,1
0000467329,13,13,,,,,,0.0,0.0,0.0,1
0000467315,14,14,,,,,,0.0,0.0,0.0,1
0000467331,15,15,,,,,,0.0,0.0,0.0,1
0000730871,Asakusasairen,Male,,,,,,0.0,0.0,0.0,1
0000726973,Biggugurasu,Male,,2001.04.24,Kage,Maakuribokujou,Taishisougoukikaku (Kabu),174860000.0,42.0,9.0,1
0000263545,Burakkukondoru,Male,,1992.03.24,Kage,Kobayashi Hitoshi,Yanagida Shinsaku,1406000.0,24.0,2.0,1
0000723067,Epusomubosu,Male,,,,,,0.0,0.0,0.0,1
0000724740,Rediinburakku,Female,,2001.05.30,Kuroshikage,Samaniwatanabebokujou,Takahashi Nobuhiro,55329000.0,33.0,2.0,1
0000617482,Fiirudosupaato,Male,,1998.03.11,Aokage,Coln Valley Stud,Chida Katsuzou,124007000.0,40.0,5.0,1
0000313639,Misutaayunikon,Male,,1997.05.01,Kuroshikage,Daidoubokujou,Daidou Hideo,123356000.0,55.0,8.0,1
0000700469,Mikkiiberu,Male,,2000.03.29,Kurige,Koike Katsuyoshi,Miki Hisashi,76203000.0,21.0,3.0,1
0000330152,Toukaitonii,せん,,1998.04.19,Kage,Biratoribokujou,Uchimura Seisoku,52205000.0,33.0,5.0,1
0000722158,Haatsukurai,Male,,2001.04.15,Kage,Shadaifaamu,(Ari) Shadaireesuhoosu,555731000.0,17.0,4.0,1
0000725490,Rabaguruuto,Male,,2001.03.04,Kurige,Noozanfaamu,(Ari) Sandeereeshingu,86132000.0,33.0,4.0,1
0000722886,Vundaa,Male,,2001.04.05,Kuroshikage,Toyosatoaraifaamu,Habata Masanobu,83551000.0,46.0,3.0,1
0000143601,Kanpanii,Male,,,,,,0.0,0.0,0.0,1
0000722241,Kyouwaroaringu,Male,,,,,,0.0,0.0,0.0,1
0000723363,Orenjiwaarudo,Male,,,,,,0.0,0.0,0.0,1
0000750769,Roorerusupaaku,Male,,2001.03.06,Kage,Cheveley Park Stud,(Kabu) Roorerureeshingu,43207000.0,33.0,2.0,1
0000724765,Sawanobureibu,Male,,2001.05.13,Kurige,Kineusubokujou,Sawada Takako,124588000.0,42.0,4.0,1
0000731030,Daiwaerushieero,Female,,2001.05.11,Kage,Shimokoubebokujou,Ooshiro Keizou,281754000.0,13.0,5.0,1
0000728522,Fotojienii,Female,,2001.05.02,Aokage,Noozanfaamu,Yoshida Katsumi,17087000.0,7.0,1.0,1
0000763798,Pyuaburaun,Female,,2001.01.24,Kage,"Taylor Made Farm, Inc., Brian Kahn & W. Bryan Cross",(Kabu) Daitoubokujou,43057000.0,15.0,2.0,1
0000079176,Rooriipoorii,Female,,1975.03.11,Kuroshikage,Misawabokujou,Date Shuuwa,0.0,3.0,0.0,1
0000727306,Hoomansoreiyu,Female,,2001.04.22,Kuroshikage,Kudoufaamu,Kubo Hisato,17801000.0,21.0,1.0,1
0000727924,Pisanobaakin,Female,,2001.02.04,Kurige,Chiyodabokujou,Ichikawa Yoshimi,7000000.0,4.0,1.0,1
0000724136,Gurintouiiku,Female,,,,,,0.0,0.0,0.0,1
0000728217,Annavan,Female,,,,,,0.0,0.0,0.0,1
0000730106,Yamaninpanteeru,Female,,2001.03.16,Kuroshikage,Nishikiokabokujou,Tsuchii Hajime,59278000.0,40.0,3.0,1
0000722483,Sakusesuarudente,Female,,2001.03.22,Kage,Taniguchibokujou,Takashima Satoshi,19300000.0,20.0,1.0,1
0000726519,Tsuinkuruveeru,Female,,2001.04.11,Ashige,Noozanfaamu,(Ari) Sandeereeshingu,19950000.0,16.0,2.0,1
0000722345,Sumomo,Female,,2001.04.02,Kuroshikage,Urakawatoibokujou,Iketani Seiichi,7000000.0,8.0,1.0,1
0000769476,Shiikinguzadaiya,Male,,2001.03.01,Kage,"Jayeff ""B"" Stables",Aoyama Youichi,564459000.0,27.0,7.0,1
0000723459,Karipusopanchi,Male,,,,,,0.0,0.0,0.0,1
0000728610,Meishousarai,Male,,2001.05.10,Kuroshikage,Kawakamibokujou,Matsumoto Yoshio,198659000.0,45.0,6.0,1
0000727382,Eiyuuhaadei,Male,,,,,,0.0,0.0,0.0,1
0000728360,Teiemubokkemon,Male,,2001.05.04,Kage,Teiemubokujou,Takezono Masatsugu,24766000.0,10.0,2.0,1
0000729938,Mainerumarukaato,Male,,2001.04.15,Kage,Miyamoto Yoshihiro,Yoshida Mitsunori,55830000.0,31.0,4.0,1
0000730383,Purinsesuran,Female,,2001.04.10,Aokage,Imai Hideki,Hara Kantoku,14479000.0,30.0,7.0,1
0000722921,Eishinhieizan,Male,,,,,,0.0,0.0,0.0,1
0000727347,Jieibooi,Male,,2001.05.03,Aokage,Takada Kiyoto,Hiromura Moichi,9328000.0,12.0,1.0,1
0000240580,Eishinshaian,Male,,,,,,0.0,0.0,0.0,1
0000329719,Ishinomyuuzu,Female,,,,,,0.0,0.0,0.0,1
0000316563,Shounanwandaa,Male,,1997.06.05,Kurige,Noozanfaamu,Kunimoto Tesshuu,55753000.0,41.0,5.0,1
0000729845,Meishouosukaru,Female,,2001.02.25 25歳,Kuroshikage,Nisseibokujou,Matsumoto Yoshio,180457000.0,21.0,3.0,1
0000726829,Varuparaiso,Female,,2001.02.08,Kage,Shiraoifaamu,(Ari) Sandeereeshingu,29528000.0,20.0,2.0,1
0000728157,Furenchiaidia,Female,,2001.02.24,Aokage,Shadaifaamu,Usuda Hiroyoshi,45921000.0,21.0,3.0,1
0000723985,Pepuchidomoaa,Female,,2001.02.26,Kage,Kineusubokujou,Numakawa Kazuhiko,9180000.0,17.0,2.0,1
0000726697,Nishinoburassamu,Female,,2001.05.16,Aokage,Nishiyamabokujou,Nishiyama Shigeyuki,36896000.0,40.0,3.0,1
0000724547,Paradaisubaado,Female,,2001.04.19,Kage,Shadaifaamu,Yoshida Teruya,20450000.0,17.0,2.0,1
0000136354,Meikuhisutorii,Female,,1981.06.08,Ashige,Souta Hideo,Kashiwase Shigeo,7590000.0,9.0,1.0,1
0000728133,Uerufea,Female,,,,,,0.0,0.0,0.0,1
0000730720,Remonriifu,Female,,2001.04.04,Kuroshikage,Shiraibokujou,Nagoyatomoyutaka (Kabu),15453000.0,22.0,1.0,1
0000726484,Chainabarokku,Female,,2001.03.08,Ashige,Kanariyoshidabokujou,Hirata Kazuo,33456000.0,31.0,2.0,1
0000730100,Sanmaruansaa,Female,,2001.05.11,Kuroshikage,Tabatabokujou,Tabata Shigeharu,86372000.0,37.0,10.0,1
0000723323,Kaadinaruroozu,Female,,,,,,0.0,0.0,0.0,1
0000746119,Touruuriizun,Male,,2001.03.06,Aokage,Payson Stud Inc.,(Ari) Kyarottofaamu,37878000.0,11.0,2.0,1
0000271360,Daiwadenbaa,Male,,1993.04.01,Ashige,Taiheibokujou,Yamatoshouji (Kabu),1500000.0,1.0,0.0,1
0000612098,Maineruiisutaa,Male,,1999.03.19,Kage,Hatakeyamabokujou,(Kabu) Sarabureddokurabu・Rafian,103205000.0,32.0,3.0,1
0000310488,Tooyooshiizaa,Male,,1996.04.29,Kuroshikage,John A. Toffan & Trudy Mccaffery,(Ari) Tooyookurabu,110009000.0,61.0,6.0,1
0000308933,Eakorusabaado,せん,,,,,,0.0,0.0,0.0,1
0000324800,Rudorufuroodo,Male,,1998.05.02,Kurige,Takahashinoujou,Oosawa Tsuyoshi,25367000.0,33.0,2.0,1
0000749854,Taikibakara,Male,,2001.02.08,Kage,Taiki Farm,(Ari) Taijufaamu,67801000.0,9.0,3.0,1
0000724235,Keejiiajude,Male,,2001.04.06,Kage,Iwamibokujou,Kurihara Kiyoko,93097000.0,29.0,4.0,1
0000722739,Hariizukometto,Male,,2001.03.08,Kage,Nakagawabokujou,(Ari) Sandeereeshingu,143435000.0,25.0,6.0,1
0000728076,Haatorandokafe,Male,,2001.02.28,Kage,Nakamura Kazuo,Nishikawa Kyouko,19536000.0,7.0,2.0,1
0000766320,Uedingubaree,Female,,,,,,0.0,0.0,0.0,1
0000725763,Rutanteiiru,Male,,2001.04.20,Kuroshikage,Ishikawa Masayoshi,Kanou Eiji,77346000.0,113.0,12.0,1
0000724723,Taiseibureevu,Male,,2001.03.25,Kuroshikage,Murakamibokujou,Tanaka Seihou,68678000.0,23.0,4.0,1
0000727564,Hyoutanjima,Male,,2001.04.06,Kage,Ookitabokujou,Katayama Matsuoi,43666000.0,110.0,10.0,1
0000728527,Muuvuobusandee,Female,,2001.04.15,Kage,Shadaifaamu,(Ari) Shadaireesuhoosu,91290000.0,10.0,3.0,1
0000749670,Gurooriiburaddo,Female,,2001.04.23,Kage,Summer Wind Farm,Maeda Kouji,21940000.0,17.0,2.0,1
0000728768,Berudimanshie,Female,,2001.02.27,Kurige,Oiwakefaamu,(Ari) Sandeereeshingu,14500000.0,13.0,2.0,1
0000729622,Noosusupotto,Female,,2001.03.24,Kage,Atsushikakokawabokujou,Kitamura Jitchiko,30480000.0,27.0,10.0,1
0000730819,Esuwansupekutaa,Female,,,,,,0.0,0.0,0.0,1
0000722470,Shigeruikeike,Female,,2001.04.11,Kuroshikage,Nishimura Kazuo,Morinaka Ban,11200000.0,11.0,1.0,1
0000766326,Biiaheddo,Female,,2001.02.02,Kage,Arno D. Schefler,Okazaki Toshihiko,21366000.0,30.0,4.0,1
0000112686,Buruuai,Female,,1978.03.22,Kage,Hiwataribokujou,Maeda Yutaka,5792000.0,35.0,4.0,1
0000726398,Dansuinzamuudo,Female,,2001.04.10,Aokage,Shadaifaamu,(Ari) Shadaireesuhoosu,538878000.0,21.0,5.0,1
0000730867,Dorucherimoone,Female,,2001.04.05,Kage,Shiraoifaamu,(Ari) Kyarottofaamu,57831000.0,25.0,2.0,1
0000763922,Vuipurado,Female,,2001.04.03,Kage,Green Hill Stud International,Kinami Gan,19985000.0,22.0,2.0,1
0000725830,Sekandonohoshi,Female,,2001.04.03,Kage,Deguchi Satoshi,(Ari) Deguchibokujou,15656000.0,16.0,2.0,1
0000722154,Kopanomarisoru,Female,,2001.05.06,Kage,Kyouyuubokujou,Kobayashi Sachiaki,7800000.0,6.0,1.0,1
0000730960,Akuirejia,Female,,,,,,0.0,0.0,0.0,1
0000730426,Koaresupateio,Female,,2001.04.11,Kage,Shimizubokujou,Kobayashi Masashi,63581000.0,29.0,5.0,1
0000749858,Taikishifon,Female,,2001.04.04,Kage,Taiki Farm,(Ari) Taijufaamu,6840000.0,7.0,1.0,1
0000725485,Daiwamejaa,Male,,2001.04.08 25歳,Kurige,Shadaifaamu,Ooshiro Keizou,1002230000.0,27.0,9.0,1
0000725715,Kondorukuesuto,Male,,2001.04.09,Kage,Noozanfaamu,Yoshida Katsumi,113288000.0,29.0,5.0,1
0000730346,Doragonkyaputen,Male,,2001.04.17,Kage,Nagatafaamu,(Kabu) Tenjin,66284000.0,23.0,7.0,1
0000726988,Sumaatosutoriimu,Male,,2001.03.17,Kage,Noozanfaamu,Ookawa Tooru,106683000.0,41.0,5.0,1
0000729724,Oogasutobaio,Male,,,,,,0.0,0.0,0.0,1
0000725060,Shuuzankondoru,Male,,2001.05.07,Kage,Sasakibokujou,Taira Mitsuyoshi,43408000.0,23.0,3.0,1
0000728623,Furuobufaito,Male,,2001.03.20,Kage,Noozanfaamu,(Ari) Sandeereeshingu,24398000.0,6.0,2.0,1
0000727497,Bigguendebaa,Male,,2001.04.09,Kage,Takahashinoujou,(Ari) Biggu,77042000.0,21.0,5.0,1
0000769482,Goorudomajingaa,Male,,2001.04.20,Kage,Brylynn Farm Inc.,Kanamori Shunsuke,9976000.0,11.0,4.0,1
0000700653,Hishiburizaado,Male,,2000.04.28,Kage,Nakamura Toshiaki,Abe Masaichirou,64007000.0,25.0,3.0,1
0000315745,Zennosuuingu,Male,,1997.03.17,Ashige,Yanobokujou,Oosako Nin,103913000.0,47.0,5.0,1
0000704830,Goorudenmein,せん,,2000.04.17,Kurige,Tsuji Bokujou,(Kabu) Hidaka・Buriidaazu・Yunion,139249000.0,26.0,5.0,1
0000702483,Torejaahantaa,Male,,2000.04.15,Kurige,Chiyodabokujou,Iida Seigou,51440000.0,24.0,3.0,1
0000240997,Onyuamaaku,Male,,,,,,0.0,0.0,0.0,1
0000750771,Shierugeemu,Male,,2001.01.30,Kage,Runnymede Farm Inc And Peter J. Callahan,Watanabe Takashi,77755000.0,8.0,3.0,1
0000728333,Firentsue,Male,,2001.02.21,Kuroshikage,Shiraoifaamu,(Ari) Sandeereeshingu,116899000.0,35.0,5.0,1
0000727705,Maiteimishiero,Male,,2001.03.19,Kage,Reesuhoosu,Yoga Hijirikei,17494000.0,12.0,1.0,1
0000727917,Asakusayuutopia,Male,,,,,,0.0,0.0,0.0,1
0000619848,Andouooru,Male,,1999.04.25,Kuroshikage,Shadaifaamu,(Ari) Shadaireesuhoosu,260389000.0,29.0,9.0,1
0000316280,Agunesuarashi,Male,,,,,,0.0,0.0,0.0,1
0000324732,Kurakuenriigu,Male,,,,,,0.0,0.0,0.0,1
0000319446,Sutorongureon,Male,,1997.05.28,Kurige,Chibaiidabokujou,Muraki Atsushi,81058000.0,50.0,5.0,1
0000620576,Neichaahiiraa,Male,,1998.04.11,Kurige,Mrs. Miles Valentine,Kanekomasatohoorudingusu (Kabu),140180000.0,39.0,6.0,1
0000326504,Mejirodandaaku,Male,,1998.04.28,Kage,Marutomitomiokabokujou,(Ari) Mejirobokujou,85724000.0,41.0,7.0,1
0000701558,Faitokurabu,Male,,2000.03.07,Kage,Shadaifaamu,Usuda Hiroyoshi,108835000.0,47.0,5.0,1
0000728114,Naisutoppubooi,Male,,2001.03.13,Kage,Mashiobokujou,Kantou Souichi,79040000.0,22.0,5.0,1
0000763914,Eishinmarukamu,Male,,,,,,0.0,0.0,0.0,1
0000769599,Furiidamuhooku,Male,,2001.02.20,Ashige,Eureka Thoroughbred Farm,Fujita Yoshiotoko,35292000.0,32.0,2.0,1
0000727605,Muunshain,Male,,2001.04.03,Kage,Niikappuhashimotobokujou,Iketani Seiichi,91668000.0,29.0,5.0,1
0000728960,Yoichisausu,Male,,2001.03.10,Kurige,Hitoyamabokujou,Katou Kouichi,157793000.0,49.0,7.0,1
0000724598,Sakuraekisupuresu,Male,,2001.05.05,Ashige,Taniokabokujou,Kawamura Makoto,59283000.0,44.0,6.0,1
0000728412,Insenteibugai,Male,,,,,,0.0,0.0,0.0,1
0000085119,Horiigoosuto,Male,,1975.02.20,Kage,Satou Yoshinori,Morita Shoujirou,0.0,1.0,0.0,1
0000012945,Goorudokuraun,Male,,1964.02.01,Kurige,,Kanamori,1100000.0,3.0,1.0,1
0000723193,Gimiishierutaa,Female,,,,,,0.0,0.0,0.0,1
0000620398,Yamatoforutsua,Male,,1999.04.20,Kage,Nakada Hiromi,Bandou Masao,45600000.0,20.0,2.0,1
0000852062,Oouei,せん,,,,,,0.0,0.0,0.0,1
0000852064,Orivaadansu,せん,,,,,,0.0,0.0,0.0,1
0000852063,Nerietto,Female,,1999.06.09,Kage,Petra Bloodstock Agency Ltd,M.Eburaaru,0.0,1.0,0.0,1
0000852024,Misuteiiuezaa,せん,,1997.10.18,Kage,Mr.M.Lahey,R.Paiku,0.0,2.0,0.0,1
0000852032,Nikobarii,せん,,1997.12.05,Kage,Mrs C E & D O Barber,N.Makkuarisutaa,1800000.0,2.0,0.0,1
0000028130,Arubireo,Male,,,,,,0.0,0.0,0.0,1
0000722364,Muunfeizu,Female,,2001.03.09,Kage,Noozanfaamu,Yoshida Katsumi,47550000.0,16.0,3.0,1
0000730739,Reinashinfonii,Female,,2001.06.15,Kurige,Urakawanisseibokujou,Hayashi Chieko,44614000.0,24.0,3.0,1
0000725853,Marukafuroorian,Female,,2001.03.12,Kage,Shadaifaamu,Kawachousangyou (Kabu),54625000.0,23.0,4.0,1
0000723795,Adomaiyadansaa,Female,,,,,,0.0,0.0,0.0,1
0000723071,Epusomudezaiaa,Female,,,,,,0.0,0.0,0.0,1
0000729141,Batorukorona,Female,,2001.05.31,Kage,Moriyabokujou,Miyagawa Akinobu,7000000.0,9.0,1.0,1
0000722894,Intouzaguruuvu,Female,,,,,,0.0,0.0,0.0,1
0000729142,Oodotoware,Female,,,,,,0.0,0.0,0.0,1
0000618204,Sairensubooi,Male,,1999.03.27,Kurige,Akibabokujou,(Ari) Taafu・Supooto,201600000.0,32.0,9.0,1
0000615070,Burakkufaamu,Male,,1999.03.22,Kuroshikage,Megurobokujou,Kuroda Miyoko,14026000.0,40.0,11.0,1
0000314481,Oiwakedaimon,Male,,,,,,0.0,0.0,0.0,1
0000617987,Sunaakusuzuran,Female,,1999.05.03,Kage,Heiyabokujou,Sugimoto Senjirou,199397000.0,53.0,7.0,1
0000701754,Sanreifureeru,Female,,2000.02.04,Kage,Noozanfaamu,Nagai Keiji,75178000.0,52.0,4.0,1
0000613890,Noosushieebaa,Female,,1999.03.13,Kuroshikage,Atsushikakokawabokujou,Kitamura Jitchiko,49183000.0,29.0,13.0,1
0000319406,Tamanoyuuyuu,Female,,1997.04.30,Kage,Tanaka Kokuhisashi,Matsuoka Tamako,41019000.0,60.0,10.0,1
0000728571,Hookipaueebu,Male,,2001.03.16,Kuroshikage,Noozanfaamu,Kanekomasatohoorudingusu (Kabu),190577000.0,18.0,3.0,1
0000728935,Suuifutokarento,Male,,2001.04.09,Aokage,Shadaifaamu,(Ari) Shadaireesuhoosu,293969000.0,42.0,6.0,1
0000727735,Daakumataa,Male,,2001.04.09,Kage,Murakamibokujou,Iketani Seiichi,50756000.0,44.0,7.0,1
0000163737,Kamuinupuri,Male,,,,,,0.0,0.0,0.0,1
0000275195,Hikariforesuto,Male,,1993.06.05,Kage,Hayatabokujouniikappushijou,Touyama Takanori,0.0,0.0,0.0,1
0000726656,Derutaburuusu,Male,,2001.05.03,Kage,Noozanfaamu,(Ari) Sandeereeshingu,401562000.0,30.0,5.0,1
0000722093,Monburankafe,Male,,2001.04.05,Aokage,Shadaifaamu,Nishikawa Kyouko,43126000.0,26.0,3.0,1
0000728432,Daiwanebada,Male,,2001.04.24,Kage,Shimokoubebokujou,Ooshiro Keizou,33650000.0,27.0,2.0,1
0000003407,Zettsuu,Male,,1954.03.20,Kurige,,Tsuchii,0.0,0.0,0.0,1
0000729204,Mainerumagunaato,Male,,2001.03.02,Kage,Bitsuguretsudofuaamu,(Kabu) Sarabureddokurabu・Rafian,60601000.0,36.0,2.0,1
0000728163,Shinmeisereritei,Male,,2001.06.06,Kuroshikage,Hayatabokujouniikappushijou,Nakaji Kenjirou,69228000.0,20.0,3.0,1
0000746121,Hishiruushiddo,Male,,2001.03.22,Kage,Masaichiro Abe,Abe Masaichirou,78193000.0,33.0,4.0,1
0000727229,Nihonpirokiisu,Male,,2001.05.06,Ashige,Fukuoka Kiyoshi,Kobayashi Hyakutarou,209280000.0,49.0,6.0,1
0000723458,Asakusamusutangu,Male,,,,,,0.0,0.0,0.0,1
0000766360,Rooranjieneruu,Male,,2001.04.17,Kage,G. Strawbridge And London Thoroughbred Services Ltd,Saitou Toshihiro,97711000.0,42.0,5.0,1
0000727007,Roodoinzasukai,Male,,2001.05.11,Ashige,Sakamoto Tomohiro,(Kabu) Roodohoosukurabu,17427000.0,13.0,2.0,1
0000727669,Toraddosukiimu,Male,,2001.04.27,Kage,Shadaifaamu,Kurihara Kiyoko,30870000.0,46.0,2.0,1
0000766334,Daishinchansu,Male,,2001.02.13,Ashige,Lothenbach Stables Inc,Ooyagi Nobuyuki,30853000.0,41.0,2.0,1
0000613363,Shinmeirotchi,Male,,1999.04.25,Aokage,Inaharabokujou,Oda Yoshikazu,113216000.0,27.0,6.0,1
0000267886,Paresukingu,Male,,1993.05.11,Kage,Takenaka Satoshi,Yamada Katsura,152000.0,1.0,0.0,1
0000620582,Roodopuriveiru,Male,,1998.04.21,Kurige,Orpendale & Jim Fleming,(Kabu) Roodohoosukurabu,308298000.0,37.0,12.0,1
0000327186,Eajuuku,せん,,,,,,0.0,0.0,0.0,1
0000313829,Oosumitsuyoshi,Male,,,,,,0.0,0.0,0.0,1
0000614886,Kitasan'Oudou,Male,,,,,,0.0,0.0,0.0,1
0000301540,Waido,ワイド,,1995.05.15,Kuroshikage,Sawa Toshikazu,Inomata Yuuichi,4510000.0,72.0,8.0,1
02-07,02-07,02-07,,,,,,,,,1
02-11,02-11,02-11,,,,,,,,,1
馬単,Umatan,馬単,,,,,,,,,1
３連複,3Renfuku,３連複,,,,,,,,,1
0000616008,Maaberasudansu,Male,,1999.03.31,Kage,Kawashimabokujou,Sasahara Sadao,92349000.0,30.0,6.0,1
0000701724,Aipoppaa,Male,,,,,,0.0,0.0,0.0,1
0000702853,Easereson,Male,,,,,,0.0,0.0,0.0,1
0000702414,Sakurasenchurii,Male,,2000.04.03,Kuroshikage,Taniokabokujoushinwabunjou,(Kabu) Sakurakomaasu,296491000.0,24.0,7.0,1
0000724135,Raguresuromanii,Female,,2001.03.17,Kage,Katsukawabokujou,(Kabu) Guriinfaamu,15426000.0,8.0,1.0,1
0000730718,Shirukiifurendo,Female,,2001.01.19,Kurige,Hayatabokujouniikappushijou,Yuugengaishashiruku,16765000.0,38.0,1.0,1
0000620162,Beraajio,Male,,1999.03.06,Kage,Noozanfaamu,Kanekomasatohoorudingusu (Kabu),164034000.0,32.0,8.0,1
0000701588,Sutorongudon,Male,,2000.05.05,Kage,Shadaifaamu,Araki Suzuko,73605000.0,105.0,4.0,1
0000324835,Jiinafonten,Female,,1998.04.19,Kurige,Noboribetsukamimizubokujou,Yoshihashi Kei,216829000.0,38.0,13.0,1
0000308326,Daabiiwairudo,Male,,1996.05.21,Kage,Daabiisutatsudo,Mukuhon Wakou,21154000.0,93.0,15.0,1
0000323552,Ibukirimujin'Oo,Male,,,,,,0.0,0.0,0.0,1
0000730864,Pisanokuukai,Male,,2001.04.19,Kurige,Shimokoubebokujou,Ichikawa Yoshimi,67783000.0,16.0,3.0,1
0000726846,Toppuobuwaarudo,Male,,2001.04.23,Kurige,Ookawabokujou,Ogawa Isao,125240000.0,32.0,3.0,1
0000763904,Paasonarurasshu,Male,,2001.03.18,Kage,Mr. & Mrs. M. L. Wood,Saegusa Naoko,266365000.0,26.0,7.0,1
0000766321,Kafeorinposu,Male,,,,,,0.0,0.0,0.0,1
0000722261,Toosenburaito,Male,,2001.03.13,Kage,Okadasutatsudo,Shimakawa Takaya,391580000.0,54.0,11.0,1
0000457952,Beruuga,Male,,1958年,,,,0.0,0.0,0.0,1
0001142472,Kuriaazakoosuto,Male,,,,,,0.0,0.0,0.0,1
0000723165,Oogonkoutei,Male,,,,,,0.0,0.0,0.0,1
0000765832,Antoniomagunamu,Male,,,,,,0.0,0.0,0.0,1
0000723886,Surejjihanmaa,Male,,2001.01.18,Kage,Shiraoifaamu,(Ari) Sandeereeshingu,31601000.0,8.0,3.0,1
0000722138,Aifaafukuoo,Male,,,,,,0.0,0.0,0.0,1
0000729530,Berumontosandaa,Male,,2001.02.17,Kage,Berumontofaamu,(Ari) Berumontofaamu,109058000.0,41.0,7.0,1
0000852605,Serufufuritto,せん,,1998.09.07,Kage,T.C.Bloodstock Syndicate,P.Shiu,0.0,1.0,0.0,1
0000852618,Airandofasshon,Female,,,,,,0.0,0.0,0.0,1
0000732035,Chaamingukurisu,Female,,2000.02.06,Kuroshikage,"Morven Stud, Ltd.",Yoshida Kazuko,51632000.0,26.0,2.0,1
0000616561,Buraianzuretaa,Female,,1999.02.02,Kuroshikage,Hayatabokujouniikappushijou,Kumasaka Tomijuosu,108993000.0,43.0,12.0,1
0000620057,Karenbareriina,Female,,,,,,0.0,0.0,0.0,1
0000613386,Ainkuraimaa,Female,,,,,,0.0,0.0,0.0,1
0000321405,Nikkurufezaa,Female,,1997.04.14,Kage,Shields Thoroughbreds,Oohara Mikotonorihiroshi,43932000.0,44.0,3.0,1
0000705738,Maaberasuroiyaru,Male,,2000.04.25,Kurige,Kawashimabokujou,Sasahara Sadao,46111000.0,19.0,3.0,1
0000327902,Noboairurando,Male,,1998.05.16,Kage,Haku Toshiyuki,(Ari) Ikebata,42022000.0,28.0,4.0,1
0000700396,Dantsusoorujaa,Male,,2000.04.03,Ashige,Ogifukumiyoshifuaamu,Yamamoto Tetsuji,34125000.0,39.0,2.0,1
0000611093,Aruhanburaparesu,Male,,,,,,0.0,0.0,0.0,1
0000612701,Toppukooringu,Male,,1999.04.05,Kage,Kaneishi Shu,(Ari) Kooro,52417000.0,31.0,4.0,1
0000613914,Sateraitouinaa,Male,,1999.05.09,Kage,Arai Shouji,Baba Eihachirou,38880000.0,38.0,4.0,1
0000316652,Nishinokaguyahime,Female,,1997.06.30,Kage,Nishiyamabokujou,Nishiyama Shigeyuki,41598000.0,26.0,4.0,1
0000195338,Hasuraa,Male,,1986.06.10,Kage,Yamaguchi Nin,Ikeda Mikio,19075000.0,66.0,4.0,1
0000724105,Kyouwahapinesu,Female,,,,,,0.0,0.0,0.0,1
0000728301,Marukakiseki,Male,,2001.03.07,Kurige,Shadaifaamu,Toyohara Kinuyo,189006000.0,50.0,10.0,1
0000724146,Mirufoodosubaru,Female,,2001.04.11,Kage,Unoki Tadayoshi,Noritake Kiyoshi,44101000.0,12.0,3.0,1
0000763907,Feminingaaru,Female,,2001.01.31,Kage,Gainesway Thoroughbreds Ltd.,Iida Seigou,66239000.0,21.0,4.0,1
0000729255,Mayanochaana,Male,,2001.05.08,Kurige,Amoubokujou,Tadokoro Eiko,37686000.0,29.0,5.0,1
0000729805,Amanosakushiido,Male,,,,,,0.0,0.0,0.0,1
0000728013,Zattsuhiiroo,Male,,2001.03.29,Kage,Taafiibokujou,Yamada Yuuji,19502000.0,51.0,4.0,1
0000731998,Eishinhanputon,Male,,,,,,0.0,0.0,0.0,1
0000325235,Nyuuberii,Male,,1998.05.08,Kage,Noozanfaamu,Matsui Junji,236074000.0,50.0,10.0,1
0000316536,Aianriaritei,Male,,,,,,0.0,0.0,0.0,1
0000320131,Takeichishouri,Male,,1997.04.09,Kage,Tanakabokujou,Yamabe Hiroshi,46983000.0,104.0,8.0,1
0000704989,Matakatta,Male,,2000.04.20,Kurige,Matsuda Toshi,Matsuoka Yukio,29656000.0,32.0,6.0,1
0000614615,Hikarijirukonia,Male,,1999.04.24,Kage,Nakagawabokujou,Touyama Takanori,153596000.0,23.0,8.0,1
0000722335,Keiaigaado,Male,,2001.05.16,Kage,Ootaki Yasuharu,Kameda Morihiro,157849000.0,23.0,5.0,1
0000729489,Risuteiaeederu,Female,,2001.04.10,Kage,Honda Takeo,Muranaka Tokuhiro,27921000.0,30.0,2.0,1
0000723068,Fuuranjoo,Male,,2001.03.09,Kurige,Hamamotobokujou,Kawai Masakazu,47823000.0,44.0,5.0,1
0000203047,Naikiaroo,Male,,1987.05.17,Kurige,Fujiwara Atsushi,Nishida Matsuteru,58180000.0,28.0,4.0,1
0000725130,Shirukudirekutaa,Male,,2001.04.29,Kuroshikage,Kudoufaamu,Izumi Junko,48249000.0,80.0,6.0,1
0000210163,Hattotorikku,Male,,1988.06.10,Tochikurige,Katou Gishun,Miyamoto Masaaki,9854000.0,38.0,4.0,1
0000728366,Furearingubesuto,Male,,2001.04.20,Kage,Yamaguchi Akihiko,Yamaguchi Katsuki,116915000.0,84.0,3.0,1
0000730343,Aiaisakura,Female,,,,,,0.0,0.0,0.0,1
0000724728,Gurandoharikeen,Male,,,,,,0.0,0.0,0.0,1
0000729291,Puraizumanee,Male,,2001.03.13,Kuroshikage,Kasamatsubokujou,Ihara Shin'Ichirou,34300000.0,38.0,2.0,1
0000321378,Neoporisu,Male,,1997.02.24,Kuroshikage,Calumet Farm,Maeda Kouji,114173000.0,18.0,5.0,1
0000327818,Doriimukamukamu,Female,,1998.03.05,Kurige,Chiyodabokujou,Iida Seigou,186340000.0,37.0,8.0,1
0000316203,Mejiromantoru,Male,,1997.05.31,Kurige,Mejirobokujou,Mejiroshouji (Kabu),151092000.0,41.0,8.0,1
0000316743,Ookufaiyaa,Male,,,,,,0.0,0.0,0.0,1
0001120585,Purantokonkorudo,Female,,2010.02.27,Kage,Aratanibokujou,Komatsu Kinya,3406000.0,76.0,0.0,1
0000616814,Meishoukaidou,Male,,1999.05.14,Kage,Morinaga Masashi,Matsumoto Yoshio,356984000.0,43.0,11.0,1
0000328722,Rongukurimuzon,Female,,1998.03.30,Ashige,Amoubokujou,Nakaishouji (Kabu),68909000.0,46.0,3.0,1
0000324863,Mejiroburuumu,Female,,1998.05.06,Kage,Mejirobokujou,Mejiroshouji (Kabu),35850000.0,33.0,1.0,1
0000612390,Maaburuoodin,Male,,,,,,0.0,0.0,0.0,1
0000620142,Wairudosunaipaa,Male,,1999.03.23,Kuroshikage,Noozanfaamu,Ogawa Isao,133338000.0,43.0,6.0,1
0000612960,Shafutsuberii,Male,,1999.03.06,Kage,Tanigawabokujou,(Ari) Taafu・Supooto,90457000.0,35.0,6.0,1
0000743081,Anburowaazu,Female,,,,,,0.0,0.0,0.0,1
0000736202,Diipusamaa,Male,,2002.03.18,Ashige,Maakuribokujou,Takahashi Tomio,168907000.0,38.0,4.0,1
0000236777,Kashimafurawaa,Female,,,,,,0.0,0.0,0.0,1
0001341265,Ooveeru,Male,,,,,,0.0,0.0,0.0,1
0000732797,Eishinhoridei,Female,,,,,,0.0,0.0,0.0,1
0000742535,Maineruhaateii,Male,,2002.04.04,Aokage,Ichikawabokujou,(Kabu) Sarabureddokurabu・Rafian,143662000.0,54.0,3.0,1
0000257689,Sukippujakku,Male,,1992.04.27,Kurige,Roozufaamu,Aoki Kazuyo,1515000.0,12.0,1.0,1
0000735456,Kazusarain,Male,,,,,,0.0,0.0,0.0,1
0000742925,Guranpuripegasasu,Male,,,,,,0.0,0.0,0.0,1
0000733069,Rikkabakushin'O,Male,,2002.03.17,Kuroshikage,Sasaki Takahiro,Tachibana Yukio,103377000.0,44.0,4.0,1
0000734237,Suzukafoiru,Female,,2002.03.19,Kage,Yamashita Yasushigeru,Nagai Keiji,54314000.0,26.0,4.0,1
0000738358,Kosumosupaabu,Male,,2002.04.28,Kage,Togawabokujou,Tamada Hiroshi,38460000.0,58.0,10.0,1
0000735354,Suzukaburuumu,Female,,2002.03.17,Kage,Gurandobokujou,Nagai Keiji,27390000.0,31.0,3.0,1
0000808461,Eishin'Iiden,Male,,,,,,0.0,0.0,0.0,1
0000736419,Teiemukamigakari,Male,,2002.04.06,Kurige,Ishigooka Matsutarou,Takezono Masatsugu,33668000.0,32.0,3.0,1
0000852058,Seiunshinju,Female,,2002.02.14,Kage,Mary Jane Hunt & Stonehedge Farm,Nishiyama Shigeyuki,7000000.0,3.0,1.0,1
0000613655,Guriinpurejaa,Male,,,,,,0.0,0.0,0.0,1
0000313631,Zennomanguroobu,Male,,1997.05.10,Kage,Daidou Hideo,Oosako Nin,51593000.0,36.0,12.0,1
0000614409,Erunova,Female,,,,,,0.0,0.0,0.0,1
0000325270,Demorishonman,せん,,1998.05.09,Kuroshikage,Noozanfaamu,Yoshida Katsumi,104889000.0,29.0,5.0,1
0000617950,Raitopashifikku,Male,,1999.03.22,Kage,Pashifuitsukubokujou,Sakai Houshuu,66854000.0,38.0,5.0,1
0000619043,Douuwanzubesuto,Male,,1999.04.07,Kage,Fujiibokujou,(Ari) Takagikyousoubaikuseibokujou,29387000.0,42.0,3.0,1
0000701426,Terejienikku,せん,,2000.03.15,Kage,Oiwakefaamu,(Ari) Shadaireesuhoosu,216555000.0,46.0,3.0,1
0000701479,Orenjibouru,せん,,,,,,0.0,0.0,0.0,1
0000316297,Howattoariizun,せん,,1997.05.19,Kuroshikage,Shadaifaamu,Usuda Hiroyoshi,123308000.0,36.0,5.0,1
0000613092,Kosumorabushikku,Male,,1999.05.15,Kage,Nanbu Kou,Oorurabukurabu,97006000.0,38.0,6.0,1
0000326572,Sorutoreikusutaa,Female,,1998.05.02,Kage,Motosu Atsushi,(Ari) Kobayashibokujou,107572000.0,29.0,6.0,1
0000326079,Makotoseiun,Male,,1998.04.25,Kuroshikage,Kineusubokujou,Oono Kazuei,102892000.0,105.0,14.0,1
0000328787,Rokkusukiru,Male,,1998.05.03,Kuroshikage,Itou Matsugi,Kohara Gan,86590000.0,53.0,5.0,1
0000700015,Keiairanboo,Male,,1999.04.16,Kurige,Steve Shapiro & Partners,Hirose Yuichi,35664000.0,49.0,3.0,1
0000619811,Monopooru,Male,,1999.05.21,Kage,Shadaifaamu,Usuda Hiroyoshi,175244000.0,26.0,7.0,1
0000321130,Uinkurowaaru,せん,,,,,,0.0,0.0,0.0,1
0000620211,Nishinoseresso,Male,,1999.02.14,Kage,Nishiyamabokujou,Hara Kumiko,72734000.0,54.0,4.0,1
0000315146,Sakuradeinhiru,せん,,1997.04.13,Kage,Taniokabokujou,(Kabu) Sakurakomaasu,109221000.0,61.0,5.0,1
0000704079,Kaitohiruuindo,Male,,,,,,0.0,0.0,0.0,1
0000327528,Burakkupawaa,Male,,1998.04.12,Kage,Misawabokujou,Konagamitsu Yasuto,132955000.0,85.0,15.0,1
0000240062,Bikkuneichaa,Male,,1990.04.10,Kage,Nakada Kazuhiro,Kojima Gaku,5920000.0,57.0,5.0,1
0000734530,Mainerurekoruto,Male,,2002.05.10,Kage,Tagami Minoru,(Kabu) Sarabureddokurabu・Rafian,191062000.0,19.0,4.0,1
0000742742,Shounanpantoru,Female,,2002.02.20,Kage,Shiraoifaamu,Kunimoto Tesshuu,92888000.0,17.0,2.0,1
0000743001,Sumuusubariton,Male,,2002.04.11,Aoge,Noozanfaamu,Kanekomasatohoorudingusu (Kabu),59156000.0,11.0,2.0,1
0000742606,Ferishia,Female,,2002.04.12,Kuroshikage,Oiwakefaamu,(Ari) Sandeereeshingu,68760000.0,16.0,2.0,1
0000742986,Airuravagein,Male,,,,,,0.0,0.0,0.0,1
0000742988,Inteiraimi,Male,,,,,,0.0,0.0,0.0,1
0000733995,Keejiikachidoki,Female,,2002.05.06,Kage,Nakagamibokujou,Kawai Gorou,7000000.0,4.0,1.0,1
0000238434,Eishinhappii,Female,,,,,,0.0,0.0,0.0,1
0000008961,Tamahikaru,Female,,1961.03.20,Kage,,Mano,415000.0,4.0,0.0,1
0000743152,Orionzarangun,Male,,,,,,0.0,0.0,0.0,1
0000738354,Yamakatsukasukeedo,Male,,2002.03.26,Kage,Togawabokujou,Yamada Kazuo,7000000.0,18.0,1.0,1
0000128002,Wairudoribaa,Male,,1980.04.27,Kage,Ogawanoujou,Takada Hisanari,29720000.0,40.0,4.0,1
0000734894,Kosumovarenchi,Female,,2002.06.15,Aokage,Mizumarubokujou,Okada Misako,39469000.0,3.0,2.0,1
0000737418,Keiaifuujin,Male,,2002.04.29,Kurige,Moriyabokujou,(Ari) Taiyuu,40367000.0,62.0,6.0,1
0000737585,Kosumofoochun,Female,,2002.05.04,Kage,Araifaamu,(Ari) Biggureddofaamu,112542000.0,27.0,5.0,1
0000796887,Eishinvaiden,Male,,,,,,0.0,0.0,0.0,1
0000732969,Nihonpirozapurau,Male,,2002.04.05,Kurige,Kineusubokujou,Kobayashi Hyakutarou,54130000.0,35.0,3.0,1
0000733121,Tsurumaruotome,Female,,2002.03.31 24歳,Aokage,Surugabokujou,Tsuruta Ninotoko,83371000.0,25.0,4.0,1
0000742920,Furawaringubanku,Male,,2002.02.02,Kage,Noozanfaamu,Yoshida Katsumi,76703000.0,24.0,4.0,1
0000736062,Kosumopuromunaado,Female,,2002.03.27,Kuroshikage,Bitsuguretsudofuaamu,Mukuhon Wakou,7592000.0,27.0,2.0,1
0000737568,Mayanorehaana,Female,,2002.04.03,Kurige,Amoubokujou,Tadokoro Eiko,10342000.0,31.0,8.0,1
0000734495,Eeteiihoooo,Male,,,,,,0.0,0.0,0.0,1
0000732500,Marukafurenchi,Male,,2002.04.14,Kage,Noto Hiroshi,Kawachousangyou (Kabu),105958000.0,33.0,6.0,1
0000733003,Yamakatsuburukkusu,Male,,2002.04.07,Kage,Kubo Tokio,Yamada Hiroyasu,17600000.0,19.0,2.0,1
0000736853,Parisuseiryuu,Female,,2002.05.26,Kage,Taiyoujoifurubokujou,Ro Asako,6850000.0,7.0,1.0,1
0000725030,Operashichii,Male,,,,,,0.0,0.0,0.0,1
0000256055,Forukuroore,Female,,1992.04.11,Kurige,Sanshiyainbokujou,Date Shuuwa,0.0,0.0,0.0,1
0000729875,Chirieejie,Female,,2001.04.23 25歳,Kurige,Shiraibokujou,(Kabu) Hidaka・Buriidaazu・Yunion,91292000.0,28.0,5.0,1
0000615022,Suuiitoerufu,Female,,1999.05.20,Kurige,Makimotobokujou,(Kabu) Hidaka・Buriidaazu・Yunion,107771000.0,40.0,6.0,1
0000326395,Mainerujapan,Male,,1998.03.23,Kurige,Nakawaki Man,(Kabu) Sarabureddokurabu・Rafian,115894000.0,28.0,4.0,1
0000722821,Moereerukondoru,Male,,2001.05.01,Kage,Keiaifuaamu,Nakamura Kazuo,65937000.0,28.0,3.0,1
0000763919,Esuyuugurando,Male,,,,,,0.0,0.0,0.0,1
0000722900,Eashieidi,Male,,,,,,0.0,0.0,0.0,1
0000727616,Kosumomiddouei,Male,,2001.04.20,Kage,Matsudabokujou,Okada Misako,27338000.0,18.0,2.0,1
0000729003,Poppurokku,Male,,2001.03.19,Kage,Noozanfaamu,Yoshida Katsumi,511186000.0,35.0,7.0,1
0000724428,Mejironikorasu,Male,,2001.04.10,Aokage,Mejirobokujou,(Ari) Mejirobokujou,81394000.0,19.0,5.0,1
0000728418,Kosumosupanguru,Male,,2001.03.22,Kurige,Bitsuguretsudofuaamu,Takahashi Makoto,33877000.0,107.0,12.0,1
0000726605,Sandeesutoriimu,Male,,2001.03.19,Kurige,Chiyodabokujou,Kobayashi Eiichi,109510000.0,36.0,5.0,1
0000724455,Rekuredooru,Female,,2001.02.24,Kuroshikage,Shiraoifaamu,(Ari) Sandeereeshingu,184885000.0,27.0,4.0,1
0000723505,Hikarudoukisei,Female,,2001.02.04,Kage,Noozanfaamu,Takahashi Kyouko,57733000.0,29.0,3.0,1
0000728495,Misupasukari,Female,,2001.03.05 25歳,Ashige,Noozanfaamu,Kanekomasatohoorudingusu (Kabu),64569000.0,22.0,3.0,1
0000730609,Fuminobaraado,Female,,2001.04.02,Kage,Saitou Ei,Tani Ni,98909000.0,42.0,3.0,1
0000724379,Sekushiikokonattsu,Female,,2001.02.15,Kurige,Shadaifaamu,(Ari) Shadaireesuhoosu,13050000.0,17.0,1.0,1
0000722526,Madamucherokii,Female,,2001.03.22 25歳,Kage,Yamashita Yasushigeru,(Ari) Ichikawafaamu,68899000.0,46.0,4.0,1
0000706169,Rooreruroisu,Male,,2000.05.18,Kuroshikage,Niikappuhashimotobokujou,(Kabu) Roorerureeshingu,122989000.0,30.0,4.0,1
0000262335,Taagettozoon,Male,,1992.04.07,Kage,Shadaifuaamu,Fukuhara Masahiro,9309000.0,37.0,3.0,1
0000614757,Epusomufoosu,Male,,,,,,0.0,0.0,0.0,1
0000324365,Shiianbaa,Female,,1998.03.27,Kage,Yaginoujou,Fujita Souhei,10300000.0,16.0,1.0,1
0000611575,Appupointo,Female,,,,,,0.0,0.0,0.0,1
0000727972,Meishouhayaboshi,Male,,2001.02.19,Tochikurige,Nisseibokujou,Matsumoto Yoshio,36214000.0,41.0,2.0,1
0000742975,Sutoomiikafe,Male,,2002.03.24,Kage,Noozanfaamu,Nishikawa Kyouko,115944000.0,21.0,3.0,1
0000732680,Dantsukitchou,Male,,2002.02.25,Kuroshikage,Samaniwatanabebokujou,Yamamoto Tetsuji,95446000.0,6.0,3.0,1
0000852011,Seiunbibaache,Male,,2002.02.11,Kage,Sez Who Thoroughbreds,Nishiyama Shigeyuki,60332000.0,36.0,3.0,1
0000743043,Jiedaito,Female,,2002.02.05,Kage,Noozanfaamu,(Ari) Sandeereeshingu,62433000.0,23.0,3.0,1
0000742987,Oogyusuto,Male,,,,,,0.0,0.0,0.0,1
0000734357,Seiunnimukau,Male,,2002.04.08,Kage,Oritebokujou,(Ari) Hoosukea,62988000.0,19.0,2.0,1
0000735922,Komanohai,Male,,2002.03.11,Kuroshikage,Nishikawatomiokabokujou,Hasegawa Yoshinobu,48089000.0,16.0,3.0,1
0000738246,Maineruadohokku,Male,,2002.03.18,Kage,Takimoto Kenji,Suzuki Norihiro,25018000.0,18.0,2.0,1
0000732881,Moerefenikkusu,Male,,2002.03.31,Kurige,Kanaishisutaddo,Ooishi Den,52174000.0,75.0,12.0,1
0000733242,Keiaiheneshii,Male,,2002.03.09,Kurige,Chikyoubokujou,Kameda Morihiro,41393000.0,16.0,2.0,1
0000016491,Oosoremio,Male,,,,,,0.0,0.0,0.0,1
0000743063,Hiidozakooru,Female,,2002.02.18,Kage,Noozanfaamu,Yoshida Katsumi,8500000.0,13.0,1.0,1
0000876894,Keepuobuguddohoopu,せん,,1998.01.21,Kurige,Mrs D.Ellis,J.Kasuteazu,24480000.0,2.0,0.0,1
0000613155,Wandaashiatoru,Male,,1999.04.16,Kurige,Hayashi Takashiteru,Toukou Akiumi,133545000.0,57.0,11.0,1
0000743962,Ashudaun'Ekusupuresu,せん,,,,,,0.0,0.0,0.0,1
0000876910,Feajagu,せん,,1999.03.17,Kage,Canice M.Farrell Jnr,J.Giru,0.0,1.0,0.0,1
0000242409,Agunesuuingu,Male,,,,,,0.0,0.0,0.0,1
0000722341,Adomaiyahoopu,Male,,,,,,0.0,0.0,0.0,1
0000730751,Setonoshieebaa,Male,,2001.04.06,Tochikurige,Chibaiidabokujou,Nanba Sumiko,73911000.0,45.0,8.0,1
0000327674,Miyabiriijiento,Male,,1998.04.13,Ashige,Soga Hiroshi,Tanaka Tatsuo,91997000.0,65.0,8.0,1
0000702973,Sairentoguriin,Male,,2000.02.29,Kage,Misawabokujou,Douchi Fusao,38961000.0,83.0,12.0,1
0000702465,Miyabigureeto,Male,,2000.04.04,Kage,Chiyodabokujou,Murakami Yoshikatsu,36940000.0,24.0,2.0,1
0000027712,Isamigoma,Male,,,,,,0.0,0.0,0.0,1
0000314927,Hakodatesansan,Male,,1997.04.13,Kurige,Gurandobokujou,(Ari) Tomikawabokujou,61800000.0,47.0,4.0,1
0000181320,Peerugyunto,Male,,1985.04.15,Kuroshikage,Nishikiokabokujou,Tsuchii Shigeo,4960000.0,14.0,0.0,1
0000743066,Rairapusu,Female,,2002.02.19 24歳,Kurige,Noozanfaamu,(Ari) Sandeereeshingu,143507000.0,29.0,3.0,1
0000737155,Shirukutaigaa,Male,,2002.01.13,Ashige,Hayatabokujouniikappushijou,Yuugengaishashiruku,69571000.0,23.0,4.0,1
0000738520,Adomaiyamusashi,Male,,,,,,0.0,0.0,0.0,1
0000742581,Shikkususensu,Male,,2002.03.05,Aoge,Oiwakefaamu,(Ari) Shadaireesuhoosu,238659000.0,13.0,2.0,1
0000732300,Haginoguraddo,Male,,2002.04.06,Kurige,Shadaifaamu,Hinokuma Yoshie,15692000.0,5.0,1.0,1
0000735308,Pisanorange,Male,,2002.05.05,Kage,Kudoufaamu,Ichikawa Yoshimi,8510000.0,16.0,1.0,1
0000735812,Emuteiieaa,Male,,,,,,0.0,0.0,0.0,1
0000180836,Nihonpirobureibu,Male,,1985.04.03,Kuroshikage,Ishidabokujou,Kobayashi Hyakutarou,215586000.0,24.0,6.0,1
0000739049,Puraidokimu,Male,,2002.03.22,Kurige,Yanagawabokujou,(Ari) Jasuteisu,166700000.0,34.0,7.0,1
0000307307,Biggusaundo,Male,,1996.03.22,Kage,Hokutobokujou,Itagaki Katsuya,1280000.0,6.0,0.0,1
0000612669,Arukanetto,Female,,,,,,0.0,0.0,0.0,1
0000728201,Sairentoasuku,Female,,2001.03.28,Kurige,Shadaifaamu,(Kabu) Teiieichi,84217000.0,36.0,4.0,1
0000726406,Ingotto,Female,,,,,,0.0,0.0,0.0,1
0000727137,Bareeburan,Female,,2001.03.18,Kage,Oiwakefaamu,(Ari) Shadaireesuhoosu,21892000.0,14.0,2.0,1
0000619935,Naitofuraiyaa,Male,,1999.05.12,Kage,Shadaifaamu,Yoshida Teruya,153213000.0,55.0,7.0,1
0000729700,Sutoratajiemu,Male,,2001.02.24,Kage,Shadaifaamu,(Ari) Shadaireesuhoosu,218844000.0,30.0,5.0,1
0000728502,Buruutoruneedo,Male,,2001.03.13,Kage,Shiraoifaamu,(Ari) Sandeereeshingu,150199000.0,25.0,5.0,1
0000725747,Eepiisupiritto,Male,,,,,,0.0,0.0,0.0,1
0000192788,Pittofaitaa,Male,,1986.04.12,Kurige,Nakaji Haruyoshi,(Ari) Sanyuushouji,1240000.0,14.0,0.0,1
0000703358,Tomikenmairuzu,Male,,2000.04.23,Kage,Nakada Hideki,(Ari) Tomiken,99379000.0,53.0,11.0,1
0000318081,Shirukukyaputen,Male,,1997.03.31,Kurige,Hayatabokujouniikappushijou,Abe Kenzou,68645000.0,80.0,7.0,1
0000726242,Tenjinmusashi,Male,,2001.04.05,Kage,Daabiisutatsudo,(Kabu) Tenjin,118963000.0,29.0,6.0,1
0000614894,Gurasupojishon,Male,,,,,,0.0,0.0,0.0,1
0000618132,Shaadiinaisu,Male,,1999.04.27,Kage,Motoshigebokujou,Tobe Hiroshi,112772000.0,51.0,8.0,1
0000743113,Rainkurafuto,Female,,2002.04.04,Kage,Noozanfaamu,Oosawa Hanjou,505630000.0,13.0,6.0,1
0000743074,Monrooburondo,Female,,2002.03.02,Aoge,Noozanfaamu,Kanekomasatohoorudingusu (Kabu),73123000.0,20.0,4.0,1
0000734360,Rivapuuru,Female,,2002.04.04,Kage,Oritebokujou,Orite Kunio,79459000.0,19.0,5.0,1
0000735468,Keiaibuuke,Female,,2002.05.23,Kage,Satake Satoshi,Kameda Morihiro,21514000.0,14.0,1.0,1
0000738278,Mainemarisuta,Female,,2002.04.08,Kurige,Tanagawabokujou,(Kabu) Sarabureddokurabu・Rafian,11056000.0,10.0,1.0,1
0000769511,Kuroyurijou,Female,,,,,,0.0,0.0,0.0,1
0000735465,Kosumokirara,Female,,2002.04.18 24歳,Kurige,Satake Satoshi,(Ari) Biggureddofaamu,40599000.0,18.0,3.0,1
0000736295,Marushigeshiikingu,Female,,2002.04.21,Kuroshikage,Mita Rigyou,Bandoushima Shigetou,3901000.0,68.0,10.0,1
0001135449,Danshinguhaato,Female,,2011.03.09,Ashige,Bandamubokujou,Yamashina Tou,6750000.0,18.0,1.0,1
0000742935,Kingusutoreiru,Male,,,,,,0.0,0.0,0.0,1
0000750217,Daiwaapusetto,Male,,2002.02.28,Kuroshikage,Shadaifaamu,Ooshiro Keizou,41786000.0,6.0,2.0,1
0000735867,Kosumoravuagein,Male,,2002.04.29,Aokage,Haku Toshiyuki,Watanabe Katsuo,66799000.0,33.0,4.0,1
0000853061,Eishinsarivan,Male,,,,,,0.0,0.0,0.0,1
0000742914,Wairudosonikku,Male,,2002.01.22,Kurige,Noozanfaamu,Hosoya Noriyuki,57280000.0,47.0,3.0,1
0000742927,Hoomantekiira,Male,,2002.02.09,Kage,Noozanfaamu,Kubo Hisato,95883000.0,14.0,4.0,1
0000734532,Dezaatomooningu,Male,,2002.05.30,Kuroshikage,Tagami Minoru,Suzuki Kaichi,17961000.0,25.0,1.0,1
0000733999,Rekishintonburuu,Male,,2002.05.22,Kage,Nakamura Toshiaki,Gotou Shigeki,31864000.0,17.0,2.0,1
0000736693,Toosen'Enpaia,Male,,2002.04.03,Kage,Koizumibokujou,Shimakawa Takaya,8353000.0,29.0,4.0,1
0000727578,Namuraryuuju,Male,,2001.05.12,Aoge,Itou Mei,Namura Nobushige,106646000.0,14.0,3.0,1
0000618433,Sanraizuburuu,Male,,1999.04.03,Kage,Samekawa Keiichi,Matsuoka Takao,48520000.0,27.0,2.0,1
0000613677,Fukunoarashi,Male,,1999.04.21,Kage,Funakoshi Eiji,Hattori Shinpei,26250000.0,25.0,1.0,1
0000880031,Uootoruberii,Female,,,,,,0.0,0.0,0.0,1
0000612262,Sefuteiienpera,せん,,1999.03.27,Kurige,Fujiwarafuaamu,Ikeda Jitsu,153554000.0,44.0,6.0,1
0000700106,Erimohariaa,せん,,,,,,0.0,0.0,0.0,1
0000729512,Tokinokojiroo,Male,,2001.03.24,Kage,Tanifuji Keizou,Tanaka Kyuuzoku,74420000.0,15.0,6.0,1
0000742893,Nishinodokomademo,Male,,2002.05.09,Kuroshikage,Nishiyamabokujou,Daikoku Fumiko,63382000.0,16.0,6.0,1
0000750219,Easabasu,Male,,,,,,0.0,0.0,0.0,1
0000734466,Kosumooosutein,Male,,2002.04.22,Kage,Sakamotobokujou,Kondou Isshou,96083000.0,43.0,3.0,1
0000742945,Megatonkafe,Male,,2002.02.26,Kage,Noozanfaamu,Nishikawa Kouichi,39811000.0,10.0,3.0,1
0000733128,Kopanosuijin,Male,,2002.04.08,Kurige,Naritakabokujou,Kobayashi Sachiaki,63593000.0,35.0,4.0,1
0000199641,Sutorasuaira,Male,,1987.03.01,Kage,Shimizu Seizou,Nakamura Kazuo,2160000.0,6.0,1.0,1
0000733786,Kanesamangetsu,Male,,,,,,0.0,0.0,0.0,1
0000739198,Buraiteiabesuto,Female,,2002.02.08,Kage,Koaresusutaddo,Kobayashi Masashi,15324000.0,22.0,1.0,1
0000046719,Saiboogu,Male,,1971.05.06,Kage,Hatakenai Yoichi,Katou Shoujiki,4242000.0,31.0,4.0,1
0000743859,Rakutei,Male,,1999年,Kage,Azienda Agricola Rosati Colarieti,G.Tanaka,0.0,1.0,0.0,1
0000769507,Jinkuraishisu,Male,,2001.04.27,Kage,A & M Holdings,Nakamura Masako,194152000.0,31.0,7.0,1
0000731440,Tootaruinpakuto,Male,,1998年,Kurige,Haras Don Alberto,S.Arukabeeru,20000000.0,1.0,0.0,1
0000313887,Hoomanberuuin,Male,,1997.04.30,Kuroshikage,Koubetsufukudafaamu,Kubo Hisato,226264000.0,52.0,8.0,1
0000705666,Naikiadiraito,Male,,2000.03.12,Aokage,Hashimotofuaamu,Ono Sumi,408400000.0,43.0,14.0,1
0000880158,Omikuron,Male,,,,,,0.0,0.0,0.0,1
0000852527,Vorutekusu,せん,,1999.03.30,Kage,Juddmonte Farms,Koriori・Paatonaashippu,0.0,1.0,0.0,1
0000794320,Porishiimeikaa,Male,,2000.05.15,Kage,Dayton Investments Ltd,Uirudenshutainsha,38000000.0,1.0,0.0,1
0000880154,Fenikkusuriichi,Male,,2000.03.05,Kage,Miss Christine Kiernan,Uintaabekku・Manoo・Sutaddo,0.0,1.0,0.0,1
0000880159,Ryunudooru,Female,,2001.04.22,Kuroshikage,Haras Du Mezeray S.A.,Mezureebokujou,0.0,1.0,0.0,1
0000745651,Pawaazukooto,Male,,2000年,Kage,Juddmonte Farms,S.Magunia,0.0,1.0,0.0,1
0000745420,Uoosan,Male,,,,,,0.0,0.0,0.0,1
0000724720,Wandaadoriimu,せん,,2001.01.26,Kuroshikage,Takahashi Osamu,Yamamoto Nobuyuki,60328000.0,30.0,4.0,1
0000706164,Haifurendotorai,Male,,2000.04.17,Kurige,Niikappuhashimotobokujou,Masumoto Mitsuo,108008000.0,62.0,5.0,1
0000620357,Goouizuuindo,Male,,1999.04.29,Kuroshikage,Ootofaamu Hiwatari,Ueda Kazuo,155798000.0,75.0,6.0,1
0000258197,Meishoukachidoki,Male,,1992.04.07,Kage,Shoueibokujou,Matsumoto Yoshio,500000.0,9.0,0.0,1
0000734191,Haginokomachi,Female,,2002.03.02,Kurige,Murashita Akihiro,Hinokuma Yoshie,20122000.0,4.0,1.0,1
0000750310,Dearinguhaato,Female,,2002.03.09 24歳,Tochikurige,Shadaifaamu,(Ari) Shadaireesuhoosu,274862000.0,26.0,4.0,1
0000732461,Erimofainaru,Female,,,,,,0.0,0.0,0.0,1
0000734662,Kosumomaaberasu,Female,,2002.06.07,Kurige,Nakamura Kazuo,(Ari) Biggureddofaamu,215167000.0,33.0,7.0,1
0000750531,Teiemuchurasan,Female,,2002.04.15 24歳,Kurige,Teiemubokujou,Takezono Masatsugu,89709000.0,24.0,3.0,1
0000853059,Kyantongaaru,Female,,,,,,0.0,0.0,0.0,1
0000736072,Mainedeseeru,Female,,2002.05.08 24歳,Kuroshikage,Bitsuguretsudofuaamu,(Kabu) Sarabureddokurabu・Rafian,27303000.0,12.0,2.0,1
0000736700,Mirakurukonsaato,Female,,2002.03.25,Aokage,Koizumibokujou,Tamamo (Kabu),5700000.0,6.0,1.0,1
0000611854,Kafeburisutoru,Male,,,,,,0.0,0.0,0.0,1
0000268439,Roorankongure,Male,,1993.04.07,Kuroshikage,Honmabokujou,Saitou Toshihiro,17780000.0,26.0,2.0,1
0000742587,Marukajiiku,Male,,2002.03.25,Kuroshikage,Oiwakefaamu,(Ari) Hoosukea,127775000.0,50.0,5.0,1
0000744496,Mejirosupaidaa,Male,,2002.04.17,Kage,Ootabokujou,(Ari) Mejirobokujou,57482000.0,59.0,3.0,1
0000739048,Kopanofuujin,Male,,2002.02.13,Kurige,Yanagawabokujou,Kobayashi Sachiaki,176812000.0,42.0,4.0,1
0000852586,Sakusesudomaani,Male,,2002.02.20,Kage,"W. S. Farish & Hilbert Thoroughbreds, Inc.",Takashima Yuuko,42560000.0,30.0,4.0,1
0000740582,Teiemuhittobe,Male,,2002.03.14,Kage,Teiemubokujou,Takezono Masatsugu,36417000.0,19.0,2.0,1
0000737157,Shirukunekusasu,Male,,2002.02.19,Kurige,Hayatabokujouniikappushijou,Yuugengaishashiruku,246429000.0,53.0,7.0,1
0000742744,Peniihoissuru,Female,,2002.03.02,Kuroshikage,Shiraoifaamu,(Ari) Kyarottofaamu,105598000.0,23.0,3.0,1
0000735350,Gurandoenajii,Female,,,,,,0.0,0.0,0.0,1
0000202024,Rimenbaadoriimu,Female,,1987.05.08,Tochikurige,Nittankamimizubokujou,Kikuchi Masao,5268000.0,19.0,5.0,1
0000736555,Tainiiuinaa,Female,,2002.04.10,Aokage,Bitsuguretsudofuaamu,Suzuki Yoshio,23217000.0,18.0,1.0,1
0000733533,Bikoogureisu,Female,,2002.05.12,Kage,Mirufaamu,(Ari) Rejiendo,11850000.0,17.0,1.0,1
0000735219,Mainekontessa,Female,,2002.04.07,Kage,Kohara Takao,(Kabu) Sarabureddokurabu・Rafian,57550000.0,34.0,1.0,1
0000733751,Amirisu,Female,,,,,,0.0,0.0,0.0,1
0000733753,Raimu,Female,,2002.06.04,Kage,Kasamatsubokujou,Suijou Yukio,6450000.0,10.0,1.0,1
0000743069,Earania,Female,,,,,,0.0,0.0,0.0,1
0000734307,Orionzavian,Female,,,,,,0.0,0.0,0.0,1
0000619800,Pureshasukafe,Male,,1999.03.29,Kage,Shadaifaamu,Nishikawa Kouichi,212147000.0,24.0,8.0,1
0000619809,Rimittoresubiddo,Male,,1999.06.05,Kurige,Shadaifaamu,(Ari) Shadaireesuhoosu,568629000.0,63.0,14.0,1
0000742999,Vaamirian,Male,,2002.04.10,Kuroshikage,Noozanfaamu,(Ari) Sandeereeshingu,1132859000.0,32.0,15.0,1
0000742989,Roozenkuroitsu,Male,,2002.04.06,Kage,Noozanfaamu,(Ari) Sandeereeshingu,295760000.0,22.0,5.0,1
0000737164,Adomaiyajapan,Male,,,,,,0.0,0.0,0.0,1
0000742921,Guranrowaiyaru,Male,,,,,,0.0,0.0,0.0,1
0000736057,Mainerushirubaato,Male,,2002.06.05,Aokage,Bitsuguretsudofuaamu,Sugawara Eikichi,12810000.0,36.0,1.0,1
0000733331,Toosenmaesutoro,Male,,2002.05.30,Kage,Nichiyuubokujou,Shimakawa Takaya,82515000.0,45.0,4.0,1
0000318841,Namurasupiritto,Male,,1997.05.18,Kurige,Itou Matsugi,Yasuda Yoshinobu,118695000.0,48.0,6.0,1
0000702917,Samiimirakuru,Male,,2000.05.23,Kurige,Masumotobokujou,Suzuki Shouichirou,120733000.0,20.0,6.0,1
0000618809,Purinsesuasuka,Female,,1999.02.24,Kage,Yoshida Takashi,(Ari) Taafu・Supooto,68950000.0,30.0,5.0,1
0000619904,Saimonsezzu,Male,,1999.04.02,Aokage,Shadaifaamu,(Ari) Shadaireesuhoosu,138485000.0,32.0,6.0,1
0000765831,Fantomumasuku,Male,,2001.02.08,Kurige,"Lothenbach Stables, Inc.",Nakanishi Fumio,37096000.0,20.0,3.0,1
0000616873,Buiyamato,Male,,1999.05.17,Kage,Yamaokafaamu,Yamada Hiroyasu,79988000.0,33.0,6.0,1
0000742717,Taganodenjarasu,Male,,2002.04.19,Kage,Shiraoifaamu,Yagi Ryouji,145111000.0,40.0,6.0,1
0000732984,Iyadaiyada,Male,,2002.05.16,Kage,Kimurabokujou,Odagiri Yuuichi,40522000.0,9.0,2.0,1
0000742963,Hikarubarooro,Male,,2002.03.19,Kage,Noozanfaamu,Takahashi Hikari,62179000.0,23.0,4.0,1
0000301301,Biggutaigaa,Male,,1995.03.22,Kuroshikage,Torii Yurio,Muneda Tetsuo,0.0,0.0,0.0,1
0000738110,Eresusaaru,Male,,,,,,0.0,0.0,0.0,1
0000743193,Doriimugettaa,Male,,2002.05.24,Kage,Furattobokujou,Tanabe Yasuko,23054000.0,31.0,2.0,1
0000742586,Depojittobukku,Male,,2002.03.19,Kuroshikage,Oiwakefaamu,Hatakeyama Makoto,37885000.0,139.0,9.0,1
0000738866,Ibukireborushion,Male,,,,,,0.0,0.0,0.0,1
0000737978,Jounobikutoria,Female,,2002.05.10,Kurige,Mikibokujou,Ogawa Yoshikatsu,41436000.0,12.0,1.0,1
0000737162,Moereadomiraru,Male,,2002.04.04,Kurige,Hayatabokujouniikappushijou,Nakamura Kazuo,78415000.0,28.0,7.0,1
0000736633,Uinkuruseido,Male,,,,,,0.0,0.0,0.0,1
0000738970,Uootaadasshu,Male,,,,,,0.0,0.0,0.0,1
0000742883,Nishinoarekkusu,Male,,2002.03.17,Kage,Nishiyamabokujou,Kurihara Kiyoko,34720000.0,35.0,2.0,1
0000750232,Nyuuyookukafe,Male,,2002.03.21,Aoge,Shadaifaamu,Nishikawa Kouichi,36832000.0,12.0,3.0,1
0000316952,Hishimajiesutei,Male,,1997.04.17,Kage,Ookitabokujou,Abe Masaichirou,101872000.0,32.0,4.0,1
0000706171,Kuukai,Male,,,,,,0.0,0.0,0.0,1
0000722346,Toosenjouoo,Female,,2001.03.25,Kuroshikage,Hisaifaamu,Shimakawa Takaya,248100000.0,28.0,9.0,1
0000725177,Wairudosorujaa,Male,,2001.02.28,Kurige,Noozanfaamu,Ogawa Isao,89469000.0,17.0,5.0,1
0000257755,San'Emukingu,Male,,1992.03.20,Kurige,Isonobokujou,Itou Shouichi,320174000.0,156.0,19.0,1
0000701542,Rabandieera,Female,,2000.06.02,Kurige,Shadaifaamu,(Ari) Shadaireesuhoosu,49013000.0,26.0,4.0,1
0000325274,Adomaiyaritchi,Female,,,,,,0.0,0.0,0.0,1
0000734429,Roodomajiesutei,Male,,2002.03.27,Kurige,Keiaifuaamu,(Kabu) Roodohoosukurabu,112630000.0,30.0,5.0,1
0000743005,Shakoosakusesu,Male,,2002.04.20,Kage,Noozanfaamu,(Kabu) Rra,13590000.0,17.0,1.0,1
0001138412,Reezaazuejji,Male,,2011.04.12,Aoge,Sawai Giichi,Yamaguchi Yuusuke,2715000.0,8.0,1.0,1
0000705461,Naikiaheddo,Male,,1999.01.31,Kage,John R. Mulholland & Martha Jane Mulholland,Kurokawa Makoto,158812000.0,64.0,7.0,1
0000618782,Mayanoshadoo,Male,,1999.05.10,Kuroshikage,Yasuhara Mi,Tadokoro Eiko,126597000.0,40.0,6.0,1
0000708985,Uingurantsu,Male,,,,,,0.0,0.0,0.0,1
0000725711,Adomaiyamonaaku,Male,,,,,,0.0,0.0,0.0,1
0000852736,Kongourikishioo,Male,,2002.03.27,Kage,Pacello S. A. And A. Swersky And Associates,Kaneoka Hisao,358583000.0,35.0,7.0,1
0000738940,Makihatasaametto,Male,,2002.03.29,Kage,Makimotobokujou,(Ari) Makimotobokujou,52471000.0,22.0,3.0,1
0000733246,Adomaiyafuji,Male,,,,,,0.0,0.0,0.0,1
0000735565,Suiitoarissamu,Male,,2002.04.09,Kurige,Sotanouen,Gotou Shigeki,27732000.0,12.0,2.0,1
0000742973,Rejiendarossa,Male,,2002.03.23,Kage,Noozanfaamu,(Ari) Kyarottofaamu,21040000.0,26.0,2.0,1
0000737295,Shinmeiregurusu,Male,,2002.03.29,Kuroshikage,Matsuurabokujou,Nakaji Kenjirou,81457000.0,27.0,6.0,1
0000736621,Radoranfaama,Female,,2002.04.10,Kage,Kawakamibokujou,Muranaka Tokuhiro,56444000.0,38.0,3.0,1
0000743032,Paafekutomatchi,Female,,2002.01.29 24歳,Kurige,Noozanfaamu,(Ari) Sandeereeshingu,58516000.0,18.0,2.0,1
0000735178,Purinsesuibu,Female,,2002.02.17,Kuroshikage,Okadabokujou,Okada Takahiro,24570000.0,32.0,2.0,1
0000732852,Nevaapiriodo,Female,,2002.05.01 24歳,Kurige,Okamotobokujou,(Kabu) Teiieichi,32082000.0,12.0,3.0,1
0000736591,Shadoumuun,Female,,2002.03.21,Kuroshikage,Kawakami Etsuo,Iizuka Tomoichi,25696000.0,23.0,2.0,1
0000735348,Suzukapasaa,Female,,2002.02.22,Kuroshikage,Gurandobokujou,Nagai Keiji,11300000.0,8.0,1.0,1
0000736271,Piisuoburavu,Female,,2002.04.12 24歳,Kuroshikage,Mikamibokujou,Tachibana Yaeko,86060000.0,39.0,9.0,1
0000736450,Kosumokyandisu,Female,,2002.05.26,Kage,Ishidabokujou,(Ari) Biggureddofaamu,41514000.0,34.0,2.0,1
0000743117,Adomaiyahirarii,Female,,,,,,0.0,0.0,0.0,1
0000739148,Suzukagureisu,Female,,2002.02.16 24歳,Kage,Inaharabokujou,Nagai Keiji,7000000.0,8.0,1.0,1
0000738039,Biggupuranetto,Male,,2002.05.02,Aoge,Shimokoubebokujou,Tanaka Hachirou,97106000.0,13.0,3.0,1
0000177109,Inpuresshon,Male,,,,,,0.0,0.0,0.0,1
0000184644,Riidoofuman,Male,,1985.04.02,Kuroshikage,Hosokawanoujou,Toukou Akiumi,28038000.0,92.0,17.0,1
0000734201,Maineruarubion,Male,,2002.05.06,Aokage,Murashita Teiken,(Kabu) Sarabureddokurabu・Rafian,122844000.0,34.0,5.0,1
0000736130,Besutomaindo,Male,,2002.04.12,Kage,Fujiwarafuaamu,(Ari) Jasuteisu,20590000.0,16.0,2.0,1
0000743018,Raitoningubooru,Male,,2002.05.08,Kage,(Ari)Noozanreeshingu,(Ari) Kyarottofaamu,48442000.0,30.0,3.0,1
0000118765,Goorudosansetto,Male,,1979.03.20,Kurige,Yagibokujou,Date Shuuwa,26471000.0,18.0,3.0,1
0000732799,Eishintendaa,Female,,,,,,0.0,0.0,0.0,1
0000743029,Adomaiyamegami,Female,,,,,,0.0,0.0,0.0,1
0000735670,Dantsukuinbii,Female,,2002.04.21,Kage,Tanioka Masaji,Yamamoto Tetsuji,70009000.0,21.0,3.0,1
0000742600,Orientochaamu,Female,,,,,,0.0,0.0,0.0,1
0000743031,Diaderanobia,Female,,2002.01.28,Kurige,Noozanfaamu,(Ari) Kyarottofaamu,328021000.0,23.0,5.0,1
0000737370,Keiaimeruhen,Female,,2002.02.27 24歳,Kurige,Muratabokujou,Kameda Morihiro,62912000.0,18.0,4.0,1
0000738121,Naritashiikuretto,Female,,2002.04.06 24歳,Kurige,Shiraibokujou,(Kabu) Oosumi,82063000.0,24.0,5.0,1
0000750359,Asupirinsunoo,Female,,,,,,0.0,0.0,0.0,1
0000743033,Garadinaa,Female,,,,,,0.0,0.0,0.0,1
0000734331,Shigerukoredemoka,Female,,2002.03.19,Aokage,Okita Han,Morinaka Ban,8800000.0,12.0,1.0,1
0000736862,Korinna,Female,,2002.05.03,Kage,Takashisakaebokujou,Itou Nobuyuki,6300000.0,7.0,1.0,1
0000742976,Diipuinpakuto,Male,,2002.03.25,Kage,Noozanfaamu,Kanekomasatohoorudingusu (Kabu),1454551000.0,13.0,12.0,1
0000735998,Daiwakingukon,Male,,2002.03.26,Kurige,Hattori Bokujou,Ooshiro Keizou,46886000.0,13.0,3.0,1
0000750267,Bureevuhaato,Male,,2002.05.02,Kuroshikage,Shadaifaamu,Yoshida Teruya,118086000.0,38.0,5.0,1
0000750249,Rettobatoraa,Male,,2002.04.09,Kage,Shadaifaamu,(Ari) Shadaireesuhoosu,107870000.0,37.0,5.0,1
0000739142,Machikaneoora,Male,,2002.03.09,Kuroshikage,Inaharabokujou,Hosokawa Masuo,158420000.0,28.0,5.0,1
0000326906,Otokonoyuujou,Male,,,,,,0.0,0.0,0.0,1
0000705891,Chiafurusumairu,Female,,2000.04.09,Kuroshikage,Shimizu Katsunori,(Kabu) Akademii,209413000.0,33.0,8.0,1
0000377768,Orurean,Female,,,,,,0.0,0.0,0.0,1
0000727985,Joriidansu,Female,,2001.04.22 25歳,Ashige,Nishikiokabokujou,Kobayashi Kaoru,299727000.0,35.0,7.0,1
0000701673,Raajihirujanpu,せん,,2000.03.06,Kurige,Noozanfaamu,(Ari) Sandeereeshingu,114263000.0,25.0,5.0,1
0000614808,Azumabiyondo,Male,,,,,,0.0,0.0,0.0,1
0000615821,Arufadanjigu,Male,,,,,,0.0,0.0,0.0,1
0000726669,Fandorigoorudo,Male,,2001.05.26,Kuroshikage,Chiyodabokujou,Mito Tomio,15500000.0,18.0,1.0,1
0000728136,Koaresupurejaa,Male,,2001.05.16,Kage,Haraguchibokujou,Kobayashi Masashi,64644000.0,24.0,2.0,1
0000852718,Chiafuruwaarudo,Male,,2002.05.13,Kurige,Katherine Elam,Fujita Zaiko,73976000.0,40.0,3.0,1
0000853090,Fusaichianteusu,Male,,2002.04.26,Kurige,Echo Valley Farm & John Clay & Albert G. Clay 1990 Rev. Trust,Sekiguchi Fusao,16900000.0,6.0,2.0,1
0000275796,Eishinnyuuton,Male,,,,,,0.0,0.0,0.0,1
0000734248,Mejirohantaa,Male,,2002.05.02,Kage,Yoshida Takashi,(Ari) Mejirobokujou,64066000.0,21.0,4.0,1
0000733810,Enerumaoo,Male,,,,,,0.0,0.0,0.0,1
0000732807,Soriddoravu,Male,,2002.03.18,Kage,Eto Shigeji,Yamagami Kazuyoshi,40822000.0,52.0,5.0,1
0000852716,Seresuenburemu,Male,,2002.03.12,Kurige,Elisabeth R. Jerkens,Oka Kouji,26400000.0,10.0,3.0,1
0000735242,Zennoekisupuresu,Male,,2002.04.29,Kurige,Kataokasuteeburu,Miyazaki Toshio,27500000.0,24.0,3.0,1
0000750289,Eamesaia,Female,,,,,,0.0,0.0,0.0,1
0000734080,Buriton,Female,,2002.03.02 24歳,Kurige,Banbuubokujou,(Ari) Banbuubokujou,52352000.0,10.0,3.0,1
0000742740,Furooraruparesu,Female,,2002.02.18,Kurige,Shiraoifaamu,(Ari) Sandeereeshingu,15210000.0,10.0,1.0,1
0000240854,Ainogureesu,Female,,,,,,0.0,0.0,0.0,1
0000736783,Fujinohagoromo,Female,,2002.04.25,Kurige,Satou Nobuhiro,Fujita Tatsuo,5700000.0,7.0,1.0,1
0000743110,Shiizario,Female,,2002.03.31,Aoge,Noozanfaamu,(Ari) Kyarottofaamu,228296000.0,5.0,4.0,1
0000743093,Suruureeto,Female,,2002.03.18 24歳,Kage,Noozanfaamu,(Ari) Kyarottofaamu,62554000.0,27.0,2.0,1
0000743097,Arufonshiinu,Female,,,,,,0.0,0.0,0.0,1
0000737071,Furendoriisutera,Female,,2002.05.28,Kage,Nagahamabokujou,Masuyama Takeshi,25982000.0,24.0,3.0,1
0000743235,Saohime,Female,,2002.03.10 24歳,Aokage,Mejirobokujou,(Kabu) Hidaka・Buriidaazu・Yunion,32790000.0,26.0,3.0,1
0000736882,Onwaadosuwan,Female,,,,,,0.0,0.0,0.0,1
0000739059,Uedinguhimiko,Female,,,,,,0.0,0.0,0.0,1
0000144789,Rantana,Female,,1982.04.22,Kurige,Kayanobokujou,Shibata Mitsuo,4995000.0,18.0,6.0,1
0000256062,Sharumuuzu,Female,,1992.05.18,Kage,Sanshiyainbokujou,Date Shuuwa,0.0,3.0,0.0,1
0000009912,Puroojitto,Female,,1962.03.05,Tochikurige,,Yoshikawa,1725000.0,15.0,2.0,1
0000735927,Dansuinzamoa,Male,,2002.05.03,Kuroshikage,Nishikawatomiokabokujou,Kinami Gan,208139000.0,45.0,5.0,1
0000737148,Toppuganjoo,Male,,2002.04.02,Kurige,Hashimotofuaamu,Kawauchi Takao,180419000.0,27.0,6.0,1
0000736609,Diiesuhariaa,Male,,2002.05.14,Kage,Kawakamibokujou,Akiya Toshiyuki,75593000.0,35.0,3.0,1
0000732130,Agunesujiedai,Male,,,,,,0.0,0.0,0.0,1
0000069574,Kanpeki,Male,,,,,,0.0,0.0,0.0,1
0000749980,Kokusaitoppuravu,Male,,2002.04.09,Aokage,Tokachikentaurusufaamu,Sakata Yukio,19638000.0,22.0,1.0,1
0000283014,Pariburesuto,Male,,1994.04.11,Kurige,Fujiibokujou,Kondou Toshinori,0.0,0.0,0.0,1
0000852584,Waarudoabenyuu,Male,,2002.04.19,Kage,Dark Hollow Farm,(Kabu) Guriinfaamu,18003000.0,10.0,2.0,1
0000611907,Teiemuittoo,Male,,1999.04.17,Kage,Chiyodabokujou,Takezono Masatsugu,93061000.0,50.0,5.0,1
0000616500,Uenomarukun,Male,,,,,,0.0,0.0,0.0,1
0000073399,Purazuma,Male,,1974.05.01,Kage,Kurama Junkichi,Asano Katsuhiko,450000.0,5.0,1.0,1
0000709104,Gurasuboranchi,Male,,,,,,0.0,0.0,0.0,1
0000734610,Komediaderarute,Male,,2002.04.12,Kage,Toriibokujou,(Ari) Kyarottofaamu,44602000.0,6.0,2.0,1
0000742946,Kanehikiri,Male,,,,,,0.0,0.0,0.0,1
0000733504,Epusomudon,Male,,,,,,0.0,0.0,0.0,1
0000733992,Keejiitsuyoshi,Male,,2002.03.29,Kurige,Nakagamibokujou,Suzuki Masashirou,30560000.0,16.0,3.0,1
0000742592,Teiemumegasutaa,Male,,2002.05.14,Kuroshikage,Oiwakefaamu,Takezono Masatsugu,8100000.0,6.0,1.0,1
0000737161,Shirukutouruupaa,Male,,2002.04.02,Kuroshikage,Hayatabokujouniikappushijou,Yuugengaishashiruku,79735000.0,21.0,5.0,1
0000736203,Maruichikuesuto,Male,,2002.04.10,Kuroshikage,Maakuribokujou,Takeuchi Sannen,68046000.0,40.0,4.0,1
0000749853,Taikieniguma,Male,,2001.04.20,Ashige,Taiki Farm,(Ari) Taijufaamu,162142000.0,32.0,7.0,1
ホウザングラマー,Houzanguramaa,Female,,,,,,,,,1
0000727753,Takaraajudi,Male,,2001.03.03,Kage,Nakamura Toshiaki,Jakuumi Toshio,58519000.0,30.0,6.0,1
0000727871,Kurinowaarudo,Male,,,,,,0.0,0.0,0.0,1
0000726345,Suriijiemu,Male,,2001.04.23,Kage,Kyouyuubokujou,Nagaishouji (Kabu),107968000.0,18.0,6.0,1
0000732830,Pikaresukukooto,Male,,2002.03.10,Kage,Okazakibokujou,Kanekomasatohoorudingusu (Kabu),144171000.0,31.0,6.0,1
0000853085,Marutaazubikutaa,Male,,2002.05.01,Kage,Jim E. Nelson & Sergio De Sousa,Fujita Zaiko,51531000.0,31.0,2.0,1
0000852012,Seiunpurejaa,Male,,2002.04.05,Kage,"Dale Roberts, Bob Austin & Bill Austin",Kurihara Kiyoko,74982000.0,37.0,4.0,1
0000736309,Supurittomeido,Female,,2002.05.27,Kurige,Yasuda Toyoshige,(Ari) Nakaya,20458000.0,25.0,5.0,1
0000852082,Misutaakebin,Male,,2002.04.03,Kuroshikage,Strategy Bloodstock,Yamamoto Hidetoshi,81974000.0,29.0,4.0,1
0000313189,Goorudomeekaa,Male,,1997.03.27,Kage,Urakawatoibokujou,Katou Mitsuhiko,81030000.0,29.0,5.0,1
0000743109,Reesupairotto,Female,,2002.03.31 24歳,Kuroshikage,Noozanfaamu,(Ari) Sandeereeshingu,43467000.0,6.0,2.0,1
0000738156,Pisanogurafu,Female,,2002.03.21,Kage,Shinkoofaamu,Ichikawa Yoshimi,107329000.0,29.0,4.0,1
0000743238,Mejirotonkiniizu,Female,,2002.04.02,Kage,Mejirobokujou,(Ari) Mejirobokujou,72634000.0,34.0,3.0,1
0000737107,Yamanin'Arieru,Female,,2002.04.18,Aokage,Nishikiokabokujou,Tsuchii Hajime,30577000.0,24.0,2.0,1
0000733266,Suzukarooran,Female,,2002.05.13 24歳,Kage,Tsuji Bokujou,Nagai Keiji,60617000.0,32.0,4.0,1
0000736864,Shiirubiibakku,Female,,2002.05.25,Kurige,Takashisakaebokujou,(Kabu) Tomiokikaku,72535000.0,35.0,6.0,1
0000737903,Ieroopapiyon,Female,,,,,,0.0,0.0,0.0,1
0000735750,Seriinatorofii,Female,,2002.02.09,Aokage,Chiyodabokujou,Kubota Yasushi,11445000.0,5.0,1.0,1
0000737355,Kuin'Obukuin,Female,,,,,,0.0,0.0,0.0,1
0000722299,Enshientohiru,Female,,,,,,0.0,0.0,0.0,1
0000723357,Kitasanrabusongu,Female,,,,,,0.0,0.0,0.0,1
0000739260,Chousan,Male,,2002.02.18,Kage,Bandoubokujou,Nagayama Hisayoshi,165091000.0,25.0,6.0,1
0000750208,Afurikanbiito,Male,,,,,,0.0,0.0,0.0,1
0000742995,Riarukonkorudo,Male,,2002.04.08,Kage,Noozanfaamu,Kondou Eiko,54904000.0,20.0,4.0,1
0000733953,Maineruarukusu,Male,,2002.06.11,Kuroshikage,Takamatsubokujou,(Kabu) Sarabureddokurabu・Rafian,13450000.0,10.0,1.0,1
0001168875,Satonokenshirou,Male,,2013.03.03,Kuroshikage,Noozanfaamu,(Kabu) Satomihoosukanpanii,105650000.0,27.0,4.0,1
0000736868,Autoobusaito,Male,,,,,,0.0,0.0,0.0,1
0000732065,Uinsutoraidaa,Male,,,,,,0.0,0.0,0.0,1
0000769349,Makaibiidiiva,Female,,1999.03.21,Kage,Emily Kristina (Aust) Pty Ltd,Emirii・Kurisuteiina・Oosutoraria,0.0,2.0,0.0,1
0000732773,Toosendiraito,Male,,2002.03.07,Kage,Urakawanisseibokujou,Shimakawa Takaya,25199000.0,15.0,2.0,1
0000736695,Koueimaaburu,Male,,2002.04.24,Kage,Koizumibokujou,Nishioka Shizuo,51313000.0,29.0,2.0,1
0000737439,Kosumoabusoruuto,Male,,2002.03.14,Kuroshikage,Yaginoujou,Yoshihara Yoshihito,60692000.0,72.0,5.0,1
0000736265,Shirukutoraberaa,Male,,2002.03.22,Kurige,Mikamibokujou,Katou Mitsugu,15610000.0,98.0,7.0,1
0000733758,Tamamokoncheruto,Male,,2002.04.10,Kage,Ueyamabokujou,Tamamo (Kabu),43740000.0,30.0,3.0,1
0000734933,Baburuesuteiimu,Male,,2002.02.26,Kage,Meijibokujou,Sugiyama Mie,16300000.0,13.0,2.0,1
0000700109,Erimokantorii,Male,,,,,,0.0,0.0,0.0,1
0000617057,Ruurureddosutaa,Male,,1999.05.31,Kage,Taiheibokujou,Giga Shouzou,56070000.0,32.0,3.0,1
0000702939,Rasutokontesuto,Male,,2000.04.26,Kage,Maakuribokujou,Yano Kiyoharu,55020000.0,26.0,2.0,1
0000729793,Suriikaruchaa,せん,,2001.04.20,Kurige,Kiyotakebokujou,Suzukashouji (Kabu),9800000.0,18.0,1.0,1
0000700734,Kanaekaiun,せん,,,,,,0.0,0.0,0.0,1
0000729088,Teiemukonbatto,Male,,2001.05.01,Kage,Nakamura Toshinori,Takezono Masatsugu,61742000.0,22.0,3.0,1
0000701701,Orehamatteruze,Male,,,,,,0.0,0.0,0.0,1
0000703025,Puraimariikea,Male,,2000.05.29,Kage,Yamagiwa Satoru,Takemasa Shigeko,78068000.0,35.0,5.0,1
0000701648,Tsurumaruyokanise,Male,,2000.03.03,Kurige,Shiraoifaamu,Tsuruta Ninotoko,211890000.0,49.0,7.0,1
0000620134,Eroogu,せん,,,,,,0.0,0.0,0.0,1
0000626082,Asakusakininaru,Male,,,,,,0.0,0.0,0.0,1
0000125023,Biggufurawaa,Female,,1980.05.10,Kage,Shimadabokujou,Fukushima Masayoshi,0.0,4.0,0.0,1
0000750309,Pyuumakafe,Female,,2002.03.08,Aokage,Shadaifaamu,Nishikawa Kouichi,7300000.0,10.0,1.0,1
0000701539,Arufafooresu,Male,,,,,,0.0,0.0,0.0,1
0000705123,Tookookanto,Male,,2000.04.15,Kage,Yamazakibokujou,Morita Touji,58373000.0,40.0,6.0,1
0000732786,Eishinniizan,Male,,,,,,0.0,0.0,0.0,1
0000750233,Shadougeito,Male,,2002.03.23,Kuroshikage,Shadaifaamu,Iizuka Tomoichi,279332000.0,44.0,6.0,1
0000738532,Donkuuru,Male,,2002.04.25,Kage,Nisseibokujou,Yamada Kouichi,243018000.0,45.0,7.0,1
0000852055,Deifurasshu,Male,,2002.03.03,Kage,Nancy C. Shuford,Okamura Katsuyoshi,101159000.0,82.0,14.0,1
0000750268,Marukarasukaru,Male,,2002.05.03,Kuroshikage,Shadaifaamu,Kawachousangyou (Kabu),308262000.0,32.0,10.0,1
0000852259,Sanwaadoran,Male,,2002.03.15,Kage,"Silverleaf Farms, Inc.",Tamura Yoshinori,96500000.0,54.0,5.0,1
0000738075,Poraitosutoon,Female,,2002.04.27,Kurige,Shimokoubebokujou,Oohara Mikotonorihiroshi,49713000.0,19.0,3.0,1
0000736180,Uesutanriji,Male,,,,,,0.0,0.0,0.0,1
0000737551,Shiberianraion,Male,,2002.04.15,Ashige,Amou Reiji,Fujita Zaiko,49948000.0,46.0,3.0,1
0000735914,Koujin'Arusu,Male,,2002.05.15,Kurige,Nakada Hiromi,Katou Kouichi,77101000.0,72.0,4.0,1
0000424694,Sairentouittonesu,せん,,1989年,,,,0.0,31.0,8.0,1
0000899772,Burisshurakku,せん,,1999.04.03,Kage,Max Morris & Isabel Morris,W.Uon,117780000.0,3.0,1.0,1
0000775889,Boumanzukurosshingu,せん,,1999.03.14,Kage,Eclipse Bloodstock,F.Chan,0.0,1.0,0.0,1
0000729100,Mainesoosarisu,Female,,2001.06.01,Kurige,Kosumobyuufaamu,(Kabu) Sarabureddokurabu・Rafian,113106000.0,21.0,5.0,1
0000730335,Fiyorudokuruuzu,Female,,2001.04.20,Kuroshikage,Shadaifaamu,Yoshida Teruya,96316000.0,29.0,5.0,1
0000731086,Wadiramu,Female,,2001.05.12 25歳,Aokage,Oiwakefaamu,(Ari) Shadaireesuhoosu,95430000.0,29.0,5.0,1
0000701331,Baroonefonten,Male,,2000.04.13,Kage,Noboribetsukamimizubokujou,Yoshihashi Kei,86190000.0,30.0,7.0,1
0000316210,Mejiroshunaidaa,Female,,1997.03.17,Aokage,Mejirobokujou,(Ari) Mejirobokujou,72214000.0,25.0,3.0,1
0000731248,Keiaifurenchi,Male,,2000.04.23,Ashige,Steve C. Snowden,Kameda Morihiro,25720000.0,22.0,3.0,1
0000722414,Teiemuaramusha,Male,,2001.04.06,Kage,Arakifuaamu,Takezono Masatsugu,71250000.0,47.0,4.0,1
0000613368,Machikanemenimomiyo,Male,,1999.04.27,Kuroshikage,Inaharabokujou,Hosokawa Masuo,159661000.0,32.0,7.0,1
0000851919,Shinboriguran,Male,,2002.05.18,Ashige,Takahiro Wada,Shinboribokujou,341543000.0,61.0,5.0,1
0000742658,Roodouizudamu,Male,,2002.04.26,Kage,Sasagawadaiakirabokujou,(Kabu) Roodohoosukurabu,30683000.0,28.0,3.0,1
0000736437,Mahhajuukun,Male,,2002.03.01,Kage,Ishidabokujou,Suzuki Kantsugi,117478000.0,56.0,5.0,1
0000738999,Toohourebin,Female,,2002.04.19 24歳,Kage,Miwa Minoru,Touhoubussan (Kabu),45490000.0,22.0,2.0,1
0000743115,Jazufanku,Female,,2002.04.07,Kuroshikage,Noozanfaamu,(Ari) Sandeereeshingu,44161000.0,11.0,3.0,1
0000732584,Marubutsuburizaado,Male,,2002.05.12,Kage,Seguchi Nobumasa,Oosawa Tsuyoshi,105003000.0,34.0,4.0,1
0000733317,Sunaakufarukon,Male,,2002.05.08,Kage,Nakawaki Man,Sugimoto Yutaka,94127000.0,41.0,5.0,1
0000732472,Uinsauzaa,Male,,,,,,0.0,0.0,0.0,1
0000225226,Supain,Male,,1989.04.15,Kage,Shadaifuaamu,Yokoyama Hideo,40790000.0,34.0,4.0,1
0000728347,Teiemuakushon,Male,,2001.05.02,Kage,Seishindaibokujou,Takezono Masatsugu,160031000.0,40.0,6.0,1
0000179076,Sutenkaraajin,Male,,1985.05.25,Kage,Shadaifuaamu,(Ari) Shadaireesuhoosu,5100000.0,2.0,1.0,1
0000325664,Sutaapesushinta,Male,,1998.04.21,Kage,Fukudafaamu,Kouno Wakako,144079000.0,34.0,7.0,1
0000626517,Naniwabikutorii,Male,,1999.04.09,Kage,Urakawayamaguchibokujou,(Ari) Fooresuto,94643000.0,34.0,6.0,1
0000743014,Konraddo,Male,,2002.05.04,Aoge,Noozanfaamu,(Ari) Sandeereeshingu,99219000.0,20.0,4.0,1
0000737634,Toosenrokkii,Male,,2002.05.23,Tochikurige,Imai Ho,Shimakawa Takaya,29478000.0,8.0,2.0,1
0000743017,Daburuteinpanii,Male,,2002.05.07,Kurige,Noozanfaamu,Kanekomasatohoorudingusu (Kabu),107931000.0,37.0,5.0,1
0000734997,Wandaamahhaa,Male,,2002.05.05,Kuroshikage,Yonedabokujou,Yamamoto Nobuyuki,50104000.0,22.0,3.0,1
0000734623,Puryuneru,Female,,2002.03.22,Kuroshikage,Tsuchii Chuukichi,Maeda Shinji,77709000.0,30.0,4.0,1
0000732546,Eaadonisu,Male,,,,,,0.0,0.0,0.0,1
0000181965,Shirukurenjaa,Male,,1985.03.05,Kurige,Taiheibokujou,Nakayama Nobuhiro,1100000.0,6.0,0.0,1
0000258656,Tooruhanmaa,Male,,1992.04.12,Kage,Saegusabokujou,Asakawa Kiyoshi,5940000.0,27.0,1.0,1
0000614408,Roododarumeshian,Male,,1999.03.26,Kuroshikage,Shinkoofaamu,(Kabu) Roodohoosukurabu,111746000.0,34.0,6.0,1
0000701797,Gurasubonbaa,Male,,,,,,0.0,0.0,0.0,1
0000701435,Guranpurigoorudo,Male,,,,,,0.0,0.0,0.0,1
0000702186,Maineruhoraizun,Male,,2000.03.14,Kurige,Kosumobyuufaamu,(Kabu) Sarabureddokurabu・Rafian,113351000.0,43.0,6.0,1
0000327949,Marutakakirarii,Male,,1998.04.10,Kuroshikage,Nagashimanousankougyou,Meita Hiroshi,55963000.0,71.0,4.0,1
0000701628,Maiteiikaraa,Female,,2000.03.16,Kurige,Shiraoifaamu,Ogawa Isao,105089000.0,29.0,5.0,1
0000701770,Ushuaia,Female,,,,,,0.0,0.0,0.0,1
0000324988,Suparutakusu,Male,,1998.04.12,Kage,Shadaifaamu,(Ari) Shadaireesuhoosu,137254000.0,38.0,5.0,1
0000327460,Sanraizuteesuto,Male,,1998.03.15,Kurige,Kiyotakebokujou,Matsuoka Takao,98314000.0,34.0,6.0,1
0000728010,Fuminotokimeki,Male,,2001.02.25,Kage,Sakakibara Toshiaki,Tani Ni,93340000.0,33.0,5.0,1
0000724918,Teiemukyatto,Male,,2001.04.11,Kurige,Tomitabokujou,Takezono Masatsugu,48022000.0,42.0,2.0,1
0000763252,Eishinpekin,Male,,,,,,0.0,0.0,0.0,1
0000722447,Maibiggudoriimu,Male,,2001.04.12,Kurige,Yasuhara Mi,Ogawa Isao,42350000.0,32.0,1.0,1
0000725279,Raijingufeisu,Male,,2001.04.17,Kage,Kamigaki Michihiro,(Ari) Noosuhiruzumanejimento,13900000.0,19.0,1.0,1
0000324220,Kikunopurosupa,Male,,,,,,0.0,0.0,0.0,1
0000246098,Kyapitarugein,Female,,,,,,0.0,0.0,0.0,1
0000727259,Toushoujieiru,Male,,2001.04.21,Kuroshikage,Toushousangyoukabushikigaishatoushoubokujou,Toushousangyou (Kabu),16950000.0,19.0,1.0,1
0000728067,Nasunosutorooku,Male,,2001.05.08,Kurige,Ebisukougyoukabushikigaishanasunobokujou,Nasunobokujou,135755000.0,49.0,6.0,1
0000762610,Moerejiiniasu,Male,,2003.03.10,Kage,Kanaishisutaddo,Nakamura Kazuo,64913000.0,7.0,3.0,1
0000759897,Rasshuraifu,Female,,2003.05.17 23歳,Kuroshikage,Shiraoifaamu,(Ari) Sandeereeshingu,84144000.0,19.0,2.0,1
0000757791,Adomaiyakaribu,Male,,,,,,0.0,0.0,0.0,1
0000756890,Aiamuenjieru,Female,,,,,,0.0,0.0,0.0,1
0000755778,Aribabashichii,Male,,,,,,0.0,0.0,0.0,1
0000758741,Rararauinparu,Female,,2003.02.27,Kage,Shinkoofaamu,Yoshizawa Katsuki,14180000.0,22.0,1.0,1
0000798938,Diipuai,Female,,2004.04.18,Kage,Takashisakaebokujou,Nishimori Tsuru,1347000.0,30.0,11.0,1
0000761775,Gureetokyandoru,Female,,,,,,0.0,0.0,0.0,1
0000762986,Rizaabukaado,Male,,2003.02.17,Kage,Noozanfaamu,(Ari) Sandeereeshingu,215707000.0,59.0,6.0,1
0000756922,Shirukudoraguun,Male,,2003.02.23,Kage,Yamagiwabokujou,Satou Hiroki,93010000.0,53.0,6.0,1
0000760540,Chiazugadisu,Female,,2003.05.06,Kurige,Nakanofaamu,Kitamura Kiyoko,10200000.0,12.0,1.0,1
0000634449,Agunesushiranui,Male,,,,,,0.0,0.0,0.0,1
0000729899,Mejirobeishingaa,Female,,2001.05.30,Kage,Mejirobokujou,(Ari) Mejirobokujou,135160000.0,22.0,4.0,1
0000613404,Koaresukurebaa,Male,,1999.05.13,Kurige,Koaresusutaddo,Kobayashi Masashi,74910000.0,41.0,5.0,1
0000766336,Keiaihairando,Male,,2001.01.30,Kurige,Mr. & Mrs. G. David Shashura & James Markum,(Kabu) Keiaiyoshishizairyouhanbaijo,19760000.0,13.0,2.0,1
0000705734,Roorerudefii,Female,,2000.03.23,Kage,Kawashimabokujou,(Kabu) Roorerureeshingu,62294000.0,37.0,3.0,1
0000708925,Tamamodisutaimu,Male,,2000.04.08,Kuroshikage,Nosakabokujou,Tamamo (Kabu),55489000.0,31.0,4.0,1
0000706290,Shirukurisupekuto,Male,,2000.02.11,Kage,Hayatabokujouniikappushijou,Yuugengaishashiruku,21070000.0,23.0,2.0,1
0000618260,Meishoutaroo,せん,,1999.04.26,Kurige,Ooshimabokujou,Matsumoto Yoshio,139648000.0,56.0,6.0,1
0000724823,Horidionwaado,Female,,,,,,0.0,0.0,0.0,1
0000723204,Supiningunoaaru,Male,,2001.02.02,Kurige,Tomitabokujou,Hatakesa Hiroshi,227677000.0,63.0,7.0,1
0000330271,Supuringukureta,Male,,1998.05.14,Kage,Oritebokujou,Katou Haruo,94852000.0,25.0,5.0,1
0000723426,Sakurapuroguresu,Male,,2001.04.01,Kage,Taniokabokujou,Yoshida Nenjitsu,106531000.0,113.0,5.0,1
0000703169,Edomondantesu,Male,,,,,,0.0,0.0,0.0,1
0000723261,Wandaahayabusa,Male,,2001.04.08,Kuroshikage,Ooshimabokujou,Yamamoto Nobuyuki,109266000.0,35.0,7.0,1
0000761039,Shounantakion,Male,,2003.03.08,Kurige,Kamada Masatsugu,Kunimoto Tesshuu,91350000.0,20.0,3.0,1
0000753634,Nishinofujimusume,Female,,2003.04.20,Kage,Nishiyamabokujou,Nishiyama Shigeyuki,59829000.0,16.0,2.0,1
0000759734,Kosumomiiru,Female,,2003.04.04 23歳,Kage,Jouchi Kiyoshiman,(Ari) Biggureddofaamu,60193000.0,19.0,3.0,1
0000754828,Gureisuteiara,Female,,,,,,0.0,0.0,0.0,1
0000762999,Keikoadeejo,Female,,2003.02.26,Kurige,Yanagawabokujou,Kobayashi Keiko,10200000.0,8.0,1.0,1
0000752306,Mainesansan,Female,,2003.05.03,Kuroshikage,Biggureddofaamu,(Kabu) Sarabureddokurabu・Rafian,23180000.0,19.0,2.0,1
0000753654,Mejiromoderaato,Female,,2003.04.02,Kuroshikage,Mejirobokujou,(Ari) Mejirobokujou,7000000.0,5.0,1.0,1
0000755954,Taiseihanii,Female,,2003.03.22,Ashige,Maekawa Masami,Tanaka Seihou,66786000.0,34.0,4.0,1
0000897653,Eishinchandora,Male,,,,,,0.0,0.0,0.0,1
0000757109,Mainerugurittsua,Male,,2003.02.10,Aokage,Biggureddofaamu,(Kabu) Sarabureddokurabu・Rafian,26240000.0,25.0,2.0,1
0000752241,Rifaindobodi,Male,,2003.05.13,Kage,Tadanobokujou,Inoue Shuuichi,62851000.0,30.0,4.0,1
0000756995,Naisuvaree,Female,,2003.04.20,Kurige,Urakawanisseibokujou,Hayashi Susumu,67710000.0,41.0,3.0,1
0000762798,Anbaajakku,Male,,,,,,0.0,0.0,0.0,1
0000760993,Sutaaraitorubii,Female,,2003.03.06,Kuroshikage,Ogifukuhattoribokujou,Fukushima Mi,15055000.0,11.0,1.0,1
0000757875,Nishinoueebu,Male,,2003.04.13,Kurige,Nishiyamabokujou,Tamura Yoshinori,44364000.0,35.0,3.0,1
0000755594,Yamatakegooruden,Male,,2003.05.15,Kurige,Shizunaisakaibokujou,Oonishi Kazuko,78371000.0,52.0,5.0,1
0000760815,Mainerupairetto,Male,,2003.03.05,Kurige,Hagisawa Toshio,(Kabu) Sarabureddokurabu・Rafian,7000000.0,11.0,1.0,1
0000760659,Keiaifooyuu,Female,,2003.05.04,Kage,Takedabokujou,Ookubo Kazuo,14848000.0,55.0,11.0,1
0000760242,Aruuringuboisu,Female,,,,,,0.0,0.0,0.0,1
0000897671,Sentoruisugaaru,Female,,2003.05.20,Kuroshikage,Columbiana Farm,Hirai Toyomitsu,33385000.0,16.0,1.0,1
0000756721,Toohouamoore,Female,,2003.03.17,Kurige,Bandamubokujou,Touhoubussan (Kabu),15086000.0,4.0,1.0,1
0000756748,Gougoukirishima,Male,,2003.04.21,Kage,Sadahiro Kenji,Nishimura Shin'Ichirou,72754000.0,12.0,3.0,1
0000759662,Eishin'Amoore,Female,,,,,,0.0,0.0,0.0,1
0000762694,Shounansariire,Female,,2003.02.20,Aoge,Kuwatabokujou,(Ari) Shounan,28800000.0,28.0,3.0,1
0000760708,Tsuaadefoosu,Male,,2003.02.17,Kage,Taitenbokujou,Maeda Kouji,70240000.0,36.0,4.0,1
0000753333,Emuesuwaarudo,Male,,,,,,0.0,0.0,0.0,1
0000754830,Shiatorubaroozu,Male,,2003.03.31,Kage,Setobokujou,Ishikawa Toorue,82852000.0,34.0,5.0,1
0000758044,Eishinchaamu,Female,,,,,,0.0,0.0,0.0,1
0000046685,San'Antonio,Male,,1971.05.15,Kage,Ogasawara Youzou,Yamazaki Kouji,4573000.0,61.0,7.0,1
0000756925,Tamurosutaadi,Male,,2003.03.21,Kage,Takahashi Seiji,Taniguchi Ton,89037000.0,44.0,4.0,1
0000755931,Guranpurishiriusu,Female,,,,,,0.0,0.0,0.0,1
0000753040,Supureddoagen,Female,,2003.05.09,Kurige,Yuri Noriyuki,Kakutani Taisuke,3679000.0,56.0,5.0,1
0000759718,Kashinohaabaa,Male,,,,,,0.0,0.0,0.0,1
0000760542,Shirukufuraggu,Male,,2003.04.12,Kage,Kinoshitabokujou,Yuugengaishashiruku,7344000.0,20.0,1.0,1
0000899771,Seiunhankusu,Male,,2003.02.25,Kurige,"Moreau Bloodstock International, Inc.",Kumada Nobuyuki,12062000.0,36.0,3.0,1
0000618416,Taganonaporeon,Male,,1999.04.10,Aokage,Saitou Masashi,Yagi Ryouji,91778000.0,21.0,6.0,1
0000328851,Nazo,Female,,1998.03.22,Kage,Uraaramakiba,Odagiri Yuuichi,136502000.0,59.0,7.0,1
0000853078,Fusaichiausuteru,Male,,2002.03.15,Kage,Edward P. Evans,Shimozuma Shoujirou,143390000.0,127.0,6.0,1
0000738018,Pisanopatekku,Male,,2002.01.20,Kurige,Shimokoubebokujou,Ichikawa Yoshimi,191296000.0,56.0,6.0,1
0000017449,Marubutsuraito,Male,,1966.05.07,Kurige,,,2393000.0,12.0,1.0,1
0000743308,Doriimiiopera,Male,,2002.05.23,Kage,Yoshidabokujou,Ogawa Ariyo,64553000.0,32.0,5.0,1
0000736809,Seikachuuba,Male,,2002.04.17,Aokage,Shinyuufuaamu,Yoshida Kyuushi,30889000.0,18.0,2.0,1
0000750050,Morinomiyako,Male,,2002.05.05,Kuroshikage,Kanheibokujou,Kan Shunya,101835000.0,67.0,5.0,1
0000326207,Sukaibarentain,Female,,1998.04.11,Kage,Nobunaribokujou,Kobayashi Hisayoshi,51600000.0,54.0,2.0,1
0000704448,Oosumidaiya,Male,,,,,,0.0,0.0,0.0,1
0000316289,Taganogaruchi,Male,,1997.02.06,Kage,Shadaifaamu,Yagi Shouji,113243000.0,49.0,7.0,1
0000733476,Dainamikkugooru,Male,,2002.05.02,Kage,Saegusabokujou,Ogawa Isao,11700000.0,22.0,1.0,1
0000724476,Burakkuheriosu,Male,,2001.04.08,Kage,Shiraibokujou,Kuroiwa Haruo,16600000.0,17.0,2.0,1
0000732002,Eishinkindaa,Male,,,,,,0.0,0.0,0.0,1
0000738022,Machikanekirara,Male,,2002.02.22,Kage,Shimokoubebokujou,(Ari) Machikanebokujou,118530000.0,14.0,5.0,1
0000734588,Toukaitorikku,Male,,2002.02.26,Kage,Tsuchida Fumiko,Uchimura Seisoku,550388000.0,61.0,9.0,1
0000760877,Adomaiyamuun,Male,,,,,,0.0,0.0,0.0,1
0000763121,Diipueaa,Male,,2003.02.12,Kage,Mishimabokujou,Takahashi Rikurou,61896000.0,31.0,2.0,1
0000758617,Naitoresepushon,Male,,2003.03.13,Kuroshikage,Noozanfaamu,(Ari) Sandeereeshingu,36272000.0,26.0,2.0,1
0000750904,Toppuobusandee,Male,,2003.05.05,Kage,Nakahashi Kiyoshi,Yokose Kenji,46028000.0,18.0,3.0,1
0000762445,Matsuridagohho,Male,,2003.03.15 23歳,Kage,Okadasutatsudo,Takahashi Fumie,650139000.0,26.0,10.0,1
0000880954,Akinoreddosutaa,Male,,,,,,0.0,0.0,0.0,1
0000766339,Mainejaada,Female,,2003.05.20,Kuroshikage,Shiraoifaamu,(Kabu) Sarabureddokurabu・Rafian,43968000.0,31.0,3.0,1
0000757718,Furamudopashion,Male,,2003.05.06,Ashige,Noozanfaamu,(Ari) Sandeereeshingu,81927000.0,10.0,5.0,1
0000756737,Nishinoansaa,Male,,2003.04.29,Kurige,Nishiyamabokujou,Daikoku Fumiko,53293000.0,46.0,3.0,1
0000759525,Nishinorodorigesu,Male,,2003.03.21,Kage,Nishiyamabokujou,Kurihara Kiyoko,21200000.0,22.0,1.0,1
0000759996,Mainerubashirikosu,Male,,2003.04.21,Kage,Daiichibokujou,(Kabu) Sarabureddokurabu・Rafian,64455000.0,25.0,4.0,1
マイネルブーバリス,Mainerubuubarisu,Male,,,,,,,,,1
0000125300,Mirionberu,Female,,1980.05.14,Kage,Meijibokujou,Murata Yoshimasa,8665000.0,26.0,4.0,1
0000704489,Sazantsuisutaa,Male,,2000.03.26,Kuroshikage,Kamada Masatsugu,(Ari) Noosuhiruzumanejimento,112946000.0,40.0,6.0,1
0000619886,Bureevudoraibaa,Male,,1999.04.02,Kage,Shadaifaamu,Yoshida Teruya,58284000.0,36.0,4.0,1
0000706728,Machikanebishamon,せん,,1999.04.06,Ashige,Spectrum Bloodstock S. A. And Samac,Hosokawa Masuo,32404000.0,44.0,4.0,1
0000614695,Randomirakuru,Male,,1999.02.23,Ashige,Nisseibokujou,Kimura Shouzou,60718000.0,41.0,3.0,1
0000704769,Namurakoronbusu,Male,,2000.03.24,Kage,Tanigawabokujou,Seto Tatsuo,75145000.0,72.0,8.0,1
0000257685,Sentoraruookan,Male,,1992.05.30,Kurige,Roozufaamu,Tamai Hideo,0.0,0.0,0.0,1
0000762715,Marukashienku,Male,,2003.03.19,Kuroshikage,Shadaifaamu,Kawachousangyou (Kabu),253444000.0,35.0,5.0,1
0000763146,Daiamondoheddo,Male,,2003.02.12,Kage,Pakapakafaamu,Maeda Kouji,37669000.0,39.0,2.0,1
0000759900,Suupaahoonetto,Male,,2003.03.20,Kage,Gaaberapaakusutatsudo,Tajima Masamitsu,535388000.0,30.0,10.0,1
0000900047,Tooyoosuruuo,Male,,2003.02.24,Kage,T. L. Folkerth,(Ari) Tooyookurabu,12700000.0,2.0,1.0,1
0000759942,Rikkakiseki,Male,,2003.03.18,Kuroshikage,Nakajima Toshiaki,Tachibana Yukio,9400000.0,4.0,1.0,1
0000752101,Mainerufaama,Male,,2003.05.26,Kurige,Yamagiwabokujou,(Kabu) Sarabureddokurabu・Rafian,95080000.0,44.0,3.0,1
0000757613,Haadobakushin'Oo,Male,,2003.05.08,Kage,Honkiribokujou,Tsuda Kazuo,5000000.0,11.0,1.0,1
0000758925,Meihouhoppu,Male,,2003.04.06,Kage,Torii Seiji,Kumi)Seikazekai,69309000.0,123.0,21.0,1
0000742908,Nishinonaasukooru,Female,,2002.04.24 24歳,Kuroshikage,Nishiyamabokujou,Nishiyama Shigeyuki,206411000.0,33.0,7.0,1
0000281771,Toukairuna,Female,,1994.03.14,Kage,Hekiunbokujou,Uchimura Seisoku,750000.0,8.0,0.0,1
0000258410,Teiemumedarisuto,Female,,1992.03.06,Ashige,Tsuji Bokujou,Takezono Masatsugu,750000.0,6.0,0.0,1
0000702070,Taninomateiini,Male,,2000.05.23,Kage,Kantoriibokujou,Tanimizu Yuuzou,278122000.0,56.0,9.0,1
0000724199,Toreouobukingu,Male,,2001.03.20,Kage,Hamamoto Yukio,Chiba Masahito,78131000.0,49.0,10.0,1
0000736939,Mitsuwasukaihai,Male,,2002.02.28,Kage,Daieibokujou,Mizuno Yoshiteru,70626000.0,36.0,4.0,1
0000735494,Yamatosupurintaa,Male,,2002.03.27,Kurige,Shizunaishiraibokujou,Bandou Masako,41318000.0,17.0,3.0,1
0000739053,Sanraizubakkasu,Male,,2002.04.30,Kuroshikage,Yanagawabokujou,Matsuoka Takao,411476000.0,38.0,6.0,1
0000723355,Ajudimitsuoo,Male,,,,,,0.0,0.0,0.0,1
0000721593,Haginoberutenpo,Male,,2000.02.16,Kurige,"Morven Stud, Ltd.",Hinokuma Yoshie,156113000.0,53.0,7.0,1
0000702544,Toushougia,Male,,2000.06.03,Kage,Toushoubokujou,Toushousangyou (Kabu),242156000.0,38.0,11.0,1
0000760614,Denshamichi,Male,,2003.04.09,Kuroshikage,Taiheibokujou,Odagiri Yuuichi,91996000.0,33.0,4.0,1
0000453228,Iisutaa,Male,,1946年,Kurige,,,0.0,0.0,0.0,1
0000760208,Koiuta,Female,,2003.02.24 23歳,Tochikurige,Shadaifaamu,(Ari) Maekawakikaku,236292000.0,20.0,5.0,1
0000127829,Geiruwan,Male,,1980.04.26,Kage,Yamada Morio,Takahashi Takashihisashi,7363000.0,64.0,8.0,1
0000755013,Mainerusukatto,Male,,2003.05.10,Kuroshikage,Taiheibokujou,(Kabu) Sarabureddokurabu・Rafian,53360000.0,46.0,3.0,1
0000755488,Rinenyakushin,Male,,2003.03.22,Kage,Shiraibokujou,Toyama Mitsuo,24496000.0,31.0,2.0,1
0000752798,Burakkushadou,Male,,2003.04.08,Aoge,Kawakami Etsuo,Tahata Housatoshi,70825000.0,39.0,4.0,1
0000900048,Tooyooeepii,Male,,2003.05.28,Ashige,"David Houchin, Mrs. J. G. Jones Sr. & Eleanor Drake Rose Trust",(Ari) Tooyookurabu,35889000.0,37.0,2.0,1
0000760680,Nobowaarudo,Male,,2003.04.14,Kuroshikage,Kiyominebokujou,(Kabu) Ls.M,40452000.0,25.0,2.0,1
0000732901,Teiemudoragon,Male,,2002.04.10,Kage,Kamada Masatsugu,Takezono Masatsugu,290175000.0,17.0,5.0,1
0000733730,Onwaadoratouru,Female,,,,,,0.0,0.0,0.0,1
0000730517,Ain'Oosen,Male,,,,,,0.0,0.0,0.0,1
0000614219,Naisuarukangu,Male,,1999.05.01,Kuroshikage,Sasaki Naotaka,Maeda Han,15156000.0,41.0,6.0,1
0000745298,Samittoviru,Female,,2000.03.03,Kage,Chippenham Lodge Stud Ltd,Maunten・Hai・Paatonaashippu,0.0,1.0,0.0,1
0000920870,Ravaman,せん,,2001.03.20,Kuroshikage,"Lonnie Arterburn,Eve Kuhlmann & Kim Kuhlmann",J.Uddo,0.0,1.0,0.0,1
0000388866,Tappudei,Male,,1947年,Kage,,,0.0,8.0,2.0,1
0000284502,Ekisentorikku,せん,,,,,,0.0,0.0,0.0,1
0000743994,Happiitoumoroo,Male,,2000.05.16,Aoge,Dr. Hiram Polk & Dr. J. David Richardson,Maeda Kouji,134477000.0,50.0,6.0,1
0000872979,Arukasetto,Male,,,,,,0.0,0.0,0.0,1
0000861710,Uijaboodo,Female,,,,,,0.0,0.0,0.0,1
0000849057,Bago,Male,,2001.02.03 25歳,Kuroshikage,Suc. S. Niarchos,Niarukosu・Famirii,0.0,1.0,0.0,1
0000920868,Betaatookunau,せん,,1999.02.25,Kuroshikage,"Wimborne Farm, Inc.",Busshuuddoreeshingupaatonaa&Fse,0.0,1.0,0.0,1
0000851401,Kingusudorama,せん,,,,,,0.0,0.0,0.0,1
0000759682,Teiemupurikyua,Female,,2003.04.08 23歳,Kuroshikage,Taniguchibokujou,Takezono Masatsugu,204741000.0,37.0,4.0,1
0000853095,Shiikurettokoodo,Female,,2003.02.08,Tochikurige,Shadaifaamu,(Ari) Shadaireesuhoosu,31372000.0,8.0,1.0,1
0000762056,Fusaichipandora,Female,,2003.02.27,Kurige,Noozanfaamu,Sekiguchi Fusao,378113000.0,21.0,4.0,1
0000027810,Asahiraijingu,Female,,,,,,0.0,0.0,0.0,1
0000238960,Aisudooru,Female,,,,,,0.0,0.0,0.0,1
0000760936,Shieruzurei,Female,,2003.05.23,Ashige,Noozanfaamu,Kanekomasatohoorudingusu (Kabu),96711000.0,21.0,3.0,1
0000754124,Besutosutoorii,Female,,2003.04.05,Kage,Noozanfaamu,Tani Kensuke,10501000.0,26.0,3.0,1
0000759783,Burakkuchiitaa,Female,,2003.02.21,Aokage,Noozanfaamu,Yoshida Kazuko,8000000.0,6.0,1.0,1
0000758055,Kurinosupesharu,Female,,,,,,0.0,0.0,0.0,1
0000853178,Sachinosuiiteii,Female,,2003.04.04 23歳,Kage,Shinikuseibokujou,Satou Yukihiko,157648000.0,29.0,6.0,1
0000758772,Purachinaroozu,Female,,2003.05.13,Ashige,Meijibokujou,Sugiyama Mie,24259000.0,20.0,2.0,1
0000751676,Kiiretaa,Female,,,,,,0.0,0.0,0.0,1
0000722506,Sanbarentein,Male,,2001.03.09,Kurige,Noozanfaamu,Yoshida Katsumi,180944000.0,34.0,8.0,1
0000742625,Hokkoopadousha,Male,,2002.06.08,Kuroshikage,Katayama Mikio,Yabe Kouichi,246015000.0,53.0,7.0,1
0000759656,Fusaichirishaaru,Male,,2003.04.06,Ashige,Noozanfaamu,Sekiguchi Fusao,278782000.0,23.0,5.0,1
0000853099,Jarisukoraito,Male,,2003.02.22,Kurige,Runnymede Farm Inc. & Peter J. Callahan,Yoshida Kazumi,100512000.0,9.0,3.0,1
0000901646,Danonburie,Male,,2003.03.20,Kage,J. P. Coggan,(Kabu) Danokkusu,7000000.0,3.0,1.0,1
0000900064,Aporonosatori,Male,,,,,,0.0,0.0,0.0,1
0000761244,Resonaru,Male,,2003.02.04,Kage,Hidakataiyoubokujou,Kadono Shigeo,46876000.0,24.0,5.0,1
0000756135,Komanorukan,Male,,2003.02.21,Kage,Nishikawatomiokabokujou,Hasegawa Yoshinobu,60010000.0,14.0,4.0,1
0000759493,Fiirudokaizaa,Male,,2003.05.19,Kurige,Kasamatsubokujou,Chida Katsuzou,37000000.0,28.0,3.0,1
0000760182,Taniobugoorudo,Male,,2003.04.05,Kuroshikage,Seiranbokujou,Tani Kenji,49932000.0,37.0,2.0,1
0000760506,Feikufeisu,Male,,2003.04.10,Kage,Shimokoubebokujou,Yoshioka Jitsu,24718000.0,5.0,3.0,1
0000755450,Surokuhainesu,Female,,2003.03.04,Kage,Sanshainbokujou,(Ari) Teshio,8950000.0,15.0,1.0,1
0000755684,Daiwapasshon,Female,,2003.05.14 23歳,Kage,Tagami Minoru,Ooshiro Keizou,102575000.0,17.0,4.0,1
0000089154,Uesutanbiinasu,Female,,,,,,0.0,0.0,0.0,1
0000197210,Sazanbyuuteii,Female,,1987.05.30,Kage,Goushigaishakanetsubokujou,Asayama Kazutoyo,550000.0,7.0,0.0,1
0000757066,Arujienaa,Female,,,,,,0.0,0.0,0.0,1
0000901668,Guriinjuerii,Female,,,,,,0.0,0.0,0.0,1
0000762711,Goofaitouin,Female,,2003.04.06,Kage,Shadaifaamu,(Ari) Shadaireesuhoosu,23200000.0,14.0,2.0,1
0000761984,Fusaichipurumie,Female,,2003.04.16,Kage,Noozanfaamu,Sekiguchi Fusao,7000000.0,6.0,1.0,1
0000751714,Raputaru,Female,,2003.04.11,Kage,Hidakataiyoubokujou,Kadono Shigeo,8700000.0,21.0,1.0,1
0000762216,Mejiroanimaato,Female,,2003.04.05,Kuroshikage,Mejirobokujou,(Ari) Mejirobokujou,7000000.0,6.0,1.0,1
0000761790,Jirasoore,Female,,2003.04.13,Kage,Pakapakafaamu,Tanaka Haruo,9900000.0,21.0,1.0,1
0000762752,Paseteikkugooru,Female,,2003.04.06,Kuroshikage,Sotanouen,Tani Kensuke,7761000.0,43.0,5.0,1
0000756856,Jounonanshii,Female,,2003.04.15,Kurige,Mikibokujou,Ogawa Yoshikatsu,16845000.0,16.0,1.0,1
0000735646,Merushiieitaimu,Male,,2002.02.27,Kage,Tanaka Hiroyuki,Nagai Yasuo,433432000.0,44.0,6.0,1
0000730541,Rikiaigaisen,Male,,2001.03.05,Kage,Okadabokujou,Kouzan Yukio,22850000.0,29.0,1.0,1
0000761087,Sakuramegawandaa,Male,,2003.03.25,Kurige,Shinwabokujou,(Kabu) Sakurakomaasu,420094000.0,29.0,7.0,1
0000309394,Vikutoriiran,Male,,1996.04.06,Kurige,Hayatabokujouniikappushijou,Saitou Jitsu,928000.0,7.0,0.0,1
0000175502,Aperiteifu,Male,,,,,,0.0,0.0,0.0,1
0000758556,Hooman'Arashi,Male,,2003.04.03,Kurige,Koizumibokujou,Kubo Hirofumi,87817000.0,32.0,4.0,1
0000752819,Amanotorendii,Male,,,,,,0.0,0.0,0.0,1
0000762043,Niruvaana,Male,,2003.03.29,Kage,Oiwakefaamu,(Ari) Shadaireesuhoosu,141038000.0,39.0,6.0,1
0000761067,Tamamosapooto,Male,,2003.03.09,Kage,Tsushima Sei,Tamamo (Kabu),191260000.0,35.0,6.0,1
0000763065,Mainerusukerutsui,Male,,2003.02.17,Kage,Tomita Kyouji,(Kabu) Sarabureddokurabu・Rafian,281791000.0,42.0,5.0,1
0000755027,Cheriisutoomu,Male,,2003.03.22,Kurige,Sakatabokujou,Sakuraikurabu,10539000.0,4.0,1.0,1
0000759909,Yumenooora,Female,,2003.04.24,Kage,Tanakasutaddo,Iwase Masashi,71506000.0,31.0,3.0,1
0000755943,Guroriasuuiiku,Male,,,,,,0.0,0.0,0.0,1
0000756931,Machikanegenji,Male,,2003.04.02,Kuroshikage,Noozanfaamu,Hosokawa Masuo,69100000.0,28.0,3.0,1
0000614063,Kanetsutenbii,Female,,,,,,0.0,0.0,0.0,1
0000858067,Eishindoobaa,Male,,,,,,0.0,0.0,0.0,1
0000742498,Ofisaa,Male,,,,,,0.0,0.0,0.0,1
0000130935,Botanfuji,Female,,1980.05.09,Kage,Takenouchi Masamitsu,Horinonai Yoshinari,3706000.0,21.0,8.0,1
0000753285,Rojikku,Male,,2003.03.17,Kuroshikage,Takeda Shuuichi,Maeda Kouji,185942000.0,23.0,3.0,1
0000761319,Rimein'Obuzasan,Male,,2003.01.15,Kage,Shiraoifaamu,(Ari) Sandeereeshingu,61001000.0,24.0,3.0,1
0000762024,Mejiroshiringu,Male,,2003.04.17,Kurige,Mejirobokujou,(Ari) Mejirobokujou,93520000.0,40.0,5.0,1
0000761302,Ten'Eiyashaoo,Male,,2003.03.07,Kurige,Noujikumiaihoujin Kumasakakaihatsu,Kumasaka Tomijuosu,19930000.0,16.0,2.0,1
0000733209,Taganogerunika,Male,,2002.06.03,Kage,Tanigawabokujou,Yagi Ryouji,116288000.0,17.0,5.0,1
0000735500,Wairudowandaa,Male,,2002.03.19,Kuroshikage,Shizunaifujikawabokujou,Kusama Youbun,349584000.0,30.0,9.0,1
0000724774,Mainerubounotto,Male,,2001.03.01,Aokage,Hayashi Takashiteru,(Kabu) Sarabureddokurabu・Rafian,185267000.0,35.0,8.0,1
0000700748,Eepiifurasshu,Male,,,,,,0.0,0.0,0.0,1
0000616582,Baazerukingu,Male,,1999.01.23,Kurige,Hayatabokujouniikappushijou,Ichikawa Yoshimi,96065000.0,40.0,6.0,1
0000750250,Meishououte,Male,,2002.04.12,Kage,Shadaifaamu,Matsumoto Yoshio,104495000.0,24.0,5.0,1
0000701116,Nishinokonsafosu,Male,,2000.06.03,Kurige,Nishiyamabokujou,(Ari) Hoosukea,215914000.0,51.0,11.0,1
0000735005,Maiteisupuringu,Male,,2002.03.28,Kage,Reesuhoosu,Yoga Hijirikei,54508000.0,13.0,4.0,1
0000735151,Toosenhapinesu,Female,,2002.05.12,Kage,Okadasutatsudo,Shimakawa Takaya,46924000.0,22.0,4.0,1
0000735766,Viforute,Female,,2002.04.03 24歳,Kuroshikage,Chiyodabokujou,Kubota Yasushi,32769000.0,15.0,3.0,1
0000731533,Pojishonwan,Male,,2000.04.15,Kurige,"Needham/Betz, Hess, Elia & Werner",Ooyagi Nobuyuki,129005000.0,38.0,6.0,1
0000758624,Matchiresubaroo,Male,,2003.02.15,Kurige,Noozanfaamu,(Ari) Sandeereeshingu,63361000.0,12.0,4.0,1
0000900067,Burakkubaasupin,Male,,2003.04.06,Aoge,Arthur I. Appleton,Fujita Zaiko,162581000.0,26.0,5.0,1
0000756127,Marutakaaasaa,Male,,2003.05.06,Kage,Ekuserensufaamu,Yoshida Yasuo,14071000.0,24.0,1.0,1
0000759282,Maineruguroriasu,Male,,2003.04.12,Kage,Tanaka Harumi,(Kabu) Sarabureddokurabu・Rafian,14840000.0,15.0,1.0,1
0001371612,Mashiin,Male,,2023.02.28 3歳,Kage,Akitabokujou,Ishikawa Toorue,18590000.0,7.0,2.0,1
0000758891,Moerotakeshou,せん,,2003.03.25,Kuroshikage,Kimurabokujou,Isawa Eiichi,13194000.0,58.0,3.0,1
0000701528,Ruubensumemorii,Male,,2000.04.19,Kage,Shadaifaamu,(Ari) Shadaireesuhoosu,144804000.0,40.0,6.0,1
0000760868,Doriimupasupooto,Male,,2003.03.14,Aokage,Shiraoifaamu,Sezonreesuhoosu (Kabu),460789000.0,22.0,3.0,1
0000760084,Meishousamuson,Male,,2003.03.07,Kage,Hayashi Takashiteru,Matsumoto Yoshio,1065949000.0,26.0,9.0,1
0000757705,Adomaiyamein,Male,,,,,,0.0,0.0,0.0,1
0000753088,Kurafutomiraaju,Male,,,,,,0.0,0.0,0.0,1
0000760700,Faingurein,Male,,2003.03.07,Kuroshikage,Shadaifaamu,(Ari) Shadaireesuhoosu,290264000.0,30.0,5.0,1
0000901660,Asutaatorippii,Male,,,,,,0.0,0.0,0.0,1
0000760313,Kenburijjireeza,Male,,2003.03.07,Aoge,Hidakafuaamu,Nakanishi Hiroaki,108381000.0,41.0,4.0,1
0000756430,Taninoberiini,Male,,2003.03.05,Kurige,Kantoriibokujou,Tanimizu Yuuzou,25323000.0,15.0,1.0,1
0000753621,Fuyunongaruu,Male,,2003.04.10,Kuroshikage,Sanshainbokujou,Date Taimei,41391000.0,34.0,1.0,1
0000899708,Machikanetamakazura,Female,,2003.03.04 23歳,Kurige,"Winstar Farm, Llc",Hosokawa Masuo,38706000.0,17.0,2.0,1
0000760027,Waikyuubu,Female,,2003.03.18 23歳,Kurige,Okadasutatsudo,Hara Reiko,70287000.0,21.0,4.0,1
0000761824,Puriteitayasu,Female,,2003.03.11,Kurige,Kyouyuubokujou,Yokose Kenji,43002000.0,25.0,3.0,1
0000759488,Hanedatenshi,Female,,2003.02.25,Kage,Shiraoifaamu,Suzuki Toshi,60833000.0,33.0,3.0,1
0000762741,Rubiirejiendo,Female,,2003.03.05,Kurige,Noozanfaamu,Yoshida Katsumi,22844000.0,10.0,2.0,1
0000758654,Marukaaichan,Female,,2003.04.03,Kurige,Shadaifaamu,Kawachousangyou (Kabu),23942000.0,13.0,2.0,1
0000753200,Mikkiikomando,Female,,2003.04.25 23歳,Kage,Tagami Katsuo,Miki Hisashi,25694000.0,15.0,2.0,1
0000260307,Gettauei,Female,,1992.04.30,Kage,Shibata Setsuko,Shimada Tarou,0.0,2.0,0.0,1
0000901636,Mirukukuraun,Female,,2003.04.28 23歳,Kurige,Robert Schaedle,Yoshida Chizu,17904000.0,19.0,1.0,1
0000242569,Chaamudansu,Female,,1991.04.08,Kage,Sawada Yoshitaka,Tochimoto Jitsu,755000.0,7.0,0.0,1
0000880182,Sutekishinsukekun,Male,,2003.03.10,Kage,Monticule,Sakae Yoshinori,168313000.0,31.0,4.0,1
0000762948,Adomaiyadiino,Male,,,,,,0.0,0.0,0.0,1
0000901749,Kinshasanokiseki,Male,,,,,,0.0,0.0,0.0,1
0000755445,Shiteibosu,Male,,2003.04.13,Kage,Arakifuaamu,Nakajima Minoru,54330000.0,101.0,9.0,1
0000900068,Reddobaasupin,Male,,2003.02.17,Kurige,W. G. Lyster Iii,Fujita Yoshiotoko,25070000.0,15.0,2.0,1
0000758693,Meishoufuurai,Male,,2003.03.08,Kurige,Terakoshi Masayuki,Matsumoto Yoshio,25970000.0,34.0,2.0,1
0000758508,Perii,Male,,2003.05.02,Ashige,Saitousutaddo,(Kabu) Waarudo・Paamu,47263000.0,42.0,6.0,1
0000754089,Toppuontaafu,Male,,2003.03.31,Kage,Narashinobokujou,Ishii Tarou,7740000.0,18.0,1.0,1
0000761807,Sefuteibaaningu,Male,,2003.04.28,Kage,Shimokoubebokujou,Zatsuko Takao,14640000.0,31.0,2.0,1
0000852262,Kosumoshindoraa,Male,,2002.08.28,Kuroshikage,"Gainsborough Stud (Australia) Pty Ltd, Arrowfield Group Pty Ltd",Suzuki Yoshio,107936000.0,41.0,7.0,1
0000727161,Nishinodeyuu,Male,,2001.03.21,Aokage,Nishiyamabokujou,(Ari) Hoosukea,129192000.0,50.0,6.0,1
0000756830,Adomaiyakissu,Female,,,,,,0.0,0.0,0.0,1
0000754116,Uinshinshia,Female,,,,,,0.0,0.0,0.0,1
0000127608,Ritorubureibu,Female,,1980.04.25,Kuroshikage,Nomura Masanobu,Abe Masako,0.0,0.0,0.0,1
0000760694,Suteramadoreedo,Female,,2003.04.28 23歳,Kage,Sotanouen,Gotou Shigeki,43057000.0,22.0,3.0,1
0000763028,Tatchizapiiku,Female,,2003.02.10,Aokage,Shadaifaamu,(Ari) Shadaireesuhoosu,44172000.0,18.0,3.0,1
0000762196,Supanisshusouru,Female,,2003.04.08,Kage,Hidakataiyoubokujou,Yagi Ryouji,58883000.0,32.0,3.0,1
0000757382,Mayarabuhaato,Female,,2003.05.01,Kurige,Ichikawafuaamu,(Ari) Mano,26918000.0,27.0,2.0,1
0000901723,Purinsesudezaia,Female,,2003.05.04,Kage,Rockhart Trading Ltd,Hirooreesu (Kabu),7000000.0,18.0,1.0,1
0000759117,Purimuroozuhiru,Female,,2003.02.09,Kage,Shimokoubebokujou,(Ari) Shimokoubebokujou,29157000.0,15.0,3.0,1
0000757577,Yamatomarion,Female,,2003.03.23 23歳,Kage,Shizunaishiraibokujou,Bandou Masako,230908000.0,36.0,6.0,1
0000762603,Sarutoriigaaru,Female,,2003.03.22,Aoge,Muratabokujou,(Ari) Taafu・Supooto,9800000.0,12.0,1.0,1
0000256031,Hitorimusume,Female,,1992.05.13,Kuroshikage,Satou Yoshiharu,Morimoto Yuutarou,6219000.0,32.0,2.0,1
0000217980,Sakurageiru,Male,,1989.05.30,Kage,Kuwata Shouichi,Takiguchi Mitsuo,0.0,0.0,0.0,1
0000733861,Oosumigurasuwan,Male,,,,,,0.0,0.0,0.0,1
0000726532,Kosumotenashasu,Male,,2001.05.21,Kage,Yoshidabokujou,(Ari) Biggureddofaamu,105956000.0,56.0,5.0,1
0000730052,Barutofonten,Male,,2001.04.17,Kage,Noboribetsukamimizubokujou,Yoshihashi Kei,74908000.0,31.0,5.0,1
0000725285,Kanetoshipurosupaa,Male,,,,,,0.0,0.0,0.0,1
0000714133,Tagajooshatoru,せん,,2000.04.15,Kurige,Narashinobokujou,Yamada Kazuo,50556000.0,33.0,2.0,1
0000734037,Buraiansukii,せん,,2002.04.07,Kage,Noomote Toshikazu,Naruto Yuuichi,15367000.0,18.0,1.0,1
0000618734,Haginovarukan,Male,,1999.05.07,Kuroshikage,Murashita Akihiro,Yasuoka Mitsuko,29200000.0,20.0,2.0,1
0000703177,Fuyuuchagyangu,Male,,2000.05.30,Kage,Keiaifuaamu,(Kabu) Teiieichi,32010000.0,28.0,2.0,1
0000753548,Taganobasuteiiyu,Male,,2003.04.10,Kage,Sakuraibokujou,Yagi Ryouji,85392000.0,28.0,3.0,1
0000762712,Reddosupurendaa,Male,,2003.01.23,Kage,Noozanfaamu,(Ari) Kyarottofaamu,30782000.0,16.0,2.0,1
0000119042,Kosumorubii,Female,,1979.05.04,Kuroshikage,Tagamibokujou,Hakuchou Masahiko,0.0,1.0,0.0,1
0000759544,Suupaawashinton,Male,,2003.04.12,Kage,Motosu Atsushi,Satou Hiroki,107180000.0,99.0,10.0,1
0000755513,Toshizasansan,Female,,2003.03.18,Ashige,Urakawakobayashibokujou,Kamimura Kanou,40657000.0,14.0,3.0,1
0000899759,Puriteikaugaaru,Female,,2003.01.20,Kurige,Craig Bandoroff & Barry Weisbord,Yoshida Chizu,11700000.0,9.0,1.0,1
0000761171,Namuraatorantesu,Male,,2003.04.11,Kurige,Urushihara Tetsuo,Namura Nobushige,98914000.0,27.0,5.0,1
0000762690,Nanyoonosaga,Female,,2003.05.31,Kuroshikage,Sasajima Masanobu,Nakamura Tokuya,41356000.0,18.0,3.0,1
0000756454,Baronhaabaa,Male,,2003.04.20,Kurige,Nibutanifaamu,Tanaka Hiroyuki,32420000.0,28.0,3.0,1
0000759972,Taiseiatomu,Male,,2003.03.23,Kage,Shimadabokujou,Tanaka Seihou,153408000.0,34.0,6.0,1
0000735690,Miyabikirara,Female,,2002.05.23,Kage,Taharahashimotobokujou,Murakami Yoshikatsu,46526000.0,16.0,3.0,1
0000743096,Purinsesugureesu,Female,,2002.03.21,Kage,Noozanfaamu,Kondou Eiko,35527000.0,10.0,3.0,1
0000757509,Yamanin'Emaiyu,Female,,2003.05.18,Kage,Nishikiokabokujou,Tsuchii Hajime,149794000.0,55.0,6.0,1
0000762114,Kanoyazamirakuru,Female,,,,,,0.0,0.0,0.0,1
0000759236,Tsurumitouinkuru,Female,,2003.04.30,Kage,Nobuokabokujou,(Ari) Tsurumihoosu,38050000.0,31.0,3.0,1
0000754548,Fuminosachihime,Female,,2003.05.05,Kurige,Taniguchibokujou,Tani Ni,71140000.0,31.0,4.0,1
0000757741,Sanvikutowaaru,Female,,2003.02.22,Tochikurige,Noozanfaamu,(Ari) Sandeereeshingu,27115000.0,9.0,2.0,1
0000762059,Teiemuhisui,Female,,2003.01.27 23歳,Kage,Tsuji Bokujou,Takezono Masatsugu,36665000.0,25.0,2.0,1
0000752575,Senpatsutomo,Female,,2003.05.20,Kage,Hatakeyamabokujou,Hashimoto Hiroko,11690000.0,9.0,7.0,1
0000752219,Kisutouhevun,Female,,,,,,0.0,0.0,0.0,1
0000761615,Buruumenburatto,Female,,2003.02.20 23歳,Kuroshikage,Noozanfaamu,(Ari) Kyarottofaamu,349536000.0,24.0,8.0,1
0000757769,Orion'Onsaito,Female,,,,,,0.0,0.0,0.0,1
0000751368,Enjieruroobu,Female,,,,,,0.0,0.0,0.0,1
0000756016,Matsuridaaateisu,Female,,2003.03.13,Aokage,Tsutsumibokujou,Matsui Michitoshi,11423000.0,42.0,3.0,1
0000753503,Byuuteiipaaru,Female,,2003.03.30,Kuroshikage,Kasamatsubokujou,Suijou Yukio,10424000.0,13.0,1.0,1
0000755284,Ajianteikku,Female,,,,,,0.0,0.0,0.0,1
0000757790,Burooobusandaa,Female,,2003.04.27,Kage,Noozanfaamu,Yoshida Katsumi,25100000.0,14.0,3.0,1
0000755979,Daiwaondiinu,Female,,2003.05.20,Ashige,Noozanfaamu,Ooshiro Keizou,56916000.0,31.0,4.0,1
0000755267,Tamamaria,Female,,2003.05.29,Aokage,Saitou Angyou,Tamai Tsurue,12630000.0,9.0,1.0,1
0000249089,Mona,Female,,1991.05.26,Kuroshikage,Hamaguchibokujou,Hayashi Sakuichi,2030000.0,2.0,1.0,1
0000756923,Efuseikoo,Male,,,,,,0.0,0.0,0.0,1
0000762641,Moeresooburazzu,Male,,2003.03.22,Aokage,Shiraoifaamu,(Ari) Jasuteisu,46170000.0,45.0,7.0,1
0000762003,Toohouaran,Male,,2003.04.16,Kurige,Maekawa Masami,Touhoubussan (Kabu),214172000.0,19.0,5.0,1
0000754419,Sekisanfuji,Male,,2003.06.06,Aoge,Sasajima Masanobu,Kobayashi Kachi,36039000.0,26.0,2.0,1
0000243824,Toushoushirokko,Male,,1991.05.21,Kurige,Toushiyoubokujou,Kondou Sadatarou,17096000.0,69.0,10.0,1
0000755989,Interetto,Male,,,,,,0.0,0.0,0.0,1
0000756388,Maineruarabansa,Male,,2003.04.24,Kage,Shizunaishiraibokujou,Tamada Hiroshi,85823000.0,34.0,10.0,1
0000754143,Toppuobutsuyoshi,Male,,2003.03.27,Kage,Noozanfaamu,Yokose Kenji,137712000.0,40.0,5.0,1
0000761538,Maineruporaito,Male,,2003.05.31,Kage,Shimoyashikibokujou,(Kabu) Sarabureddokurabu・Rafian,141784000.0,34.0,5.0,1
0000755586,Eishintenryuu,Male,,,,,,0.0,0.0,0.0,1
0000756832,Teyuudaaroozu,Male,,2003.04.04,Kurige,Noozanfaamu,(Ari) Sandeereeshingu,37037000.0,9.0,3.0,1
0000900060,Fusaichigigadaiya,Male,,2003.03.24,Kage,Classicstar,Sekiguchi Fusao,68919000.0,31.0,7.0,1
0000761249,Taganoesuperansa,Male,,2003.06.01,Kage,Etsumizuumibokujou,Yagi Ryouji,57610000.0,39.0,4.0,1
0000761935,Purezantouindo,Male,,2003.05.31,Kage,Shiraoifaamu,(Ari) Sandeereeshingu,20100000.0,15.0,2.0,1
0000755484,Guddofuromaaju,Male,,,,,,0.0,0.0,0.0,1
0000724926,Rakkiibureiku,Male,,2001.04.05,Kage,Shimokoubebokujou,Matsuoka Takao,216550000.0,50.0,6.0,1
0000852730,Iburon,Male,,,,,,0.0,0.0,0.0,1
0000899710,Doragon'Ueruzu,Male,,2003.04.22,Kage,Kilroy Thoroughbred Partnership,Kubota Yasushi,142031000.0,30.0,5.0,1
0000756867,Kuresukowandaa,Male,,,,,,0.0,0.0,0.0,1
0000320405,Karaji,せん,,,,,,0.0,0.0,0.0,1
0001088990,Maarosu,せん,,2008.03.14,Kurige,Okitabokujou,(Ari) Hoosukea,392000.0,14.0,0.0,1
0000899550,Fontera,せん,,1998.10.24,Kage,Mrs Y J Cavanagh,M.Oriirii,7286000.0,4.0,0.0,1
0000762016,Fusaichijanku,Male,,2003.03.26,Aokage,Shadaifaamu,Sekiguchi Fusao,89094000.0,16.0,4.0,1
0000298704,Naiagara,Male,,1995.04.24,Kurige,Sakaibokujou,Fujino Makototou,0.0,3.0,0.0,1
0000754093,Kyaputenbega,Male,,,,,,0.0,0.0,0.0,1
0000742603,Rofuteiieimu,Female,,2002.03.18,Kage,Oiwakefaamu,(Ari) Sandeereeshingu,112087000.0,26.0,3.0,1
0000165938,Ten'Imuhou,Female,,1984.05.09,Kage,Fujimoto Fukui,(Kabu) Uin,11840000.0,23.0,0.0,1
0000736548,Shufuruuru,Female,,2002.02.15,Kage,Katsukawabokujou,Usuda Hiroyoshi,149566000.0,40.0,9.0,1
0000735280,Taninorooze,Female,,2002.04.26,Kurige,Kantoriibokujou,Tanimizu Yuuzou,64892000.0,28.0,4.0,1
0000757977,Buronkoone,Female,,2003.03.27,Kage,Chiyodabokujou,Iida Sei,27084000.0,6.0,1.0,1
0000754970,Akurosuzaheibun,Female,,,,,,0.0,0.0,0.0,1
0000753707,Hooriimisuto,Female,,2003.05.16,Kuroshikage,Shiraoifaamu,(Ari) Shadaireesuhoosu,25450000.0,18.0,1.0,1
0000091427,Mirukiiuei,Female,,1976.04.28,Kage,Funakoshi Hasshuubun,Fujimoto Yoshiaki,1100000.0,1.0,0.0,1
0000758586,Mejirorarugo,Female,,2003.02.26,Aokage,Mejirobokujou,(Ari) Mejirobokujou,23340000.0,14.0,2.0,1
0000761368,Houshourubii,Female,,2003.03.18,Kage,Tokyo Thoroughbred Bureau,Haga Yoshitaka,59893000.0,22.0,4.0,1
0000153649,Haginopurinsesu,Female,,1982.06.03,Kuroshikage,Oota Hiroyuki,Houri Yasuo,532000.0,9.0,1.0,1
0000901671,Suiitoroorerai,Female,,2003.02.08,Ashige,Takahiro Wada,Shinboribokujou,18037000.0,19.0,1.0,1
0000754261,Roranramuuru,Female,,2003.05.21,Kurige,Oonishibokujou,Shiokawa Kazunori,29959000.0,18.0,3.0,1
0000753152,Batorusakuyabime,Female,,2003.06.03,Kuroshikage,Shiraoifaamu,Miyagawa Akinobu,72565000.0,37.0,3.0,1
0000796715,Fifuteiiwanaa,せん,,2002.05.10,Kuroshikage,Mr. & Mrs. George S Hofmeister,(Ari) Kyarottofaamu,144151000.0,13.0,6.0,1
0000734631,Fiirudoruuju,Male,,2002.04.27,Kage,Nakada Hideki,Chida Katsuzou,370010000.0,30.0,9.0,1
0000702940,Biggudon,Male,,2000.04.05,Kage,Maakuribokujou,Higashiyama Kunisakae,150708000.0,83.0,20.0,1
0000742574,Hikaruuisshu,Male,,2002.04.17,Kage,Unayamabokujou,Takahashi Hikari,93657000.0,15.0,5.0,1
0000760197,Misutorarukuruuzu,Male,,2003.02.18,Kage,Oiwakefaamu,(Ari) Sandeereeshingu,96541000.0,27.0,4.0,1
0000762475,Torofiidiiru,Male,,2003.04.13,Kage,Pakapakafaamu,Aoyama Youichi,117824000.0,38.0,6.0,1
0000761465,Barubaro,Male,,2003.02.08,Kage,Noozanfaamu,Kanekomasatohoorudingusu (Kabu),41434000.0,23.0,3.0,1
マイネルシュピール,Mainerushupiiru,Male,,,,,,,,,1
0000758219,Magumanooberu,Male,,2003.04.03,Kage,Kawabata Masahiro,Kohara Gan,16540000.0,18.0,3.0,1
0000762037,Kopanokachidoki,Male,,2003.05.31,Kage,Yanagawabokujou,Kobayashi Sachiaki,55050000.0,57.0,9.0,1
0000757971,Zettokomandaa,Male,,2003.03.07,Kuroshikage,Hara Nobuyuki,Yamamoto Shigeru,57100000.0,50.0,4.0,1
0000761223,Rooreruerudorado,Male,,2003.03.03,Kage,Tabatafaamu,(Kabu) Roorerureeshingu,16800000.0,21.0,2.0,1
0000726757,Toukaikamukamu,Male,,2001.05.04,Kurige,Biratoribokujou,Uchimura Seisoku,122731000.0,18.0,6.0,1
0000760204,Aerooza,Male,,,,,,0.0,0.0,0.0,1
0000761150,Erimoekusupaia,Male,,,,,,0.0,0.0,0.0,1
0000917918,Seresukei,Male,,2003.03.18,Kage,Hillcrest Farm Equine Holdings Llc,Oka Kouji,89582000.0,36.0,5.0,1
0000760038,Taninodikidiki,Male,,2003.05.15,Kage,Kantoriibokujou,Tanimizu Yuuzou,100864000.0,42.0,4.0,1
0000760562,Ookiddokooto,Male,,,,,,0.0,0.0,0.0,1
0000762916,Moerefiirudo,Male,,2003.04.25,Kage,Nakamura Kazuo,Nomoto Toshiko,68168000.0,44.0,8.0,1
0000901673,Seresudainamikku,Male,,2003.04.08,Kuroshikage,Stonyfield Farm,Yamaguchi Atsushikou,63684000.0,56.0,4.0,1
0000760745,Yuukaajinaru,Male,,2003.03.28,Aokage,Kawakami Etsuo,(Kabu) Aitetsu,31043000.0,24.0,3.0,1
0000700307,Supuringugento,Male,,2000.04.30,Kage,Hori Hiroyasu,Katou Haruo,351941000.0,50.0,10.0,1
0000728101,Fantomusuzuka,Male,,2001.01.31,Kurige,Tsuji Bokujou,Nagai Keiji,77251000.0,27.0,1.0,1
0000232245,Mauntofonten,Male,,,,,,0.0,0.0,0.0,1
0000283771,Rabuafeaa,Male,,1994.05.31,Kurige,Noomote Minoru,Sasaki Akira,2715000.0,29.0,2.0,1
0000288563,Banjooburuu,Male,,1994.04.14,Kuroshikage,Ikemotobokujou,Hanjou Satoshi,2614000.0,28.0,2.0,1
0000726095,Wandaatafunesu,せん,,2001.03.22,Kage,Takagishi Setsuo,Yamamoto Nobuyuki,18600000.0,26.0,2.0,1
0000722221,Agunesurazuberi,Female,,,,,,0.0,0.0,0.0,1
0000759762,Kawakamipurinsesu,Female,,,,,,0.0,0.0,0.0,1
0000756317,Kiipuyuasumairu,Female,,,,,,0.0,0.0,0.0,1
0000755186,Yamaninfabyuru,Female,,2003.03.06 23歳,Kurige,Nishikiokabokujou,Tsuchii Hajime,37752000.0,20.0,2.0,1
0000165638,Suupaachansu,Male,,1984.04.30,Kage,Chiyodabokujou,Yoshinaga Kyuushuuotoko,42736000.0,75.0,3.0,1
0000003951,Reddosutoon,Male,,1955.05.14,Kurige,,Nagasawa,599000.0,13.0,1.0,1
0000219230,Passhingumaaku,Male,,1989.05.30,Kage,Hirayamabokujou,Maeda Shinji,23078000.0,11.0,9.0,1
0000270049,Ekusupuroito,Male,,,,,,0.0,0.0,0.0,1
0000750794,Gureetoboyaaju,Male,,,,,,0.0,0.0,0.0,1
0000760081,Naikiaasuwaaku,Male,,2003.03.28,Kurige,Chiyodabokujou,Ono Seiji,80688000.0,15.0,3.0,1
0000762371,Fiirudooashisu,Male,,2003.03.26,Kage,Shadaifaamu,Yoshida Teruya,107949000.0,26.0,4.0,1
0000755946,Sairentopuraido,Male,,2003.03.03,Kurige,Shadaifaamu,(Ari) Shadaireesuhoosu,219168000.0,24.0,8.0,1
0000761992,Banbuueeru,Male,,2003.04.05 23歳,Kurige,Banbuubokujou,(Ari) Banbuubokujou,346722000.0,24.0,10.0,1
0000757352,Atesuto,Male,,,,,,0.0,0.0,0.0,1
0000761979,Taganoarusarudi,Male,,2003.02.22,Kurige,Hikarubokujou,Yagi Ryouji,29732000.0,20.0,2.0,1
0000900071,Marutaazumasshibu,Male,,2003.02.02,Kage,Harold Queen,Fujita Zaiko,63281000.0,29.0,4.0,1
0000752934,Mainerusupaakuru,Male,,2003.04.27,Aokage,Kawabatabokujou,(Kabu) Sarabureddokurabu・Rafian,38882000.0,34.0,3.0,1
0000179794,Yuuwaharikeen,Male,,1985.05.24,Kuroshikage,Araibokujou,(Kabu) Yuuwa,8000000.0,5.0,1.0,1
0000900052,Hannafureguransu,Female,,2003.03.30,Kuroshikage,Sharon A. Maloney,Kubota Yasushi,15600000.0,19.0,2.0,1
0000756804,Uootaaporo,Male,,,,,,0.0,0.0,0.0,1
0000999210,Joifuruuinaa,せん,,2000.10.03,Kuroshikage,F.Farooq,K.Kon,25540000.0,2.0,0.0,1
0000241279,Zadeyuuku,せん,,1991.06.18,Kuroshikage,Hattoribokujou,Kawanishi Toshio,680000.0,11.0,0.0,1
0000738763,Buruuarupain,Male,,2002.03.13,Kage,Fujimoto Naohiro,(Kabu) Buruumanejimento,59430000.0,16.0,3.0,1
0000614241,Aatoreeta,Male,,,,,,0.0,0.0,0.0,1
0000284554,Fainpiiku,Male,,1994.05.09,Kage,Taniguchibokujou,Takada Hisanari,0.0,2.0,0.0,1
0000220981,Sateraitoeesu,せん,,1989.03.29,Kage,Hashimoto Choku,Baba Eihan,0.0,0.0,0.0,1
0000263089,Wairudoshauto,Male,,1992.04.03,Kage,Gainesway Thoroughbreds Limited,Satou Toshio,7955000.0,14.0,1.0,1
0000725404,Shinboriesukeepu,Male,,2001.05.13,Ashige,Wadanourin(Ari),Wada Takahiro,159076000.0,26.0,7.0,1
0000735255,Buruufurankaa,Male,,2002.04.03,Kage,Kataokabokujou,(Kabu) Buruumanejimento,135189000.0,30.0,7.0,1
0000758727,Uinrejiendo,Male,,,,,,0.0,0.0,0.0,1
0000757994,Soriddopurachinamu,Female,,2003.04.30,Kuroshikage,Hashimotobokujou,(Kabu) Hidaka・Buriidaazu・Yunion,119797000.0,26.0,3.0,1
0000735202,Sanreijasupaa,Female,,2002.05.04,Kage,Okanobokujou,Nagai Keiji,172723000.0,43.0,4.0,1
0000730353,Mariavareria,Female,,2001.04.18,Aokage,Noozanfaamu,(Ari) Sandeereeshingu,41157000.0,12.0,5.0,1
0000707829,Toukairabu,Female,,2000.04.21,Kage,Fukumitsubokujou,Uchimura Seisoku,100013000.0,43.0,5.0,1
0000760831,Songuobuuindo,Male,,2003.02.20,Aokage,Oiwakefaamu,(Ari) Shadaireesuhoosu,207438000.0,10.0,3.0,1
0000761646,Yukinoasakaze,Male,,2003.04.21,Kurige,Narashinobokujou,Baba Yukihiro,49169000.0,22.0,4.0,1
0000757391,Mainetoppuredi,Female,,2003.02.26,Kage,Kamishimabokujou,(Kabu) Sarabureddokurabu・Rafian,26503000.0,21.0,2.0,1
0000758656,Asakusazettoki,Male,,,,,,0.0,0.0,0.0,1
0000762602,Pisanobankisshu,Male,,2003.04.11,Kage,Shimokoubebokujou,Ichikawa Yoshimi,44193000.0,23.0,3.0,1
0000209923,Biinasurain,Female,,1988.03.28,Kage,Yamada Masahiro,Ankura Toshihide,8705000.0,68.0,6.0,1
0000749469,Shiikinguzabesuto,Male,,2001.05.21,Kuroshikage,Britton House Stud Ltd,Yoshida Kazuko,208266000.0,21.0,9.0,1
0000705879,Zennosutoraikaa,Male,,2000.05.23,Kurige,Satou Nobuhiro,Oosako Kumiko,158710000.0,34.0,7.0,1
0000753334,Marinfesuta,Female,,2003.05.20,Kage,Amoubokujou,Yamada Hirohito,76943000.0,31.0,3.0,1
0000273948,Daiwamenfisu,Male,,1993.05.03,Kage,Meijibokujou,Yamatoshouji (Kabu),0.0,2.0,0.0,1
0000708861,Chiazuhikari,Female,,2000.04.28,Kage,Tanaka Harumi,Kitamura Kiyoko,62543000.0,31.0,5.0,1
0000232545,Koueitorai,Female,,1990.03.27,Ashige,Nittankamimizubokujou,Itou Masakiyo,5810000.0,8.0,0.0,1
0000736606,Kingujoi,Male,,,,,,0.0,0.0,0.0,1
0000182922,Mogaribue,Male,,1985.02.13,Kage,Sawai Hideo,Kakuda Tetsuo,8527000.0,98.0,4.0,1
0000729756,Noborihautsuu,Male,,2001.04.17,Kurige,Hidakataiyoubokujou,Harada Yutaka,155203000.0,50.0,7.0,1
0000613438,Safuranburizaado,Male,,1999.05.27,Kuroshikage,Takahashi Kei,Unabara Seiichi,54031000.0,45.0,4.0,1
0000703501,Shinwainzadaaku,Male,,2000.03.17,Kage,Honkiribokujou,Wakao Shouichi,50610000.0,27.0,4.0,1
0000211753,Mayanoraijin,Male,,1988.03.23,Kuroshikage,Takeuchi Sei,Tadokoro Suke,3800000.0,2.0,0.0,1
0000708362,Daitakuarubin,Male,,2000.03.20,Kuroshikage,Masa Bokujou,Kobayashi Masashi,124332000.0,62.0,6.0,1
0000731683,Naikigeruman,Male,,2000.02.27,Kage,John Hettinger,Ono Seiji,92462000.0,35.0,4.0,1
0000727948,Uindigunitei,Male,,,,,,0.0,0.0,0.0,1
0000798786,Nishinochaamii,Female,,2004.03.08,Kurige,Nishiyamabokujou,Nishiyama Shigeyuki,39560000.0,4.0,2.0,1
0000805347,Roorerugereiro,Male,,2004.05.03,Aokage,Muratabokujou,(Kabu) Roorerureeshingu,482480000.0,28.0,5.0,1
0000801217,Sharutoryuuzu,Female,,2004.03.13,Kuroshikage,Sanshainbokujou,Date Taimei,18105000.0,17.0,1.0,1
0000800851,Mainingugoorudo,Male,,2004.02.19,Kurige,Gurandobokujou,(Ari) Hoosukea,49893000.0,98.0,8.0,1
0000800835,Sharurottonoaru,Female,,2004.02.04 22歳,Kuroshikage,Noozanfaamu,(Ari) Sandeereeshingu,15651000.0,7.0,1.0,1
0000799949,Inpaafekuto,Male,,,,,,0.0,0.0,0.0,1
0000802284,Jangurutekuno,Male,,2004.05.10,Kage,Noozanfaamu,(Ari) Sandeereeshingu,65934000.0,34.0,3.0,1
0000986520,Kongoudaioo,Male,,2004.02.28,Kage,"Redmyre Bloodstock, P. Molony And Card Bloodstock",Kaneoka Hisao,52914000.0,23.0,2.0,1
0000986521,Zettokaaku,Male,,2004.02.22,Kage,Chippenham Lodge Stud Ltd,Toukou Akiumi,90785000.0,65.0,7.0,1
0000797552,Maineperoora,Female,,2004.03.31,Kage,Biggureddofaamu,Kondou Isshou,7015000.0,17.0,1.0,1
0000807480,Uinkuruuinaa,Female,,,,,,0.0,0.0,0.0,1
0000807869,Maineshanzerize,Female,,2004.04.13,Kurige,Sugatabokujou,(Kabu) Sarabureddokurabu・Rafian,7000000.0,8.0,1.0,1
0000806894,Modesuteii,Female,,2004.03.30,Kage,Jouchi Kiyoshiman,Konda Kikuo,10126000.0,40.0,2.0,1
0000986573,Eeshindaamusun,Male,,,,,,0.0,0.0,0.0,1
0000807221,Gaaruzupoppu,Female,,,,,,0.0,0.0,0.0,1
0000807858,Eishin'Itten,Male,,,,,,0.0,0.0,0.0,1
0000725487,Ribon'Aato,Female,,2001.06.01,Aokage,Shadaifaamu,(Ari) Shadaireesuhoosu,99504000.0,30.0,6.0,1
0000611464,Keiesusutorongu,Male,,1999.05.04,Kage,Okanobokujou,Takada Kika,72987000.0,74.0,4.0,1
0000757062,Madonnaburaboo,Female,,2003.03.05,Kage,Miyauchibokujou,(Ari) Miyauchibokujou,31044000.0,37.0,3.0,1
0000727155,Nishinohebunzudoa,Male,,2001.04.25,Kuroshikage,Nishiyamabokujou,(Ari) Hoosukea,50754000.0,31.0,2.0,1
0000617780,Yuuwakingusuton,せん,,1999.04.27,Kage,Tagamifaamu,(Kabu) Yuuwaraidingu,75669000.0,38.0,4.0,1
0000750271,Sandaarooru,Male,,2002.05.07,Kage,Shadaifaamu,(Ari) Shadaireesuhoosu,53126000.0,27.0,1.0,1
0000326993,Bureebuteikku,Male,,1998.04.11,Kage,Nakayamabokujou,(Ari) Nakayamabokujou,65765000.0,50.0,4.0,1
0000742962,Zafasutesuto,Male,,2002.03.17,Kage,Noozanfaamu,Usuda Hiroyoshi,19300000.0,20.0,2.0,1
0000702475,Miyabiperuseusu,Male,,2000.03.12,Kurige,Chiyodabokujou,Murakami Yoshikatsu,206587000.0,62.0,8.0,1
0000701538,Danshinriborubaa,せん,,2000.03.31,Kage,Shadaifaamu,Yoshida Teruya,37732000.0,24.0,1.0,1
0000613472,Toukaibureen,せん,,1999.04.03,Kage,Biratoribokujou,Uchimura Seisoku,20357000.0,22.0,4.0,1
0000737105,Yamaninmerubeiyu,Female,,2002.02.18 24歳,Kurige,Nishikiokabokujou,Tsuchii Hajime,224094000.0,34.0,7.0,1
0000727620,Sooyuafurosuto,Male,,2001.04.16,Kage,Chiyodabokujou,Sasaki Yuuji,115123000.0,41.0,8.0,1
0000702840,Tsurugaokahayate,せん,,2000.04.09,Kuroshikage,Fujiwarabokujou,Matsumoto Kanekichi,128431000.0,38.0,7.0,1
0000796718,Moazanbesuto,Female,,2002.04.25 24歳,Kage,Dr. Masatake Iida,Iida Masako,50436000.0,14.0,4.0,1
0000737176,Dansuobusarome,Female,,2002.02.18,Kurige,Hayatabokujouniikappushijou,Kadono Shigeo,81080000.0,32.0,4.0,1
0000325276,Samusonhappii,Male,,1998.03.20,Kuroshikage,Noozanfaamu,Tanaka Yuuko,112217000.0,55.0,4.0,1
0000804040,Goorudoaguri,Male,,2004.03.11,Kage,Shadaifaamu,Sutaa・Hoosumenzukurabu,108745000.0,31.0,4.0,1
0000801741,Maineruuche,Female,,2004.04.01 22歳,Kuroshikage,Biggureddofaamu,(Kabu) Sarabureddokurabu・Rafian,74772000.0,29.0,2.0,1
0000802314,Mainerureenia,Male,,2004.02.24,Kurige,Okadasutatsudo,(Kabu) Sarabureddokurabu・Rafian,214561000.0,36.0,6.0,1
0000807101,Marukahannibaru,Male,,2004.04.01,Kuroshikage,Shadaifaamu,Setoguchi Tsutomu,129702000.0,78.0,12.0,1
0000118297,Kuraunpurinsesu,Female,,,,,,0.0,0.0,0.0,1
0000798273,Kuinzupureiyaa,Female,,,,,,0.0,0.0,0.0,1
0000800151,Sharumanreenu,Female,,2004.05.18,Kage,Yamagiwabokujou,Yoshida Kazuko,37210000.0,18.0,2.0,1
0000804762,Nishinokondokoso,Male,,2004.04.29,Kurige,Nishiyamabokujou,Kurihara Kiyoko,74706000.0,62.0,17.0,1
0000285054,Meikuyuuhappii,Female,,1994.04.15,Kage,Meiwabokujou,Aoike Yukiko,0.0,1.0,0.0,1
0000800590,Mainebaire,Female,,2004.04.19,Kage,Nittabokujou,Tanaka Junshi,10730000.0,17.0,1.0,1
0000191004,Toppukometto,Female,,1986.03.24,Kage,Andou Kakuotto,Itou Ken,0.0,0.0,0.0,1
マイネヴェロナ,Maineverona,Female,,,,,,,,,1
0000808376,Sengyoushufu,Female,,2004.04.09,Kage,Yanagawabokujou,Takahashi Nobuhiro,11284000.0,18.0,1.0,1
0000798564,Toosenrapyuta,Female,,2004.04.29,Kuroshikage,Mikibokujou,Shimakawa Takaya,8600000.0,5.0,1.0,1
0000807901,Mainerusaniberu,Male,,2004.05.08,Ashige,Koizumi Gaku,(Kabu) Sarabureddokurabu・Rafian,30155000.0,15.0,2.0,1
0000853198,Nishinokamushin,Female,,2004.03.07,Kage,Nishiyamabokujou,Kurihara Kiyoko,7180000.0,18.0,1.0,1
0000797163,Maineruhaabaado,Male,,2004.03.26,Kurige,Miyai Takanori,(Kabu) Sarabureddokurabu・Rafian,31300000.0,21.0,3.0,1
0000806609,Jakkureihou,Male,,2004.03.15,Kage,Furukawa Yuu,(Kabu) Chihayakurabu,8600000.0,17.0,1.0,1
0000801522,Asutonmaachan,Female,,,,,,0.0,0.0,0.0,1
0000803971,Nishinomao,Female,,2004.02.17,Kuroshikage,Nishiyamabokujou,Nishiyama Shigeyuki,31605000.0,16.0,1.0,1
0000805572,Suusanraidaa,Male,,2004.04.12,Kurige,Miyauchibokujou,Hayashi Chieko,113542000.0,40.0,4.0,1
0000805222,Eeshin'Ueebusu,Female,,,,,,0.0,0.0,0.0,1
0000319718,Sutoratejii,Female,,1997.05.15,Kurige,Hidakataiyoubokujou,Usukura Isao,22897000.0,7.0,2.0,1
0000800533,Uruwashinohana,Female,,,,,,0.0,0.0,0.0,1
0000806162,Marukarabonba,Male,,2004.04.07,Kage,Shadaifaamu,Kawachousangyou (Kabu),26435000.0,26.0,2.0,1
0000797905,Dentarusupiritto,Female,,2004.03.02,Ashige,Miyauchibokujou,Yasuda Mitsunori,9339000.0,11.0,1.0,1
0000801459,Ainfasutaa,Female,,,,,,0.0,0.0,0.0,1
0000801676,Eminentsuaberuta,Female,,,,,,0.0,0.0,0.0,1
0000015696,Shirubaasutoon,Male,,1966.05.15,Kage,Tokoro Gunji,Hachiman,0.0,0.0,0.0,1
0000804248,Aabansutoriito,Male,,,,,,0.0,0.0,0.0,1
0000800035,Berumontopurotea,Female,,2004.04.01,Kuroshikage,Berumontofaamu,(Ari) Berumontofaamu,102548000.0,41.0,5.0,1
0000808251,Kouseikazuko,Female,,2004.04.25,Kage,Sugiyasubokujou,Sugiyasu Kouichirou,24016000.0,37.0,4.0,1
0000739144,Suzukafenikkusu,Male,,2002.03.29,Kurige,Inaharabokujou,Nagai Keiji,447678000.0,29.0,8.0,1
0000703577,Maaburubarudaa,Male,,2000.03.22,Ashige,Mitsuishikawakamibokujou,Shimomura Choku,109068000.0,61.0,4.0,1
0000702333,Sukuurubooi,Male,,2000.03.08,Kuroshikage,Sotanouen,Gotou Shigeki,119442000.0,57.0,6.0,1
0001003685,Teikuoobaataagetto,せん,,1999.09.27,Kage,Meringo Stud Farm,J.Janiakku,122854000.0,2.0,1.0,1
0000714234,Roodoaruteima,Male,,2000.01.23,Kuroshikage,Dr. William O. Reed,(Kabu) Roodohoosukurabu,87567000.0,12.0,6.0,1
0000754822,Toosenshanaoo,Male,,2003.03.24,Kurige,Mikibokujou,Shimakawa Takaya,72928000.0,17.0,2.0,1
0000761545,Tenshinogoorudo,Male,,2003.04.26,Kage,Hokkaibokujou,Sugitani Masuotto,124880000.0,48.0,4.0,1
0000901715,Mireniamuuingu,Male,,2003.01.15,Kage,Western Bloodstock,Yamamoto Hidetoshi,82370000.0,12.0,5.0,1
0000760861,Daiwabazeraado,Male,,2003.03.31,Kage,Shadaifaamu,Ooshiro Keizou,50775000.0,28.0,3.0,1
0000754060,Nishinofuriidamu,Male,,2003.04.06,Kurige,Nishiyamabokujou,Nishiyama Shigeyuki,30395000.0,19.0,3.0,1
マイネルハイアップ,Maineruhaiappu,Male,,,,,,,,,1
0000761481,Nevabushon,Male,,2003.02.19,Kuroshikage,Hayatabokujouniikappushijou,Hirosaki Toshihiro,404932000.0,53.0,8.0,1
0000754366,Paafekutojoi,Female,,2003.04.17 23歳,Aokage,Noozanfaamu,Yoshida Katsumi,104400000.0,23.0,5.0,1
0000756779,Handoreddosukoa,Female,,2003.03.11,Kuroshikage,Shiraoifaamu,(Ari) Sandeereeshingu,34338000.0,10.0,3.0,1
0000761310,Teiarapurinsesu,Female,,2003.04.01,Kurige,Meitaibokujou,Hattori Shinpei,39104000.0,25.0,2.0,1
0000853094,Shifonbeeru,Female,,2003.05.31,Kurige,Shadaifaamu,(Ari) Shadaireesuhoosu,7620000.0,16.0,2.0,1
0000775208,Pekejiei,Female,,2003.04.15 23歳,Kuroshikage,Shimokoubebokujou,Aoyama Youichi,21050000.0,16.0,2.0,1
0000760826,Chiyonodoragon,Female,,2003.05.14 23歳,Kurige,Seiranbokujou,Iwasaki Kisumi,57580000.0,39.0,18.0,1
0000701587,Konekutofoo,せん,,2000.04.28,Kage,Shadaifaamu,Yoshida Teruya,53440000.0,34.0,3.0,1
0000304607,Saifa,せん,,1996.04.06,Kage,Nagatabokujou,Taneta Megumikokorozashi,600000.0,10.0,0.0,1
0000706045,Shimanorapisu,Female,,2000.05.13,Kage,Tsushima Sei,(Ari) Ikuta,53200000.0,40.0,3.0,1
0000702501,Baazerugoorudo,せん,,2000.03.09,Kurige,Chiyodabokujou,Ichikawa Yoshimi,29250000.0,24.0,3.0,1
0000701534,Doriimupaatonaa,せん,,2000.03.15,Kage,Shadaifaamu,Usuda Hiroyoshi,82204000.0,46.0,4.0,1
0000305164,Oopunsesami,Male,,,,,,0.0,0.0,0.0,1
0000754544,Choukaisandee,Male,,2003.04.01,Kurige,Tanigawabokujou,(Kabu) Hiratabokujou,53191000.0,17.0,3.0,1
0000762493,Tenshinokonkorudo,Male,,2003.03.02,Aoge,Houribokujou,Sugitani Masuotto,42762000.0,24.0,3.0,1
0000752435,Masutobiitouruu,Male,,2003.03.02,Kurige,Nobuokabokujou,(Ari) Nobuokabokujou,147986000.0,40.0,7.0,1
0000762424,Rikisanpointo,Male,,2003.04.26,Aokage,Muratabokujou,(Ari) Haipawaashouji,74006000.0,25.0,4.0,1
0000254856,Tsumujikaze,牡6,,1992.04.30,Kage,Taniyama Mitsuo,Watanabe Tenroku,0.0,0.0,0.0,1
0000732745,Oosumiheneshii,牡4,,,,,,0.0,0.0,0.0,1
0000769593,Torasutosutaa,牡5,,2001.04.10,Kage,Calumet Farm,Maeda Kouji,62783000.0,21.0,4.0,1
0000171254,Meishousuisei,牡7,,1984.04.03,Kuroshikage,Yanagawabokujou,Matsumoto Yoshio,8230000.0,20.0,1.0,1
0000722674,Moeretorejaa,牡5,,2001.04.18,Kage,Kanaishisutaddo,Masumoto Mitsuo,116849000.0,117.0,15.0,1
0000209701,Namuramaasu,牡2,,1988.04.17,Kuroshikage,Houkiyama Toshiyuki,Namura Nobushige,0.0,2.0,0.0,1
0000797794,Adomaiyaheddo,牡2,,,,,,0.0,0.0,0.0,1
0000806918,Ikusukyuuzu,牝2,,,,,,0.0,0.0,0.0,1
0000804695,Fusaichiofutora,牡2,,2004.05.10,Kage,Shadaifaamu,Takano Satoshi,66424000.0,22.0,4.0,1
0000800077,Garuvanikku,牡2,,,,,,0.0,0.0,0.0,1
0000798304,Uinboorudo,牡2,,,,,,0.0,0.0,0.0,1
0000802242,Mainerubijuu,牡2,,2004.03.30,Kurige,Marumuramurashitafaamu,Nagata Ken'Ichi,23582000.0,45.0,1.0,1
0000802601,Burakkushantsue,牡2,,2004.04.11,Kage,Sakato Setsuko,Hatakesa Hiroshi,68588000.0,20.0,3.0,1
0000050723,Nishinopuraido,牡2,,1972.03.28,Kage,Hattori Kichirou,Hosokawa Masuo,90000.0,7.0,0.0,1
0000802484,Suingurou,牝2,,2004.05.30,Aoge,Takahashi Osamu,Katou Tooru,36773000.0,26.0,3.0,1
0000801130,Kurebaadoragon,牡2,,,,,,0.0,0.0,0.0,1
0000806735,Biibiigarudan,牡2,,2004.03.10,Aokage,Bandoubokujou,(Ari) Bandoubokujou,336571000.0,32.0,7.0,1
0000874545,Benbaun,せん5,,2001.02.21,Kage,Dr T. A. Ryan,Ranzuree・Baakusu・Hiren,9500000.0,1.0,0.0,1
0000182809,Rezaaku,せん6,,1985.03.02,Kage,Tsuchiya Fumio,Yamamoto Keiji,280000.0,30.0,0.0,1
0000730823,Nisshingurin,牝5,,2001.05.09,Kurige,Kamishimabokujou,Hoshino Seizou,17190000.0,84.0,24.0,1
0000247773,Buroodokyasutaa,牡4,,1991.03.30,Kurige,Suwabokujou,Kan Teizou,1462000.0,11.0,0.0,1
0000737957,Furappujakku,牡4,,2002.04.12,Kuroshikage,Sanshainbokujou,Ishimoto Suzuo,27575000.0,209.0,7.0,1
0000724059,Haiyaazanhebun,牡5,,2001.03.20,Kuroshikage,Kanheibokujou,Kan Shunya,69150000.0,39.0,4.0,1
0000803095,Oosumidaidou,牡2,,,,,,0.0,0.0,0.0,1
0000800373,Mainerusorisuto,牡2,,2004.03.14,Kuroshikage,Biggureddofaamu,(Kabu) Sarabureddokurabu・Rafian,24310000.0,9.0,2.0,1
0000804676,Kingusuderaito,牡2,,,,,,0.0,0.0,0.0,1
0000999097,Arushiraato,牡2,,,,,,0.0,0.0,0.0,1
0000799932,Ooruraitonau,牡2,,,,,,0.0,0.0,0.0,1
0000805192,Sunaakutomokun,牡2,,2004.04.22,Kage,(Ari)Ishikawabokujou,Sugimoto Senjirou,12760000.0,15.0,1.0,1
0000986510,Keiaimaisukii,牡2,,2004.03.01,Kage,Mr. & Mrs. J. S. Moss,Yamabe Hiroshi,52741000.0,35.0,3.0,1
0000805241,Araha,牝2,,2004.02.21,Kage,Fujiwarafuaamu,Kadono Shigeo,5700000.0,6.0,1.0,1
0000807418,Meishoubarudoru,牡2,,2004.03.30,Kuroshikage,Akadabokujou,Matsumoto Yoshio,13700000.0,17.0,1.0,1
0000799195,Kuurusuuperia,せん2,,,,,,0.0,0.0,0.0,1
0000761954,Purinsesudoruche,牝3,,2003.02.08 23歳,Kage,Noozanfaamu,Yoshida Katsumi,36140000.0,26.0,2.0,1
0000722336,Madomoazerudopari,牝5,,2001.04.25 25歳,Ashige,Shadaifaamu,Yoshida Chizu,81821000.0,16.0,6.0,1
0000725263,Jakkiiteesuto,牝5,,2001.01.31,Kuroshikage,Noozanfaamu,(Ari) Sandeereeshingu,59955000.0,21.0,5.0,1
0000105500,Sandorion,牝3,,1978.06.11,Kurige,Motosu Kouzou,Nishimura Toshio,0.0,0.0,0.0,1
0000774786,Vuriru,牡5,,2001.09.26,Kuroshikage,"Gainsborough Stud (Australia) Pty Ltd, Arrowfield Group Pty Ltd",(Ari) Biggureddofaamu,137366000.0,29.0,8.0,1
0000756067,Akushion,牡3,,,,,,0.0,0.0,0.0,1
0000759211,Taganomaasharu,牡3,,2003.05.04,Kuroshikage,Ichikawafuaamu,Yagi Ryouji,90391000.0,15.0,6.0,1
0000761930,Mannoreeshingu,牡3,,2003.03.19,Kage,Wakabayashibokujou,Manno Junkei,96883000.0,45.0,4.0,1
0000757246,Shirukukuruseidaa,牡3,,2003.04.03,Kurige,Tabatafaamu,(Ari) Saraburettooonaazukurabu・Shi,107229000.0,40.0,8.0,1
0000728446,Choukairoiyaru,牡5,,2001.05.14,Kuroshikage,Tanigawabokujou,(Ari) Tanigawabokujou,131843000.0,40.0,7.0,1
0000726451,Chesutouingu,牡5,,2001.04.13,Kuroshikage,Noozanfaamu,Usuda Hiroyoshi,130194000.0,43.0,6.0,1
0000198602,Adobanteeji,牡3,,,,,,0.0,0.0,0.0,1
0000743221,Mejirokorusea,牡4,,2002.03.24,Kage,Mejirobokujou,Mejiroshouji (Kabu),67642000.0,21.0,5.0,1
0000806167,Haroosupiido,牝2,,2004.04.19,Kurige,Yamagiwabokujou,Fukushima Mi,93269000.0,18.0,3.0,1
0000808036,Haginorucheere,牝2,,2004.04.18,Kage,Noosuhiruzumanejimento,Hinokuma Yoshie,47200000.0,20.0,2.0,1
0000806716,Kanoyazakura,牝2,,,,,,0.0,0.0,0.0,1
0000807774,Adomaiyapuruuto,牝2,,,,,,0.0,0.0,0.0,1
0000047355,Jiiniasu,牝2,,1971.04.02,Kage,Maeno Kenji,Kameyama Yoshirou,718000.0,17.0,2.0,1
0000804465,Maineinteima,牝2,,2004.04.07,Kuroshikage,Daiichibokujou,(Kabu) Sarabureddokurabu・Rafian,19948000.0,18.0,1.0,1
0000802306,Sumaatokasutamu,牝2,,2004.03.15,Kage,Shadaifaamu,Ookawa Tooru,43137000.0,10.0,2.0,1
0000803814,Hottofasshon,牝2,,2004.01.29 22歳,Kage,Chiyodabokujou,Iida Yoshie,17157000.0,15.0,2.0,1
マイネルフォーグ,Mainerufoogu,牡2,,,,,,,,,1
0000805886,Aromanshiesu,牡2,,,,,,0.0,0.0,0.0,1
0000801222,Hishipuremia,牡2,,2004.03.12,Kage,Urakawaikuseibokujou,Abe Masaichirou,12400000.0,14.0,1.0,1
0000797940,Nishinokuikku,牡2,,2004.05.02,Kuroshikage,Nishiyamabokujou,Kobayashi Kachi,17049000.0,33.0,1.0,1
0000999314,Shiberiankurashika,牝2,,2004.03.28 22歳,Kage,Katherine Elam,Fujita Zaiko,64263000.0,20.0,4.0,1
0000999323,Wairudoiriigaru,牡2,,2004.04.03,Kage,Ormonde Farm,Takahashi Rikurou,31840000.0,35.0,3.0,1
0000999300,Sandaaarongu,牡2,,2004.01.24,Kage,"Dell Ridge Farm, Llc",Maeda Kouji,10800000.0,15.0,1.0,1
0000800945,Arukosenyoora,牝2,,,,,,0.0,0.0,0.0,1
0000806312,Okaarunokiseki,牡2,,,,,,0.0,0.0,0.0,1
0000999307,Saapurasushingaa,牡2,,2004.04.08,Kage,Mgg Holdings,Aoki Gishuu,143246000.0,24.0,5.0,1
0000736879,Onwaadotaitan,牡4,,,,,,0.0,0.0,0.0,1
0001296816,Meishoupyuuma,牡5,,2018.05.03 8歳,Kage,Mishimabokujou,Matsumoto Yoshitaka,81118000.0,60.0,8.0,1
0000725193,Shandimuun,牝5,,2001.03.20,Kage,Sakuraibokujou,Yamabe Hiroshi,21090000.0,65.0,1.0,1
0000750240,Foruteberiini,牡4,,2002.04.01,Kurige,Shadaifaamu,(Ari) Shadaireesuhoosu,162973000.0,31.0,6.0,1
0000728618,Kuufuurin,牡5,,,,,,0.0,0.0,0.0,1
0000803089,Fusaichihouoo,牡2,,2004.02.16,Kage,Noozanfaamu,Sekiguchi Fusao,143315000.0,11.0,4.0,1
0000999157,Furainguappuru,牡2,,2004.03.25,Kage,"Mckee Stables, Inc.",Yamamoto Hidetoshi,179547000.0,42.0,3.0,1
0000804714,Doriimujaanii,牡2,,2004.02.24,Kage,(Ari)Shadaikooporeeshonshiraoifaamu,(Ari) Sandeereeshingu,847973000.0,31.0,9.0,1
0000807584,Toosenkuraun,牡2,,2004.04.16,Kage,Yamagiwabokujou,Shimakawa Takaya,201708000.0,44.0,6.0,1
0000799452,Bosuamiigo,牡2,,2004.02.28,Ashige,Shirase Mei,Chiba Hiroshi,45538000.0,55.0,15.0,1
0000130615,Suganokingu,牡2,,1980.04.21,Aokage,Sukou Toyoyuki,Sugawara Koutarou,35330000.0,26.0,4.0,1
0000807962,Verutomaisutaa,牡2,,2004.02.15,Kage,Shadaifaamu,(Ari) Shadaireesuhoosu,55674000.0,36.0,3.0,1
0000798795,Mainerukaaro,牡2,,2004.03.31,Kage,Biggureddofaamu,(Kabu) Sarabureddokurabu・Rafian,51910000.0,44.0,3.0,1
0000800499,Eruvisu,牡2,,,,,,0.0,0.0,0.0,1
0000007388,Saratoga,牝2,,1960.05.29,Kuroshikage,,Watanabe,390000.0,3.0,0.0,1
0000762374,Arondaito,牡3,,,,,,0.0,0.0,0.0,1
0000619488,Daburutaitoru,牝7,,1999.04.10,Kage,Furattobokujou,Tanabe Yasuko,84775000.0,55.0,4.0,1
0001002330,Furiidonia,牝4,,2002.02.22,Kage,Niarchos Family,Niarukosu・Famirii,0.0,1.0,0.0,1
0000751173,Shinharukajou,牝3,,2003.04.15 23歳,Kage,Notsukeraidingufaamu,Nishimura Shin'Ichirou,15900000.0,22.0,2.0,1
0000265881,Uokka,牝2,,,,,,0.0,0.0,0.0,1
0000799898,Ruminasuhaabaa,牝2,,2004.03.27,Kage,Shadaifaamu,(Ari) Shadaireesuhoosu,87628000.0,16.0,4.0,1
0000212638,Roobudekorute,牝2,,1988.03.06,Kurige,Chiyodabokujou,Iida Masako,2640000.0,8.0,0.0,1
0000806966,Pinkukameo,牝2,,2004.04.24,Kage,Pakapakafaamu,Kanekomasatohoorudingusu (Kabu),180199000.0,21.0,4.0,1
0001000742,Kosumoberu,牝2,,2004.03.03 22歳,Kage,Dr. D. W. Frazier,(Ari) Biggureddofaamu,152729000.0,37.0,5.0,1
0000802474,Bakushinhiroin,牝2,,2004.04.19,Kurige,Satake Gaku,Kishida Katsuhiro,32888000.0,21.0,1.0,1
0000799730,Tenzankonohana,牝2,,2004.03.10 22歳,Kage,Fujiwarabokujou,Heiya Sumie,58747000.0,33.0,4.0,1
0000803130,Kyassuruton,牝2,,,,,,0.0,0.0,0.0,1
0000804391,Diizumenfisu,牝2,,2004.03.03,Kage,Kawakamibokujou,Kurihara Kiyoko,17350000.0,45.0,2.0,1
0000804002,Mejiroadaara,牝2,,2004.03.01,Kage,Mejirobokujou,(Ari) Mejirobokujou,25568000.0,9.0,2.0,1
0000726397,Iigurudoraibaa,牡5,,,,,,0.0,0.0,0.0,1
0000727864,Kiipukuwaietto,牝5,,,,,,0.0,0.0,0.0,1
0001174466,Wairudofaiaa,牡7,,2013.04.15,Kurige,Daaree・Japan・Faamuyuugengaisha,Godorufin,12595000.0,22.0,9.0,1
0000611942,Mayanogureishii,牡7,,1999.03.29,Kurige,Chiyodabokujou,Tadokoro Eiko,118891000.0,42.0,9.0,1
0000737672,Hokkoosoresoree,牡4,,2002.05.31,Aokage,Uraaramakiba,Yabe Kouichi,158928000.0,46.0,6.0,1
0000756696,Rasserubaroozu,牡3,,2003.04.09,Kage,Ima Bokujou,Inokuma Hirotsugu,39432000.0,13.0,3.0,1
0000742715,Buraitotoumoroo,牡4,,2002.04.11,Kage,Shiraoifaamu,(Ari) Sandeereeshingu,173271000.0,25.0,5.0,1
0000804101,Mainerushiigaru,牡2,,2004.03.31,Kuroshikage,Ogawa Housui,(Kabu) Sarabureddokurabu・Rafian,116535000.0,14.0,4.0,1
0000803196,Eeshinbiieru,牡2,,,,,,0.0,0.0,0.0,1
0000799308,Koaresureesaa,牡2,,2004.04.12,Kuroshikage,Takahashi Yukio,Nagasawa Shigeru,23558000.0,47.0,14.0,1
0000804731,Adomaiyahokuto,牡2,,,,,,0.0,0.0,0.0,1
0000099361,Farandooru,牝4,,1977.03.24,Aokage,Shimokoubebokujouhidakashijou,Shimokoube Magoichi,0.0,0.0,0.0,1
0000725842,Piachevoore,牝5,,2001.02.26,Kurige,Noozanfaamu,(Ari) Sandeereeshingu,74114000.0,24.0,4.0,1
0000801568,Aporoteiara,牝2,,,,,,0.0,0.0,0.0,1
0000802285,Santafesoreiyu,牝2,,2004.02.18 22歳,Kurige,Noozanfaamu,(Ari) Sandeereeshingu,26572000.0,5.0,1.0,1
0000853242,Uin'Anjierasu,牝2,,,,,,0.0,0.0,0.0,1
0000804138,Nobosuiitsu,牝2,,2004.01.20,Ashige,(Ari)Shadaikooporeeshonshiraoifaamu,(Kabu) Faasutobijon,14136000.0,82.0,3.0,1
0000802602,Kuuveruchuuru,牝2,,,,,,0.0,0.0,0.0,1
0000799382,Biiadebiru,牝2,,2004.04.30,Kage,Ootaki Yasuharu,(Ari) Mirufaamu,25688000.0,31.0,2.0,1
0000801649,Deyuukuravingu,牝2,,2004.03.24,Kuroshikage,Shizunaifujikawabokujou,Yoshihashi Kei,7156000.0,10.0,1.0,1
0000999315,Marutaazukurashika,牝2,,2004.02.10,Kage,Summer Wind Farm,Fujita Zaiko,14430000.0,30.0,1.0,1
0000802711,Kosumochiikii,牝2,,2004.03.25,Kage,Furukawa Masakatsu,(Ari) Biggureddofaamu,26773000.0,14.0,2.0,1
0001000914,Kootomasutaapii,牡6,,2000.05.12,Kage,Gainsborough Stud Management Ltd,Geinzuboroo,0.0,2.0,0.0,1
0000733991,Agunesuhatto,せん4,,,,,,0.0,0.0,0.0,1
0000802286,Vikutorii,牡2,,2004.04.03,Kage,Noozanfaamu,Kondou Eiko,208627000.0,16.0,3.0,1
0000804024,Asakusakingusu,牡2,,,,,,0.0,0.0,0.0,1
マイネルダイナモ,Mainerudainamo,牡2,,,,,,,,,1
0000800329,Diipusupiritto,牡2,,2004.03.04,Kage,Daieibokujou,Fukami Tomirou,75024000.0,43.0,3.0,1
0000799377,Kinshoojietto,牡2,,,,,,0.0,0.0,0.0,1
0000801487,Roozupuresuteeji,牡2,,2004.05.07,Kurige,Noozanfaamu,(Ari) Sandeereeshingu,49201000.0,30.0,1.0,1
0000801548,Kenmeiou,牡2,,2004.02.25,Kage,Noozanfaamu,Nakanishi Kenzou,17740000.0,17.0,2.0,1
0000806942,Guddorakkuawaa,牡2,,,,,,0.0,0.0,0.0,1
0000229986,Suriiabenyuu,牡5,,1990.06.18,Kage,Okanobokujou,Suzukashouji (Kabu),0.0,0.0,0.0,1
0000763260,Eishinboodan,牡6,,,,,,0.0,0.0,0.0,1
0000268985,Eishinseiten,牡4,,,,,,0.0,0.0,0.0,1
0000729119,Joifuruhaato,牡6,,2001.02.07,Kurige,Noozanfaamu,Nagoyatomoyutaka (Kabu),172698000.0,23.0,9.0,1
0000738062,San'Adiyu,牝5,,2002.03.26,Kage,Shimokoubebokujou,Matsuoka Takao,242124000.0,18.0,8.0,1
0000801496,Adomaiyaoora,牡3,,,,,,0.0,0.0,0.0,1
0000798369,Daiwasukaaretto,牝3,,2004.05.13 22歳,Kurige,Shadaifaamu,Ooshiro Keizou,786685000.0,12.0,8.0,1
0000804497,Suzukaraian,牡3,,2004.03.22,Kage,Urushihara Tetsuo,Nagai Keiji,38979000.0,20.0,2.0,1
0000799915,Binchero,牡3,,2004.04.01,Kuroshikage,Noozanfaamu,(Ari) Sandeereeshingu,90359000.0,46.0,3.0,1
0000179807,Eishin'Ikki,牡3,,,,,,0.0,0.0,0.0,1
0000807109,Kingubureevu,牡3,,,,,,0.0,0.0,0.0,1
0000807639,Santsuepperin,牡3,,2004.04.15,Kage,Michikenbokujou,Katou Nobuyuki,129250000.0,22.0,2.0,1
0000807992,Meishouregaaro,牡3,,2004.03.04,Kuroshikage,Mishimabokujou,Matsumoto Yoshio,148505000.0,27.0,4.0,1
0000806511,Arunasurain,牡3,,2004.02.18,Kage,Noozanfaamu,(Ari) Sandeereeshingu,311721000.0,19.0,5.0,1
0000807277,Maineruhenrii,牡3,,2004.03.24,Kage,Kinoshitabokujou,(Kabu) Sarabureddokurabu・Rafian,31387000.0,10.0,2.0,1
0000807269,Dairekutokyatchi,牡3,,2004.03.13,Kuroshikage,Oiwakefaamu,(Ari) Sandeereeshingu,66110000.0,27.0,1.0,1
0000802030,Shouryuuakuto,牡3,,2004.02.10,Kurige,Haraguchibokujou,Ueda Kou,39774000.0,41.0,2.0,1
0000807374,Maineruanahaimu,牡3,,2004.04.11,Kage,Maetani Takeshi,(Kabu) Sarabureddokurabu・Rafian,56477000.0,16.0,3.0,1
0001000904,Pisanodeirani,牡3,,2004.03.04,Kuroshikage,Mt Brilliant Farm Llc,Ichikawa Yoshimi,83136000.0,16.0,4.0,1
0000732839,Toukaiwairudo,牡5,,2002.06.03,Kuroshikage,Okabebokujou,Uchimura Seisoku,137618000.0,26.0,5.0,1
0000706141,Toukaieriito,牡7,,2000.05.02,Kuroshikage,Nagahamabokujou,Uchimura Seisoku,191408000.0,45.0,6.0,1
0000760253,Daakumesseeji,牡4,,2003.02.14,Tochikurige,Noozanfaamu,(Ari) Sandeereeshingu,210200000.0,35.0,5.0,1
0000738945,Makihatasaiboogu,せん5,,2002.05.20,Kage,Makimotobokujou,(Ari) Makimotobokujou,132278000.0,39.0,5.0,1
0000616522,Uinregaato,牡8,,,,,,0.0,0.0,0.0,1
0000701595,Waiattoaapu,牡7,,2000.02.14,Kage,Shadaifaamu,Oosako Kumiko,48820000.0,40.0,3.0,1
0000737083,Meishoutoukon,牡5,,2002.04.07,Kuroshikage,Niikappuhashimotobokujou,Matsumoto Yoshio,437630000.0,46.0,9.0,1
0000742702,Shaabettotoon,牡5,,2002.03.28,Kage,Shiraoifaamu,(Ari) Shadaireesuhoosu,157720000.0,29.0,6.0,1
0000739708,Eishinraajihiru,牡5,,,,,,0.0,0.0,0.0,1
0000292069,Taganosaikuron,牡4,,1995.03.26,Ashige,Kineususaitoubokujou,Yagi Ryouji,0.0,1.0,0.0,1
0000729144,Boodosuuiipaa,牡6,,2001.03.06,Kage,Shiraoifaamu,(Ari) Sandeereeshingu,160090000.0,48.0,8.0,1
0000726970,Arudoragon,牡6,,,,,,0.0,0.0,0.0,1
0000758770,Hishihaigureedo,牡4,,2003.03.12,Kurige,Shinkoofaamu,Koga Shin'Ichi,69049000.0,62.0,10.0,1
0000742788,Sumairuforaifu,牝5,,2002.03.27,Kage,Shiraoioosugabokujou,Odagiri Yuuichi,64158000.0,28.0,4.0,1
0000316230,Nyuubiginingu,牡3,,1997.05.28,Kage,Yuutopiabokujou,(Ari) Yuutopiabokujou,770000.0,7.0,0.0,1
0000803821,Nowaarushichii,牡3,,2004.03.12,Kurige,Dewabokujou,(Kabu) Tomoshunhoosukurabu,72985000.0,40.0,5.0,1
0000807282,Furiooso,牡3,,2004.05.01 22歳,Kurige,Hashimotofuaamu,Daaree・Japan・Faamu (Ari),845446000.0,39.0,11.0,1
0000804841,Maineruburiaa,牡3,,2004.04.20,Kuroshikage,Tabatabokujou,Kurihara Kiyoko,33814000.0,35.0,1.0,1
0000797154,Tsukasarakkii,牡3,,2004.05.14,Kurige,Marutomitomiokabokujou,Nakatsukasa Yukio,9300000.0,35.0,1.0,1
0000729723,Emuoouinaa,牡6,,,,,,0.0,0.0,0.0,1
0001309712,Bairoito,せん6,,2019.04.10 7歳,Kage,Daaree・Japan・Faamuyuugengaisha,Godorufin,9700000.0,9.0,1.0,1
0000454987,Taakii,牝4,,1934.03.10,Kurige,,,0.0,0.0,0.0,1
0000762336,Seresusuteeraa,牡4,,2003.05.25,Kurige,Takeda Shuuichi,Oka Kouji,45373000.0,17.0,3.0,1
0000999155,Samuraitaigaasu,牡3,,2004.03.22,Kage,Gaines-Gentry Thoroughbreds,Yamamoto Hidetoshi,36978000.0,7.0,2.0,1
0000805657,Ooshan'Eipusu,牡3,,,,,,0.0,0.0,0.0,1
0000803475,Ooshankuruuzu,牡3,,,,,,0.0,0.0,0.0,1
0000805029,Kurinoadobencha,牡3,,,,,,0.0,0.0,0.0,1
0000803447,Katamachibotan,牝3,,,,,,0.0,0.0,0.0,1
0000800574,Jounogaabera,牝3,,2004.03.27,Kurige,Mikibokujou,Ogawa Yoshikatsu,30700000.0,30.0,2.0,1
0000798844,Roozuottoo,牝3,,2004.02.28,Kage,Shadaifaamu,Iketani Seiichi,25284000.0,15.0,1.0,1
0000804019,Shugaavain,牝3,,2004.05.06,Kage,Shadaifaamu,(Ari) Shadaireesuhoosu,47749000.0,13.0,3.0,1
0000805239,Kosumofuraihai,牝3,,2004.04.09,Kage,Maeda Munenobu,(Ari) Biggureddofaamu,7600000.0,13.0,1.0,1
0000804960,Maronrasshu,牝3,,2004.03.11,Kurige,Funakoshi Shinya,Konda Kikuo,8856000.0,28.0,1.0,1
0000804528,Rasutobega,牝3,,2004.03.01,Kuroshikage,Shizunaisakaibokujou,Yoshida Shouichi,26443000.0,17.0,2.0,1
0000801899,Rirakorureoone,牝3,,2004.03.26,Kage,Hidakataiyoubokujou,Sugioka Tokiji,7000000.0,3.0,1.0,1
0000799250,Jounopanjii,牝3,,2004.03.17,Kage,Mikibokujou,Ogawa Yoshikatsu,8640000.0,15.0,1.0,1
0000804017,Toosenkyaputen,牡3,,2004.04.05,Kage,Shadaifaamu,Shimakawa Takaya,140050000.0,24.0,4.0,1
0000801524,Konteinento,牡3,,2004.02.03,Kage,Noozanfaamu,Kondou Eiko,133999000.0,39.0,5.0,1
0000806718,Toohouramusesu,牡3,,2004.04.05,Kuroshikage,Surugabokujou,Touhoubussan (Kabu),5000000.0,3.0,1.0,1
0000802134,Shounan'Akuto,牝3,,2004.01.15,Kage,Kuwatabokujou,Kunimoto Tesshuu,70531000.0,22.0,4.0,1
0001000674,Karonsegyuuru,牝3,,,,,,0.0,0.0,0.0,1
0000803829,Byuteifururoozu,牝3,,2004.03.03,Kurige,Murakamibokujou,Aoike Isao,5034000.0,10.0,1.0,1
0000801471,Eeshin'Esuvii,牡3,,,,,,0.0,0.0,0.0,1
0000803017,Wandaasuteiivu,牡3,,2004.03.27,Kuroshikage,Yonedabokujou,Yamamoto Nobuyuki,50600000.0,13.0,4.0,1
0000753046,Biibiitoruneedo,牡4,,2003.05.13,Ashige,Kanoubokujou,(Ari) Bandoubokujou,83085000.0,21.0,6.0,1
0000166486,Reindansu,牝3,,1984.03.10,Kuroshikage,Takeda Hideo,Yoshida Osamu,0.0,2.0,0.0,1
0000807415,Aroopuranetto,牝3,,,,,,0.0,0.0,0.0,1
0000801573,Mirukutooreru,牝3,,2004.03.11,Kage,Yamagiwabokujou,Miyahara Hironobu,86471000.0,43.0,3.0,1
0000808023,Kurokoreenu,牝3,,,,,,0.0,0.0,0.0,1
0000804678,Taganoguramarasu,牝3,,2004.02.18,Kage,Yuugengaishaniikapputaganofaamu,Yagi Ryouji,83342000.0,23.0,4.0,1
0000804392,Rikkamerudo,牝3,,2004.03.25,Kuroshikage,Nakajima Toshiaki,Tachibana Yukio,40072000.0,50.0,1.0,1
0000803258,Zariin,牝3,,2004.05.05,Kage,Amoubokujou,Tadokoro Eiko,55946000.0,36.0,3.0,1
0001000726,Uootaapopinzu,牝3,,,,,,0.0,0.0,0.0,1
0000800413,Eeshinsaafin,牝3,,,,,,0.0,0.0,0.0,1
0000803408,Kikukaravurii,牝3,,,,,,0.0,0.0,0.0,1
0000806908,Kuriirupatoraa,牝3,,,,,,0.0,0.0,0.0,1
0000798843,Uddouindo,牝3,,,,,,0.0,0.0,0.0,1
0000807099,Kokonattsupanchi,牡3,,2004.03.29,Kage,Shadaifaamu,Yoshida Teruya,67468000.0,9.0,1.0,1
0000797903,Tasukaatasorute,牡3,,2004.05.20,Kuroshikage,Shadaifaamu,(Ari) Shadaireesuhoosu,224054000.0,23.0,5.0,1
0000798943,Manhattanbaa,牡3,,2004.03.16,Kage,Oda Seiichi,Serizawa Seiichi,9949000.0,11.0,1.0,1
0000797889,Mochi,牡3,,2004.04.25,Aokage,Shadaibokujou,Odagiri Yuuichi,44764000.0,37.0,3.0,1
0000808299,Kinguoburomane,牡3,,,,,,0.0,0.0,0.0,1
0000806020,Matsunoshouma,牡3,,2004.04.30,Kuroshikage,Takahashibokujou,Matsumura Shuusei,11628000.0,33.0,7.0,1
0000801511,Rinrinrin,牡3,,2004.05.22,Kage,Mikibokujou,Sakae Yoshinori,58256000.0,33.0,4.0,1
0000735835,Toushoupawaazu,牡5,,2002.05.12,Kage,Toushousangyoukabushikigaishatoushoubokujou,Toushousangyou (Kabu),88810000.0,32.0,5.0,1
0000760045,Suriiopereetaa,牡4,,2003.03.26,Ashige,Nobuokabokujou,Nagaishouji (Kabu),89157000.0,15.0,2.0,1
0000700956,Machikaneryuusei,牡8,,1999.05.03,Ashige,Dr. D. W. Frazier,Hosokawa Masuo,112750000.0,48.0,6.0,1
マイネルアントス,Maineruantosu,牡4,,,,,,,,,1
0000733449,Teiemusamurai,牡5,,2002.02.20,Kurige,Marusachikobayashibokujou,Takezono Masatsugu,21700000.0,18.0,2.0,1
0000804196,Sakurazeusu,牡3,,2004.03.09 22歳,Kage,Shinwabokujou,(Kabu) Sakurakomaasu,23339000.0,16.0,14.0,1
0000998969,Danonmuroo,牡3,,2004.05.02,Kuroshikage,Fontainebleau Farm Inc.,Takahashi Makoto,106472000.0,81.0,9.0,1
0001105563,Waarudohantaa,牡3,,2009.04.15,Kuroshikage,Taharayasudabokujou,Dobashi Akira,385000.0,12.0,1.0,1
0000806904,Chiazuuinaa,牡3,,2004.03.19,Kurige,Takedabokujou,Kitamura Kiyoko,22059000.0,14.0,2.0,1
0000192638,Kingusuberii,牝3,,,,,,0.0,0.0,0.0,1
0000801574,Mazaazuuisshu,牝3,,2004.03.25 22歳,Kurige,Shimizu Katsunori,(Kabu) Akademii,31850000.0,25.0,3.0,1
0000804673,Omegaekusupuresu,牡3,,,,,,0.0,0.0,0.0,1
0000760969,Joosumairu,牝4,,2003.03.03,Kuroshikage,Samanihoribokujou,Ueda Keiko,29340000.0,16.0,3.0,1
0000806661,Amanocheriiran,牝3,,,,,,0.0,0.0,0.0,1
0000808308,Hikaruamoore,牝3,,2004.01.11 22歳,Ashige,(Ari)Shadaikooporeeshonshiraoifaamu,Takahashi Kyouko,34253000.0,13.0,2.0,1
0000798787,Nishinomanamusume,牝3,,2004.05.30 22歳,Aokage,Nishiyamabokujou,Nishiyama Shigeyuki,124065000.0,22.0,4.0,1
0000805397,Kanetoshiriberute,牝3,,,,,,0.0,0.0,0.0,1
0000751325,Taganoteiaazu,牝3,,2003.03.26,Kage,Gachousanurabokujou,Itou Kouji,2356000.0,125.0,7.0,1
0000805538,Takeichizetto,牝3,,2004.03.22,Kurige,Oonishibokujou,Takenaka Ken'Ichi,44071000.0,35.0,3.0,1
0000799801,Tsurumaruojou,牝3,,2004.04.16 22歳,Kuroshikage,Hamamotobokujou,Tsuruta Ninotoko,11900000.0,13.0,1.0,1
0000800570,Kuiin'Obukinema,牝3,,,,,,0.0,0.0,0.0,1
0000275882,Faniisutoorii,牝3,,1993.05.14,Kage,Reddofaamu,Kamada Yukari,8675000.0,26.0,3.0,1
0000799561,Appusuteeji,牝3,,,,,,0.0,0.0,0.0,1
0000806779,Shounantarento,牝3,,2004.02.23 22歳,Kage,Kuwatabokujou,(Ari) Shounan,66491000.0,16.0,3.0,1
0000802347,Hokurere,牝3,,2004.02.01,Kage,Shadaifaamu,Kanekomasatohoorudingusu (Kabu),69079000.0,36.0,1.0,1
0000986514,Eeshinpaateii,牝3,,,,,,0.0,0.0,0.0,1
0000272626,Ichigoichie,牝3,,,,,,0.0,0.0,0.0,1
0000803354,Toukaifain,牝3,,2004.02.08 22歳,Kage,Hitabokujou,Uchimura Seisoku,25096000.0,18.0,1.0,1
0001000725,Perusantokuriiru,牝3,,2004.02.10 22歳,Kurige,Coffee Pot Stable & The Thoroughbred Corporation,Maeda Kouji,9800000.0,4.0,1.0,1
0000801010,Mainesharimaa,牝3,,2004.04.11,Kurige,Shiraibokujou,(Kabu) Sarabureddokurabu・Rafian,22611000.0,14.0,1.0,1
0001000731,Arubian,牝3,,,,,,0.0,0.0,0.0,1
0000050885,Ezonotaisetsu,牝3,,,,,,0.0,0.0,0.0,1
0000986571,Eeshinpiishii,牡3,,,,,,0.0,0.0,0.0,1
0000799220,Shouwamodan,牡3,,2004.03.31,Kage,Shadaifaamu,Yamagishi Katsurashi,354050000.0,47.0,10.0,1
0000801447,Sukuriinhiiroo,牡3,,2004.04.18 22歳,Kurige,Shadaifaamu,Yoshida Teruya,503403000.0,23.0,5.0,1
0000999309,Shiberianbaado,牡3,,2004.04.21,Kage,Three Sister Stable,Fujita Zaiko,46434000.0,14.0,3.0,1
0000986504,Feraaripisa,牡3,,2004.04.28,Kage,Sarum Farm,Ichikawa Yoshimi,285540000.0,25.0,7.0,1
0000006713,Niidorupointo,牡3,,1959.02.28,Kage,,Fujiyama,1510000.0,32.0,2.0,1
0000737744,Kosumopurodeyuusu,牡5,,2002.05.30,Kage,Kashiwadaibokujou,Koga Shin'Ichi,55502000.0,21.0,4.0,1
0000200796,Ronguaraibu,牡7,,1987.05.03,Kage,Saitou Ei,Itou Masao,107582000.0,66.0,10.0,1
0000733245,Adomaiyataitoru,牡5,,,,,,0.0,0.0,0.0,1
0000807240,Hirabokuroiyaru,牡3,,2004.03.15,Kuroshikage,Tsuji Bokujou,(Kabu) Hiratabokujou,109540000.0,25.0,4.0,1
0000804705,Burakkuoriibu,牡3,,2004.03.25,Kuroshikage,Shadaifaamu,(Ari) Shadaireesuhoosu,68803000.0,25.0,3.0,1
0000800366,Toohoureesaa,牡3,,2004.03.06,Kurige,Matsumoto Nobuyuki,Touhoubussan (Kabu),112810000.0,16.0,4.0,1
0000802421,Metoroshutain,牡3,,2004.03.26,Aokage,Koizumibokujou,Oota Hiroko,99638000.0,40.0,4.0,1
0000801107,Kootoyuuforia,牡3,,2004.03.19,Kurige,Shouwabokujou,Maeda Kouji,38686000.0,22.0,3.0,1
0000800160,Kuresukowaarudo,牡3,,,,,,0.0,0.0,0.0,1
0000986499,Demantoidoribaa,牡3,,2004.05.02,Kage,Damara Farm,Takashima Satoshi,22050000.0,13.0,2.0,1
0000806769,Uirubiikingu,牡3,,,,,,0.0,0.0,0.0,1
0000806848,Dainamikkugurou,牡3,,2004.03.17,Kage,Kineusubokujou,Ogawa Isao,116999000.0,72.0,13.0,1
0000800481,Foomyuraawan,牡3,,2004.05.14,Kurige,Miyauchibokujou,Serizawa Seiichi,30040000.0,18.0,2.0,1
0000262068,Marubutsuriido,牡4,,1992.06.05,Kage,Takahashinoujou,Oosawa Tsuyoshi,27200000.0,18.0,2.0,1
0000733659,Torasutojugemu,牡5,,2002.05.05,Kage,Umedabokujou,Suganami Masami,132763000.0,24.0,6.0,1
0000852242,Shiichariotto,牡5,,2002.03.21,Kage,Darley,Daaree・Japan・Faamu (Ari),157460000.0,22.0,6.0,1
0000762557,Orinpiannaito,牡4,,,,,,0.0,0.0,0.0,1
0000853225,Suzukakoozuuei,牡3,,2004.03.22 22歳,Kurige,Gurandobokujou,Nagai Keiji,182614000.0,44.0,6.0,1
0000800005,Yamanin'Ekureeru,牡3,,2004.04.17,Kage,Nishikiokabokujou,Tsuchii Hajime,22638000.0,5.0,2.0,1
0000805190,Shadousutoraipu,牡3,,2004.04.19,Kurige,Shadaifaamu,Iizuka Tomoichi,61417000.0,32.0,4.0,1
0000808159,Gureitofurutaimu,牡3,,,,,,0.0,0.0,0.0,1
0000262006,Yuucharisu,牝3,,1992.05.01,Aoge,Touyabokujou,Sugiyama Mie,7709000.0,124.0,5.0,1
0000804355,Muramasanoyootoo,牡3,,2004.04.14,Kurige,Okamoto Shouichi,Arai Kouji,109104000.0,35.0,5.0,1
0000804331,Yamakatsuburaian,牡3,,2004.05.04,Kuroshikage,Okadabokujou,Yamada Kazuo,51620000.0,25.0,3.0,1
0000804873,Maineruranpeeji,牡3,,2004.03.22,Ashige,Koyahata Kazuhisa,(Kabu) Sarabureddokurabu・Rafian,27144000.0,28.0,2.0,1
0000750372,Pikushiidasuto,牝5,,2002.05.22,Kage,Shadaifaamu,(Ari) Shadaireesuhoosu,73070000.0,25.0,5.0,1
0000736698,Takekawarukyuure,牝5,,2002.03.09,Kage,Koizumibokujou,Ikenaga Yasuko,60473000.0,26.0,3.0,1
0000755159,Sausuteiida,牝4,,2003.02.26,Ashige,Intaanashiyonarubokujou,Okada Makio,75123000.0,29.0,4.0,1
0000804201,Furoorarukaavu,牝3,,2004.04.29 22歳,Kage,Shadaifaamu,(Ari) Shadaireesuhoosu,24287000.0,15.0,1.0,1
0000804027,Emiizusumairu,牝3,,,,,,0.0,0.0,0.0,1
0000804506,Beriiberinaisu,牝3,,2004.02.19,Kuroshikage,Takahashi Seiji,Tomizawa Atsuko,27622000.0,52.0,5.0,1
0000761572,Riwaadopurezan,牡4,,2003.03.16,Kurige,Motomichibokujou,Miyazaki Saeko,80092000.0,24.0,8.0,1
0001051648,Paasonarudoramu,せん10,,1997.10.27,Kage,Mr B J & Mrs L E Anderton,I.Suteiivunson,0.0,2.0,0.0,1
0001051651,Riarutonikku,せん11,,1996.12.03,Kage,Paramount Lodge Ltd,J.Uiiraa,0.0,2.0,0.0,1
0000743225,Mejirohasuraa,牡5,,2002.04.29,Kage,Mejirobokujou,(Ari) Mejirobokujou,54420000.0,29.0,3.0,1
0001051659,Noohiiroo,せん11,,1996.11.08,Ashige,Mrs C & Mr P S Nelson,C.Neruson,0.0,2.0,0.0,1
0000702541,Toushoutorikku,牡7,,2000.04.23,Ashige,Toushoubokujou,Okamoto Toshiharu,21512000.0,153.0,14.0,1
0000754953,Agunesuaaku,牡4,,,,,,0.0,0.0,0.0,1
0000252199,Uininguuindo,牡6,,,,,,0.0,0.0,0.0,1
0000807683,Sanraizumakkusu,牡3,,2004.04.23,Kuroshikage,Hikarubokujou,Matsuoka Takao,235130000.0,30.0,6.0,1
0000260662,Furaggushippu,牝5,,1992.05.10,Aokage,Michitani Nobuo,Numata Juuyu,4680000.0,10.0,4.0,1
0000725946,Sayounara,牝6,,2001.05.08,Kurige,Shimokoubebokujou,Odagiri Yuuichi,159052000.0,45.0,7.0,1
0000750315,Joriinoeru,牝5,,2002.03.15,Kuroshikage,Shadaifaamu,(Ari) Shadaireesuhoosu,48450000.0,21.0,4.0,1
0000736059,Maineruushiddo,牝5,,2002.02.26,Kage,Bitsuguretsudofuaamu,(Kabu) Sarabureddokurabu・Rafian,32900000.0,31.0,2.0,1
0000756385,Sanmaruseikoo,牝4,,2003.04.21,Kuroshikage,Taiyoujoifurubokujou,Souma Isami,69365000.0,66.0,4.0,1
0000733834,Nanayooteiara,牝5,,2002.04.20,Kage,Kojimabokujou,Ozaki Wasuke,40471000.0,27.0,3.0,1
0000806564,Berrareia,牝3,,2004.02.27 22歳,Kage,Noozanfaamu,Yoshida Katsumi,230318000.0,17.0,3.0,1
0000803182,Minteieaa,牝3,,2004.02.12 22歳,Kuroshikage,Noozanfaamu,(Kabu) Rra,74783000.0,17.0,2.0,1
0000806948,Viarakutea,牝3,,2004.05.16,Kurige,Shadaifaamu,(Ari) Shadaireesuhoosu,38901000.0,13.0,3.0,1
0000804262,Passhonreddo,牝3,,2004.04.10 22歳,Kurige,Shadaifaamu,(Ari) Shadaireesuhoosu,76746000.0,21.0,3.0,1
0000806218,Uinnawarutsu,牝3,,,,,,0.0,0.0,0.0,1
0000808011,Ranpeia,牝3,,2004.02.25,Kurige,Shadaifaamu,(Ari) Shadaireesuhoosu,56314000.0,18.0,4.0,1
0000797036,Chainiizufurea,牝3,,2004.03.27,Kage,Noozanfaamu,(Ari) Sandeereeshingu,25450000.0,22.0,3.0,1
0000036251,Kikunoaroo,牡4,,,,,,0.0,0.0,0.0,1
0000761463,Man'Obupaasaa,牡4,,2003.04.28,Kage,Shadaifaamu,Hirata Kazuo,152192000.0,44.0,14.0,1
0000800718,Toosenmaachi,牡3,,2004.04.01,Kurige,Shadaifaamu,Shimakawa Takaya,51000000.0,10.0,1.0,1
0000807157,Finisuteeru,牡3,,2004.04.16,Kage,Shimokoubebokujou,(Kabu) Rra,83977000.0,24.0,3.0,1
0000804029,Efuteiikarosu,牡3,,,,,,0.0,0.0,0.0,1
0000800333,Iidereinjaa,牡3,,2004.02.21,Kurige,Koizumi Gaku,(Kabu) Aaruesueekantori,45743000.0,22.0,2.0,1
0000800704,Tsubasadoriimu,牡3,,2004.03.09,Kurige,Shadaifaamu,(Kabu) Rra,62243000.0,23.0,4.0,1
0000799883,Erusorudaado,牡3,,,,,,0.0,0.0,0.0,1
0000808148,Danonvittaa,牡3,,2004.04.10,Kuroshikage,Noozanfaamu,(Kabu) Danokkusu,19366000.0,5.0,2.0,1
0000804077,Hokutosurutan,牡3,,2004.05.11,Ashige,Daiichibokujou,Fuse Sugako,197938000.0,34.0,5.0,1
0000798294,Reoenperaa,牡3,,2004.03.25,Kage,Wakabayashi Takeo,(Kabu) Reo,88395000.0,22.0,5.0,1
0000806650,Nataraaja,牡3,,2004.04.08,Kage,Oiwakefaamu,(Ari) Shadaireesuhoosu,22180000.0,4.0,2.0,1
0000750212,Yumenoshirushi,牡5,,2002.02.25,Kuroshikage,Shadaifaamu,Yoshida Teruya,160817000.0,29.0,7.0,1
0000799777,Sanraizubega,牡3,,2004.04.23,Kage,Shimokoubebokujou,Matsuoka Takao,245853000.0,41.0,6.0,1
0000801177,Fezaakeepu,牡3,,2004.03.28,Kage,Tsuji Kazuaki,Kanekomasatohoorudingusu (Kabu),27202000.0,14.0,2.0,1
0000803698,Banbuusokuratesu,牡3,,2004.05.11,Kurige,Banbuubokujou,(Ari) Banbuubokujou,9900000.0,12.0,1.0,1
0000807305,Manhattansukai,牡3,,2004.04.06,Kuroshikage,Kamiisutatto,(Kabu) Hidaka・Buriidaazu・Yunion,256725000.0,68.0,7.0,1
マイネルキーロフ,Mainerukiirofu,牡3,,,,,,,,,1
0001218300,Feruviido,牡3,,2016.03.19,Kage,Kawashima Masahiro,(Kabu) Yggdrasill,6738000.0,20.0,11.0,1
0000803218,Beiringubooi,牡3,,2004.04.02,Kurige,Urakawakobayashibokujou,Oonishi Juuaki,154825000.0,100.0,9.0,1
0000802457,Yamakatsuteigaa,牡3,,2004.03.15,Kage,Okadabokujou,(Kabu) Komashuu,29191000.0,24.0,4.0,1
0000799881,Agunesumakushimamu,牡3,,,,,,0.0,0.0,0.0,1
0000799590,Sumaatotorikku,牡3,,2004.04.04,Kuroshikage,Bandamubokujou,Ookawa Tooru,14639000.0,26.0,3.0,1
0000807145,Haisosaeteii,牡3,,2004.02.26,Kage,Shadaifaamu,(Ari) Shadaireesuhoosu,76436000.0,16.0,4.0,1
0000853164,Setonozeditabu,牡5,,2002.09.30,Kage,Mr Mb Inglis,Nanba Sumiko,73963000.0,75.0,13.0,1
0000760534,Denkouguriin,牡4,,2003.05.01,Kage,Motosu Atsushi,Tanaka Yasuhiro,58647000.0,22.0,2.0,1
0000751995,Pootoereganto,牡4,,,,,,0.0,0.0,0.0,1
0000752304,Toowasuraggaa,牡4,,2003.04.23,Kuroshikage,Muramotobokujou,Saitou Suゞ,21300000.0,20.0,2.0,1
0000760921,Meishouiguasu,牡4,,2003.04.03,Kuroshikage,Mizumarubokujou,Matsumoto Kazuko,20417000.0,27.0,1.0,1
0000615994,Paresuchanpion,牡8,,1999.02.12,Kurige,Kawakami Etsuo,Nishimura Yutaka,87810000.0,41.0,5.0,1
0000806809,Rabukaana,牝3,,2004.04.29 22歳,Aokage,Niikappuhashimotobokujou,Masuda Youichi,87148000.0,18.0,2.0,1
0000798851,Toukaiosukaa,牝3,,2004.05.01,Kage,(Ari)Shadaikooporeeshonshiraoifaamu,Uchimura Seisoku,85701000.0,16.0,5.0,1
0000807268,Zarema,牝3,,2004.03.21 22歳,Kurige,Shadaifaamu,Yoshida Teruya,231978000.0,33.0,4.0,1
0000805453,Adomaiyasupeesu,牝3,,,,,,0.0,0.0,0.0,1
0000806895,Sumaatosutoomu,牝3,,2004.05.10 22歳,Kurige,Okadasutatsudo,Ookawa Tooru,23950000.0,22.0,2.0,1
0000055123,Wandaasupiido,牡5,,1972.04.21,Kage,Sugiritsu Shigeo,Tomioka Masahiko,3434000.0,38.0,3.0,1
0000758088,Meishoushafuto,牡4,,2003.04.21,Kage,Takayanagi Takao,Matsumoto Yoshio,167085000.0,69.0,6.0,1
0000804876,Goorudendaria,牡3,,2004.05.04,Kurige,Daieibokujou,Tanaka Yuuko,181664000.0,20.0,5.0,1
0000853208,Purateaado,牡3,,2004.04.27,Ashige,Noozanfaamu,(Ari) Kyarottofaamu,67864000.0,28.0,5.0,1
0000744682,Senkaku,牡5,,2002.04.30,Kurige,Akinaribokujou,Nakamura Masakatsu,97717000.0,39.0,4.0,1
0000758804,Maineruneosu,牡4,,2003.03.30,Kage,Biggureddofaamu,(Kabu) Sarabureddokurabu・Rafian,233701000.0,51.0,8.0,1
0000257733,Rongupuraido,牡3,,1992.05.28,Kuroshikage,Azetakabokujou,Mishima Shigetoshi,1948000.0,27.0,3.0,1
0000806728,Namurajonburu,牡3,,2004.04.22,Kage,Itou Mei,Diaresuto,40428000.0,9.0,3.0,1
0000803338,Esukeekantorii,牡3,,,,,,0.0,0.0,0.0,1
0000806856,Diosukuroi,牡3,,2004.04.13,Kurige,Noozanfaamu,(Ari) Sandeereeshingu,84846000.0,22.0,4.0,1
0000804080,Komandoorukurosu,牡3,,2004.03.07,Aokage,Noozanfaamu,(Ari) Sandeereeshingu,22908000.0,18.0,2.0,1
0000801468,Suteraparadaisu,牡3,,2004.03.14,Kurige,Sotanouen,Kanazawa Ken'Ichi,22127000.0,105.0,25.0,1
0001152659,Roodokuruuzaa,牡3,,2012.02.24 14歳,Ashige,Koutomibokujou,Kunitake Kahiroshi,393000.0,5.0,3.0,1
0000804319,Biidorasuteikku,牡3,,2004.04.03,Kuroshikage,Kuwajima Mineo,Yoshioka Yasuharu,56052000.0,67.0,3.0,1
0000804558,Doragonfaiyaa,牡3,,2004.04.09,Kurige,Chiyodabokujou,Kubota Yasushi,125021000.0,23.0,5.0,1
0000115893,Guddobaba,せん5,,,,,,0.0,0.0,0.0,1
0000306807,Eiburuwan,せん5,,,,,,0.0,0.0,0.0,1
0000737886,Besutogurancha,せん5,,2002.05.24,Aokage,Sakatabokujou,Satou Ryouji,97221000.0,22.0,4.0,1
0000617573,Bijinesusaikuru,せん8,,1999.03.13,Kurige,Ootsukabokujou,Shimada Kyuu,68050000.0,44.0,3.0,1
0000701924,Wandaashingeki,せん7,,2000.03.27,Kage,Ootaki Eiji,Yamamoto Nobuyuki,114961000.0,39.0,7.0,1
0000732785,Eishindepyutei,牡5,,,,,,0.0,0.0,0.0,1
0000735839,Toushoukarejji,牡5,,2002.06.08,Kage,Toushousangyoukabushikigaishatoushoubokujou,Toushousangyou (Kabu),240485000.0,42.0,8.0,1
0000724821,Inmaiaizu,牡6,,,,,,0.0,0.0,0.0,1
0000762844,Nakayamaparadaisu,牡4,,2003.05.19,Kage,Hokuyoubokujou,Izumi Ken'Ichi,100193000.0,38.0,4.0,1
0000763901,Ankururiisamu,牡6,,,,,,0.0,0.0,0.0,1
0000807143,Misuberonika,牝3,,2004.03.08,Kage,Noozanfaamu,Yoshida Katsumi,14800000.0,4.0,2.0,1
0000759453,Kosumopurachina,牝4,,2003.04.20,Kage,Araifaamu,(Ari) Biggureddofaamu,123538000.0,42.0,6.0,1
0000727217,Nihonpiroburyure,牝6,,2001.04.26,Kurige,Fukuoka Kiyoshi,Kobayashi Hyakutarou,73043000.0,45.0,4.0,1
0001003705,Rokkudoukanbu,牡3,,2004.09.29,Aokage,Karreman Bloodstock Ltd,Yoshida Kazumi,189226000.0,8.0,4.0,1
0000802529,Baburuuizuaran,牡3,,2004.05.22,Kage,Fujiwarafuaamu,Kobayashi Kazunari,75535000.0,16.0,4.0,1
0000853125,Toosen'Aachaa,牡3,,2004.04.06,Kage,Shadaifaamu,Shimakawa Takaya,106812000.0,49.0,5.0,1
0000802980,Kuran'Enburemu,牡3,,,,,,0.0,0.0,0.0,1
0000803195,Eeshindaadoman,牡3,,,,,,0.0,0.0,0.0,1
0000801628,Rettoittoraido,牡3,,2004.04.20,Kage,Motosu Atsushi,Honda Yasuhiro,34277000.0,23.0,3.0,1
0000707262,Shiatoruyuu,牡7,,2000.05.04,Kurige,Shimokoubebokujou,Saitou Shihoutsukasa,127477000.0,37.0,6.0,1
0000742579,Appudorafuto,牡5,,,,,,0.0,0.0,0.0,1
0000742929,Akureimu,牡5,,,,,,0.0,0.0,0.0,1
0000736966,Kingusuzoon,牡5,,,,,,0.0,0.0,0.0,1
0000701621,Wakinokaizaa,牡7,,2000.03.30,Kage,Shiraoifaamu,Wakiyama Yoshiyuki,173675000.0,81.0,20.0,1
0000732756,Toshizaheneshii,牡5,,2002.05.10,Kurige,Urakawakobayashibokujou,Kamimura Kanou,99893000.0,28.0,5.0,1
0000458423,Fuubaadamu,牡5,,1961.04.11,Ashige,,,0.0,0.0,0.0,1
0001216261,Morutogurande,牡3,,2016.04.25,Kuroshikage,Sawai Giichi,Habata Kyouko,8000000.0,8.0,1.0,1
0000752473,Puremiamubokkusu,牡4,,2003.04.08,Kage,Shadaifaamu,(Ari) Shadaireesuhoosu,243956000.0,34.0,8.0,1
0000703503,Hariikomando,せん7,,2000.05.15,Kuroshikage,Honkiribokujou,Takada Sadako,89119000.0,50.0,4.0,1
0000753849,Shiiguranpuri,せん4,,2003.02.19,Kage,Nomura Sei,Fujita Souhei,23700000.0,12.0,2.0,1
0000761291,Howaitopointo,牝4,,2003.03.08,Kuroshikage,Mitsuishihashimotobokujou,Tsumura Keiichi,19675000.0,24.0,3.0,1
0000735189,Daigoshiragiku,牝5,,2002.05.05,Kage,Okadabokujou,Hasegawa Kouji,15950000.0,26.0,1.0,1
0000738946,Aratamasamonzu,牡5,,,,,,0.0,0.0,0.0,1
0000726797,Maikerubaroozu,牡6,,2001.05.06,Kage,Takamura Shin'Ichi,Inokuma Hirotsugu,181804000.0,41.0,7.0,1
0000883761,Haatoobukuiin,牝2,,2005.04.13,Aokage,Kimurabokujou,Takizawa Koushi,67513000.0,21.0,3.0,1
0000890805,Joifurusumairu,牝2,,2005.02.07 21歳,Kurige,Noozanfaamu,Uechatani Ichi,18114000.0,29.0,1.0,1
0000901444,Iidekenshin,牡2,,,,,,0.0,0.0,0.0,1
ホウザン,Houzan,牡2,,,,,,,,,1
0000889543,Aporofenikkusu,牡2,,,,,,0.0,0.0,0.0,1
0000882798,Eiburubega,牡2,,,,,,0.0,0.0,0.0,1
0000322720,Ruminarie,牝2,,1997.04.30,Kage,Koushinbokujou,Motokawa Mitsuaki,875000.0,8.0,1.0,1
0000884857,Namurabureibu,牡2,,2005.04.14,Kage,Itou Mei,Namura Nobushige,8000000.0,6.0,1.0,1
0000885342,Besutoobumii,牝2,,2005.02.01 21歳,Kurige,Chiyodabokujou,Iida Seigou,60498000.0,35.0,2.0,1
0000882322,Diipukissu,牝2,,2005.04.08 21歳,Kage,Hakutsubokujou,Kishida Katsuhiro,20338000.0,24.0,1.0,1
0000891170,Airisumorea,牝2,,,,,,0.0,0.0,0.0,1
0000762175,Meishoutoppaa,牡4,,2003.05.14,Kuroshikage,Hinodebokujou,Matsumoto Yoshio,78039000.0,28.0,5.0,1
0000750375,Furenchibikini,牝5,,2002.05.28,Kage,Shadaifaamu,(Ari) Shadaireesuhoosu,36950000.0,17.0,4.0,1
0000735833,Toushouvoisu,牡5,,2002.05.08,Kuroshikage,Toushousangyoukabushikigaishatoushoubokujou,Toushousangyou (Kabu),91609000.0,58.0,5.0,1
0000726259,Daiichiatomu,牡6,,2001.04.13,Kage,Shadaifaamu,Kiyoshishima Kiko,81746000.0,27.0,5.0,1
0000723787,Feitotorikkusu,牡6,,2001.01.29,Aokage,Shiraoifaamu,(Ari) Sandeereeshingu,111154000.0,22.0,6.0,1
0000734163,Saniineiteibu,牡5,,2002.04.10,Kurige,Marumuramurashitafaamu,Miyazaki Shuho,66156000.0,43.0,5.0,1
0000736598,Revuri,牝5,,2002.04.28 24歳,Kuroshikage,Kawakami Etsuo,Inoue Ichirou,70178000.0,25.0,4.0,1
0000731242,Shinboriuesuto,せん7,,2000.03.16,Kuroshikage,Takahiro Wada,Shinboribokujou,84333000.0,28.0,11.0,1
0000759005,Noboraitoningu,せん4,,2003.03.15,Ashige,Ratsukiibokujou,(Kabu) Ls.M,35418000.0,23.0,1.0,1
0000852056,Sausubatoruman,牡5,,2002.04.29,Kage,Billie L. Gladwell,Nanba Hisashi,31671000.0,20.0,2.0,1
0000707183,Adonisushichii,牡7,,,,,,0.0,0.0,0.0,1
0000707292,Esukeeapatchi,牡7,,,,,,0.0,0.0,0.0,1
0000735939,Batorubureevu,牡5,,2002.04.20,Ashige,Nishimura Kazuo,Miyagawa Akinobu,233735000.0,57.0,9.0,1
0000191831,Berugen,牡5,,1986.04.20,Kage,Oginobokujou,Nishigata Masaji,0.0,0.0,0.0,1
0000758340,Hikaridaikyasuto,牡4,,2003.05.08,Kage,Nakagawabokujou,Touyama Takanori,23850000.0,21.0,2.0,1
0000888318,Efuteimaia,牝2,,,,,,0.0,0.0,0.0,1
0000888781,Sharanju,牝2,,2005.04.11,Kage,Sanshainbokujou,Date Toshiaki,54599000.0,28.0,2.0,1
0000888938,Goorudosutorein,牡2,,2005.03.20,Kuroshikage,Biggureddofaamu,Suzuki Yoshio,20094000.0,18.0,1.0,1
0000888415,Eishinpansaa,牝2,,,,,,0.0,0.0,0.0,1
0000882901,Takeshouooji,牡2,,2005.04.10,Kage,Tominabokujou,(Ari) Naitoshouji,64446000.0,34.0,4.0,1
0000881081,Takemikazuchi,牡2,,2005.04.09,Kage,Shadaifaamu,(Ari) Shadaireesuhoosu,173621000.0,19.0,2.0,1
0000884138,Riibesutoraumu,牝2,,2005.04.02 21歳,Kuroshikage,Maetani Takeshi,(Ari) Mirufaamu,43336000.0,25.0,3.0,1
0000899886,Daiwamakkuwan,牡2,,2005.01.26,Kage,Shadaifaamu,Boukakiuchi Yasushi,130219000.0,85.0,12.0,1
0000889964,Shounan'Akurosu,牡2,,2005.01.20,Kage,(Ari)Shadaikooporeeshonshiraoifaamu,Yoshino Shigehisa,89263000.0,53.0,4.0,1
0000887498,Oosumimaasharu,牡2,,,,,,0.0,0.0,0.0,1
0000885361,Adomaiyafoosu,牡2,,,,,,0.0,0.0,0.0,1
0000884155,Samaaetanitei,牝2,,2005.04.17 21歳,Ashige,Shiraibokujou,Sezonreesuhoosu (Kabu),35136000.0,21.0,3.0,1
0000889019,Meishouyoritomo,牡2,,2005.05.18,Kuroshikage,Mishimabokujou,Matsumoto Yoshio,18553000.0,24.0,2.0,1
0000066678,Mejiroarisu,牝2,,1974.03.27,Kurige,,Fukano Shigeo,0.0,0.0,0.0,1
0000889921,Riigaruamyuuzu,牝2,,2005.04.13,Kurige,Bandoubokujou,Yuugengaishashiruku,37708000.0,28.0,2.0,1
0000294794,Boodenzee,牝2,,1995.04.24,Kage,Kawakami Etsuo,Shikimiya Sadao,3525000.0,51.0,7.0,1
0000882851,Seresuhanto,牡2,,2005.02.20 21歳,Kurige,Ekuserumanejimento,Oka Kouji,302472000.0,61.0,12.0,1
0000887755,Shigerukushiera,牝2,,2005.03.01,Kage,Satou Youichi,Morinaka Ban,9504000.0,29.0,3.0,1
0000888356,Marubutsuiisutaa,牡2,,2005.04.04,Kage,Gaaberapaakusutatsudo,Oosawa Tsuyoshi,87435000.0,25.0,3.0,1
0000886344,Mirion'Ueebu,牡2,,2005.04.23,Kage,Wakabayashibokujou,Manpa Kenji,75214000.0,26.0,3.0,1
0000886634,Mainereetsueru,牝2,,2005.04.04 21歳,Kage,Sasakibokujou,(Kabu) Sarabureddokurabu・Rafian,173223000.0,29.0,4.0,1
0000887107,Eeshinpuririido,牡2,,,,,,0.0,0.0,0.0,1
0000884491,Rettsugookirishima,牡2,,2005.04.30,Kage,Sadahiro Kenji,Nishimura Shin'Ichirou,199764000.0,25.0,5.0,1
0000885955,Akinojabu,牝2,,,,,,0.0,0.0,0.0,1
0001033846,Agunesukurisutaru,牡2,,,,,,0.0,0.0,0.0,1
0000890059,Kouyuukokorokoro,牝2,,2005.03.27,Kage,Morinagabokujou,Kajiya Yasuo,7000000.0,9.0,1.0,1
0000882607,Shirukusutorengusu,牡2,,2005.02.27,Kurige,Yanagawabokujou,Yuugengaishashiruku,15242000.0,18.0,1.0,1
0000886838,Hantaakirishima,牡2,,2005.04.22,Kage,Nirukingubokujou,Nishimura Shin'Ichirou,40184000.0,35.0,2.0,1
0000883354,Shigerutonkaan,牝2,,2005.02.17,Kage,Nakamura Masaaki,Morinaka Ban,7000000.0,3.0,1.0,1
0000888086,Aifaahakuoo,牡2,,,,,,0.0,0.0,0.0,1
0000807242,Sanwaadoburu,牡3,,2004.05.11,Kurige,Umedabokujou,Furuya Chiharu,23669000.0,12.0,2.0,1
0000806933,Shigunario,牡3,,2004.01.30,Kurige,(Ari)Shadaikooporeeshonshiraoifaamu,Kobayashi Masashi,112053000.0,44.0,4.0,1
0000805428,Rimittobureekaa,牡3,,2004.01.30,Kuroshikage,Noozanfaamu,Yamada Yuuji,36381000.0,21.0,2.0,1
0000803819,Maineruguranaate,牡3,,2004.05.04,Kurige,Nakamura Kazuo,Tejima Kenji,45945000.0,36.0,10.0,1
0000801464,Desutoramente,牡3,,2004.03.22,Ashige,Ichikawabokujou,Okada Makio,99461000.0,46.0,5.0,1
0000803952,Appurusaidaa,牡3,,,,,,0.0,0.0,0.0,1
0000797047,Nanyoohebun,牡3,,2004.03.03,Kage,Shadaifaamu,Nakamura Tokuya,9300000.0,5.0,1.0,1
0001031959,Toppumonjuu,牡3,,2004.10.23,Kage,Windsor Park Stud Ltd,Yokose Kenji,38331000.0,43.0,3.0,1
0000803534,Nihonpiroshierii,牝3,,2004.02.15 22歳,Kage,Satake Gaku,Kobayashi Hyakutarou,58095000.0,43.0,3.0,1
0000802983,Buritomaruteisu,牝3,,2004.06.09 22歳,Kage,Saitousutaddo,Yoshida Kazumi,62900000.0,24.0,4.0,1
0000798366,Sapuraizuyuu,牝3,,2004.01.27,Kurige,(Ari)Shadaikooporeeshonshiraoifaamu,(Ari) Shadaireesuhoosu,29560000.0,22.0,2.0,1
0000272270,Bebiifeisu,牝3,,1993.03.17,Kage,Heiseisutarion,Yoshida Osamu,2335000.0,22.0,0.0,1
0000801729,Eruberesu,牝3,,,,,,0.0,0.0,0.0,1
0000798792,Akikusakuin,牝3,,,,,,0.0,0.0,0.0,1
0000735283,Oosumisamuson,牡5,,,,,,0.0,0.0,0.0,1
0000725145,Shirubaagaru,牡6,,2001.04.02,Ashige,Shadaifaamu,(Ari) Shadaireesuhoosu,41892000.0,40.0,3.0,1
0000733695,Marubutsushiruvaa,牡5,,2002.04.20,Ashige,Ooshimabokujou,Oosawa Tsuyoshi,135803000.0,36.0,8.0,1
0000853103,Jaiantsueeru,牡5,,2002.03.10,Aokage,Round Hill Stud,Kurisaka Suu,55748000.0,39.0,3.0,1
0000734186,Meishouwagunaa,せん5,,2002.02.26,Kuroshikage,Murashita Akihiro,Matsumoto Yoshio,18800000.0,25.0,1.0,1
0000803624,Makotosuparubiero,牡3,,2004.03.29,Ashige,Deguchi Shigeo,Oda Sachiko,371613000.0,38.0,9.0,1
0000735716,Hasuferu,牡5,,2002.02.17,Kurige,Chiyodabokujou,Noda Zenonore,86901000.0,46.0,7.0,1
0000808377,Marumokoutei,牡3,,2004.04.02,Kage,Okamotobokujou,Marumokumiai,34532000.0,23.0,3.0,1
0000802818,Adomaiyamirion,牡3,,,,,,0.0,0.0,0.0,1
0000801410,Goorudokirishima,牡3,,2004.04.25,Kurige,Sadahiro Kenji,Nishimura Shin'Ichirou,54757000.0,15.0,3.0,1
0000729035,Teiemuyamatooo,牡6,,2001.05.31,Kuroshikage,Tsuji Bokujou,Takezono Masatsugu,148731000.0,44.0,9.0,1
0000728556,Hiirooansemu,せん6,,2001.03.24,Kurige,Takamura Shin'Ichi,Yoshida Osamu,80948000.0,24.0,5.0,1
0000734607,Naritapureryuudo,牡5,,2002.02.12,Kuroshikage,Toriibokujou,(Kabu) Oosumi,110636000.0,26.0,5.0,1
0000889559,Orientarurokku,牡2,,,,,,0.0,0.0,0.0,1
0000886052,Sabujiekuto,牡2,,2005.02.17,Kuroshikage,Noosuhiruzumanejimento,Maeda Kouji,56653000.0,23.0,2.0,1
0000891190,Kareijasumin,牝2,,,,,,0.0,0.0,0.0,1
0000191565,Guraafu,牝2,,,,,,0.0,0.0,0.0,1
0000890338,Amoorevore,牝2,,,,,,0.0,0.0,0.0,1
0000887538,Rediibisuteii,牝2,,2005.01.31,Kuroshikage,Noozanfaamu,Bisuteiizuhoosuyunion,24139000.0,17.0,2.0,1
0000885751,Uintorigaa,牡2,,,,,,0.0,0.0,0.0,1
0000883579,Yamaninkingurii,牡2,,2005.05.16,Kurige,Nishikiokabokujou,Tsuchii Mutsumiaki,310978000.0,43.0,7.0,1
0000887113,Yamakatsuookiddo,牝2,,2005.05.02 21歳,Aoge,Okadabokujou,Yamada Hiroyasu,29947000.0,10.0,2.0,1
0000890036,Pienaeimu,牡2,,2005.04.25,Kuroshikage,Okamotobokujou,Nakamura Shoukon,53374000.0,28.0,3.0,1
0000885620,Mainerusutaarii,牡2,,2005.03.29,Kage,Nojimabokujou,(Kabu) Sarabureddokurabu・Rafian,221067000.0,49.0,8.0,1
0000887494,Mejirogasuton,牡2,,2005.02.19,Aokage,Mejirobokujou,Iwasaki Nobumichi,38090000.0,48.0,2.0,1
0000887529,Neosupirittsu,牡2,,2005.02.11,Kage,Noozanfaamu,(Ari) Sandeereeshingu,46858000.0,23.0,3.0,1
0000727042,Dansuajoi,牡6,,2001.04.12,Kuroshikage,Shirase Mei,Katou Yasuaki,175276000.0,41.0,7.0,1
0000758766,Maineruvesuten,牡4,,2003.02.25,Kuroshikage,Hokuseibokujou,(Kabu) Sarabureddokurabu・Rafian,31050000.0,21.0,2.0,1
0000733238,Memoriiobuyooku,牡5,,2002.04.16,Kage,Daidoubokujou,Suzuki Yoshio,23400000.0,24.0,1.0,1
0001337463,Pawaahooru,牡7,,2021.03.17 5歳,Aokage,Heiyabokujou,(Kabu) Nicks,59186000.0,19.0,2.0,1
0000723100,Rettsugooatene,せん6,,2001.03.02,Kuroshikage,Okadabokujou,Hirota Kenji,22004000.0,36.0,2.0,1
0000750295,Chatteiigyaru,牝5,,2002.02.23,Kage,Shadaifaamu,(Ari) Shadaireesuhoosu,21450000.0,22.0,2.0,1
0000735617,Kuruwazaado,牡5,,,,,,0.0,0.0,0.0,1
0000757206,Yuutaaakusesu,牡4,,2003.04.19,Kage,Nakamotobokujou,Yoshioka Shuugi,14903000.0,65.0,3.0,1
0000887465,Kyaputentouure,牡2,,,,,,0.0,0.0,0.0,1
0000889731,Joniibaroozu,牡2,,2005.04.29,Kuroshikage,(Ari)Shadaikooporeeshonshiraoifaamu,Inokuma Hirotsugu,20740000.0,31.0,1.0,1
0000883266,Hokkoobikutorii,牡2,,2005.03.13,Kurige,Takaakibokujou,Yabe Kouichi,39274000.0,33.0,3.0,1
0000887909,Marienberuku,牡2,,2005.02.21,Kurige,Nisshinbokujou,(Kabu) Hidaka・Buriidaazu・Yunion,34741000.0,34.0,2.0,1
0000889469,Tsurumarusutoomu,牡2,,2005.01.05,Aokage,(Ari)Shadaikooporeeshonshiraoifaamu,Tsuruta Ninotoko,20240000.0,13.0,2.0,1
0000202026,Mainerufesuta,牡2,,1987.03.28,Kurige,Hayashi Yumi,(Kabu) Sarabureddokurabu・Rafian,0.0,3.0,0.0,1
0000888513,Shigeruhasuratto,牡2,,2005.04.01,Kurige,Nakamura Masaaki,Morinaka Ban,81419000.0,39.0,5.0,1
0000890185,Insuteppukikku,牡2,,,,,,0.0,0.0,0.0,1
0000762299,Taikimadoreenu,牝4,,2003.05.15,Kurige,Taijufaamu,(Ari) Taijufaamu,97413000.0,28.0,5.0,1
0000755176,Yukinomaameido,牝4,,2003.04.07 23歳,Kurige,Hattori Bokujou,Inoue Motoyuki,70344000.0,31.0,4.0,1
0000742598,Puraimunanbaa,牝5,,2002.02.12,Kurige,Oiwakefaamu,(Ari) Sandeereeshingu,39896000.0,29.0,3.0,1
0000805808,Karennasakura,牝3,,,,,,0.0,0.0,0.0,1
0000800736,Kuiinsupumante,牝3,,,,,,0.0,0.0,0.0,1
0000808284,Taganopurumieeru,牝3,,2004.02.11,Kurige,(Ari)Shadaikooporeeshonshiraoifaamu,Yagi Ryouji,77871000.0,19.0,4.0,1
0000107036,Hishiasupen,牝3,,1978.03.17,Kage,Takedanoujou,Abe Yasunobu,8860000.0,16.0,1.0,1
0000803269,Deyuotoon,牡3,,2004.04.30,Kage,Bandamubokujou,(Ari) Kyarottofaamu,34816000.0,6.0,3.0,1
0000803990,Buruumaateru,牡3,,2004.05.25,Kurige,Iwamoto Gorou,Yoshida Kiyoshi,86911000.0,53.0,4.0,1
0000804703,Ueikuairando,牡3,,,,,,0.0,0.0,0.0,1
0000853060,Eishinronbaado,牡5,,,,,,0.0,0.0,0.0,1
0000750211,Yunonagetto,牡5,,2002.02.21,Kage,Shadaifaamu,Hosokawa Yukiko,90780000.0,33.0,5.0,1
0000180827,Uingushichii,せん5,,,,,,0.0,0.0,0.0,1
0000614237,Montetaiun,牡8,,1999.04.12,Kage,Satomi Bokujou,Mouri Yoshiaki,132663000.0,43.0,7.0,1
0000737405,Saikyouwaarudo,牡5,,2002.04.30,Kurige,Morinaga Masashi,Okumoto Ken'Ichirou,121863000.0,40.0,5.0,1
0000733251,Ootoserebu,牡5,,,,,,0.0,0.0,0.0,1
0000738617,Bonnebirurekoodo,牡5,,2002.03.12,Kage,Hamamoto Yukio,Shioda Kiyoshi,482723000.0,74.0,9.0,1
0000758596,Adomaiyajupita,牡4,,,,,,0.0,0.0,0.0,1
0000730532,Rikiaisairensu,牡6,,2001.04.23,Kage,Okadabokujou,Kouzan Yukio,161106000.0,54.0,6.0,1
0000751346,Kazenokoutei,牡4,,,,,,0.0,0.0,0.0,1
0000159696,Odiiru,牝2,,,,,,0.0,0.0,0.0,1
0000884804,Eimuattobippu,牝2,,,,,,0.0,0.0,0.0,1
0000888038,Biichiaidoru,牝2,,2005.03.31,Kage,Shadaifaamu,(Ari) Shadaireesuhoosu,107693000.0,39.0,3.0,1
0000888521,Chereburita,牝2,,2005.04.23,Kage,Mishimabokujou,(Ari) Mishimabokujou,121991000.0,25.0,4.0,1
0000885039,Deyuun,牝2,,2005.03.08,Kurige,Banbuubokujou,(Ari) Banbuubokujou,19711000.0,24.0,1.0,1
0000884969,Samaafaindei,牝2,,2005.04.03,Kurige,Nakayama Masanobu,Amagasa Satoshiisami,21770000.0,34.0,3.0,1
0000885314,Rimarekkusu,牝2,,2005.02.22,Kurige,Tabuchibokujou,(Ari) Faibuuin,15600000.0,15.0,2.0,1
0000888321,Doriimuroozu,牝2,,2005.02.08 21歳,Kage,Noozanfaamu,Kanekomasatohoorudingusu (Kabu),13289000.0,16.0,1.0,1
0000889511,Furaminian'Uei,牝2,,2005.02.12,Kage,Noozanfaamu,Yoshida Katsumi,27114000.0,26.0,1.0,1
0000890507,Ginzafurooraru,牝2,,,,,,0.0,0.0,0.0,1
0000886624,Rurupanburuu,牝2,,2005.04.23 21歳,Kage,Chiyodabokujou,Iida Yoshie,71234000.0,22.0,3.0,1
0001051755,Aporodoruche,牡2,,,,,,0.0,0.0,0.0,1
0000886877,Doriimushigunaru,牡2,,2005.06.04,Kurige,Kosumovuyuufaamu,Sezonreesuhoosu (Kabu),86060000.0,19.0,2.0,1
0000891281,Foochunwaado,牝2,,2005.03.23 21歳,Kuroshikage,Chiyodabokujou,Satomi Osamu,55837000.0,16.0,3.0,1
0000891680,Mikkiichiafuru,牡2,,2005.01.31,Kage,Noozanfaamu,Noda Mizuki,122818000.0,31.0,4.0,1
0000884636,Hokkaikantei,牡2,,2005.02.26,Kage,Hokkaibokujou,(Ari) Hokkaibokujou,123741000.0,30.0,5.0,1
0001051908,Shiberiantomu,牡2,,2005.04.14,Kuroshikage,Trackview Farm,Fujita Zaiko,10080000.0,15.0,1.0,1
0000891277,Daiwaanri,牡2,,2005.02.28,Kage,Chiyodabokujou,Tagashira Yuuki,9718000.0,65.0,1.0,1
0000884834,Dainamaitoshikoku,牡2,,2005.03.19,Kurige,Nishikenfuaamu,Nishimori Tsuru,11300000.0,17.0,1.0,1
0000758405,Teiemutoppazure,牡4,,2003.04.01,Aokage,Teiemubokujou,Shimizu Tokukatsu,261322000.0,57.0,5.0,1
0000762247,Maaberasuchiifu,牡4,,2003.04.03,Kage,Yamaokabokujou,Sasahara Sadao,20026000.0,29.0,2.0,1
0000738500,Maihappiikurosu,牡5,,2002.06.17,Ashige,Nagatafaamu,Sano Kiyoshi,85789000.0,27.0,5.0,1
0000886898,Fusaichiasooto,牡2,,2005.02.16,Kurige,Noozanfaamu,Okada Makio,109612000.0,44.0,3.0,1
0000890900,Suzujupitaa,牡2,,2005.03.27,Kuroshikage,Noozanfaamu,Satou Hiroki,128064000.0,53.0,5.0,1
0000888175,Sumairujakku,牡2,,2005.03.08,Kuroshikage,Kamimizubokujou,Saitou Shihoutsukasa,385483000.0,58.0,5.0,1
0001052215,Gosuhookuken,牡2,,2005.03.03,Kuroshikage,Four Horsemen'S Ranch,Fujita Zaiko,77076000.0,15.0,2.0,1
0000890538,Benchaanain,牡2,,2005.03.25,Kage,Setobokujou,Motosugi Yoshirou,73000000.0,21.0,2.0,1
0000286800,Jientorufooku,牡2,,1994.04.07,Aokage,Shadaifaamu,Oonishi Issei,1091000.0,40.0,5.0,1
0000886105,Riaruvikutorii,牡2,,2005.04.09,Kage,Meijibokujou,Sugiyama Mie,81602000.0,47.0,6.0,1
0000891436,Dantsukissui,牡2,,2005.03.28,Kage,Marusachikobayashibokujou,Yamamoto Tetsuji,79488000.0,23.0,3.0,1
0000890152,Shingunritaanzu,牡2,,2005.03.11,Kage,Hikarubokujou,Isaka Shigenori,21550000.0,21.0,1.0,1
0000886794,Danon'Insupaia,牡2,,2005.03.03,Kage,Noozanfaamu,(Kabu) Danokkusu,17880000.0,17.0,1.0,1
0000889002,Maineruerumasu,牡2,,2005.04.19,Kuroshikage,Biggureddofaamu,Shima Kunio,9700000.0,9.0,1.0,1
0001037192,Kosumokomanda,牡2,,2005.04.06,Aokage,Diamond A Racing Corp.,Irokawa Akatsukirou,11500000.0,21.0,1.0,1
0001032532,Bekurakkusu,せん5,,2002.01.28,Kage,Sc Siba Spa,Chiimu・Varaa&Geirii・Baabaa,0.0,1.0,0.0,1
0000803200,Kuurusharoon,牝3,,,,,,0.0,0.0,0.0,1
0000876540,Suchuudentokaunshiru,牡5,,2002.05.28,Kage,W. S. Farish,Mireniamu・Faamuzu,0.0,1.0,0.0,1
0000874250,Jakkusarivan,せん6,,2001.04.01,Kurige,Hermitage Farm Llc,Intaanashonaru・Kaanibaru・Paatona,0.0,1.0,0.0,1
0000899148,Kyandideeto,牡5,,,,,,0.0,0.0,0.0,1
0000920658,Peiparuburu,牡4,,2003.03.29,Kage,B. H. And C. F. D. Simpson,Peiparuburu・Shinjikeeto,0.0,2.0,0.0,1
0000898447,Aruteisutorowaiyaru,牡6,,2001.03.31,Kage,Dayton Investments Ltd,D.Herensupaagaa,0.0,1.0,0.0,1
0000999259,Sadekkusu,牡4,,2003.03.03,Kage,The Niarchos Family,Aveenasha,0.0,1.0,0.0,1
0001003336,Harikanasasu,牡3,,2004.03.15,Kage,Yeomanstown Lodge Stud,Bokkusu41,0.0,1.0,0.0,1
0000705118,Paapurufarukon,牡7,,2000.05.04,Kage,Yamaguchi Yoshihiko,Nakano Ginjuu,69668000.0,47.0,4.0,1
0000752025,Adomaiyaguroori,牡4,,,,,,0.0,0.0,0.0,1
0000885974,Toorupopii,牝2,,2005.01.30,Kage,Noozanfaamu,(Ari) Kyarottofaamu,217992000.0,14.0,3.0,1
0000890944,Reevudamuuru,牝2,,2005.01.28,Kurige,Noozanfaamu,(Ari) Sandeereeshingu,31376000.0,2.0,1.0,1
0000887443,Rejinetta,牝2,,2005.05.11 21歳,Kage,Oiwakefaamu,(Ari) Shadaireesuhoosu,273904000.0,28.0,4.0,1
0000888364,Nishinogaarando,牝2,,2005.03.27,Kage,Nishiyamabokujou,Nishiyama Shigeyuki,21216000.0,21.0,1.0,1
0000885874,Raruketto,牝2,,2005.03.05 21歳,Aokage,Noozanfaamu,(Ari) Sandeereeshingu,74714000.0,22.0,4.0,1
0000312750,Aromakyandoru,牝2,,,,,,0.0,0.0,0.0,1
0000889497,Variantoredi,牝2,,2005.04.09 21歳,Aokage,(Ari)Shadaikooporeeshonshiraoifaamu,(Ari) Sandeereeshingu,30757000.0,24.0,2.0,1
0000882512,Maineburittsu,牝2,,2005.05.01,Kage,Biggureddofaamu,(Kabu) Sarabureddokurabu・Rafian,28696000.0,11.0,2.0,1
0000886317,Torasutopaapuru,牝2,,2005.03.25,Kuroshikage,Matsuurabokujou,Suganami Masami,19648000.0,10.0,2.0,1
0000804256,Akuserukafe,牡3,,,,,,0.0,0.0,0.0,1
0000760257,Fiirudobeaa,牡4,,2003.02.04,Kage,Noozanfaamu,Chida Katsuzou,270457000.0,51.0,8.0,1
0000800399,Maruyofenikkusu,牡3,,2004.04.28,Kage,Igarashibokujou,Nomura Haruyuki,114208000.0,49.0,20.0,1
0001051916,Eeshinfowaado,牡2,,,,,,0.0,0.0,0.0,1
0000890844,Doriimugaadonaa,牡2,,2005.04.14,Kurige,Shadaifaamu,Ozaki Kazuo,62909000.0,29.0,2.0,1
0000886353,Sumaatogyangu,牡2,,2005.04.11,Kurige,Itoubokujou,Ookawa Tooru,24114000.0,13.0,2.0,1
0000009221,Gingei,牡2,,,,,,0.0,0.0,0.0,1
0000801396,Mainekanna,牝3,,2004.03.13 22歳,Kurige,Biggureddofaamu,(Kabu) Sarabureddokurabu・Rafian,105796000.0,28.0,4.0,1
0000198701,Toppuseraa,牝5,,1987.04.18,Kurige,Meiwabokujou,Hoosuman,0.0,0.0,0.0,1
0000750099,Nasunofiona,牝5,,2002.04.12,Kage,Ebisukougyoukabushikigaishanasunobokujou,Nasunobokujou,47276000.0,26.0,4.0,1
0000881619,Suwankiipoochi,牝2,,2005.04.12,Kurige,Shadaifaamu,Yoshida Teruya,27866000.0,9.0,1.0,1
0001051918,Eesongufoo,牝2,,,,,,0.0,0.0,0.0,1
0000888270,Meibiriivu,牝2,,2005.04.14,Kurige,Shadaifaamu,Chiakibokujou,118217000.0,36.0,5.0,1
0000886614,Sakurakasukeedo,牝2,,2005.04.13 21歳,Aoge,Shinwabokujou,(Kabu) Sakurakomaasu,8100000.0,5.0,1.0,1
0000885868,Pienapurinsesu,牝2,,2005.05.10,Kage,Fujiwarafuaamu,Kiyokawa Takanori,9360000.0,20.0,1.0,1
0000890995,Kosumoguramarasu,牝2,,2005.03.28,Kuroshikage,Tsuchiibokujou,Hiwatari Michinobu,9715000.0,42.0,1.0,1
0000887531,Misuteiforesuto,牝2,,2005.03.12,Aokage,Noozanfaamu,(Kabu) Guriinfaamu,13680000.0,13.0,1.0,1
0000760850,Kanetoshitsuyoshioo,牡4,,,,,,0.0,0.0,0.0,1
0000757788,Dansufoouin,牡4,,2003.04.27,Aokage,Meijibokujou,Sugiyama Mie,107670000.0,37.0,6.0,1
0000737189,Purinsesurushiita,牝5,,2002.02.17 24歳,Kurige,Pakapakafaamu,Yoshida Teruya,79769000.0,29.0,5.0,1
0000760812,Deitoreedaa,牡4,,2003.04.13,Kage,Suwabokujou,(Kabu) Hidaka・Buriidaazu・Yunion,26545000.0,38.0,1.0,1
0000884998,Sadamuidaten,牡2,,2005.05.03,Kurige,Saitou Angyou,Oonishi Tei,24142000.0,12.0,1.0,1
0000891038,Meishoukuoria,牡2,,2005.04.12,Kage,Tomitabokujou,Matsumoto Yoshio,191379000.0,43.0,4.0,1
0000885683,Iideshingen,牡2,,,,,,0.0,0.0,0.0,1
0000882317,Mainerufaruke,牡2,,2005.04.07,Kage,Biggureddofaamu,Suzuki Yoshio,200396000.0,43.0,7.0,1
0000886283,Dantsuuiningu,牡2,,2005.05.02,Kage,Mori Bokujou,Yamamoto Tetsuji,37487000.0,11.0,2.0,1
0001052206,Danon'Isao,牡2,,2005.02.07,Kuroshikage,Jake Lantaff & Epona Llc,(Kabu) Danokkusu,13460000.0,5.0,1.0,1
0000883241,Furooteeshon,牡2,,2005.04.14,Kurige,Shadaifaamu,Usuda Hiroyoshi,129058000.0,13.0,2.0,1
0000247498,Ranchibokkusu,牡2,,1991.03.15,Kage,Hitoyamabokujou,Ui Masayuki,0.0,5.0,0.0,1
0000887117,Pienapopai,牡2,,2005.03.09,Kurige,Okamotobokujou,Motoya Kenzou,77435000.0,42.0,4.0,1
マイハートマイラブ,Maihaatomairabu,牡2,,,,,,,,,1
0000723427,Regorasu,牡6,,2001.04.21,Kuroshikage,Shadaifaamu,(Ari) Shadaireesuhoosu,58919000.0,15.0,4.0,1
0000616975,Kaorinooburu,せん9,,,,,,0.0,0.0,0.0,1
0000713933,Taikivanbeeru,牡8,,2000.03.01,Ashige,Taiki Farm,(Ari) Taijufaamu,144711000.0,47.0,6.0,1
0000728936,Rikiddonootsu,牡7,,2001.04.06,Kuroshikage,Shimokoubebokujou,Usuda Hiroyoshi,163347000.0,35.0,6.0,1
0000706398,Toosenzaoo,牡8,,2000.02.15,Ashige,Hosokawanoujou,Shimakawa Takaya,172996000.0,58.0,7.0,1
0000742958,Furiitoapiiru,牡6,,2002.03.11,Kage,Noozanfaamu,Oka Tomonori,66568000.0,64.0,21.0,1
0000730133,Yamanorudorufu,牡7,,2001.05.07,Kurige,Kitazawa Seisoku,Sawamura Toshio,120204000.0,42.0,6.0,1
0000884936,Mayanobenkei,牡3,,2005.01.10,Kage,Maekawa Takanori,Tadokoro Eiko,55117000.0,26.0,3.0,1
0000888607,Chousandei,牡3,,2005.03.08,Kage,Kusanagi Toshiaki,Maruyama Takao,60804000.0,26.0,4.0,1
0000889923,Rainpureaa,牡3,,2005.03.19,Ashige,Hidakataiyoubokujou,Oosawa Hanjou,113182000.0,42.0,6.0,1
0000890735,Jieirakkaa,牡3,,2005.03.24,Kurige,Sakai Gen'Ichi,Chiba Masahito,18300000.0,12.0,3.0,1
0000884983,Diayamato,牡3,,2005.03.11,Kurige,Odabokujou,Takataru Hideo,81696000.0,40.0,4.0,1
0000886135,Maineruchaaruzu,牡3,,,,,,0.0,0.0,0.0,1
0000885696,Aiteitoppu,牡3,,,,,,0.0,0.0,0.0,1
0000885516,Ritoruamapoora,牝3,,2005.01.24 21歳,Kuroshikage,(Ari)Shadaikooporeeshonshiraoifaamu,(Ari) Shadaireesuhoosu,232982000.0,22.0,5.0,1
0000886778,Nishinoshuterun,牡3,,2005.02.27,Kage,Nishiyamabokujou,(Ari) Hoosukea,16559000.0,34.0,1.0,1
0000884513,Suterususonikku,牡3,,2005.02.19,Kuroshikage,(Ari)Shadaikooporeeshonshiraoifaamu,Kumi)Seikazekai,11046000.0,42.0,5.0,1
0000884082,Dottokomu,牡3,,2005.04.16,Kage,Chiyodabokujou,Aoyama Youichi,98295000.0,45.0,4.0,1
0000882736,Moereheisei,牡3,,2005.05.13,Kage,Matsumotobokujou,(Ari) Hoosukea,2959000.0,39.0,5.0,1
0001051751,Purachinameen,牡3,,2005.02.25,Kurige,Dede Mcgehee & Delia Mcgehee,Hirooreesu (Kabu),80163000.0,41.0,4.0,1
0001037174,Aporomaharu,牡3,,,,,,0.0,0.0,0.0,1
0000742723,Burakkuarutairu,せん6,,2002.05.01,Kuroshikage,Shiraoifaamu,(Ari) Shadaireesuhoosu,114381000.0,33.0,5.0,1
0000803259,Maineruawagurasu,牡4,,2004.05.01,Kage,Biggureddofaamu,(Kabu) Sarabureddokurabu・Rafian,230717000.0,48.0,6.0,1
0000901710,Satonosuroon,牡5,,2003.02.04,Kurige,Forging Oaks Llc,Sasaki Kanji,93399000.0,40.0,6.0,1
0000736636,Uinkaadinaru,牡6,,,,,,0.0,0.0,0.0,1
0000758442,Sanraizurekusasu,牡5,,2003.04.05,Kurige,Kasamatsubokujou,Matsuoka Takao,86556000.0,20.0,5.0,1
0000736159,Barensooru,牝6,,2002.03.09,Kage,Fujiwarabokujou,(Kabu) Hidaka・Buriidaazu・Yunion,40500000.0,21.0,4.0,1
0000756919,Adomaiyasubaru,牡5,,,,,,0.0,0.0,0.0,1
0000205626,Waakingubooi,牡5,,1987.03.27,Kurige,Nakagawa Mikio,Okazaki Masataka,1301000.0,38.0,1.0,1
0000802341,Hishikatsuriidaa,牡4,,2004.02.27,Aoge,Nakamura Masaaki,Shimizu Tokukatsu,140013000.0,62.0,13.0,1
0000762107,Teiemunobushioo,牡5,,2003.02.07,Kurige,Marusachikobayashibokujou,Takezono Masatsugu,88394000.0,32.0,5.0,1
0000889597,Shounan'Aruba,牡3,,2005.02.13,Kage,Kuwatabokujou,Kunimoto Tesshuu,125093000.0,35.0,4.0,1
0000881793,Sumaatofarukon,牡3,,2005.04.04 21歳,Kurige,Okadasutatsudo,Ookawa Tooru,990736000.0,33.0,23.0,1
マイネルプレーザ,Mainerupureeza,牡3,,,,,,,,,1
0000891652,Nottoaroon,牡3,,2005.02.15,Aoge,Noozanfaamu,Kanekomasatohoorudingusu (Kabu),96350000.0,29.0,3.0,1
0000883826,Reomaisutaa,牡3,,2005.04.28,Kurige,Wakabayashi Takeo,(Kabu) Reo,99710000.0,24.0,4.0,1
0000891876,Satonohapinesu,牡3,,2005.03.01,Kurige,Chiyodabokujou,Satomi Osamu,22500000.0,25.0,3.0,1
0000920271,Sutoomiipegasasu,牡3,,2005.04.02,Kage,Fontainebleau Farm,(Ari) Shadaireesuhoosu,3221000.0,9.0,1.0,1
0000722078,Ramutarapurinsu,牡7,,2001.03.23,Kage,Itakabokujou,Kazama Sakaesuke,82281000.0,34.0,3.0,1
0000887603,Reinboopegasasu,牡3,,2005.03.30,Kage,Murashita Akihiro,Yoshimura Toshiharu,191203000.0,27.0,5.0,1
0001174977,Daishinpuran,牡3,,2013.02.19,Ashige,Nakaharabokujou,Ooyagi Nobuyuki,0.0,0.0,0.0,1
0000889729,Arukazan,牡3,,,,,,0.0,0.0,0.0,1
0000888397,Burakkushieru,牡3,,2005.01.31,Kage,Noozanfaamu,Kanekomasatohoorudingusu (Kabu),151228000.0,10.0,2.0,1
0000881701,Namurakuresento,牡3,,2005.04.22,Kage,Hattafaamu,Tomita Fujio,325295000.0,52.0,9.0,1
0000885901,Makkiibahha,牡3,,2005.03.29,Kage,Hamamotobokujou,Takigiura Tooru,99349000.0,59.0,5.0,1
0000882983,Agunesusutaachi,牡3,,,,,,0.0,0.0,0.0,1
0000886835,Raimukyandi,牝3,,2005.05.04,Kage,Shadaifaamu,(Ari) Shadaireesuhoosu,46744000.0,9.0,2.0,1
0000886438,Deveroppe,牝3,,2005.04.04 21歳,Kage,Fukumitsubokujou,Diaresuto,39725000.0,8.0,2.0,1
0000890227,Maineuinku,牝3,,2005.05.29,Kurige,Kosumovuyuufaamu,(Kabu) Sarabureddokurabu・Rafian,21400000.0,19.0,1.0,1
0000227061,Passhonroozu,牝3,,1989.03.05,Kuroshikage,Tanagawa Katsumasa,Fujii Youji,2802000.0,74.0,4.0,1
0001051911,Marutaazuorijin,牝3,,2005.02.15 21歳,Kage,Yoshio Fujita,Fujita Zaiko,48529000.0,21.0,3.0,1
0000887334,Oorufoomii,牝3,,,,,,0.0,0.0,0.0,1
0000884025,Ravudoshankushii,牝3,,2005.04.15,Kurige,Shadaifaamu,(Ari) Shadaireesuhoosu,62978000.0,24.0,4.0,1
0000807384,Eeteiibosu,牡4,,,,,,0.0,0.0,0.0,1
0000805887,Anpasando,牡4,,,,,,0.0,0.0,0.0,1
0000217848,Fujinoueebu,牡6,,1989.04.09,Kage,Ogifukuhattoribokujou,Nakamura Hiroshishun,20660000.0,12.0,9.0,1
0000891931,Diipusukai,牡3,,2005.04.24,Kurige,Kasamatsubokujou,Fukami Toshio,642139000.0,17.0,5.0,1
0000890459,Oosumisupaaku,牡3,,,,,,0.0,0.0,0.0,1
0000229381,Porutofiino,牝3,,1990.03.16,Kage,Suzuki Takeshi,Kawai Hideo,0.0,0.0,0.0,1
0000886710,Roodonyuusutaa,牡3,,2005.05.09,Kage,Keiaifaamu,(Kabu) Roodohoosukurabu,75949000.0,20.0,5.0,1
0000887112,Ruurupurosupaa,牡3,,2005.02.28,Aokage,Okazakibokujou,Giga Yoshiko,255395000.0,53.0,11.0,1
0000888264,Feimurobarii,牡3,,2005.04.20,Kage,Mishimabokujou,Hirooreesu (Kabu),80669000.0,40.0,4.0,1
0000240990,Uinrekkusu,せん7,,,,,,0.0,0.0,0.0,1
0000808372,Marukafenikkusu,牡4,,2004.05.27,Kurige,Hinodebokujou,Kawachousangyou (Kabu),255206000.0,34.0,6.0,1
0000802858,Rikisanfaitaa,牡4,,2004.05.06,Kurige,Ootabokujou,(Ari) Haipawaashouji,84452000.0,36.0,5.0,1
0000888294,Eapasukaru,牝3,,,,,,0.0,0.0,0.0,1
0000890014,Superubaindo,牝3,,2005.02.25 21歳,Kage,Oiwakefaamu,(Ari) Shadaireesuhoosu,103170000.0,30.0,4.0,1
0000889913,Muudoindigo,牝3,,2005.01.19 21歳,Kurige,(Ari)Shadaikooporeeshonshiraoifaamu,Kanekomasatohoorudingusu (Kabu),134206000.0,24.0,3.0,1
0000899891,Haikakkuu,牝3,,2005.03.13 21歳,Kage,Sakuraibokujou,(Ari) Sakuraibokujou,34542000.0,19.0,2.0,1
0000891919,Meishoujiei,牝3,,2005.03.30,Kage,Urashin Tokuji,Matsumoto Yoshio,41813000.0,36.0,2.0,1
0000886721,Maruchimetorikku,牝3,,2005.03.06,Kage,Toriibokujou,(Ari) Kyarottofaamu,17620000.0,12.0,1.0,1
0000889575,Kouyoumariin,牝3,,2005.04.07,Aokage,Tanigawabokujou,Terauchi Masamitsu,19316000.0,29.0,2.0,1
0000887262,Gyuiennu,牝3,,,,,,0.0,0.0,0.0,1
0000887185,Yukinosasshu,牝3,,2005.05.09,Kuroshikage,Efuebokujou,Ueda Chikara,7856000.0,57.0,6.0,1
0000310114,Operaseria,牝3,,,,,,0.0,0.0,0.0,1
0000887431,Mejiroaasura,牝3,,2005.02.01,Aokage,Mejirobokujou,(Ari) Mejirobokujou,26092000.0,30.0,1.0,1
0000885578,Nikkubaiefuoo,牝3,,2005.05.02,Kurige,Okitabokujou,Higashiko Chizuru,9537000.0,136.0,14.0,1
0000885242,Teranofantomu,牡3,,2005.02.20,Kuroshikage,Noozanfaamu,Terada Toshio,54671000.0,26.0,4.0,1
0000891980,Ainrakusu,牡3,,,,,,0.0,0.0,0.0,1
0000883985,Mikkiijietto,牡3,,2005.05.15,Aokage,Tanioka Masaji,Noda Mizuki,2500000.0,8.0,1.0,1
0000886380,Raimuraitoshichii,牡3,,2005.03.09,Kage,Houjuu Kawani,(Kabu) Tomoshunhoosukurabu,16960000.0,26.0,1.0,1
0000308060,Koonaasutoon,牡4,,1996.04.26,Aokage,Honkiribokujou,Katou Atsuko,0.0,2.0,0.0,1
0001052225,Danongoogoo,牡3,,2005.03.13,Kurige,"Jayeff ""B"" Stables & Reynolds Bell Jr.",(Kabu) Danokkusu,89080000.0,9.0,3.0,1
0000890013,Daiwashiikuretto,牡3,,2005.04.06,Kurige,Hattori Bokujou,Terashima Hiroshi,89688000.0,55.0,10.0,1
0001052228,Shirukubiggutaimu,牡3,,2005.03.21,Kage,Polo Green Stable,Iida Seigou,86547000.0,19.0,5.0,1
0000882801,Ribaataun,牡3,,2005.04.11,Aokage,Tayubokujou,Gotou Shigeki,36658000.0,23.0,3.0,1
0001052217,Meipurusutoriito,牝3,,2005.01.30,Kage,Franklin Kling Jr. & Taylor Asbury,Fujita Zaiko,22908000.0,13.0,2.0,1
0000888645,Tenshinobosuton,牡3,,2005.05.21,Kurige,Tomodabokujou,Kobayashi Kachi,11817000.0,33.0,1.0,1
0000885475,Kosumorangeru,牝3,,2005.05.19,Kage,Biggureddofaamu,(Ari) Biggureddofaamu,25941000.0,22.0,2.0,1
0000889872,Naritaatakkaa,牡3,,2005.03.25,Kage,Matobabokujou,(Kabu) Oosumi,9100000.0,17.0,1.0,1
0001037193,Kosumojairo,牝3,,2005.04.28,Kurige,Devona Jeffery,(Ari) Biggureddofaamu,18812000.0,24.0,1.0,1
0000760152,Mantenfurawaa,牝5,,2003.05.10,Kage,Shikado Masayuki,Kojima Masayuki,17850000.0,23.0,1.0,1
0000751467,Uootaatoriton,牡5,,,,,,0.0,0.0,0.0,1
0000614387,Rinenmein,牡9,,1999.05.28,Kage,Shiraibokujou,Toyama Mitsuo,28595000.0,63.0,12.0,1
0000233910,Dansuoorunaito,牝5,,1990.04.12,Kage,Nakagawabokujou,(Kabu) Jieiruhausu,19169000.0,45.0,9.0,1
0000802064,Marunomanhattan,牝4,,2004.05.26,Kage,Hiwatari Nobuyoshi,Saitou Jitsu,27700000.0,18.0,4.0,1
0000889010,Rabe,牝3,,2005.03.12 21歳,Kuroshikage,Noosuhiruzumanejimento,(Kabu) Noosuhiruzu,45117000.0,18.0,3.0,1
0000883192,Machikanehayate,牝3,,2005.03.12 21歳,Kage,Shadaifaamu,Hosokawa Masuo,68338000.0,19.0,5.0,1
0001037234,Mizerikorude,牝3,,2005.02.28 21歳,Kage,Meon Valley Stud,Yoshida Kazuko,68798000.0,27.0,4.0,1
0000886864,Pepuchidorubii,牝3,,2005.05.16 21歳,Kage,Bandoubokujou,Numakawa Kazuhiko,92765000.0,23.0,4.0,1
0000887672,Wanmoagurittaa,牝3,,2005.04.02,Kurige,Nagahama Hideaki,(Ari) Ikuta,18340000.0,29.0,2.0,1
0000886892,Burakkuenburemu,牝3,,2005.01.22 21歳,Kuroshikage,Noozanfaamu,Tahara Kunio,164343000.0,9.0,4.0,1
0000887572,Reddoageeto,牝3,,2005.03.14 21歳,Kuroshikage,Kojimabokujou,Diaresuto,101150000.0,33.0,2.0,1
0000883932,Shinguraikubaado,牝3,,2005.05.11,Kage,Shadaifaamu,(Ari) Shadaireesuhoosu,115183000.0,26.0,5.0,1
0000883913,Puteimakaron,牝3,,2005.04.25,Aokage,Kyouyuubokujou,Date Taiyuu,40035000.0,28.0,2.0,1
0000889882,Haiesutohowaito,牝3,,2005.02.19,Ashige,Shadaifaamu,Yoshida Teruya,7000000.0,2.0,1.0,1
0000887661,Biibiimodena,牝3,,2005.05.03,Ashige,Shikado Yoshiaki,(Ari) Bandoubokujou,9400000.0,10.0,1.0,1
0000886279,Maronteiara,牝3,,2005.04.23,Kage,Takashisakaebokujou,Kurisaki Seiji,10415000.0,36.0,2.0,1
0000889598,Supesharudinaa,牝3,,2005.04.30 21歳,Kage,Akadabokujou,Fukami Tomirou,8500000.0,4.0,1.0,1
0000890818,Mainefuruure,牝3,,2005.03.12,Kuroshikage,Togawabokujou,(Kabu) Faasutobijon,16542000.0,48.0,4.0,1
0000890876,Derumabega,牝3,,2005.05.25,Kurige,Faniihirufaamu,Ozawa Hideo,9439000.0,25.0,1.0,1
0000890842,Asakusadandi,牡3,,,,,,0.0,0.0,0.0,1
0000887947,Shinwaravu,牡3,,2005.03.23,Aokage,Yasuda Yukiko,Wakao Shouichi,34657000.0,45.0,5.0,1
0000888326,Uoobonetto,牡3,,,,,,0.0,0.0,0.0,1
0000890017,Daiwawairudoboa,牡3,,2005.02.21,Kage,Shadaifaamu,Ooshiro Keizou,87333000.0,25.0,3.0,1
0000891465,Ooromaisutaa,牡3,,,,,,0.0,0.0,0.0,1
0000799917,Doriimufuraito,牡4,,2004.05.16,Kurige,Noozanfaamu,Yoshida Katsumi,76354000.0,43.0,5.0,1
0000269301,Chansutourai,牡5,,1993.04.12,Kage,Sasajima Masanobu,(Ari) Sekizawasangyou,590000.0,15.0,0.0,1
0000807260,Mahiore,牡4,,2004.02.09,Kuroshikage,Noozanfaamu,Kanekomasatohoorudingusu (Kabu),30971000.0,24.0,3.0,1
0000737562,Pegasasufaito,牡6,,2002.04.16,Kage,Amoubokujou,(Ari) Amoubokujou,89096000.0,42.0,6.0,1
0000290328,Reddodoragon,牡4,,1994.05.05,Kurige,Ono Yoichi,Hakuba (Kabu),3823000.0,46.0,5.0,1
0000887530,Adomaiyakomando,牡3,,,,,,0.0,0.0,0.0,1
0000899892,Midaasutatchi,牡3,,2005.04.09,Kurige,Gurandobokujou,Kanekomasatohoorudingusu (Kabu),101231000.0,42.0,4.0,1
0000886830,Roodobariosu,牡3,,2005.02.21 21歳,Aoge,Keiaifaamu,Nakamura Isanbi,115888000.0,33.0,6.0,1
0000891929,Teiemuchiitaa,牡3,,2005.02.15,Aokage,Ishigooka Masaki,Takezono Masatsugu,32695000.0,36.0,1.0,1
0000884742,Shainingudei,牡3,,2005.04.05,Kuroshikage,Ueda Gojuushi,Yasuhara Kouji,35310000.0,39.0,2.0,1
0000887674,Rosupetoryusu,牡3,,2005.02.14,Kurige,Ekuserumanejimento,Yamaguchi Atsushikou,41002000.0,24.0,4.0,1
0001052438,Rivuzaruto,牡3,,2005.10.13,Kuroshikage,Mr T Jarvis,Satomi Osamu,15750000.0,16.0,1.0,1
0000890919,Kurinodaishisu,牡3,,,,,,0.0,0.0,0.0,1
0000727090,Nanayoohimawari,牡7,,2001.04.11,Kurige,Kojimabokujou,Ozaki Wasuke,176349000.0,65.0,7.0,1
0000760283,Burakkurannaa,牡5,,2003.04.11,Kuroshikage,Kasamatsubokujou,Suijou Yukio,90639000.0,24.0,5.0,1
0000801408,Paresushottogan,牡4,,2004.04.11,Kage,Adachi Hiroshinama,Sakamoto Hajime,54462000.0,12.0,4.0,1
0000885802,Satonopuroguresu,牡3,,2005.03.02,Kage,Takamura Shin'Ichi,Satomi Osamu,76876000.0,12.0,3.0,1
0000888593,Tamamosukuwaato,牡3,,2005.04.06,Kage,Tsushima Sei,Tamamo (Kabu),105186000.0,68.0,8.0,1
0000890288,Apororamusesu,牡3,,,,,,0.0,0.0,0.0,1
0000891405,Supesharubureido,牡3,,2005.04.10,Kage,Sakaibokujou,(Ari) Taafu・Supooto,29399000.0,17.0,2.0,1
0000883857,Riisamukuraun,牡3,,2005.04.05,Kuroshikage,Kawakami Etsuo,Hirata Yurie,18100000.0,6.0,2.0,1
0000804295,Eijian'Uinzu,牝4,,,,,,0.0,0.0,0.0,1
0000757315,Kissuandoraido,牝5,,,,,,0.0,0.0,0.0,1
0000807002,Taninohaikurea,牝4,,2004.02.04 22歳,Kage,Hashimotobokujou,Tanimizu Yuuzou,57505000.0,22.0,4.0,1
0000758706,Heiroofuji,牝5,,2003.04.30 23歳,Kurige,Kyouwabokujou,(Ari) Kyouwabokujou,128787000.0,47.0,6.0,1
0000890077,Soomajikku,牝3,,2005.02.05 21歳,Kage,Shadaifaamu,Yoshida Teruya,118554000.0,20.0,4.0,1
0000890358,Madamurukonto,牝3,,2005.03.31,Kurige,Arai Shouji,Kuriyama Sei,34220000.0,26.0,3.0,1
0000208069,Teiemueesu,牡5,,1988.04.14,Kage,Akaishibokujou,Takezono Masatsugu,10370000.0,12.0,1.0,1
0000303506,Araamukooru,せん8,,,,,,0.0,0.0,0.0,1
0000737342,Foresutodansu,牡6,,2002.06.11,Kurige,Murakamifaamu,Maruoka Keiichi,28950000.0,26.0,1.0,1
0000394755,Guraidingu,せん8,,,,,,0.0,0.0,0.0,1
0000617833,Ootozeusu,牡9,,,,,,0.0,0.0,0.0,1
0000797798,Geirusupaakii,牡4,,2004.04.09,Kage,Taiheibokujou,(Kabu) Rra,141475000.0,35.0,6.0,1
0000806443,Vikutoriaai,牝4,,2004.05.22,Kage,Noosuhiruzumanejimento,(Ari) Noosuhiruzumanejimento,49502000.0,27.0,4.0,1
0000887077,Kyuutoenburemu,牝3,,,,,,0.0,0.0,0.0,1
0000889885,Meishouberuuga,牝3,,2005.03.30,Ashige,Mishimabokujou,Matsumoto Yoshio,330846000.0,35.0,7.0,1
0000041809,Kaizerin,牝3,,,,,,0.0,0.0,0.0,1
0000886869,Yukichan,牝3,,2005.03.28 21歳,Shiraga,Noozanfaamu,Kaneko Masato,126287000.0,17.0,5.0,1
0000891192,Agunesuminuetto,牝3,,,,,,0.0,0.0,0.0,1
0000887392,Sawayakarasukaru,牝3,,2005.04.20,Kage,Araibokujou,Nagai Keiji,97693000.0,36.0,5.0,1
0000891731,Teikubaisutoomu,牝3,,2005.01.02,Ashige,(Ari)Shadaikooporeeshonshiraoifaamu,(Ari) Shadaireesuhoosu,43640000.0,26.0,3.0,1
0000998984,Fikkuruberii,牝3,,2005.04.01,Kage,Shadai Corporation Ltd.,(Ari) Kyarottofaamu,41026000.0,18.0,2.0,1
0000887566,Pokoapokoforute,牝3,,2005.03.16,Kurige,Mitsuishihashimotobokujou,(Kabu) Tenjin,8600000.0,19.0,1.0,1
0000886214,Aporokuikku,牝3,,,,,,0.0,0.0,0.0,1
0000891677,Gaadensutairu,牝3,,,,,,0.0,0.0,0.0,1
0000762682,Geirubaniyan,牡5,,2003.03.17,Kuroshikage,Matsuurabokujou,Sakuma Takusamurai,77742000.0,53.0,4.0,1
0000889297,Kurisutaruuingu,牡3,,,,,,0.0,0.0,0.0,1
0000882854,Montekurisuesu,牡3,,2005.02.21,Kage,Shimokoubebokujou,Mouri Yoshiaki,231823000.0,51.0,5.0,1
0000885079,Goorudenhatchi,牡3,,2005.03.20,Kuroshikage,Daieibokujou,Tanaka Hachirou,18000000.0,7.0,1.0,1
0000891861,Nishinoemooshon,牡3,,2005.04.15,Aokage,Nishiyamabokujou,Oogishi Masahiro,24973000.0,6.0,2.0,1
0000887631,Torenokurisuesu,牡3,,2005.04.11,Aoge,Fujiwarabokujou,Hirosaki Toshihiro,19702000.0,12.0,1.0,1
0000886377,Orientaruyooku,牡3,,,,,,0.0,0.0,0.0,1
0001051703,Goorudenruuve,牡3,,2005.02.02,Kurige,Barnett Enterprises,Hirooreesu (Kabu),53964000.0,23.0,3.0,1
0000891551,Doriimukyuubu,牡3,,2005.04.06,Kage,Biggureddofaamu,Sezonreesuhoosu (Kabu),51533000.0,17.0,4.0,1
0000020469,Mazeran,牡3,,1967.04.06,Kage,,Ooi,340000.0,8.0,0.0,1
0000884634,Fabirasubooi,牡3,,2005.06.02,Ashige,Shadaifaamu,Takeuchi Tetsuo,39619000.0,24.0,3.0,1
0000882340,Fujiyamaramusesu,牡3,,2005.04.27,Kage,Shadaifaamu,Fujimoto Miyako,41905000.0,12.0,3.0,1
0000888600,Shadookurosu,牡3,,2005.04.24,Kurige,Sankoubokujou,Saiki Takao,74298000.0,27.0,4.0,1
0000888040,Roodoariesu,牡3,,2005.04.08,Kuroshikage,Keiaifaamu,(Kabu) Roodohoosukurabu,111636000.0,29.0,3.0,1
0000885091,Maineruroozen,牡3,,2005.04.20,Kurige,Hakutsubokujou,Kitada Hisako,37530000.0,22.0,1.0,1
0000891234,Howaitopirugurimu,牡3,,2005.05.04,Ashige,Unoki Tadayoshi,(Ari) Taafu・Supooto,149690000.0,36.0,5.0,1
0000885410,Burasutodasshu,牡3,,2005.03.31,Kage,Okadabokujou,Murakami Minoru,99140000.0,21.0,5.0,1
0000881395,Fittsuroi,牡3,,2005.02.17,Kage,Noozanfaamu,(Ari) Sandeereeshingu,57881000.0,23.0,3.0,1
0000887541,Gurooriishiizu,牡3,,2005.02.26,Kurige,Noozanfaamu,Kondou Eiko,53045000.0,14.0,4.0,1
0000890905,Kurinokobuoo,牡3,,,,,,0.0,0.0,0.0,1
0000887171,Rikkaroiyaru,牡3,,2005.04.19,Ashige,Nakajima Toshiaki,Tachibana Yukio,95543000.0,26.0,5.0,1
0001325550,Pooraaraitsu,牡3,,2020.03.11,Kuroshikage,Noozanfaamu,(Dou)Jpngiken,3360000.0,25.0,0.0,1
0000881736,Yodonohiiroo,牡3,,2005.04.16,Kuroshikage,Koizumibokujou,Unabara Seiichi,36751000.0,27.0,3.0,1
0000888386,Chikiribooi,牡3,,2005.05.13,Kurige,Marusachikobayashibokujou,Nishiura Kazuo,2382000.0,27.0,5.0,1
0000884696,Hirunoradian,牡3,,2005.04.01,Kuroshikage,Heiseibokujou,Katayama Matsuoi,21770000.0,52.0,8.0,1
0000806165,Batorubaniyan,牡4,,2004.04.01,Kurige,Noozanfaamu,Tsumura Yasushi,206458000.0,41.0,7.0,1
0001040074,Faridatto,牡3,,2005.01.28,Aokage,North Hills Management,Maeda Kouji,256169000.0,51.0,5.0,1
0000887454,Supuringusongu,牡3,,2005.02.27,Aokage,Shadaifaamu,Yoshida Teruya,167749000.0,17.0,6.0,1
0001050370,Andaakauntaa,牡3,,,,,,0.0,0.0,0.0,1
0000888842,Sekkachiseeji,牡3,,2005.04.05,Kage,Nojimabokujou,Matsuda Seini,22624000.0,14.0,3.0,1
0000886432,Riigarusukiimu,牡3,,2005.04.29,Kurige,Hidakataiyoubokujou,(Ari) Kyarottofaamu,47624000.0,18.0,4.0,1
0000805619,Meikeiguriin,せん4,,2004.04.18,Kuroshikage,Terakoshi Masayuki,Nagoyakeiba (Kabu),26100000.0,22.0,1.0,1
0000760086,Goorudoriizun,牡5,,2003.04.18,Kage,Tabatafaamu,(Kabu) Kyouei,39500000.0,26.0,5.0,1
0000801259,Karisumakonkorudo,牡4,,,,,,0.0,0.0,0.0,1
0000901755,Shigeruisaidaka,牡5,,2003.08.14,Kage,Boxgrove Pastoral Co,Morinaka Ban,26395000.0,32.0,3.0,1
0000804737,Kearesuuisupaa,牝4,,2004.02.04 22歳,Kurige,Noozanfaamu,Yoshida Katsumi,82184000.0,30.0,3.0,1
0000890568,Sakusesuburokken,牡3,,2005.05.05,Aokage,Tanigawabokujou,Takashima Satoshi,408472000.0,19.0,7.0,1
0000756491,Kingutoppugan,牡5,,,,,,0.0,0.0,0.0,1
0000228898,Hikarishatoru,牡4,,1990.04.24,Kuroshikage,Takamura Shin'Ichi,Touyama Takanori,16600000.0,7.0,1.0,1
0000885167,Yubikitasu,牡3,,2005.03.19,Kage,Murakamibokujou,Iketani Seiichi,114109000.0,14.0,4.0,1
0000884751,Sukaarettorain,牡3,,2005.05.04,Kurige,Shadaifaamu,(Kabu) Guriinfaamu,44948000.0,22.0,3.0,1
0000891943,Nanyoohirutoppu,牡3,,2005.04.02,Kurige,Hidakafuaamu,Itou Kazuhiko,108033000.0,23.0,5.0,1
0000886622,Kuriirupasshon,牡3,,,,,,0.0,0.0,0.0,1
0000888647,Ryuuken,牡3,,2005.04.14,Kage,Noomote Atsuo,Nishimura Tomoya,13108000.0,18.0,5.0,1
0000889281,Doriimusukairabu,牡3,,2005.03.03,Kuroshikage,Kitajimabokujou,Hirose Moriyoshi,66127000.0,70.0,7.0,1
0001052403,Takarasutoon,牡3,,2005.03.22,Kage,James M. Herbener Jr.,Murayama ★Ichi,53323000.0,62.0,6.0,1
0000210061,Arumada,せん7,,,,,,0.0,0.0,0.0,1
0000807809,Oopungaaden,牡4,,,,,,0.0,0.0,0.0,1
0000761885,Fujiyamahooku,牡5,,2003.04.04,Kage,Shadaifaamu,Fujimoto Tatsuya,19528000.0,23.0,3.0,1
0000032843,Hikaruoozora,牡4,,1969.05.12,Kage,,Sakamoto Yoshiko,9731000.0,66.0,5.0,1
マイネルキッツ,Mainerukittsu,牡5,,,,,,,,,1
0001000912,Fasutorokku,牡4,,2004.05.21,Kurige,Quay Bloodstock,Hirooreesu (Kabu),84716000.0,25.0,5.0,1
0000806562,Suriipuresunaito,牝4,,2004.02.07,Kage,Noozanfaamu,(Ari) Sandeereeshingu,373165000.0,18.0,9.0,1
0000762704,Toohoushain,牝5,,2003.05.17,Kuroshikage,Takeshima Kouji,Touhoubussan (Kabu),71084000.0,23.0,3.0,1
0000999003,Houshouruupu,牝4,,2004.05.19,Kage,Green Gates Farm,Haga Yoshitaka,44816000.0,21.0,3.0,1
0000889557,Daibaashitei,牡3,,2005.03.12,Kage,Noozanfaamu,(Ari) Sandeereeshingu,88196000.0,36.0,5.0,1
0000881977,Sumaatogia,牡3,,2005.02.12,Kurige,Daieibokujou,Okada Soushi,269758000.0,59.0,6.0,1
0001037237,Kinguobukaruto,牡3,,,,,,0.0,0.0,0.0,1
0000886847,Purovinaaju,牝3,,2005.02.03 21歳,Kage,Shadaifaamu,Hayashi Kuniyoshi,189584000.0,30.0,4.0,1
0000890923,Suiitokarutago,牝3,,2005.02.25,Kurige,Shinboribokujou,Shinboribokujou,32360000.0,26.0,3.0,1
0000759480,Miyabiranberi,牡5,,2003.03.28,Kurige,Hara Takehisa,Murakami Yoshikatsu,297898000.0,25.0,7.0,1
0000732965,Akuteibuakuto,牝6,,,,,,0.0,0.0,0.0,1
0000754075,Biennaare,牝5,,2003.03.17 23歳,Kage,Kamigaki Michihiro,Matsumoto Toshihiro,70479000.0,27.0,4.0,1
0000736108,Vankurutateyama,牡6,,2002.05.15,Kurige,Fujisawabokujou,Tsuji Yukio,229106000.0,29.0,9.0,1
0000758154,Biggukapone,牡5,,2003.04.22,Kage,Shimokoubebokujou,Fujii Kouji,105195000.0,29.0,5.0,1
0000179570,Raindoraibu,せん5,,1985.04.15,Kage,Hattori Kiyoshi,Katou Toyozou,2390000.0,9.0,0.0,1
0000742964,Zennoparutenon,牡6,,2002.03.19,Kurige,Noozanfaamu,Oosako Kumiko,170085000.0,27.0,8.0,1
0000141560,Hanaichirin,牝5,,1981.04.10,Kage,Hitoyama Takashirou,Yoshimatsu Isako,2569000.0,49.0,5.0,1
0000285624,Goorudenshain,牡4,,1994.05.29,Kurige,Takeuchi Ryouichi,Sasaki Tsutomu,0.0,2.0,0.0,1
0000760802,Pikushiisutoon,牡5,,2003.04.28,Kurige,Kyoukachibokujou,Mitsuoka Youko,26270000.0,29.0,6.0,1
0000885317,Meishouradakku,牡3,,2005.03.31,Kurige,Takaakibokujou,Matsumoto Yoshio,40920000.0,28.0,3.0,1
0000756587,Kanetoshipawafuru,牡5,,,,,,0.0,0.0,0.0,1
0000886733,Sazanjieneraru,牡3,,2005.03.22,Kurige,Honkiribokujou,Shimoyashiki Tokio,14600000.0,13.0,2.0,1
0000805036,Daishingurou,牡4,,2004.04.01,Kuroshikage,Takimoto Kenji,Ooyagi Nobuyuki,152024000.0,48.0,8.0,1
0000997097,Fifusupetoru,牡2,,2006.05.22,Kage,(Ari)Shadaikooporeeshonshiraoifaamu,(Ari) Kyarottofaamu,253735000.0,28.0,5.0,1
0000992712,Namuramiiteia,牝2,,2006.02.25 20歳,Kage,Heiyabokujou,Namura Nobushige,37211000.0,11.0,2.0,1
0000989862,Aiandeyuuku,牡2,,,,,,0.0,0.0,0.0,1
0000994546,Sadamutenjin,牝2,,2006.03.04,Kurige,Yamada Noborushi,Oonishi Tei,40640000.0,22.0,3.0,1
0000991678,Bairaoora,牝2,,2006.04.02 20歳,Kurige,(Ari)Shadaikooporeeshonshiraoifaamu,(Ari) Kyarottofaamu,55973000.0,24.0,4.0,1
0000996247,Rushukuru,牝2,,2006.02.25 20歳,Ashige,Noosuhiruzumanejimento,(Kabu) Noosuhiruzu,59314000.0,15.0,3.0,1
0000991283,Kopanomayuchan,牝2,,2006.03.24,Kurige,Takagishi Jun'Ichi,Kobayashi Sachiaki,41975000.0,47.0,5.0,1
0001055980,Keiaijinjin,牡2,,2006.04.12,Kuroshikage,Gainesway Thoroughbreds Ltd.,Kameda Kazuhiro,47785000.0,37.0,5.0,1
0000993930,Rainburaddo,牡2,,2006.03.09,Kurige,Shinboribokujou,Oosawa Hanjou,118694000.0,52.0,6.0,1
0000990960,Shishamochan,牝2,,2006.04.26 20歳,Kurige,Ooshimabokujou,Oono Man,40930000.0,27.0,3.0,1
0000994204,Berusharuru,牝2,,2006.03.02,Kage,Ueyamabokujou,Kishida Katsuhiro,22414000.0,11.0,2.0,1
0001055969,Hishiakademii,牡2,,2006.04.13,Aokage,"Donald S. & R. Mary Zuckerman, As Tenants By The Entireties",Satou Hiroki,48981000.0,40.0,10.0,1
0000989334,Aiamukaminomago,牝2,,,,,,0.0,0.0,0.0,1
0000991568,Diizuhaibigaa,牝2,,2006.03.06 20歳,Kage,Kawakamibokujou,Akiya Toshiyuki,8100000.0,6.0,1.0,1
0000995165,Mejirochanpu,牡2,,2006.03.21,Kage,Mejirobokujou,(Ari) Mejirobokujou,45387000.0,26.0,3.0,1
0000760885,Mashuriku,牡5,,2003.05.03,Kage,Noozanfaamu,(Ari) Sandeereeshingu,69726000.0,9.0,4.0,1
0000762587,Matchimeito,牡5,,2003.02.26,Kage,Fujisawabokujou,Nishimura Sentsugi,81138000.0,36.0,4.0,1
0000739078,Mantenhatto,牝6,,2002.04.04,Kage,Yamada Masahiro,Kojima Masayuki,65808000.0,43.0,3.0,1
0000801897,Yuutaabisuketto,牡4,,2004.04.30,Ashige,Nakamotobokujou,Ueyama Toshihiro,44040000.0,25.0,2.0,1
0000255586,Burakkuredi,牝4,,1992.04.16,Kuroshikage,Imazekifuaamu,(Ari) Imazekifaamu,0.0,9.0,0.0,1
0000920815,Taikireezaa,牡5,,2003.03.29,Kage,H And Y Bloodstock Co,(Ari) Taijufaamu,73097000.0,20.0,3.0,1
0000761281,Kosumorabanjin,牡5,,2003.04.21,Kage,Fujibokujou,Kiine Yasunori,69100000.0,42.0,4.0,1
0000760533,Jindenbaryuu,牡5,,2003.03.31,Kage,Tomikawabokujou,Kuroiwa Touchirou,13400000.0,29.0,1.0,1
0000733998,Hishibatoru,せん6,,2002.04.14,Kage,Nakamura Toshiaki,Abe Masaichirou,54369000.0,59.0,15.0,1
0000754187,Shakoobanira,牝5,,2003.05.05,Kage,Shiraibokujou,Tani Kensuke,10897000.0,93.0,5.0,1
0000730355,Risuteiadaarin,牡7,,2001.02.02,Kage,Kawakamibokujou,Yasuoka Hideo,83111000.0,73.0,10.0,1
0000802117,Mayanotsurugi,牡4,,2004.02.12,Kuroshikage,Muratabokujou,Tadokoro Eiko,109938000.0,47.0,9.0,1
0000760523,Sandarufon,牡5,,2003.03.25,Kage,Takimoto Kenji,(Kabu) Noosuhiruzu,221896000.0,56.0,9.0,1
0000763090,Kyatchiitaitoru,牝5,,,,,,0.0,0.0,0.0,1
0000992914,Seiunwandaa,牡2,,2006.04.30,Aoge,Tsutsui Seibun,Ootani Takao,231685000.0,13.0,4.0,1
0000990693,Tsukubahokutooo,牡2,,2006.04.04,Kuroshikage,Sakaibokujou,Ogiwara Shouji,135013000.0,36.0,4.0,1
0000992364,Bangarooru,牡2,,2006.04.05,Kurige,Shinboribokujou,Yoshida Kazumi,66247000.0,17.0,4.0,1
0000136004,Eishintaigaa,牡2,,,,,,0.0,0.0,0.0,1
0000990578,Kavarie,牡2,,,,,,0.0,0.0,0.0,1
0000989502,Shirukudominion,牡2,,2006.04.23,Kurige,Chiyodabokujou,Yuugengaishashiruku,43140000.0,34.0,2.0,1
0000995659,Sutorongugaruuda,牡2,,2006.02.14,Aokage,Chiyodabokujou,Muraki Atsushi,86751000.0,26.0,4.0,1
0000995849,Mahhaveroshitei,牡2,,2006.04.22,Aoge,Hinodebokujou,Inoue Ichirou,103324000.0,31.0,3.0,1
0000992587,Daiwabaagandi,牝2,,2006.02.13 20歳,Kage,Shadaifaamu,Ooshiro Keizou,25680000.0,24.0,2.0,1
0000247953,Maineruueivu,牡2,,1991.05.20,Kage,Fujiibokujou,Ootsubo Kunio,5900000.0,13.0,1.0,1
0000987150,Goorudosupaakuru,牡2,,2006.04.11,Kurige,Shizunaishiraibokujou,(Ari) Shadaireesuhoosu,50249000.0,28.0,2.0,1
0000994314,Ganzuobunabaron,牡2,,,,,,0.0,0.0,0.0,1
0000992984,Doriimuzenisu,牡2,,2006.05.03,Kurige,Chiyodabokujou,Yoshihashi Hidetaka,124293000.0,100.0,18.0,1
0000993566,Suganomedarisuto,牡2,,2006.03.08,Kurige,Tagami Minoru,Sugawara Mitsuhiro,99284000.0,44.0,2.0,1
0000991683,Taninoberoona,牝2,,2006.02.25,Kuroshikage,Kantoriibokujou,Tanimizu Yuuzou,7000000.0,4.0,1.0,1
0000992330,Deguraateia,牝2,,2006.04.04 20歳,Kuroshikage,Ebisukougyoukabushikigaishanasunobokujou,(Ari) Sandeereeshingu,82563000.0,9.0,4.0,1
0000993184,Koueihaato,牝2,,2006.04.13,Kurige,Itou Masakiyo,Itou Masakiyo,55412000.0,20.0,3.0,1
0000233518,Tsurumarujapan,牡2,,1990.03.04,Kuroshikage,Kobabokujou,Nishinokubi Sanshi,2959000.0,25.0,4.0,1
0000995693,Shirukunadeshiko,牝2,,2006.03.28 20歳,Kurige,Sasachibokujou,Yuugengaishashiruku,43769000.0,33.0,2.0,1
0000253582,Wankaratto,牝2,,1992.03.19,Kurige,Ueyamabokujou,(Kabu) Komashuu,19700000.0,23.0,2.0,1
0000988547,Noauiningu,牝2,,2006.05.22 20歳,Kage,Fujiharu Shuuji,Sugimoto Yonnan,29742000.0,21.0,2.0,1
0000997168,Rediruuju,牝2,,2006.03.13 20歳,Aokage,Keiaifaamu,(Kabu) Roodohoosukurabu,184248000.0,29.0,5.0,1
0000993934,Marukazeusu,牡2,,2006.05.03,Kurige,Shadaifaamu,Setoguchi Tsutomu,6138000.0,25.0,1.0,1
0000996535,Hittohittohitto,牡2,,2006.04.05,Kage,Takaakibokujou,Uematsu Kimio,14378000.0,36.0,9.0,1
0000996474,Jangurusutoon,牡2,,2006.03.21,Kurige,Yuugengaisha Rekishintonfaamu,Oonishi Juuaki,37100000.0,47.0,3.0,1
0000987553,Shiiporarisu,牡2,,2006.03.15,Kurige,Nomura Sei,Fujita Souhei,74078000.0,51.0,11.0,1
0000098794,Erimopurinsesu,牝2,,,,,,0.0,0.0,0.0,1
0000989574,Meikudeyuusu,牝2,,2006.02.20 20歳,Kuroshikage,Deguchi Satoshi,(Kabu) Hidaka・Buriidaazu・Yunion,14624000.0,25.0,1.0,1
0000990557,Eeshinwandaazu,牝2,,,,,,0.0,0.0,0.0,1
0000996972,Paresushugaa,牝2,,2006.04.07,Kage,Yuugengaisha Ishikawabokujou,Kosuge Makoto,12508000.0,56.0,7.0,1
0000995446,Kurinosurendaa,牝2,,,,,,0.0,0.0,0.0,1
0000245354,Jiinhantaa,牡6,,1991.06.03,Kurige,Takahata Kazuo,Hayashi Yukio,500000.0,4.0,0.0,1
0000805293,Dongurashiasu,牡4,,2004.02.29,Kuroshikage,Kawashimabokujou,Yamada Kouichi,149787000.0,42.0,4.0,1
0000797161,Teiemumononofu,牡4,,2004.03.17,Kage,Kyouno Setsuko,Takezono Masatsugu,16500000.0,17.0,1.0,1
0000798085,Toowabega,牡4,,2004.05.03,Kuroshikage,Inaharabokujou,Saitou Suゞ,150679000.0,22.0,4.0,1
0000253782,Randobesuto,牡6,,1992.04.14,Kage,Takahashi Sadayo,Kimura Yoshikazu,0.0,0.0,0.0,1
0000614235,Josshu,牡9,,1999.04.09,Ashige,Satomi Bokujou,Hirota Kenji,17350000.0,39.0,1.0,1
0000722354,Makkusuchanpu,牡7,,2001.02.21,Kage,Shiraibokujou,Tadokoro Eiko,108464000.0,67.0,5.0,1
0000887289,Naritadaikoku,牡3,,2005.04.22,Kuroshikage,Kantoriibokujou,(Kabu) Oosumi,51979000.0,16.0,3.0,1
0000888017,Konbenshon,牡3,,2005.03.12,Kage,Noosuhiruzumanejimento,Maeda Kouji,36420000.0,28.0,3.0,1
0000885959,Kingusuenburemu,牡3,,,,,,0.0,0.0,0.0,1
0000884901,Shirukumanhattan,牡3,,2005.03.11,Aokage,Nakadatebokujou,Yuugengaishashiruku,19123000.0,12.0,2.0,1
0000882460,Rinoonriizun,牡3,,2005.03.18,Kurige,Taniguchibokujou,Muranaka Tokuhiro,22300000.0,11.0,2.0,1
0000886845,Roozukattodaiya,牝3,,2005.02.12,Kurige,Shadaifaamu,Aoshibashouji (Kabu),117757000.0,27.0,5.0,1
0000884425,Oguriotome,牝3,,,,,,0.0,0.0,0.0,1
0000889865,Meishouasagao,牝3,,2005.03.14,Aoge,Mishimabokujou,Matsumoto Yoshio,54271000.0,25.0,4.0,1
0000885591,Daiwasupiritto,牝3,,2005.04.26 21歳,Kurige,Shimokoubebokujou,Ooshiro Keizou,23131000.0,7.0,2.0,1
0000891889,Uootaarimein,牝3,,,,,,0.0,0.0,0.0,1
0000888236,Jooironderu,牝3,,2005.04.05 21歳,Ashige,Taiseibokujou,Ueda Keiko,40970000.0,36.0,12.0,1
0000886458,Buraiteiakapera,牝3,,2005.04.15,Kurige,Oosawaikuseibokujou,Toyohara Tatsukyou,9261000.0,46.0,9.0,1
0000890061,Oukenburuusuri,牡3,,,,,,0.0,0.0,0.0,1
0000889937,Eishinbuidansu,牡3,,,,,,0.0,0.0,0.0,1
0000891512,Yamaninryuban,牡3,,2005.02.28,Kurige,Nishikiokabokujou,Tsuchii Kaoru,79733000.0,21.0,4.0,1
0000882400,Suezu,牡3,,2005.03.24,Kage,Hidakataiyoubokujou,Yoshida Kazumi,118314000.0,56.0,5.0,1
0000807795,Mainerumanisesu,牡4,,2004.03.30,Kuroshikage,Biggureddofaamu,(Kabu) Kawanekoumuten,49247000.0,45.0,6.0,1
0000763808,Danonbikutorii,牡7,,2001.03.01,Kage,G. Watts Humphrey,(Kabu) Danokkusu,75902000.0,24.0,5.0,1
0000733612,Naritaburakku,牡6,,2002.04.18,Ashige,Yoshida Mataji,Hirofuji Masahiro,61498000.0,129.0,13.0,1
マイネルテセウス,Maineruteseusu,牡5,,,,,,,,,1
0000996482,Rojiyunivaasu,牡2,,2006.03.11 20歳,Kage,Noozanfaamu,Kumeda Masaaki,343323000.0,10.0,5.0,1
0000986849,Iguzekyuteivu,牡2,,,,,,0.0,0.0,0.0,1
0000996111,Moereekisupaato,牡2,,2006.05.13,Aokage,Nakamura Kazuo,(Ari) Biggureddofaamu,74602000.0,26.0,6.0,1
0000995886,Teeoosutoomu,牡2,,2006.01.12,Kage,Yanagawabokujou,Ozasa Kimiya,55814000.0,30.0,3.0,1
0000992999,Pirootooku,牝2,,2006.02.22,Kurige,Hinobokujou,Miyazaki Tadashihiko,13129000.0,28.0,1.0,1
0000990494,Danonhideki,牡2,,2006.03.02,Kuroshikage,Noozanfaamu,(Kabu) Danokkusu,66387000.0,26.0,4.0,1
0000996632,Meishouiemitsu,牡2,,2006.04.16,Kurige,Tsuji Bokujou,Matsumoto Yoshio,36092000.0,12.0,3.0,1
0000992757,Fooreikaa,牡2,,2006.02.16,Kage,Sakaibokujou,(Ari) Taafu・Supooto,7700000.0,11.0,1.0,1
0000988179,Agunesukuikku,牡2,,,,,,0.0,0.0,0.0,1
0000993824,Suteimakkusu,牡2,,2006.04.12,Kage,Shadaifaamu,Tanikakari Tatsuo,8100000.0,25.0,1.0,1
0000989545,Namurakaishuu,牡2,,2006.04.06,Kage,Itou Mei,Takataru Hideo,72335000.0,22.0,6.0,1
0000994266,Adomaiyasamurai,牡2,,,,,,0.0,0.0,0.0,1
0000990423,Iisanhemosu,牡2,,,,,,0.0,0.0,0.0,1
0000750255,Agunesutorejaa,牡6,,,,,,0.0,0.0,0.0,1
0000034147,Tekisasuiiguru,牡4,,1970.05.19,Kage,,,2750000.0,56.0,3.0,1
0000751113,Rooreruhanbaaba,牡5,,2003.05.03,Kuroshikage,Hashitani Ori,(Kabu) Roorerureeshingu,57161000.0,43.0,3.0,1
0000995189,Shieenvaruto,牡2,,2006.03.09,Kuroshikage,Noozanfaamu,(Ari) Sandeereeshingu,102465000.0,36.0,2.0,1
0000989679,Hokkootakion,牡2,,2006.03.28,Kurige,Takaakibokujou,Yabe Kouichi,50605000.0,10.0,2.0,1
0000993289,Kingusuregaria,牡2,,,,,,0.0,0.0,0.0,1
0000259569,Piisupiisu,牡2,,1992.03.20,Kage,Matsumoto Toshihiro,Seiyama Masanobu,0.0,4.0,0.0,1
0000993697,Arashiwoyobuotoko,牡2,,,,,,0.0,0.0,0.0,1
0000993200,Toppukamingu,牡2,,2006.04.10,Kuroshikage,Kidoguchibokujou,(Ari) Kooro,179633000.0,56.0,4.0,1
0000994171,Aroobeatakion,牡2,,,,,,0.0,0.0,0.0,1
0000992926,Kinguarekisanda,牡2,,,,,,0.0,0.0,0.0,1
0000990740,Toppuobupiikoi,牡2,,2006.05.04,Aokage,Tomioka Hirokazu,Yokose Hiroko,63447000.0,39.0,4.0,1
0000996518,Namurataishi,牡2,,2006.03.10,Kuroshikage,Gachousanurabokujou,Sakata Yasuo,9584000.0,55.0,1.0,1
0000995924,Suusshu,牡2,,2006.02.21,Kage,Shimizu Katsunori,Takano Satoshi,8748000.0,62.0,7.0,1
0000804093,Vividdokaraa,牝4,,2004.02.12,Aoge,Noozanfaamu,Kondou Eiko,38935000.0,16.0,3.0,1
0000882399,Buraiteiaparusu,牝3,,2005.04.14 21歳,Kage,Masa Bokujou,Kobayashi Masashi,128551000.0,20.0,6.0,1
0000886301,Pisanojuban,牝3,,2005.04.04,Kuroshikage,Nakamura Kazuo,Ichikawa Yoshimi,61751000.0,28.0,4.0,1
0000886555,Shigerufuseruto,牡3,,2005.03.31,Kage,Ishikawa Eiichi,Oka Tomonori,72319000.0,37.0,5.0,1
0000756823,Fusaichimirai,牝5,,2003.02.24,Kurige,Shadaifaamu,Kumi)Bajiishin,56856000.0,41.0,14.0,1
0000884739,Kikunosariire,牡3,,,,,,0.0,0.0,0.0,1
0000762731,Karunabariito,牡5,,,,,,0.0,0.0,0.0,1
0000757452,Daishoujietto,牡5,,2003.04.22,Kage,"Emuemu,Yamadafaamu",Baba Sachiaki,350593000.0,78.0,10.0,1
0000725791,Zennokooraru,牡7,,2001.05.06,Kage,Kawashimabokujou,Oosako Kumiko,118063000.0,34.0,6.0,1
0000800790,Jagaameiru,牡4,,2004.05.08,Kage,Aioifaamu,Yoshida Kazumi,460545000.0,30.0,6.0,1
0000058657,Kinguaasaa,牡5,,,,,,0.0,0.0,0.0,1
0000760737,Setagayafuraggu,牡5,,2003.04.15,Kage,Arakifuaamu,Chida Yukinobu,122159000.0,65.0,4.0,1
0000756900,Eajipangu,せん5,,,,,,0.0,0.0,0.0,1
0000994806,Inazumaamaririsu,牝2,,,,,,0.0,0.0,0.0,1
0000990308,Adiafoon,牝2,,,,,,0.0,0.0,0.0,1
0000988712,Waidosafaia,牝2,,2006.04.09 20歳,Kage,Shadaifaamu,Habata Masanobu,57144000.0,16.0,2.0,1
0000990413,Sebunshiikuiin,牝2,,2006.04.24,Kurige,Fujiwarafuaamu,Yoshioka Jitsu,79362000.0,40.0,5.0,1
0000993771,Tsurumaruharoo,牝2,,2006.03.21 20歳,Kage,Shimokoubebokujou,Tsuruta Ninotoko,17050000.0,10.0,2.0,1
0000992588,Neoveriiberii,牝2,,2006.03.29 20歳,Kuroshikage,Shadaifaamu,Kobayashi Nikou,9748000.0,29.0,2.0,1
0000997066,Purezantoburiizu,牝2,,2006.02.14 20歳,Kuroshikage,Yanobokujou,(Kabu) Hidaka・Buriidaazu・Yunion,14584000.0,16.0,1.0,1
0000993655,Gettofurumaakusu,牡2,,2006.02.27,Kage,Umedabokujou,(Kabu) Jieiaaru,54125000.0,25.0,2.0,1
0000614859,Daburureinboo,牡2,,1999.06.03,Kurige,Fujimoto Tomonori,Kawashima Yoshio,0.0,0.0,0.0,1
0000993867,Eiburuinreesu,牝2,,,,,,0.0,0.0,0.0,1
0000990490,Nanyooaidoru,牡2,,2006.04.25,Kuroshikage,Satou Youichi,Nakamura Tokuya,45504000.0,12.0,3.0,1
0000991490,Suzunohamiruton,牡2,,2006.02.08,Kage,Tanagawa Mitsuo,Abe Masako,17339000.0,10.0,2.0,1
0000992204,Suparaato,牡2,,2006.04.23,Kuroshikage,Noozanfaamu,(Ari) Kyarottofaamu,47233000.0,30.0,3.0,1
0000993294,Padobure,牝2,,2006.04.18 20歳,Kage,Daidoubokujou,(Ari) Mirufaamu,23217000.0,18.0,2.0,1
0000997219,Roraparuuza,牡2,,2006.05.10,Kage,Saitoueibokujou,Takataru Sayuri,124417000.0,24.0,5.0,1
0000994239,Keiaidaiou,牡2,,2006.04.27,Kage,Gurandobokujou,Kameda Kazuhiro,89778000.0,32.0,4.0,1
0000750288,Agunesuherumesu,牡6,,,,,,0.0,0.0,0.0,1
0000761952,Nihonpirofaibu,牡5,,2003.04.15,Kurige,Inaharabokujou,Kobayashi Hyakutarou,80040000.0,40.0,5.0,1
0000742928,Kurinodaimaoo,牡6,,,,,,0.0,0.0,0.0,1
0000803117,Asukudepyutei,牝4,,,,,,0.0,0.0,0.0,1
0001100504,Torerapiddo,牝3,,2005.04.11 21歳,Kage,Haras Chevotel,H.Rappu,0.0,1.0,0.0,1
0000379809,Feaburiizu,牝5,,1964.04.27,Kage,,,0.0,0.0,0.0,1
0000992448,Nakayamafesuta,牡2,,2006.04.05 20歳,Kage,Araibokujou,Izumi Shin'Ichi,293243000.0,11.0,5.0,1
0001050392,Bureikuran'Auto,牡2,,2006.04.27,Kage,Shadai Corporation,(Ari) Kyarottofaamu,99451000.0,10.0,2.0,1
0000991888,Sankaruro,牡2,,2006.02.05,Kuroshikage,(Ari)Shadaikooporeeshonshiraoifaamu,(Ari) Shadaireesuhoosu,496215000.0,49.0,6.0,1
0000989337,Danonkamon,牡2,,2006.02.08,Kuroshikage,Noozanfaamu,(Kabu) Danokkusu,375740000.0,51.0,9.0,1
0000992334,Suzukawagunaa,牡2,,2006.02.20,Kuroshikage,Tsuji Bokujou,Nagai Keiji,26473000.0,8.0,2.0,1
0000992635,Seikuriddobaree,牡2,,2006.04.29,Kurige,Noozanfaamu,Yoshida Katsumi,251202000.0,50.0,4.0,1
0000989955,Hirabokuekuseru,牡2,,2006.04.25,Kage,Chiyodabokujou,Hayashi Sakuichi,7000000.0,2.0,1.0,1
0000995384,Meishoudontaku,牡2,,2006.02.28,Kuroshikage,Taiyoubokujou,Matsumoto Yoshio,129579000.0,40.0,3.0,1
0000995118,Bakkuhausu,牡2,,2006.03.01,Kurige,Katayamabokujou,Iketani Seiichi,25233000.0,25.0,1.0,1
0000010857,Suzukake,牡2,,1963.05.13,Kuroshikage,,Suzuki,5185000.0,46.0,2.0,1
0000988189,Pisanoshinboru,牡2,,2006.03.03,Kage,Shadaifaamu,Ichikawa Yoshimi,28860000.0,26.0,2.0,1
0000994448,Furendokento,牡2,,2006.03.26,Kage,Nosakabokujou,Yokoo Haruto,8400000.0,15.0,1.0,1
ラーイズアトーニー,Raaizuatoonii,せん4,,,,,,,,,1
0000735520,Sakuraorion,牡6,,2002.03.01 24歳,Kuroshikage,Shinwabokujou,(Kabu) Sakurakomaasu,201411000.0,41.0,6.0,1
0000150111,Uesutandansaa,牝4,,,,,,0.0,0.0,0.0,1
0000763089,Ruminasupointo,牝5,,2003.02.23,Aokage,Noozanfaamu,(Ari) Sandeereeshingu,88945000.0,23.0,5.0,1
0000125204,Paapurumuun,せん5,,1980.04.10,Kage,Kui Akio,Satou Akiei,1080000.0,8.0,1.0,1
0001002891,Shikkusuteiizua,牡5,,2003.02.16,Kage,Lordship Stud,S.Roi&Noomankootosutaddo,0.0,1.0,0.0,1
0001027999,Maashusaido,牡5,,2003.04.05,Kuroshikage,Robert S. Evans,R.Evansu,0.0,1.0,0.0,1
0000735254,Nihonpiroribiera,牡6,,2002.03.26,Kage,Kataokabokujou,Kobayashi Hyakutarou,84660000.0,31.0,4.0,1
0001040066,Kajinodoraivu,牡3,,,,,,0.0,0.0,0.0,1
0000985285,Furosutojaian,牡5,,2003.02.22,Kurige,J.M.J. Stables Corporation,"Ieahsuteeburu,A.Kooen&Pegasa",0.0,1.0,0.0,1
0001100804,Teinkappuchari,せん3,,2005.04.03,Kage,Mike Lecesse,S.Fanraeru,0.0,1.0,0.0,1
0001081373,Masutotorakku,牡4,,2004.02.09,Kage,Robert Frankel,R.Furankeru,0.0,24.0,6.0,1
0000801969,Iketoppugan,牡4,,,,,,0.0,0.0,0.0,1
0000802828,Operaburaabo,牡4,,,,,,0.0,0.0,0.0,1
0000008158,Shingen,牡5,,1960.04.07,Kurige,,Morita,0.0,0.0,0.0,1
0000733606,Paapuruiiguru,牡6,,2002.05.22,Kurige,Yamaharubokujou,Nakano Ginjuu,82910000.0,33.0,4.0,1
0000986490,Bikutoriitetsunii,牡4,,2004.01.23,Kurige,Dell Ridge Farm,Murakami Masayuki,151345000.0,37.0,7.0,1
0001320516,Toropikaruraito,牡4,,2020.02.26,Kuroshikage,Honmabokujou,Takahashi Fumio,55658000.0,24.0,2.0,1
0000733199,Choukaishatoru,牡6,,2002.03.23,Kage,Tanigawabokujou,(Kabu) Hiratabokujou,70871000.0,31.0,5.0,1
0000999153,Daiwaenpaia,牡4,,2004.04.23,Aokage,France Weiner & Irwin J. Weiner,(Kabu) Faasutobijon,92891000.0,51.0,14.0,1
0000735567,Taatanfiiruzu,牡6,,2002.06.12,Kage,Sotanouen,Gotou Shigeki,101231000.0,44.0,5.0,1
0000989286,Buenabisuta,牝2,,2006.03.14 20歳,Kuroshikage,Noozanfaamu,(Ari) Sandeereeshingu,1386433000.0,21.0,9.0,1
0000994232,Danonberubeeru,牝2,,2006.01.26,Kurige,Shadaifaamu,(Kabu) Danokkusu,63274000.0,11.0,2.0,1
0000185330,Mikurokosumosu,牝2,,1985.04.30,Kage,Hasegawa Kazuo,Masui Nobuo,2822000.0,28.0,1.0,1
0000995852,Shounankassai,牝2,,2006.03.20,Kage,Shizunaifuaamu,Kunimoto Tesshuu,53794000.0,28.0,2.0,1
0000996794,Jieruminaru,牝2,,2006.03.10 20歳,Kuroshikage,Shadaifaamu,(Ari) Shadaireesuhoosu,113854000.0,13.0,3.0,1
0000990031,Katsuyotowainingu,牝2,,,,,,0.0,0.0,0.0,1
0000986768,Shigerukirigamine,牝2,,2006.03.27,Aoge,Niikappuhashimotobokujou,Morinaka Ban,19092000.0,26.0,2.0,1
0000988019,Meishoubonaaru,牝2,,2006.03.07,Kage,Kidoguchibokujou,Matsumoto Yoshio,16800000.0,19.0,1.0,1
0000988742,Chaamupotto,牝2,,2006.04.21 20歳,Kurige,Nobunaribokujou,Tamamo (Kabu),122619000.0,36.0,5.0,1
0000991900,Fukirausongu,牝2,,2006.04.30,Kurige,Noozanfaamu,Kanekomasatohoorudingusu (Kabu),35730000.0,22.0,3.0,1
0000798494,Serafikkuronpu,牝4,,2004.04.12 22歳,Aokage,Moriyabokujou,Inoue Ichirou,172242000.0,37.0,5.0,1
0000881980,Buukefureguransu,牝3,,2005.05.20,Kurige,Shadaifaamu,(Ari) Shadaireesuhoosu,69538000.0,32.0,4.0,1
0000799933,Supesharufurooto,牝4,,2004.04.25,Kage,Shadaifaamu,Yoshida Teruya,46973000.0,35.0,4.0,1
0000997132,Mikkiipanpukin,牡2,,2006.03.02,Kage,Oiwakefaamu,Noda Mizuki,178667000.0,47.0,5.0,1
0000992842,Omegayurishisu,牡2,,,,,,0.0,0.0,0.0,1
0000990837,Torenopazuru,牡2,,2006.05.12,Kage,Kawakamibokujou,Hirosaki Toshihiro,8500000.0,3.0,1.0,1
0000993634,Toukaifitto,牡2,,2006.05.13,Kage,Okabebokujou,Sugiura Kazuya,17120000.0,32.0,1.0,1
0000995399,Burasutokuronosu,牡2,,2006.01.29,Kuroshikage,Murashita Akihiro,Yamashita Isami,16374000.0,64.0,9.0,1
0000989742,Kenburijjieru,牡2,,2006.05.02,Kuroshikage,Yuugengaisha Kenburijjibaree,Nakanishi Hiroaki,129407000.0,67.0,4.0,1
0000742722,Sorujaazusongu,牡6,,2002.04.30,Kurige,Shiraoifaamu,(Ari) Sandeereeshingu,126095000.0,27.0,4.0,1
0000722461,Penetoreetaa,牡7,,2001.03.18,Kuroshikage,Sanshainbokujou,Date Taimei,84415000.0,38.0,4.0,1
0000736604,Nevaatoruneedo,牡6,,2002.04.02,Kage,Kawakamibokujou,(Kabu) Teiieichi,48647000.0,35.0,3.0,1
0000991842,Riichizakuraun,牡2,,2006.02.05 20歳,Aokage,Shadaifaamu,Nishiyama Shigeyuki,257836000.0,26.0,4.0,1
0000987688,Tourionfaare,牡2,,2006.02.22,Kuroshikage,Noozanfaamu,(Ari) Kyarottofaamu,75913000.0,28.0,4.0,1
0001097038,Roodorokkusutaa,牡2,,2006.03.22,Kage,K.I. Farm,Ozawa Suguru,80744000.0,55.0,4.0,1
0000996598,Ravinraifu,牡2,,2006.04.07,Kage,(Ari)Shadaikooporeeshonshiraoifaamu,(Ari) Sandeereeshingu,76695000.0,48.0,3.0,1
0000994230,Famirizumu,牝2,,2006.02.12,Aokage,Shadaifaamu,Kokubun Jun,31106000.0,33.0,1.0,1
0000987534,Suupaamaakun,牡2,,2006.04.08,Ashige,Ekuserumanejimento,Oda Yoshio,13310000.0,19.0,3.0,1
0000993300,Rabumiraa,牝2,,2006.04.28,Aokage,Nakagawa Hironori,Masuda Youichi,7250000.0,7.0,1.0,1
0000991827,Toppukurifoodo,牡2,,2006.02.19,Kuroshikage,Hashimotofuaamu,Yokose Kenji,39103000.0,14.0,2.0,1
0000993893,Aiamuneo,牝3,,,,,,0.0,0.0,0.0,1
0000996100,Guddeekopa,牝3,,,,,,0.0,0.0,0.0,1
0000994767,Maiteiisuruu,牝3,,2006.05.08 20歳,Ashige,Noozanfaamu,(Ari) Kyarottofaamu,74561000.0,27.0,4.0,1
0000987479,Erizabesumuun,牝3,,,,,,0.0,0.0,0.0,1
0000991748,Mainearisu,牝3,,2006.03.27,Aokage,Biggureddofaamu,(Ari) Hoosukea,9820000.0,37.0,2.0,1
0000081549,Paarushadou,牝3,,1975.03.18,Kage,Yoshida Waichi,Uchida Kazumi,374000.0,2.0,0.0,1
0000995117,Irudorooru,牝3,,,,,,0.0,0.0,0.0,1
0000996955,Pienaririi,牝3,,2006.04.18,Kage,Noozanfaamu,Motoya Kenzou,8220000.0,18.0,1.0,1
0001000733,Shirukumaihoomu,牝3,,2006.02.23,Kage,Hatakeyamabokujou,Yuugengaishashiruku,7000000.0,13.0,1.0,1
0000992888,Kaitekipurin,牝3,,,,,,0.0,0.0,0.0,1
0000242923,Akari,牝3,,,,,,0.0,0.0,0.0,1
0000996215,Antoniobaroozu,牡3,,,,,,0.0,0.0,0.0,1
0000995857,Daburuuejji,牡3,,2006.04.26,Kage,Mishimabokujou,Fukami Tomirou,87921000.0,29.0,3.0,1
0000989735,Takionkuuru,牡3,,2006.04.30,Kurige,Hakutsubokujou,Nomura Haruyuki,17034000.0,9.0,3.0,1
0000997193,Kingusutoriito,牡3,,,,,,0.0,0.0,0.0,1
0000991690,Hamanoerumaa,牡3,,2006.03.31,Kage,Sakamoto Harunobu,Hamai Hiroshi,16414000.0,12.0,1.0,1
0000997026,Aariirobusuto,牡3,,,,,,0.0,0.0,0.0,1
0000991529,Moerebikutorii,牡3,,2006.04.04,Kuroshikage,Nakamura Kazuo,Nishimori Tsuru,128890000.0,38.0,11.0,1
0000991922,Montetourunusoru,牡3,,2006.05.15,Kuroshikage,Noozanfaamu,Mouri Yoshiaki,21200000.0,5.0,2.0,1
0000231989,Hairooraa,牡3,,1990.04.18,Ashige,Maekoufuaamu,(Ari) Noosuhiruzumanejimento,2390000.0,3.0,0.0,1
0000995656,Fusaichinagaragawa,牡3,,2006.05.03,Kurige,Chiyodabokujou,Sekiguchi Fusao,15380000.0,9.0,2.0,1
0000989844,Satonoekusupuresu,牡3,,2006.04.04,Kurige,Shadaifaamu,Satomi Osamu,79923000.0,24.0,4.0,1
0000991710,Sakuraruuraa,牡3,,2006.04.21,Kage,Shinwabokujou,Koike Keiho,22608000.0,52.0,8.0,1
0000994307,Fainbisuteii,牡3,,2006.03.21,Aokage,Matsuurabokujou,Bisuteiizuhoosuyunion,18100000.0,7.0,2.0,1
0000990171,Keniaburakku,牡3,,2006.04.07,Kage,Sasakibokujou,Yokozawa Jouetsu,67638000.0,34.0,4.0,1
0000990369,Sanraizukiiru,牡3,,2006.03.12,Kage,Kasamatsubokujou,Matsuoka Takao,7800000.0,3.0,1.0,1
0000890733,Taganoerushiko,牡4,,2005.03.13,Kurige,Yuugengaishaniikapputaganofaamu,Yagi Ryouji,172374000.0,39.0,5.0,1
0000890902,Hikarukazabue,牡4,,2005.04.22,Kuroshikage,Noozanfaamu,Takahashi Kyouko,92086000.0,18.0,4.0,1
0000888832,Esupowaarushichii,牡4,,,,,,0.0,0.0,0.0,1
0000803465,Neikiddo,牡5,,2004.05.22,Kurige,Noosuhiruzumanejimento,Maeda Shinji,125152000.0,35.0,5.0,1
0000757686,Taganoekuripusu,牡6,,2003.04.08,Aoge,Shadaifaamu,Yagi Ryouji,113813000.0,53.0,5.0,1
0000887475,Rooruobuzadaisu,牡4,,2005.04.30,Kurige,Shadaifaamu,(Kabu) Toukyouhoosureeshingu,163685000.0,39.0,6.0,1
0000221164,Abusoryuuto,牡5,,,,,,0.0,0.0,0.0,1
0001033845,Sentorarukoosuto,牡4,,2005.02.26,Kage,J. V. Shields Jr. & Robert N. Clay,(Kabu) Danokkusu,109737000.0,27.0,5.0,1
0000884006,Buicharenji,牡4,,2005.06.09,Kurige,Kawashima Ryouichi,Ishibashi Tadayuki,43527000.0,22.0,4.0,1
0000804782,Hachimandaibosatsu,牝5,,2004.05.23 22歳,Kuroshikage,Kitakachifaamu,Kyojou You,73848000.0,26.0,5.0,1
0000800716,Purinsesutoroi,牝5,,2004.05.18,Kage,Shadaifaamu,Yamada Kazumasa,28135000.0,21.0,9.0,1
0000997269,Raibukonsaato,せん5,,2004.04.08,Kuroshikage,Mrs J. Chandris,Guriinfiiruzu (Kabu),233769000.0,48.0,8.0,1
0000991898,Toosenjoodan,牡3,,2006.02.04 20歳,Kage,Noozanfaamu,Shimakawa Takaya,705060000.0,30.0,9.0,1
0000988760,Kanonkoodo,牡3,,,,,,0.0,0.0,0.0,1
0000995854,Meishouparuma,牡3,,2006.04.15,Kuroshikage,Mishimabokujou,Matsumoto Yoshio,26288000.0,17.0,2.0,1
マイネルクラリティ,Mainerukuraritei,牡3,,,,,,,,,1
0000997057,Purosuandokonzu,牡3,,2006.03.03,Kuroshikage,Daaree・Japan・Faamuyuugengaisha,Kanekomasatohoorudingusu (Kabu),17366000.0,16.0,1.0,1
0000992896,Shounan'Arudi,牡3,,2006.02.19,Kurige,Kamigaki Michihiro,Hirofuji Masahiro,29188000.0,33.0,1.0,1
0000994380,Shingunrejiendo,牡3,,2006.02.26,Kage,Hikarubokujou,Isaka Shigenori,60087000.0,40.0,3.0,1
0001003713,Daiwapuribeeru,牡3,,2006.01.29,Kage,Shadaifaamu,Sakamoto Takanori,38739000.0,40.0,4.0,1
0000991736,Shigerueboshidake,牡3,,2006.05.05,Kurige,Hatakehajibokujou,Oka Tomonori,38835000.0,21.0,3.0,1
0000994661,Hishipojishon,牡3,,2006.03.24,Kuroshikage,(Ari)Shimokoubetoreeningusentaa,Aki Hiroshi,9548000.0,49.0,2.0,1
0000726136,Takedennokiboo,牡8,,2001.03.21,Kage,Niikappuhashimotobokujou,Takeichi Hiroshi,82771000.0,55.0,5.0,1
0000884761,Sunookurasshaa,牡4,,2005.03.12,Tochikurige,Kamimizubokujou,Horie Sadayuki,124055000.0,35.0,5.0,1
0000800766,Uoogeemu,牡5,,,,,,0.0,0.0,0.0,1
0000229168,Haginojoifuru,せん5,,1990.04.29,Kage,Ogifukubokujou,Hinokuma Hirokichi,0.0,0.0,0.0,1
0000801239,Biibiifarukon,せん5,,2004.05.14,Kage,Bandoubokujou,(Ari) Bandoubokujou,64978000.0,33.0,5.0,1
0000754886,Sakedaisuki,牡6,,2003.04.08,Kage,Nibutanifaamu,Satou Hiroki,46347000.0,63.0,10.0,1
0000991836,Rikuesutosongu,牡3,,2006.03.26,Kage,Shadaifaamu,(Ari) Shadaireesuhoosu,103962000.0,21.0,4.0,1
0000996683,Enburio,牡3,,,,,,0.0,0.0,0.0,1
0000244914,Besutomenbaa,牡3,,1991.05.03,Kage,Okitabokujou,Okita Masanori,5665000.0,16.0,4.0,1
0000993926,Kitasangaisen,牡3,,,,,,0.0,0.0,0.0,1
0000992616,Tomoropoketto,牡3,,2006.04.08,Kurige,Maekawafaamu,Toga Tomoko,103339000.0,45.0,4.0,1
0000990970,Arutemaisutaa,牡3,,,,,,0.0,0.0,0.0,1
0000987542,Diajiina,牝3,,2006.06.02,Ashige,Nanbu Kou,Diaresuto,142671000.0,12.0,4.0,1
0000993834,Anjuairu,牝3,,,,,,0.0,0.0,0.0,1
0000992002,Gurooriirupinasu,牝3,,2006.05.11 20歳,Tochikurige,Kawakamibokujou,Ookubo Noriyoshi,62698000.0,52.0,4.0,1
0000996875,Aramasaroozu,牝3,,,,,,0.0,0.0,0.0,1
0000995383,Aiamumaririn,牝3,,,,,,0.0,0.0,0.0,1
0000992597,Mejaasairensu,牝3,,2006.04.03,Aokage,Aratani Hidetoshi,Yoshida Hirotoshi,14212000.0,23.0,4.0,1
0000988929,Doumipowanto,牝3,,2006.04.11,Kurige,Maetani Takeshi,Kusano Mitsuo,8160000.0,30.0,4.0,1
0000990980,Furendoriidoresu,牝3,,2006.03.11,Kage,Sanshainbokujou,Nishimura Mitsuo,9410000.0,61.0,12.0,1
0000993042,Maineruerufu,牡3,,2006.03.25,Kage,Biggureddofaamu,Shimozuma Shoujirou,112038000.0,151.0,17.0,1
0000991309,Aianrukku,牡3,,,,,,0.0,0.0,0.0,1
0000995786,Taigaasutoon,牡3,,2006.03.08,Kage,Taiheibokujou,Kawasaki Goshi,85143000.0,53.0,6.0,1
0000993829,Adobansuheiroo,牡3,,,,,,0.0,0.0,0.0,1
0000993465,Keiaidousojin,牡3,,2006.04.12,Kage,Muratabokujou,Kameda Kazuhiro,235033000.0,46.0,11.0,1
0000988703,Joometeo,牡3,,2006.03.28,Kage,Tanaka Hiroyuki,Ueda Keiko,178774000.0,68.0,7.0,1
0000992722,Keiaitenjin,牡3,,2006.02.23,Kurige,Inui Minaosu,Kameda Kazuhiro,168752000.0,37.0,7.0,1
0001098965,Suuni,牡3,,2006.02.10,Kage,Highclere Inc.,Yoshida Kazumi,469676000.0,43.0,12.0,1
0000990718,Meishouboruto,牡3,,2006.03.31,Kage,Hitabokujou,(Ari) Hoosukea,6472000.0,35.0,4.0,1
0000887738,Doragonfangu,牡4,,2005.03.19,Kage,Pakapakafaamu,Katou Shu,102188000.0,17.0,5.0,1
0000763032,Ranheranba,牡6,,2003.04.08,Kuroshikage,Taiyoubokujou,Tanaka Juu,214143000.0,51.0,10.0,1
0000806119,Aabanitei,牡5,,,,,,0.0,0.0,0.0,1
0000705139,Koredeiinoda,牡9,,2000.04.08,Kage,Yoshida Mataji,Motoya Kenzou,167375000.0,66.0,6.0,1
0000080276,Heddorainaa,せん5,,1975.05.11,Kage,Takagishi Takamegumi,Itou Hiroshi,14092000.0,18.0,2.0,1
0000990043,Sakuramimoza,牝3,,2006.05.04,Kuroshikage,Hara Mitsuhiko,(Kabu) Sakurakomaasu,77988000.0,22.0,3.0,1
0000995577,Ruujubanbuu,牝3,,2006.05.07 20歳,Aokage,Banbuubokujou,(Ari) Banbuubokujou,45378000.0,16.0,2.0,1
0000994169,Buroodosutoriito,牝3,,2006.03.28 20歳,Kage,Shimokoubebokujou,Shimokoube Yukio,230249000.0,26.0,4.0,1
0000991163,Feizushifuto,牝3,,2006.03.31,Kuroshikage,Tagamifaamu,Yoshida Osamu,36662000.0,40.0,2.0,1
0000995748,Mikinokureshiendo,牝3,,2006.03.27 20歳,Kurige,Urakawaikuseibokujou,Taniguchi Hisakazu,24639000.0,30.0,2.0,1
0000991395,Happiishatoru,牝3,,2006.05.02,Kurige,Samaniwatanabebokujou,(Ari) Watanabebokujou,9820000.0,11.0,1.0,1
0000987940,Baajinsafaiya,牝3,,2006.04.10,Kage,Umamichi Shigeki,Izumi Ichirou,15694000.0,38.0,6.0,1
0000994001,Kauaireen,牝3,,,,,,0.0,0.0,0.0,1
0000989538,Mikkiipetora,牡3,,2006.02.07,Kage,Yanobokujou,Noda Mizuki,89509000.0,22.0,3.0,1
0000992643,Kitasan'Amiigo,牡3,,,,,,0.0,0.0,0.0,1
0001051965,Keiairaijin,牡3,,2006.04.20,Kurige,Meipurufaamu,Kameda Kazuhiro,99236000.0,41.0,5.0,1
0001100535,Riaraizunasshu,牡3,,2006.08.30,Kurige,R R Mcanulty,Nyuuura Ei,3244000.0,27.0,7.0,1
0000995814,Reouizaado,牡3,,2006.04.19,Kage,Sakaibokujou,(Kabu) Reo,17343000.0,8.0,2.0,1
0000888158,Toowahiyoshimaru,牡4,,2005.03.25,Kurige,Muramotobokujou,Saitou Suゞ,71876000.0,16.0,2.0,1
0000735730,Mayanosutaadamu,牡7,,2002.04.04,Kage,Chiyodabokujou,Tadokoro Eiko,141631000.0,41.0,8.0,1
0000806025,Doorurivieeru,牡5,,2004.04.07,Kage,Meitaibokujou,Hattori Shinpei,69550000.0,35.0,3.0,1
0000884094,Toushouueivu,牡4,,2005.04.17,Kuroshikage,Toushousangyoukabushikigaishatoushoubokujou,Toushousangyou (Kabu),127874000.0,51.0,9.0,1
0000803037,Doriimusandee,牡5,,2004.05.09,Aoge,Roiyarufaamu,Fujita Hiroshi,193851000.0,36.0,6.0,1
0000888882,Buraboodeijii,牝4,,2005.03.28,Ashige,Yanagawabokujou,Matsuoka Takao,229870000.0,38.0,5.0,1
0000885239,Ribiaamo,牝4,,2005.05.05 21歳,Kage,Noozanfaamu,(Ari) Sandeereeshingu,133886000.0,23.0,6.0,1
0000988704,Airenberuku,牝3,,,,,,0.0,0.0,0.0,1
0001097030,Raveriita,牝3,,2006.02.14 20歳,Ashige,Dell Ridge Farm,Maeda Kouji,362283000.0,31.0,11.0,1
0000996015,Suirinka,牝3,,2006.04.06 20歳,Kage,Koutomibokujou,(Kabu) Yabuuchi,34405000.0,27.0,3.0,1
0000991600,Supesharukuin,牝3,,2006.04.08,Aokage,Koike Hiroyuki,Kantou Souichi,55282000.0,19.0,4.0,1
0000992833,Kirikonsaato,牝3,,,,,,0.0,0.0,0.0,1
0000990719,Viivavodoka,牝3,,2006.01.27,Kuroshikage,(Ari)Shadaikooporeeshonshiraoifaamu,Serizawa Seiichi,45416000.0,17.0,2.0,1
0000991724,Majikkushiataa,牝3,,2006.03.30 20歳,Kage,Chiyodabokujou,Iida Seigou,28060000.0,9.0,1.0,1
0000991034,Naritashirika,牝3,,2006.03.15 20歳,Kuroshikage,Shiraibokujou,(Kabu) Oosumi,67873000.0,36.0,3.0,1
0000994914,Daianabaroozu,牝3,,2006.03.12 20歳,Kuroshikage,Suijou Shuutakashi,Inokuma Hirotsugu,49562000.0,19.0,3.0,1
0000991261,Roiyarunekkuresu,牝3,,2006.04.16 20歳,Aoge,Shadaifaamu,Yoshida Teruya,61089000.0,25.0,3.0,1
0000992639,Nanyookuiin,牝3,,2006.03.21 20歳,Kage,Noozanfaamu,Nakamura Tokuya,25070000.0,38.0,3.0,1
0000994411,Kuriasouru,牝3,,,,,,0.0,0.0,0.0,1
0000991042,Kiminimuchuu,牝3,,,,,,0.0,0.0,0.0,1
0000999200,Shousan'Ururu,牝3,,2006.05.26 20歳,Kage,Bandamubokujou,Suzuki Shouwa,37393000.0,13.0,3.0,1
0000995651,Jookapuchiino,牡3,,2006.04.11 20歳,Ashige,Happiinemofaamu,Ueda Keiko,302201000.0,23.0,6.0,1
0000991253,Reddovankuuru,牡3,,2006.04.25,Kage,Shadaifaamu,(Kabu) Toukyouhoosureeshingu,71364000.0,47.0,4.0,1
0000986911,Toshizawairudo,牡3,,2006.04.25,Kurige,Urakawakobayashibokujou,Kamimura Kanou,22000000.0,14.0,2.0,1
0000994467,Rabuchaamii,牝3,,2006.04.22,Kage,Matsuda Michio,(Dou) Jpngiken,17148000.0,63.0,2.0,1
0000189478,Eishinkuesuto,牡3,,,,,,0.0,0.0,0.0,1
0000993831,Meishouatsuhime,牝3,,2006.04.24,Kage,Hinodebokujou,Matsumoto Yoshio,43020000.0,19.0,3.0,1
0000993502,Anraibarudo,牡3,,,,,,0.0,0.0,0.0,1
0000996958,Reddosupaada,牡3,,2006.05.21,Kage,Shimokoubebokujou,(Kabu) Toukyouhoosureeshingu,339783000.0,27.0,7.0,1
0000991322,Saion,牡3,,2006.04.16,Ashige,Noozanfaamu,Satomi Osamu,133128000.0,38.0,6.0,1
0000997092,Meishoudaguza,牡3,,2006.03.10,Kuroshikage,Fujiwarafuaamu,Matsumoto Yoshio,77229000.0,18.0,5.0,1
0001055984,Risupekutokyatto,牡3,,2006.05.28,Kuroshikage,Brushwood Stable,Daikoku Fumiko,17076000.0,47.0,7.0,1
0000987233,Seikurimuzun,牡3,,2006.03.13,Aoge,Shimizusutaddo,Kaneda Seiki,571292000.0,60.0,16.0,1
0000753879,Nihonpiroregaaro,牡6,,2003.05.30,Kage,Fukuoka Kiyoshi,Kobayashi Hyakutarou,173852000.0,29.0,6.0,1
0000885246,Aanesutorii,牡4,,,,,,0.0,0.0,0.0,1
0000271205,Sharoomu,牡4,,1993.04.07,Kage,Sanshiyainbokujou,Date Shuuwa,7700000.0,19.0,1.0,1
0000991264,Goorudenchiketto,牡3,,2006.03.02,Kuroshikage,Shadaifaamu,(Ari) Shadaireesuhoosu,158931000.0,22.0,3.0,1
0000995317,Apurezanreevu,牡3,,,,,,0.0,0.0,0.0,1
0000996693,Ootoriouja,牡3,,,,,,0.0,0.0,0.0,1
0000995275,Sutoronguritaan,牡3,,2006.05.26 20歳,Kage,Shadaifaamu,Yoshida Teruya,310995000.0,21.0,7.0,1
0000991715,Suriiroorusu,牡3,,2006.04.26,Kage,Takeshi Bokujou,Nagaishouji (Kabu),187955000.0,12.0,4.0,1
0000991880,Chuuwapurinsu,牡3,,2006.01.18,Kuroshikage,(Ari)Shadaikooporeeshonshiraoifaamu,Nakanishi Nin,64204000.0,26.0,4.0,1
0000990113,Toppuzoon,牡3,,2006.05.20,Kage,Kidoguchibokujou,(Ari) Kooro,108900000.0,50.0,5.0,1
0000995115,Shirukudandii,牡3,,2006.03.24,Aoge,Hashimotofuaamu,Kiyokawa Takanori,24640000.0,11.0,2.0,1
0000009285,Kingubanbuu,牡3,,,,,,0.0,0.0,0.0,1
0000994286,Aiamupikaichi,牡3,,,,,,0.0,0.0,0.0,1
0001000910,Satonokokuoo,牡5,,2004.04.08,Kage,M. J. O'Dwyer,Satomi Osamu,84324000.0,16.0,5.0,1
0000803106,Borantasu,牡5,,2004.04.21,Kurige,Shadaifaamu,Saitou Shihoutsukasa,208284000.0,30.0,9.0,1
0000807569,Yuukitaitei,牡5,,2004.03.27,Kurige,Nisseibokujou,Chikirikumiai,83522000.0,49.0,5.0,1
0000081008,Ranzaroote,牡6,,1975.05.28,Kage,Kidoguchibokujou,Kamiura Takashi,0.0,0.0,0.0,1
0000995419,Teiappugoorudo,牡3,,2006.03.07,Kage,Tomita Kyouji,Tanaka Noboru,104024000.0,43.0,4.0,1
0000996722,Goorudoendebaa,牡3,,2006.05.01,Kage,Akadabokujou,Naitou Yoshie,57620000.0,28.0,4.0,1
0000804688,Aruteimatouure,牝5,,,,,,0.0,0.0,0.0,1
0000803713,Erimoharuka,牝5,,,,,,0.0,0.0,0.0,1
0000806790,Pienabiinasu,牝5,,2004.03.18 22歳,Aokage,Okamotobokujou,Motoya Kenzou,99018000.0,28.0,5.0,1
0000627834,Reddodizaia,牝3,,1998.03.04,Kage,Saegusabokujou,(Ari) Kooro,0.0,0.0,0.0,1
0000991847,Anpureshonisuto,牝3,,,,,,0.0,0.0,0.0,1
0000989451,Tsuudeizunoochisu,牝3,,2006.02.27 20歳,Kuroshikage,Nishimura Kazuo,Moroe Sachisuke,36456000.0,14.0,2.0,1
0001111249,Jinoraddo,せん9,,2000.11.09,Kuroshikage,Mayfields Proprietors.Sa,J.Paaseru,0.0,2.0,0.0,1
0000801114,Kouyouueebu,牡5,,2004.02.19,Ashige,Tanigawabokujou,Terauchi Masamitsu,67056000.0,38.0,3.0,1
0000883471,Sutaruka,牡4,,2005.03.04,Kage,Kyouyuubokujou,(Kabu) Hidaka・Buriidaazu・Yunion,19150000.0,19.0,2.0,1
0000762745,Kurotararia,牝6,,,,,,0.0,0.0,0.0,1
0000798734,Gurantsuurizumo,せん5,,,,,,0.0,0.0,0.0,1
0000989915,Toraianfumaachi,牡3,,2006.04.11,Kage,Noozanfaamu,(Ari) Kyarottofaamu,229430000.0,21.0,3.0,1
0000991080,Satonoromane,牡3,,2006.02.23,Kage,Chiyodabokujou,Kosuge Makoto,53851000.0,125.0,29.0,1
0000887430,Mejirofoona,牝4,,2005.03.06 21歳,Kurige,Mejirobokujou,(Ari) Mejirobokujou,40306000.0,19.0,3.0,1
0000994099,Hashittehoshiino,牝3,,2006.03.02 20歳,Kage,Shadaifaamu,Saitou Shihoutsukasa,46919000.0,13.0,3.0,1
0000989832,Eorianhaapu,牝3,,,,,,0.0,0.0,0.0,1
0000996938,Iideeesu,牝3,,,,,,0.0,0.0,0.0,1
0000993644,Ryushioru,牝3,,2006.02.18 20歳,Kage,Noozanfaamu,Yoshida Katsumi,62634000.0,32.0,3.0,1
0000995073,Piisuoburakku,牝3,,2006.03.10,Kage,Ookawabokujou,(Ari) Ookawabokujou,13637000.0,16.0,1.0,1
0000991913,Raakukyaroru,牝3,,2006.03.03,Kage,Noozanfaamu,(Ari) Sandeereeshingu,28083000.0,20.0,3.0,1
0000175392,Rikorisu,牝3,,1984.04.07,Aoge,Itoufuaamu,Oosuga Yasutada,0.0,1.0,0.0,1
0000991318,Piisuenburemu,牝3,,2006.01.19 20歳,Kage,Noozanfaamu,(Ari) Kyarottofaamu,51378000.0,17.0,4.0,1
0001098776,Beibiiroozu,牝3,,2006.03.12,Kage,Rockhart Traping Ltd,Hirooreesu (Kabu),9585000.0,20.0,1.0,1
0000993796,Teeooteiara,牝3,,2006.02.18 20歳,Kage,Noozanfaamu,Ozasa Kimiya,31653000.0,21.0,3.0,1
0000989995,Maifaasutoravu,牝3,,2006.04.02 20歳,Aokage,Koizumibokujou,Hiromura Moichi,67554000.0,48.0,2.0,1
0000993822,Shirukupuromisu,牝3,,2006.04.30,Kurige,Nakamotobokujou,Yuugengaishashiruku,15500000.0,23.0,1.0,1
0000888298,Uootakuteikusu,牡4,,,,,,0.0,0.0,0.0,1
0000884904,Footeifaido,牡4,,2005.05.30,Kurige,Chuuzen Yoshitaka,Yoshida Katsumi,157179000.0,61.0,8.0,1
0000807460,Adomaiyadanku,牡5,,,,,,0.0,0.0,0.0,1
0000137891,Sutaashippu,牡5,,1981.04.19,Kurige,Murakamibokujou,Komurasaki Yoshio,1900000.0,3.0,0.0,1
0000799778,Epusomuaaron,牡5,,,,,,0.0,0.0,0.0,1
0000994325,Pisanokaruteie,牡3,,2006.04.22,Kage,Noozanfaamu,Ichikawa Yoshimi,45433000.0,10.0,3.0,1
0000990106,Ineoreo,牡3,,,,,,0.0,0.0,0.0,1
0000994296,Satonoenperaa,牡3,,2006.02.17,Kage,Shadaifaamu,Satomi Osamu,84357000.0,16.0,5.0,1
0000309566,Wandaaakyuuto,牡3,,1996.04.05,Kage,Akasaka Mitsuo,Itou Hiroshiyasushi,4610000.0,111.0,3.0,1
0001266155,Toosenmarugoo,牡3,,2018.05.02,Aokage,Yuugengaisha Esuteifaamu,Shimakawa Takaya,18395000.0,25.0,2.0,1
0000991527,Baazeruribaa,牡3,,2006.05.12,Kage,(Ari)Shadaikooporeeshonshiraoifaamu,Ichikawa Yoshimi,207117000.0,37.0,7.0,1
0000989822,Mejirowaarokku,牡3,,2006.04.04,Kurige,Mejirobokujou,(Ari) Mejirobokujou,13800000.0,16.0,1.0,1
0000997170,Forumidaabire,牡3,,2006.05.20,Kage,Masa Bokujou,(Ari) Maekawakikaku,45390000.0,11.0,3.0,1
0001055983,Taifuunrubii,牡3,,2006.01.27,Kurige,Moon Lake Stables,Yoshizawa Katsuki,28822000.0,13.0,2.0,1
0000994306,Toosenruuche,牡3,,2006.02.19,Kurige,Hashimotofuaamu,Shimakawa Takaya,138978000.0,48.0,9.0,1
0000995391,Meishoudejire,牡3,,2006.01.30,Kage,Mishimabokujou,Matsumoto Yoshio,7590000.0,19.0,1.0,1
0000759605,Zennoguddouddo,牡6,,2003.03.23,Kage,Shadaifaamu,Oosako Kumiko,92851000.0,41.0,6.0,1
0000187079,Derufoi,牡3,,1986.03.12,Ashige,Sanshiyainbokujou,Date Shuuwa,5300000.0,2.0,1.0,1
0000988071,Jounowandaa,牡3,,2006.02.09,Kage,Mikibokujou,Ogawa Yoshikatsu,11000000.0,7.0,1.0,1
0000987677,Gaudi,牡3,,,,,,0.0,0.0,0.0,1
0000989072,Toransendo,牡3,,2006.03.09 20歳,Kage,Noosuhiruzumanejimento,Maeda Kouji,633520000.0,22.0,10.0,1
0000991873,Toosenromane,牡3,,2006.03.10,Kurige,Shadaifaamu,Shimakawa Takaya,7547000.0,37.0,6.0,1
0000993367,Nishinohougyoku,牡3,,2006.04.25,Kuroshikage,Nishiyamabokujou,Egawa Nobuo,11346000.0,24.0,2.0,1
0001055966,Eeshinmaitoppu,牡3,,,,,,0.0,0.0,0.0,1
0000993909,Guranpurisumairu,牡3,,,,,,0.0,0.0,0.0,1
0000257800,Hikariasuteiru,牡3,,1992.04.23,Kurige,Urakawakobayashibokujou,Taniguchi Ton,25657000.0,92.0,6.0,1
0000994016,Sumaatotaitan,牡3,,2006.03.31,Kurige,Noozanfaamu,Ookawa Tooru,83887000.0,14.0,6.0,1
0000992517,Tamamoshinboru,牡3,,2006.03.29,Kage,Maedabokujou,Tamamo (Kabu),5000000.0,15.0,1.0,1
0000885206,Taganovareo,せん4,,2005.02.22,Kuroshikage,Yuugengaishaniikapputaganofaamu,Yagi Ryouji,62413000.0,21.0,4.0,1
0000989837,Guranpurienzeru,牝3,,,,,,0.0,0.0,0.0,1
0000753823,Supiidotatchi,牡6,,2003.04.02,Kage,Nagata Misao,Tomizawa Atsuko,86014000.0,56.0,5.0,1
0000019458,Bosuton'Oo,牡4,,1967.03.20,Kage,,Bosutonhoosu (Kabu),43866000.0,41.0,7.0,1
0000887991,Suzukasupensaa,牡4,,2005.02.17,Kurige,Tsuji Bokujou,Nagai Keiji,57822000.0,17.0,2.0,1
0000148716,Meishoudandi,牡6,,1982.02.18,Kurige,Fujisawabokujou,Matsumoto Yoshio,2180000.0,22.0,0.0,1
0000806418,Bikoofezaa,せん5,,2004.03.27,Kage,Noozanfaamu,(Ari) Rejiendo,108365000.0,29.0,3.0,1
0000888571,Shouryuuken,牡4,,2005.06.01,Kage,Okadabokujou,Murakami Minoru,96105000.0,30.0,3.0,1
0000142292,Inkamu,せん7,,,,,,0.0,0.0,0.0,1
0000757454,Shounanranobia,牝6,,2003.05.19,Kurige,Noozanfaamu,Kunimoto Tesshuu,125523000.0,26.0,6.0,1
0000991252,Derikittopiisu,牝3,,2006.03.11,Kuroshikage,Shadaifaamu,(Ari) Shadaireesuhoosu,69138000.0,23.0,3.0,1
0000992333,Fuminoimaajin,牝3,,2006.03.14,Kage,Shinkoofaamu,Tani Ni,290283000.0,31.0,8.0,1
0000988011,Sakuraroozumarii,牝3,,2006.03.18 20歳,Kurige,Nishimura Kazuo,(Kabu) Sakurakomaasu,48171000.0,8.0,3.0,1
0000027861,Kuriin,牡5,,,,,,0.0,0.0,0.0,1
0000881637,Adomaiyasuwatto,牡4,,,,,,0.0,0.0,0.0,1
0000888643,Pisanoemireetsu,牡4,,2005.03.05,Kage,Hinobokujou,Ichikawa Yoshimi,108987000.0,32.0,6.0,1
0000885906,Wandaamusha,牡4,,2005.04.02,Kage,Yonedabokujou,Yamamoto Nobuyuki,93195000.0,44.0,5.0,1
0000991364,Shirukumebiusu,牡3,,2006.04.16,Kage,Morimotobokujou,(Ari) Bandoubokujou,307318000.0,28.0,8.0,1
0000990975,Guroriasunoa,牡3,,,,,,0.0,0.0,0.0,1
0000986841,Kanetoshikoushou,牡3,,,,,,0.0,0.0,0.0,1
0000994820,Oukenmajikku,牡3,,,,,,0.0,0.0,0.0,1
0000992130,Metoronoosu,牡3,,2006.02.19,Ashige,Noozanfaamu,Shimozuma Shoujirou,81565000.0,71.0,15.0,1
0000986744,Azumataishou,牡3,,,,,,0.0,0.0,0.0,1
0000990945,Ejison,牡3,,,,,,0.0,0.0,0.0,1
0000992296,Dokutaaraou,牡3,,2006.04.26,Kage,Shimizu Katsunori,Noda Zenonore,52003000.0,31.0,6.0,1
0000996181,Deitoyuadoriimu,牝3,,2006.04.04 20歳,Kage,Noozanfaamu,Yuasutoorii,126456000.0,29.0,4.0,1
0001098788,Waizudoriimu,牝3,,2006.03.09 20歳,Kurige,Eclipse Thoroughbreds Inc.,Yoshida Yoshio,27940000.0,25.0,3.0,1
0000992037,Doriimuhatchi,牡3,,2006.02.23,Kuroshikage,Daieibokujou,Suzuki Akira,21268000.0,41.0,3.0,1
0000991685,Sumaatodazuru,牝3,,2006.05.21 20歳,Kage,Gurandobokujou,(Ari) Gurandobokujou,19850000.0,23.0,2.0,1
0000992630,Shinzen'Ooji,牡3,,2006.05.06,Kage,Togawabokujou,Hara Shirou,19400000.0,13.0,2.0,1
0001071585,Saitouinaa,せん6,,2003.10.12,Kage,Westbury Stud Ltd.,W.Tamu,10000000.0,2.0,0.0,1
0000263014,Eishinbosuton,牡7,,,,,,0.0,0.0,0.0,1
0000806255,Henriigondoofu,せん5,,2004.03.03,Kurige,Shadaifaamu,(Ari) Shadaireesuhoosu,56302000.0,21.0,2.0,1
0000806776,Meishoukitori,牝5,,2004.04.29,Kage,Hinodebokujou,Matsumoto Yoshio,55182000.0,15.0,6.0,1
0000888273,Autokuratooru,牡4,,,,,,0.0,0.0,0.0,1
0000807259,Kouyuukizuna,牝5,,2004.03.16,Kuroshikage,Morinagabokujou,Kajiya Yasuo,115596000.0,34.0,5.0,1
0000758012,Torenojubirii,牡6,,2003.03.17,Kage,Fujiwarabokujou,Hirosaki Toshihiro,117621000.0,35.0,6.0,1
0000806941,Nishinoburuumuun,牝5,,2004.04.03 22歳,Kage,Nishiyamabokujou,Nishiyama Shigeyuki,152594000.0,19.0,6.0,1
0000801062,Uedingufujiko,牝5,,,,,,0.0,0.0,0.0,1
0000995478,Saniisandee,牡3,,2006.03.21,Kurige,Marumuramurashitafaamu,Miyazaki Shuho,82422000.0,21.0,3.0,1
0000995947,Ikopiko,牡3,,2006.04.29,Kage,Nishikiokabokujou,(Kabu) Nishikiokabokujou,120125000.0,17.0,4.0,1
0000996235,Meishoukousei,牡3,,2006.03.09,Kage,Mishimabokujou,Matsumoto Yoshio,39726000.0,37.0,3.0,1
0000991408,Shainiidezaato,牡3,,2006.04.11,Kuroshikage,Okita Hiroshi,Kobayashi Masashi,34800000.0,37.0,3.0,1
0000993118,Washamonotarin,牡3,,2006.03.18,Kuroshikage,Kinoshitabokujou,Odagiri Yuuichi,73449000.0,35.0,4.0,1
0000988424,Suupaashizukun,牡3,,2006.05.03,Kage,Miyakebokujou,Hakamada Seiichi,14900000.0,12.0,2.0,1
0000986515,Eeshin'Efudanzu,牡5,,,,,,0.0,0.0,0.0,1
0000804032,Shirubaabureizu,牡5,,2004.03.30,Kage,Shadaifaamu,(Ari) Shadaireesuhoosu,108084000.0,26.0,6.0,1
0000888823,Toohoudoruche,牝4,,2005.03.30 21歳,Kuroshikage,Takeshima Kouji,Touhoubussan (Kabu),213007000.0,37.0,7.0,1
0000276932,Dandizumu,牡7,,1993.04.30,Kurige,Fujimoto Tomonori,Horikawa Yoshihiro,31338000.0,25.0,13.0,1
0000742580,Wakinoekuseru,牡7,,2002.02.26,Aokage,Oiwakefaamu,Wakiyama Yoshiyuki,73028000.0,29.0,5.0,1
0000804675,Farukataria,牡5,,2004.04.28,Kurige,Shadaifaamu,(Ari) Shadaireesuhoosu,74010000.0,24.0,5.0,1
0000797667,Shautorain,牡5,,2004.03.29,Aokage,Kyouwabokujou,(Ari) Kyouwabokujou,141418000.0,45.0,6.0,1
0000801752,Kirushuburyuute,牝5,,,,,,0.0,0.0,0.0,1
0000805571,Ronguakiresu,牡5,,2004.04.17,Aoge,Kojimabokujou,Nakai Toshio,29400000.0,17.0,2.0,1
0000891246,Hamanooratorio,牡4,,2005.04.15,Kurige,Sakamoto Harunobu,Hamai Hiroshi,27400000.0,20.0,2.0,1
0000804498,Hasutorangu,牡5,,2004.03.02,Kage,Okadasutatsudo,Uekesako Masahiro,42958000.0,42.0,1.0,1
マーブルジーン,Maaburujiin,牡5,,,,,,,,,1
0001167072,Foorikurasse,牡6,,2013.05.15,Kage,Kabushikigaisha Noosuhiruzu,Maeda Kouji,612000.0,22.0,0.0,1
0000887216,Annoruuche,牡4,,,,,,0.0,0.0,0.0,1
0000802984,Teiemuankooru,牡5,,2004.03.26,Ashige,Sakamotobokujou,Takezono Masatsugu,199336000.0,42.0,6.0,1
0000883919,Tamamonaisupurei,牡4,,2005.04.24,Kuroshikage,Nobunaribokujou,Tamamo (Kabu),170223000.0,45.0,7.0,1
0001048499,Suterariido,牝2,,2007.03.03 19歳,Kurige,Yuugengaisha Bikutoriifaamu,Hirooreesu (Kabu),48730000.0,31.0,2.0,1
0001043143,Kyoueiashura,牡2,,,,,,0.0,0.0,0.0,1
0001048948,Somunia,牝2,,2007.02.12 19歳,Kurige,Noozanfaamu,Yoshida Katsumi,24186000.0,21.0,1.0,1
0001044903,Esuteerabu,牝2,,,,,,0.0,0.0,0.0,1
0001046448,Integuraruheddo,牡2,,,,,,0.0,0.0,0.0,1
0001049827,Noowan'Erusu,牡2,,2007.02.19,Ashige,Shadaifaamu,Uchiyama Ichirou,25494000.0,16.0,2.0,1
0001042423,Shounankagaribi,牝2,,2007.04.25 19歳,Kurige,(Ari)Shadaikooporeeshonshiraoifaamu,Kunimoto Tesshuu,5800000.0,15.0,1.0,1
0001044092,Cheriisouma,牡2,,2007.04.01,Kurige,Shimadabokujou,Chieriishouji (Shi),14892000.0,23.0,1.0,1
0001044520,Kurowaramoo,牝2,,,,,,0.0,0.0,0.0,1
0001045359,Rojidion,牝2,,2007.03.27 19歳,Kage,Nosakabokujou,Kumeda Masaaki,7000000.0,7.0,1.0,1
0000002981,Kurogane,牡2,,,,,,0.0,0.0,0.0,1
0001045213,Esukaada,牡2,,,,,,0.0,0.0,0.0,1
0001049865,Kanesuforute,牡2,,,,,,0.0,0.0,0.0,1
0001045525,Donarudobaroozu,牡2,,2007.03.21,Kage,Nojimabokujou,Inokuma Hirotsugu,9940000.0,8.0,1.0,1
0001045375,Kosumosorusuteisu,牡2,,2007.02.24,Kage,Tomikawatanakabokujou,(Kabu) Faasutobijon,7724000.0,61.0,1.0,1
0001043611,Batorureddo,牡2,,2007.03.28,Kage,Nishimura Kazuo,Miyagawa Akinobu,23988000.0,14.0,2.0,1
0000799647,Merissa,牝5,,2004.04.01 22歳,Kage,Okadasutatsudo,Okada Makio,142754000.0,35.0,6.0,1
0000885073,Rakkiibaniyan,牡4,,2005.05.17,Kurige,Matsuurabokujou,Tejima Kenji,42089000.0,29.0,8.0,1
0000807003,Amejisutoringu,牝5,,,,,,0.0,0.0,0.0,1
0000192387,Toropikarukuiin,牝5,,1986.05.18,Kage,Fukuoka Toshihiro,Hiromatsu Yoshimitsu,1179000.0,25.0,1.0,1
0000742559,Waizutaikuun,牡7,,2002.05.14,Kage,Kamimizubokujou,Inokuchi Kanji,21200000.0,49.0,1.0,1
0000737986,Dokutaagurimu,牡7,,2002.04.09,Kage,Shounobokujou,Matsuoka Satoshi,91689000.0,41.0,5.0,1
0000724495,Reosutaaraito,牡8,,2001.04.14,Kage,Fujisawabokujou,(Kabu) Reo,51080000.0,57.0,1.0,1
0000997032,Sutaddojieruran,牡3,,2006.03.07,Kurige,Toriibokujou,Kubo Hirofumi,202132000.0,36.0,6.0,1
0000988281,Adobansuuei,牡3,,,,,,0.0,0.0,0.0,1
0000996825,Kosumofoosu,牡3,,2006.05.13,Kage,Tsuchii Hitoshi,(Ari) Biggureddofaamu,49950000.0,39.0,6.0,1
0000990876,Montearuberuto,牡3,,2006.04.03,Kurige,Shimokoubebokujou,Mouri Yoshiaki,58090000.0,19.0,3.0,1
0001049025,Sandiegoshichii,牡2,,2007.04.28,Kuroshikage,Aioifaamu,(Kabu) Tomoshunhoosukurabu,104498000.0,27.0,4.0,1
0000013324,Mozu,牡2,,1964.04.01,Kuroshikage,,Kobayashi,0.0,0.0,0.0,1
0001041077,Aaban'Uinaa,牡2,,,,,,0.0,0.0,0.0,1
0001050087,Danonpasshon,牡2,,2007.02.05,Aokage,Yanobokujou,(Kabu) Danokkusu,31568000.0,4.0,2.0,1
0000198848,Poppukoon,牡2,,1987.05.31,Kuroshikage,Tamurabokujoubunjou,(Ari) Ashiya,0.0,1.0,0.0,1
0001049786,Supeesuaaku,牡2,,2007.04.25,Kage,Noozanfaamu,Satomi Osamu,38446000.0,20.0,2.0,1
0001042804,Bebiineiru,牡2,,2007.02.10,Kurige,Nobuokabokujou,Yamamoto Hidetoshi,50102000.0,15.0,4.0,1
0001086779,Satonosandaa,牡2,,2007.03.13,Kage,Fontainebleau Farm,Aoki Makotohikari,8839000.0,40.0,10.0,1
0000216563,Roodoshippu,牡2,,1988.03.23,Kage,Nagate Noboru,Kondou Toshinori,7140000.0,13.0,1.0,1
0001045003,Yumenokirameki,牝2,,2007.03.12 19歳,Kurige,Shadaifaamu,Moroe Sachisuke,69700000.0,37.0,4.0,1
0000246988,Nereisu,牝2,,1991.05.08,Kage,Itoufuaamu,Oosuga Yasutada,135000.0,11.0,0.0,1
0001043821,Mainearoma,牝2,,2007.04.26 19歳,Kuroshikage,Kosumovuyuufaamu,(Kabu) Sarabureddokurabu・Rafian,36656000.0,31.0,1.0,1
0001045686,Buruusokkusu,牡2,,2007.03.15,Kage,Hokuseimuratabokujou,Tajima Eijirou,49152000.0,28.0,4.0,1
0001044610,Shinmeifuji,牝2,,2007.02.12 19歳,Kage,Keiaifaamu,Oda Yoshikazu,95278000.0,15.0,3.0,1
0001045335,Furooraize,牡2,,2007.02.01,Kurige,Chiyodabokujou,(Ari) Ashisutanto,30173000.0,68.0,5.0,1
0001048573,Kurofoodo,牝2,,,,,,0.0,0.0,0.0,1
0001040143,Gyuntaa,牡2,,,,,,0.0,0.0,0.0,1
0000458938,Supuringusandaa,牝2,,1961.03.27,Kuroshikage,,,0.0,0.0,0.0,1
0001049044,Haateinhaato,牡2,,2007.05.24,Kurige,Hidakataiyoubokujou,Sakai Takatoshi,33603000.0,74.0,6.0,1
0001044227,Buranbiiburakku,牡2,,2007.01.14,Kuroshikage,Fujisawabokujou,Hayashi Sakuichi,7100000.0,8.0,1.0,1
0001051961,Saundobaraddo,牡2,,2007.03.19,Kage,Shadaifaamu,Masuda Yuuichi,31137000.0,24.0,2.0,1
0001043792,Satonodiraito,牡2,,2007.05.20,Kage,Shadaifaamu,Okabayashi Eiyuu,39388000.0,63.0,7.0,1
0001043066,Sandeejou,牝2,,2007.05.02,Aoge,Tsushima Sei,Kawauchi Takao,33721000.0,22.0,2.0,1
0000229832,Purinsesumemorii,牝2,,1990.04.03,Kage,Araki Katsuki,Satou Teishin,7055000.0,10.0,2.0,1
0001046873,Sakuratenpesuto,牡2,,2007.04.18,Aokage,Kawakamibokujou,(Kabu) Sakurakomaasu,43797000.0,10.0,3.0,1
0001041849,Kosumosensaa,牡2,,2007.03.14,Kurige,Kawagoefaamu,Satou Yoshio,210501000.0,43.0,7.0,1
0000008726,Motohime,牝2,,1961.05.21,Kage,,Tsukamoto,0.0,0.0,0.0,1
0001046489,Rajaponeezu,牝2,,2007.04.19,Kage,Masakazuyamamotobokujou,(Ari) Mirufaamu,22800000.0,21.0,2.0,1
0000094022,Oororanaito,牝2,,,,,,0.0,0.0,0.0,1
0001047741,Kosumoreni,牝2,,2007.02.09,Kuroshikage,Ishiharabokujou,Tomita Fujio,20658000.0,152.0,4.0,1
0001041830,Shirukufiiringu,牡2,,2007.04.08,Kage,Yanagawabokujou,Yuugengaishashiruku,8800000.0,4.0,1.0,1
0001046468,Jueruobunairu,牝2,,2007.01.25 19歳,Kage,Shadaifaamu,(Kabu) Guriinfaamu,118332000.0,26.0,4.0,1
0001047603,Dasshaagoogoo,牡2,,2007.03.22,Kage,Shimokoubebokujou,Ashida Shin,324445000.0,29.0,5.0,1
0001044987,Orenjiteiara,牝2,,,,,,0.0,0.0,0.0,1
0000175503,Parisudooru,牝2,,1985.05.26,Kurige,Kugitafuaamu,Kugita Seigi,15730000.0,31.0,2.0,1
0001043194,Sarieru,牝2,,2007.02.07 19歳,Kage,Shinkoofaamu,Maeda Kouji,76283000.0,27.0,4.0,1
0000242903,Meishouuzushio,牡2,,1991.03.27,Kage,Honkiribokujou,Nagai Gorou,11015000.0,38.0,4.0,1
0001046153,Benera,牝2,,2007.05.04 19歳,Kurige,Takedabokujou,Hoshino Seizou,38270000.0,27.0,3.0,1
0001041486,Dantsumirashon,牝2,,2007.04.10,Kage,Tagami Minoru,Yamamoto Tetsuji,11500000.0,19.0,1.0,1
0001045115,Febusukai,牡2,,2007.03.18,Kage,Takamurabokujou,Kugita Yoshihiro,20384000.0,28.0,2.0,1
0001043664,Seiindia,牝2,,2007.04.11,Kuroshikage,Maakuribokujou,Hashimoto Yoshiji,10570000.0,28.0,4.0,1
0001045852,Mainerukaribaan,牡2,,2007.05.12,Kuroshikage,Hirayamabokujou,(Kabu) Sarabureddokurabu・Rafian,64830000.0,22.0,4.0,1
0001048620,Kosumodiesu,牡2,,2007.05.10,Kurige,Iiharabokujou,Agata Itsuo,8689000.0,21.0,3.0,1
0001051962,Meishouhemingu,牝2,,2007.02.02,Kuroshikage,Okadabokujou,Sugiura Kazuya,8768000.0,27.0,6.0,1
0000001134,Shain,牡2,,1950.04.14,Kurige,,Ueda,0.0,0.0,0.0,1
0001048563,Taganojookaa,牝2,,2007.04.29,Kurige,Yasuhara Mi,Yagi Ryouji,32192000.0,16.0,3.0,1
0000989247,Fogettaburu,牡3,,2006.04.03,Kuroshikage,Noozanfaamu,Kanekomasatohoorudingusu (Kabu),265271000.0,32.0,4.0,1
0000992392,Adomaiyamejaa,牡3,,,,,,0.0,0.0,0.0,1
0000989221,Hikarumaisuteeji,牡3,,2006.04.03,Kurige,Seiranbokujou,Takahashi Kyouko,51895000.0,12.0,3.0,1
0000994433,Toushoudezaato,牡3,,2006.02.23,Kage,Toushousangyoukabushikigaishatoushoubokujou,Toushousangyou (Kabu),75504000.0,33.0,3.0,1
0000995403,Roodopansaa,牡3,,2006.03.12,Kurige,Keiaifaamu,(Kabu) Roodohoosukurabu,24878000.0,10.0,2.0,1
0000994285,Karukasonnu,牡3,,,,,,0.0,0.0,0.0,1
0000992621,Naritakurisutaru,牡3,,2006.01.16,Kuroshikage,(Ari)Shadaikooporeeshonshiraoifaamu,(Kabu) Oosumi,261043000.0,36.0,8.0,1
0000988668,Paradiizo,牡3,,2006.06.09,Kage,(Ari)Shadaikooporeeshonshiraoifaamu,(Ari) Kyarottofaamu,7600000.0,4.0,1.0,1
0000987503,Masanouizukiddo,牡3,,2006.03.16,Kuroshikage,Michikenbokujou,Nakamura Tokiko,36701000.0,17.0,5.0,1
0001263072,Amuurumaruruu,牡3,,,,,,0.0,0.0,0.0,1
0000989349,Bureikunain,牡3,,2006.03.01,Kuroshikage,Hidakataiyoubokujou,Aoyama Youichi,48336000.0,26.0,3.0,1
0000989874,Kuudegureisu,牝3,,,,,,0.0,0.0,0.0,1
0000994287,Bonbaruriina,牝3,,2006.01.17 20歳,Kage,Oiwakefaamu,(Ari) Sandeereeshingu,35176000.0,13.0,2.0,1
0000987752,Memoriipafia,牝3,,2006.05.23 20歳,Kuroshikage,Fujimoto Naohiro,Hashimoto Kouji,39631000.0,23.0,3.0,1
0000180087,Buraidarubeeru,牝3,,1985.05.18,Kage,Shimokoubebokujou,Shibuya Ushi,10332000.0,31.0,8.0,1
0000994235,Itarianreddo,牝3,,,,,,0.0,0.0,0.0,1
0000993329,Hikaruamaransasu,牝3,,2006.01.24 20歳,Kurige,Noozanfaamu,Takahashi Kyouko,158734000.0,16.0,4.0,1
0000993141,Kurinomedarisuto,牝3,,,,,,0.0,0.0,0.0,1
0000987488,Dainamaitobodi,牝3,,2006.04.07,Aokage,Hirayamabokujou,(Ari) Hatakeyamabokujou,20218000.0,34.0,7.0,1
0000885419,Tamamosapuraizu,せん4,,2005.02.27,Kage,Moriyabokujou,Tamamo (Kabu),55756000.0,25.0,5.0,1
0000800750,Sanberunaaru,牡5,,2004.02.08,Kage,Saitou Angyou,(Kabu) Hidaka・Buriidaazu・Yunion,24530000.0,44.0,1.0,1
0000805520,Meishoukonboi,牡5,,2004.03.29,Kage,Honkiribokujou,Matsumoto Yoshio,10205000.0,25.0,2.0,1
0000274791,Machikanenihonbare,牡4,,1993.04.05,Kage,Shadaifuaamu,Hosokawa Masuo,9070000.0,8.0,1.0,1
0000890693,Namurahantaa,牡4,,2005.03.11,Aokage,Heiyabokujou,Tomita Fujio,118493000.0,130.0,41.0,1
0000881580,Toshinagisa,牡4,,2005.04.26,Kurige,Urakawakobayashibokujou,Kamimura Kanou,61865000.0,17.0,5.0,1
0000993993,Reddoshagaara,牡3,,2006.04.08,Kage,Noozanfaamu,(Kabu) Toukyouhoosureeshingu,44609000.0,11.0,3.0,1
0001113526,Shiinikkuburasuto,せん5,,2004.08.29,Kage,Durham Lodge Thoroughbred Stud,E.Garante,0.0,1.0,0.0,1
0001045591,Ridiru,牡2,,2007.05.08,Kurige,Noosuhiruzumanejimento,Maeda Kouji,165571000.0,12.0,5.0,1
0001100475,Eishin'Aporon,牡2,,,,,,0.0,0.0,0.0,1
0001047941,Daiwabaabarian,牡2,,2007.02.04,Kage,Chiyodabokujou,Ooshiro Keizou,108638000.0,13.0,2.0,1
0000626279,Rabugurandee,牝2,,1998.03.31,Kage,Nisshinbokujou,I Dadayuki,4060000.0,31.0,5.0,1
0001047395,Taganoerizabeeto,牝2,,2007.02.07,Kuroshikage,(Ari)Shadaikooporeeshonshiraoifaamu,Yagi Shouji,41074000.0,13.0,2.0,1
0001045337,Eeshinhowaitei,牡2,,,,,,0.0,0.0,0.0,1
0001100822,Agunesuteinkuru,牡2,,,,,,0.0,0.0,0.0,1
0001046841,Kurinokingubiito,牡2,,,,,,0.0,0.0,0.0,1
0001047963,Aifaamaachisu,牡2,,,,,,0.0,0.0,0.0,1
0001048851,Eberesutooo,牡2,,,,,,0.0,0.0,0.0,1
0001047207,Gooonhooman,牡2,,2007.04.02,Kage,Takaakibokujou,Kubo Hirofumi,10740000.0,13.0,1.0,1
0000262710,Raindoriimu,牝3,,1992.03.19,Ashige,Ueno Kiyokazu,Oosawa Hanjou,0.0,2.0,0.0,1
0000995581,Moruganaito,牝3,,2006.03.20 20歳,Kuroshikage,Noozanfaamu,(Ari) Sandeereeshingu,44614000.0,10.0,4.0,1
0000991749,Hokutogurein,牝3,,2006.04.17 20歳,Kage,Biggureddofaamu,Fuse Mitsuaki,65303000.0,22.0,4.0,1
0000988290,Yamanin'Uisukaa,牡3,,2006.02.12,Aoge,Nishikiokabokujou,Tsuchii Hajime,139669000.0,37.0,6.0,1
0000989994,Kitasanchiifu,牡3,,,,,,0.0,0.0,0.0,1
0000991858,Porukamazuruka,牝3,,2006.04.08 20歳,Kage,Shadaifaamu,(Ari) Shadaireesuhoosu,88145000.0,22.0,5.0,1
0000887565,Shounankazan,牡4,,2005.03.29,Kage,Kuwatabokujou,Kunimoto Tesshuu,162750000.0,44.0,6.0,1
0000988173,Gurasukingu,牡3,,,,,,0.0,0.0,0.0,1
0001098963,Tesutamatta,牡3,,2006.03.19,Kage,Waterford Farm,Yoshida Kazumi,416475000.0,37.0,7.0,1
0001043623,Besutokuruuzu,牝2,,2007.02.13 19歳,Ashige,Chiyodabokujou,Iida Seigou,128599000.0,35.0,3.0,1
0001041149,Gurenadiin,牝2,,,,,,0.0,0.0,0.0,1
0000149242,Ranankyurasu,牝2,,1982.04.11,Kurige,Takeda Hideo,Yoshida Osamu,0.0,2.0,0.0,1
0001046969,Shiizubarentain,牝2,,2007.02.14,Kage,Shadaifaamu,(Ari) Hoosukea,11618000.0,75.0,2.0,1
0001043092,Suiitoesukeepu,牝2,,2007.03.11,Kurige,Noozanfaamu,Kanekomasatohoorudingusu (Kabu),46048000.0,23.0,3.0,1
0001046536,Kitasansuzuran,牝2,,,,,,0.0,0.0,0.0,1
0000016353,Korudoba,牝2,,1966.05.30,Kage,,Yazawa,225000.0,9.0,0.0,1
0001040478,Intaresuteingu,牝2,,,,,,0.0,0.0,0.0,1
0001045151,Karennahohoemi,牝2,,,,,,0.0,0.0,0.0,1
0001049652,Animeitobaio,牝2,,,,,,0.0,0.0,0.0,1
0001049979,Tsurumarujupitaa,牡2,,2007.05.01,Kuroshikage,Surugabokujou,Tsuruta Suzuko,95372000.0,25.0,4.0,1
0001112992,Doro,牡2,,2007.02.09,Kurige,Millard Winterrowd,Yoshida Kazumi,37130000.0,19.0,2.0,1
0001044418,Kashimasutorongu,牡2,,,,,,0.0,0.0,0.0,1
0001040627,Iidesandora,牝2,,,,,,0.0,0.0,0.0,1
0001047389,Kahomakkusu,牝2,,,,,,0.0,0.0,0.0,1
0001046474,Taiseiwairudo,牡2,,2007.04.16,Kage,Chiyodabokujou,Terashima Seisuke,51440000.0,33.0,3.0,1
0001046457,Shiimaaku,牡2,,2007.04.03,Kurige,Shadaifaamu,Minoshima Ryuuichi,20052000.0,57.0,5.0,1
0001046706,Shourinohohoemi,牝2,,2007.03.15,Kuroshikage,Miyauchibokujou,Yoshida Shouichi,5000000.0,4.0,1.0,1
0000883639,Eeshindiiesu,牡4,,,,,,0.0,0.0,0.0,1
0000883011,Suriirasukaru,牡4,,2005.05.05,Kuroshikage,Asano Katsuhiro,Nagaishouji (Kabu),34600000.0,29.0,2.0,1
0001113551,Sharanaya,牝3,,2006.03.16,Kurige,His Highness The Aga Khan'S Studs S.C.,Aga・Kaandenka,14000000.0,1.0,0.0,1
0001045066,Roozukingudamu,牡2,,2007.05.10,Kuroshikage,Noozanfaamu,(Ari) Sandeereeshingu,694668000.0,25.0,6.0,1
0001043123,Toosenfantomu,牡2,,2007.02.09,Kuroshikage,Shadaifaamu,Shimakawa Takaya,36505000.0,4.0,2.0,1
0001041782,Reddosupaakuru,牡2,,2007.05.22,Kurige,Taniyama Kazuyoshi,Habata Masanobu,66418000.0,19.0,3.0,1
0001047981,Daiwaasetto,牡2,,2007.02.21,Kuroshikage,Fujiwarafuaamu,Ooshiro Keizou,35012000.0,9.0,2.0,1
0001047451,Nishinomeigetsu,牡2,,2007.02.20,Aokage,Nishiyamabokujou,Narita Takashikou,92326000.0,38.0,5.0,1
0001052592,Reddobariosu,牡2,,2007.04.04,Kage,Shadaifaamu,(Kabu) Toukyouhoosureeshingu,22970000.0,10.0,1.0,1
0001049757,Aiuontoyuu,牡2,,2007.03.29,Kurige,Kinoshitabokujou,Takigiura Tooru,62113000.0,57.0,4.0,1
0001044317,Yanguattohaato,牡2,,2007.02.12,Kurige,Shadaifaamu,(Ari) Shadaireesuhoosu,149315000.0,30.0,6.0,1
0001045466,Orureannootome,牝2,,,,,,0.0,0.0,0.0,1
0001043859,Biibiisukatto,牡2,,2007.05.15,Aokage,Morimotobokujou,(Ari) Bandoubokujou,51546000.0,37.0,2.0,1
0001048261,Kattoittauto,牡2,,,,,,0.0,0.0,0.0,1
0001041131,Toosenpaashimon,牡2,,2007.03.29,Kage,Okita Tetsuo,Shimakawa Takaya,9448000.0,13.0,1.0,1
0001113554,Sapureza,牝4,,2005.02.11,Kage,Douglas Mcintyre,Yoshida Teruya,66146000.0,3.0,0.0,1
0001113553,Evazurikuesuto,牝4,,,,,,0.0,0.0,0.0,1
0000805299,Guddokirara,牡5,,,,,,0.0,0.0,0.0,1
0001099904,Kondeyuitto,牡4,,2005.03.23,Kurige,Ballymacoll Stud Farm Ltd,Bariimakoorusutaddo,38000000.0,1.0,0.0,1
0001027109,Jasutoazuueru,牡6,,2003.03.23,Kuroshikage,Augustine Stable,J.Shiepaado,0.0,1.0,0.0,1
0001084609,Shinteiro,牡4,,2005.02.06,Kurige,Woodcote Stud Ltd,L.Ruukasu,0.0,1.0,0.0,1
0000983832,Intaapateishon,せん7,,,,,,0.0,0.0,0.0,1
0000007721,Masaraito,牡5,,1960.05.23,Kage,,Umehara,0.0,2.0,0.0,1
0000801452,Zasandeefusaichi,牡5,,2004.04.05,Kuroshikage,Noozanfaamu,Hayashi Susumu,71965000.0,41.0,3.0,1
0001113696,Teizuuei,牡4,,2005.02.17,Kuroshikage,Whisper Hill Farm,W.Kurifutonjr.,0.0,1.0,0.0,1
0000756384,Choukaifaito,牡6,,2003.03.11,Kurige,Sakaibokujou,(Kabu) Hiratabokujou,98953000.0,35.0,9.0,1
0000804672,Miriondisuku,牡5,,2004.03.29,Kurige,Shadaifaamu,(Ari) Shadaireesuhoosu,230349000.0,34.0,9.0,1
0000802659,Daiwadiraito,牡5,,2004.04.11,Kurige,Shimokoubebokujou,Ooshiro Keizou,165754000.0,29.0,7.0,1
0001052432,Gurandoratchi,牡4,,,,,,0.0,0.0,0.0,1
0000799198,Enoku,牡5,,,,,,0.0,0.0,0.0,1
0001396183,Gaburin,牡7,,,,,,0.0,0.0,0.0,1
0000802050,Wandaapoderio,牡5,,2004.02.29,Kage,Arakifuaamu,Yamamoto Nobuyuki,135121000.0,52.0,7.0,1
0000755340,San'Emupaamu,牡6,,2003.04.12,Kuroshikage,Okadabokujou,Matsumoto Hajime,88599000.0,42.0,6.0,1
0001049318,Apapane,牝2,,,,,,0.0,0.0,0.0,1
0001043236,Kasukudooru,牝2,,,,,,0.0,0.0,0.0,1
0001047460,Taganogaruuda,牝2,,2007.04.03,Kurige,Yuugengaishaniikapputaganofaamu,Yagi Ryouji,26100000.0,24.0,3.0,1
0001040450,Meruveiyudooru,牝2,,2007.01.29 19歳,Kuroshikage,(Ari)Shadaikooporeeshonshiraoifaamu,(Ari) Sandeereeshingu,59000000.0,36.0,3.0,1
0001047209,Taganoparumudooru,牝2,,2007.04.04,Kurige,Yuugengaishaniikapputaganofaamu,Yagi Shouji,16094000.0,16.0,1.0,1
0001050042,Gurooriisuteppu,牝2,,2007.03.02,Kage,Oiwakefaamu,Fujiwara Yoshimichi,20053000.0,94.0,3.0,1
0001043316,Meishoudeimu,牝2,,2007.03.26 19歳,Kuroshikage,Taiyoubokujou,Matsumoto Kazuko,110276000.0,37.0,5.0,1
0000886915,Rafuresshuburuu,牝4,,2005.05.19,Kurige,Yuugengaisha Kenburijji,(Kabu) Buruumanejimento,74535000.0,42.0,5.0,1
0001043988,Garubo,牡2,,,,,,0.0,0.0,0.0,1
0001046399,Kingureoporudo,牡2,,,,,,0.0,0.0,0.0,1
0001043720,Hittojapotto,牡2,,2007.03.31,Kuroshikage,Kanaishisutaddo,Nishimori Tsuru,142920000.0,26.0,5.0,1
0001046857,Batorushuriiman,牡2,,2007.02.28,Kage,Yuugengaisha Shimokoubetoreeningusentaa,Matsumoto Keishou,21155000.0,53.0,1.0,1
0000891839,Morufesairensu,牡4,,2005.04.07,Kurige,Takahashi Yukio,Namikawa Ken'Ichirou,56090000.0,44.0,2.0,1
0000884471,Merushiimonsan,牡4,,2005.02.06,Kage,Mitsuishifaamu,Nagai Yasuo,98111000.0,25.0,2.0,1
0000758991,Toukaiporishii,牡6,,2003.03.27,Kuroshikage,Nagahamabokujou,Uchimura Seisoku,91690000.0,36.0,5.0,1
0000882542,Supuringurokku,牡4,,2005.04.04,Kurige,Shimizu Seiichi,Katou Haruo,18240000.0,27.0,1.0,1
0001046333,Vikutowaarupisa,牡2,,2007.03.31,Kuroshikage,Shadaifaamu,Ichikawa Yoshimi,595954000.0,12.0,7.0,1
0001100467,Kosumofantomu,牡2,,2007.02.08,Kage,Joan Hadley Thoroughbreds,(Ari) Biggureddofaamu,229987000.0,33.0,5.0,1
0001050184,Danonshantei,牡2,,2007.04.28,Kuroshikage,Daaree・Japan・Faamuyuugengaisha,(Kabu) Danokkusu,185734000.0,8.0,3.0,1
0001045360,Hirunodamuuru,牡2,,2007.05.20,Kage,Hashimotobokujou,Hirukawa Masafumi,395609000.0,19.0,4.0,1
0001047835,Adomaiyatenkuu,牡2,,,,,,0.0,0.0,0.0,1
0001045670,Ekuserusasu,牡2,,,,,,0.0,0.0,0.0,1
0001113000,Eeshin'Uezun,牡2,,,,,,0.0,0.0,0.0,1
0001043615,Sakuraerudooru,牡2,,2007.05.26,Aoge,Shinwabokujou,(Kabu) Sakurakomaasu,20900000.0,9.0,2.0,1
0000727681,Adomaiyapurinsu,牡2,,2001.01.26,Kage,Kamada Masatsugu,Kondou Toshikazu,3300000.0,4.0,0.0,1
0001044159,Taninoeporetto,牡2,,2007.02.06,Kage,Kantoriibokujou,Tanimizu Yuuzou,184617000.0,48.0,6.0,1
0001047765,Diaburasuto,牡2,,2007.05.07,Kuroshikage,Meipurufaamu,Diaresuto,50730000.0,35.0,4.0,1
0001043899,Meishouhonmaru,牡2,,2007.03.09,Kage,Mitsuishikawakamibokujou,Matsumoto Yoshio,13446000.0,3.0,1.0,1
0001043357,Heidaarin,牡2,,2007.04.24,Kage,Shinyuufuaamu,Sasaki Tooru,7000000.0,4.0,1.0,1
0001048356,Masutohabu,牡2,,2007.04.20,Kage,Mikibokujou,Aoyama Youichi,87064000.0,35.0,4.0,1
0000803538,Mainerugurashuu,牡6,,2004.05.06,Kage,Kushiketabokujou,(Kabu) Sarabureddokurabu・Rafian,75570000.0,32.0,5.0,1
0001049350,Seresurondii,牡3,,2007.04.05,Aoge,Sawai Giichi,Oka Kouji,50694000.0,19.0,3.0,1
0001043011,Kurebaasandee,牡3,,,,,,0.0,0.0,0.0,1
0001047379,Kanetoshidiosu,牡3,,,,,,0.0,0.0,0.0,1
0001043388,Shigerumotonari,牡3,,2007.04.14,Kuroshikage,Matsumoto Nobuyuki,Morinaka Ban,88336000.0,55.0,3.0,1
0001045477,Reto,牡3,,2007.04.10,Kage,Sanshainbokujou,Date Toshiaki,82778000.0,34.0,3.0,1
0001043449,Pisanoyurishiizu,牡3,,2007.04.05,Kurige,Shimokoubebokujou,Ichikawa Yoshimi,12280000.0,11.0,1.0,1
0000244010,Meishoukanpaku,牡3,,1991.04.07,Kage,Hattori Kazunori,Matsumoto Yoshio,25110000.0,24.0,1.0,1
0001047184,Buikonan,牡3,,2007.04.06,Kage,Murakamibokujou,Fujiwara Seishirou,16700000.0,13.0,2.0,1
0000281283,Keiesukeito,牡3,,1994.03.20,Kage,Takayanagi Takao,Takada Kika,0.0,0.0,0.0,1
0001050188,Kosumonemoshin,牝3,,2007.03.11 19歳,Aokage,Tomita Kyouji,(Ari) Biggureddofaamu,212418000.0,33.0,3.0,1
0001048811,Apurikottofizu,牝3,,,,,,0.0,0.0,0.0,1
0001040277,Teiraabaaton,牝3,,2007.02.21,Kage,Shadaifaamu,(Ari) Shadaireesuhoosu,70298000.0,18.0,3.0,1
0001042520,Mejirooodorii,牝3,,2007.04.14,Kage,Mejirobokujou,Iwasaki Nobumichi,40132000.0,14.0,2.0,1
0001044025,Toosenfuriijia,牝3,,2007.03.01 19歳,Kage,Kineusubokujou,Shimakawa Takaya,24010000.0,32.0,1.0,1
0001041930,Rojiferoozu,牝3,,2007.03.28,Aokage,Hidakataiyoubokujou,Kumeda Masaaki,25999000.0,15.0,2.0,1
0001045369,Sentoanzu,牝3,,2007.05.09,Kurige,Yuugengaisha Rekishintonfaamu,Yoshihashi Kei,22605000.0,65.0,5.0,1
0001044851,Diaaretouusa,牝3,,2007.04.27 19歳,Kuroshikage,Araibokujou,Takataru Sayuri,73288000.0,17.0,3.0,1
0001047358,Bonjuurumeron,牝3,,2007.03.28,Kurige,Shadaifaamu,Tanaka Zenjirou,29976000.0,20.0,2.0,1
ミエノグレース,Mienogureesu,牝3,,,,,,,,,1
0001048502,Adomaiyatenba,牝3,,,,,,0.0,0.0,0.0,1
0001050301,Hokkaireshife,牝3,,2007.03.28,Kage,Daaree・Japan・Faamuyuugengaisha,Ishida Isami,9340000.0,22.0,1.0,1
0001043121,Naritaburuusutaa,牝3,,2007.04.08 19歳,Aokage,Shadaifaamu,(Kabu) Oosumi,8900000.0,10.0,1.0,1
0001045172,Kurarin,牝3,,,,,,0.0,0.0,0.0,1
0001052586,Eishinfurasshu,牡3,,,,,,0.0,0.0,0.0,1
0001045009,Furagarahha,牡3,,2007.04.03,Kage,(Ari)Shadaikooporeeshonshiraoifaamu,(Ari) Kyarottofaamu,235920000.0,41.0,8.0,1
0001041230,Aasusuteppu,牡3,,,,,,0.0,0.0,0.0,1
0001041116,Rogu,牡3,,2007.03.09,Kage,Oohirafaamu,Iyukikuchi Fumio,11120000.0,14.0,1.0,1
0001044795,Roogurando,牡3,,2007.04.20,Kurige,Hikarubokujou,Ookawa Hiroshiyasushi,10800000.0,17.0,1.0,1
0000009036,Buruugurasu,牡3,,1961.05.10,Kage,,Oono,0.0,0.0,0.0,1
0001050005,Taimucheisaa,牡3,,2007.03.20,Kage,Chiyodabokujou,(Kabu) Rra,8800000.0,7.0,1.0,1
0001040102,Tennousei,牡3,,2007.04.25,Kurige,Maekawa Kiyohiko,Shigematsu Kuniken,5700000.0,4.0,1.0,1
0001042559,Toosenmariin,牡3,,2007.03.05,Kuroshikage,Jouchi Kazuyoshi,Shimakawa Takaya,8500000.0,9.0,1.0,1
0001044812,Fuugafuyuugu,牝3,,2007.04.02,Kuroshikage,Arakifuaamu,Chida Yukinobu,6500000.0,18.0,1.0,1
0000805718,Berumontorupan,牡6,,2004.02.21,Kage,Berumontofaamu,(Ari) Berumontofaamu,98528000.0,45.0,6.0,1
0000885609,Daishin'Orenji,牡5,,2005.04.01,Kage,Togawabokujou,Ooyagi Nobuyuki,177408000.0,33.0,7.0,1
0000802964,Pootoravu,牡6,,2004.05.14,Kurige,Samanihoribokujou,Mito Machiko,86355000.0,26.0,5.0,1
0000125837,Samaauindo,牡5,,1980.04.20,Ashige,Takai Shouichi,Honda Mutsuko,0.0,3.0,0.0,1
0001099140,Gurifingeeto,牡4,,,,,,0.0,0.0,0.0,1
0000881052,Besutorokeeshon,牝5,,2005.06.04 21歳,Ashige,Shadaifaamu,(Ari) Shadaireesuhoosu,109957000.0,24.0,5.0,1
0000886882,Purimaforutsua,牝5,,2005.05.12,Kurige,Noozanfaamu,(Ari) Sandeereeshingu,27200000.0,15.0,3.0,1
0000885713,Barozuhaato,牡5,,2005.02.24,Tochikurige,Tabuchibokujou,Kuriyama Sei,77914000.0,39.0,5.0,1
0001048314,Hansodebando,牡3,,2007.02.13,Kuroshikage,Fujisawa Takeo,Watanabe Takashi,68661000.0,9.0,3.0,1
0001045010,Arizeo,牡3,,,,,,0.0,0.0,0.0,1
0001043835,Taiseirejiendo,牡3,,2007.03.26 19歳,Kurige,Noozanfaamu,Tanaka Seihou,261339000.0,40.0,9.0,1
0001045608,Kawakitakomando,牡3,,,,,,0.0,0.0,0.0,1
0000460045,Ganaaru,牡3,,,,,,0.0,0.0,0.0,1
0001043659,Nashuwanhiiroo,牡3,,2007.03.31,Kurige,Heihatabokujou,Mano Takashi,79783000.0,29.0,4.0,1
0001043771,Rojisupuringu,牡3,,2007.05.09,Kurige,Shadaifaamu,Kumeda Masaaki,49944000.0,22.0,3.0,1
0000283207,Taimukaado,牡3,,1994.05.02,Kurige,Houseibokujou,Kakuda Tetsuo,0.0,4.0,0.0,1
0001041671,Rizaruvu,牡3,,2007.03.16,Kage,Itoubokujou,Ehata Takemi,2800000.0,5.0,1.0,1
0000995032,Beruuddorootsue,牡4,,2006.04.14,Kurige,Urakawatoibokujou,Katou Takako,47437000.0,19.0,3.0,1
0000275148,Meinsutoriimu,牡5,,1993.04.12,Kage,Akitabokujou,(Kabu) Nippondainaasukurabu,54501000.0,15.0,4.0,1
0000891625,Kopanojinguu,牡5,,2005.04.24,Kuroshikage,Yanagawabokujou,Kobayashi Sachiaki,157382000.0,40.0,6.0,1
0000296253,Haamajiesutei,牝5,,1995.04.15,Kurige,Ogifukubokujou,(Kabu) Ogifukureeshingu・Kurabu,0.0,0.0,0.0,1
0001049082,Neovandoomu,牡3,,2007.02.19,Kage,Shadaifaamu,Kobayashi Nikou,127455000.0,25.0,4.0,1
0001047541,Reevudorian,牡3,,2007.03.30,Ashige,Noozanfaamu,(Ari) Sandeereeshingu,69806000.0,9.0,2.0,1
0001048552,Suteejipurezensu,牡3,,2007.04.11,Ashige,Shadaifaamu,Okabayashi Eiyuu,53676000.0,49.0,6.0,1
0001042602,Inperiarumaachi,牡3,,,,,,0.0,0.0,0.0,1
0001042220,Kuookusutaa,牡3,,,,,,0.0,0.0,0.0,1
0001043004,Sanraizukuoria,牡3,,2007.03.04,Kage,Kasamatsubokujou,Matsuoka Takao,55238000.0,26.0,3.0,1
0000701674,Adomaiyaroiyaru,牡3,,,,,,0.0,0.0,0.0,1
0001047425,Danonharashoo,牡3,,2007.04.27,Kurige,Noozanfaamu,Sakai Takatoshi,57456000.0,59.0,7.0,1
0001049118,Mejaateesuto,牡3,,2007.05.01,Kuroshikage,Morimotobokujou,Abe Sakaenosusumu,7105000.0,30.0,5.0,1
0001050267,Buruuminguaree,牝3,,2007.03.24 19歳,Kage,Shadaifaamu,(Ari) Shadaireesuhoosu,86639000.0,11.0,4.0,1
0001046483,Sharuruvoa,牝3,,2007.02.01 19歳,Kage,Noozanfaamu,(Ari) Sandeereeshingu,33822000.0,12.0,3.0,1
0001046866,Ginzabonanza,牝3,,,,,,0.0,0.0,0.0,1
0001040493,Purimabisuteii,牝3,,2007.03.24 19歳,Kage,Fushikitabokujou,Bizenshima Toshiko,40480000.0,22.0,4.0,1
0001046325,Meishousuzuran,牝3,,2007.04.10 19歳,Kurige,Tomitabokujou,Matsumoto Yoshio,18100000.0,27.0,2.0,1
0001043442,Biibiieedin,牝3,,2007.02.26,Kurige,Houjuu Kawani,(Ari) Bandoubokujou,22060000.0,6.0,2.0,1
0001045116,Unentorihhi,牝3,,,,,,0.0,0.0,0.0,1
0001044363,Mainenooburesu,牝3,,2007.03.25,Kurige,Matobabokujou,(Kabu) Sarabureddokurabu・Rafian,31925000.0,24.0,3.0,1
0001044597,Zataiki,牡3,,2007.03.28,Kurige,Shimokoubebokujou,(Ari) Taijufaamu,30174000.0,4.0,2.0,1
0001047236,Pegasasuhiruzu,牡3,,2007.02.18,Kurige,Kamada Masatsugu,Yoshimura Toshiharu,63330000.0,46.0,2.0,1
0001048247,Makanibisuteii,牡3,,2007.05.07,Aokage,Yamada Masahiro,Bizenshima Toshiko,167297000.0,32.0,5.0,1
0001044121,Moeredefinitto,牡3,,2007.05.01,Aokage,Nagate Takeshi,Yamamoto Takeshi,30387000.0,24.0,5.0,1
0001044869,Nobokun,牡3,,2007.05.21,Kage,Takaakibokujou,(Kabu) Ls.M,15900000.0,23.0,2.0,1
0001042590,Paradaisurabiida,牡3,,2007.02.18,Kage,Mimura Takuya,Tanehon Shu,14549000.0,105.0,15.0,1
0001043039,Dobyusshii,牡3,,2007.04.18,Kurige,Saitousutaddo,Ichiyanagi Junko,32352000.0,34.0,3.0,1
0001047185,Muuntendaa,牡3,,2007.05.11,Kage,Kineusubokujou,Saita Hisamitsu,14427000.0,70.0,4.0,1
0000805973,Teiemuatakku,牡6,,2004.05.18,Kurige,Teiemubokujouniikappubunjou,Takezono Masatsugu,125430000.0,50.0,5.0,1
0000889529,Sankusunooto,牝5,,2005.03.19,Kage,Shimokoubebokujou,Shimokoube Yukio,133671000.0,17.0,6.0,1
0000988033,Eeshinbiiseruzu,牡4,,,,,,0.0,0.0,0.0,1
0001049371,Shouryuumuun,牝3,,2007.06.07 19歳,Kage,Takamurabokujou,Ueda Kou,214116000.0,24.0,5.0,1
0001041444,Eeshinritaanzu,牝3,,,,,,0.0,0.0,0.0,1
0001042437,Oukensakura,牝3,,,,,,0.0,0.0,0.0,1
0001040073,Raforujurune,牝3,,2007.01.13 19歳,Kage,(Ari)Shadaikooporeeshonshiraoifaamu,(Ari) Kyarottofaamu,71684000.0,29.0,4.0,1
0001045133,Sutorenjirabu,牝3,,2007.05.01 19歳,Kage,Takashisakaebokujou,Suzuki Yoshitaka,22710000.0,16.0,3.0,1
0001044374,Wairudorazuberii,牝3,,2007.03.03 19歳,Kage,Noozanfaamu,Kondou Eiko,83920000.0,15.0,3.0,1
0001045534,Purimuuru,牝3,,2007.03.24,Kuroshikage,Hidakataiyoubokujou,Yoshida Kazumi,24870000.0,29.0,1.0,1
0001046475,Vikutoriimaachi,牝3,,2007.04.22 19歳,Kurige,Oiwakefaamu,Yoshida Masashi,51381000.0,25.0,2.0,1
0001042060,Namuraboruteeji,牝3,,2007.05.31 19歳,Kage,Hattafaamu,Namura Nobushige,60399000.0,34.0,4.0,1
0001047404,Guryuunewaruto,牝3,,,,,,0.0,0.0,0.0,1
0001047061,Shirukukuraritei,牝3,,2007.02.28,Kuroshikage,Yanagawabokujou,Matsunaga Youichi,9340000.0,17.0,1.0,1
0001049842,Omegaburuuhawai,牝3,,,,,,0.0,0.0,0.0,1
0001046396,Masutaaseireen,牝3,,2007.04.07 19歳,Kage,Hattori Bokujou,Hattori Kazunori,8471000.0,23.0,2.0,1
0000190868,Pamiina,牝3,,1986.03.11,Kurige,Shadaifuaamu,(Ari) Shadaireesuhoosu,1660000.0,7.0,0.0,1
0001046601,Kosumoherenosu,牡3,,2007.05.06,Kage,Nakanofaamu,(Ari) Biggureddofaamu,139217000.0,24.0,4.0,1
0001043373,Besutoburuumu,牡3,,2007.03.26,Kage,Shadaifaamu,Yokose Kenji,38044000.0,47.0,2.0,1
0001045928,Toosen'Aresu,牡3,,2007.04.22,Kage,Noozanfaamu,Shimakawa Takaya,162049000.0,55.0,10.0,1
0001042227,Makotovoijaa,牡3,,2007.03.19,Kage,Deguchi Shigeo,Oda Sachiko,51425000.0,30.0,2.0,1
0001100853,Misshonmoodo,牡3,,2007.04.12,Kurige,T. Yoshida,Yamamoto Hidetoshi,76853000.0,27.0,3.0,1
0000235419,Bigguban,牡3,,1990.04.03,Kage,Nakajima Kou,Watanabe Atsushi,13675000.0,48.0,5.0,1
0001042588,Sumaatojieneshisu,牡3,,2007.03.13,Aokage,Shadaifaamu,(Ari) Toniikikaku,36836000.0,29.0,2.0,1
0000991343,Teiemuhariaa,牡4,,2006.04.30,Ashige,Taniguchibokujou,Takezono Masatsugu,261329000.0,36.0,10.0,1
0000881185,Emerarudowan,牡5,,,,,,0.0,0.0,0.0,1
0000883514,Eashatouushu,牡5,,,,,,0.0,0.0,0.0,1
0000891480,Shainmoomento,牡5,,2005.03.23,Kurige,Kyouwabokujou,Asakawa Yoshio,86549000.0,62.0,5.0,1
0000887802,Domonarazu,牡5,,2005.01.09,Kurige,Shimokoubebokujou,Odagiri Yuuichi,118698000.0,50.0,6.0,1
0000996419,Koronbasusaakuru,牝4,,2006.02.04,Kuroshikage,Shadaifaamu,Yoshida Teruya,118621000.0,32.0,5.0,1
0001046374,Saundobariaa,牝3,,2007.04.03 19歳,Ashige,Sasachibokujou,Masuda Yuuichi,72038000.0,18.0,2.0,1
0001050167,Rediarubarooza,牝3,,2007.04.21,Kage,Keiaifaamu,(Kabu) Roodohoosukurabu,187033000.0,28.0,5.0,1
0001050059,Nishinomoretta,牝3,,2007.02.20,Kurige,Nishiyamabokujou,Nishiyama Shigeyuki,48864000.0,31.0,3.0,1
0001046606,Keiaideijii,牝3,,2007.04.18 19歳,Ashige,Matsuda Michio,(Kabu) Keiaiyoshishizairyouhanbaijo,61646000.0,16.0,3.0,1
0001044299,Karenchan,牝3,,,,,,0.0,0.0,0.0,1
0001047430,Amafason,牝3,,,,,,0.0,0.0,0.0,1
0001049482,Rabumiichan,牝3,,2007.03.19,Kurige,Gurandobokujou,Kobayashi Sachiaki,258400000.0,34.0,18.0,1
0001042959,Haniimeronchan,牝3,,2007.03.27 19歳,Kurige,Matsumoto Nobuyuki,Matsuoka Takao,21000000.0,13.0,3.0,1
0001043977,Erimoepona,牝3,,,,,,0.0,0.0,0.0,1
0000616165,Santemirion,牝3,,1999.06.08,Kage,Sasakinoujou,Satou Keiko,0.0,1.0,0.0,1
0001046968,Niimaruotome,牝3,,2007.04.15 19歳,Kurige,Niikappuhashimotobokujou,Itabashi Aki,49232000.0,19.0,3.0,1
0001046106,Danshingumao,牝3,,2007.04.19 19歳,Kage,Shadaifaamu,Moriguchi Ryuuichirou,78349000.0,27.0,4.0,1
0001043668,Baitarusutairu,牝3,,2007.02.24,Kurige,Yanobokujou,(Kabu) Hidaka・Buriidaazu・Yunion,50645000.0,25.0,4.0,1
0001043084,Mejiromuua,牝3,,2007.04.13,Kage,Mejirobokujou,Iwasaki Nobumichi,6500000.0,10.0,1.0,1
0001040819,Daiwafezuburuu,牝3,,2007.01.28 19歳,Kage,Shadaifaamu,Ooshiro Keizou,12211000.0,31.0,2.0,1
0001049799,Danonpurimadonna,牝3,,2007.04.13,Kuroshikage,Shimokoubebokujou,(Kabu) Danokkusu,38300000.0,21.0,3.0,1
0001046540,Chenjiobushiin,牝3,,2007.01.21,Aoge,(Ari)Shadaikooporeeshonshiraoifaamu,(Ari) Sandeereeshingu,5000000.0,11.0,1.0,1
0001043740,Nishinokyuanosu,牝3,,2007.02.20,Aokage,Nishiyamabokujou,Nishiyama Shigeyuki,34040000.0,34.0,2.0,1
0001045759,Juvebian,牝3,,2007.03.16,Kage,Maakuribokujou,(Kabu) Hidaka・Buriidaazu・Yunion,27158000.0,34.0,1.0,1
0001049019,Toshigyangusutaa,牡3,,2007.02.27,Ashige,Chiyodabokujou,Tahata Toshihiko,87797000.0,49.0,4.0,1
0001048848,Jodiizurain,牝3,,2007.05.03 19歳,Kurige,(Ari)Shadaikooporeeshonshiraoifaamu,(Ari) Kyarottofaamu,18976000.0,17.0,1.0,1
0001112859,Seiun'Ousamu,牡3,,2007.05.05,Ashige,Patrick Q. Maguire,Tomita Fujio,45210000.0,60.0,3.0,1
0000126023,Kurisutarubooi,牡3,,,,,,0.0,0.0,0.0,1
0001044037,Tsurumaruraidaa,牡3,,2007.04.19,Kage,Surugabokujou,Tsuruta Suzuko,15245000.0,8.0,2.0,1
0001041871,Doriimufowaado,牡3,,2007.05.24,Kurige,Biggureddofaamu,Konda Kikuo,59964000.0,43.0,4.0,1
0001049283,Eeshindakkuman,牡3,,,,,,0.0,0.0,0.0,1
0000020231,Takanokingu,牡3,,1967.04.19,Kage,,Tsukamoto,4265000.0,26.0,3.0,1
0001049059,Geshutaruto,牡3,,2007.02.25,Kage,Hosokawanoujou,Hatakesa Hiroshi,209891000.0,46.0,3.0,1
0000150707,Sanraizupurinsu,牡3,,1982.04.13,Kage,Makimotobokujou,Nagashima Noboru,0.0,0.0,0.0,1
0001044740,Bashireusu,牡3,,2007.05.28,Kage,Yuugengaisha Ishikawabokujou,Hirooreesu (Kabu),58329000.0,15.0,3.0,1
0001044912,Aromakafe,牡3,,,,,,0.0,0.0,0.0,1
0001049817,Suteirugoorudo,牡3,,2007.03.26,Kuroshikage,Shimokoubebokujou,Aoyama Youichi,36900000.0,18.0,4.0,1
0001045322,Joovarianto,牡3,,2007.05.06,Kage,Taiseibokujou,Ueda Keiko,12300000.0,9.0,1.0,1
0001367365,Baadibaadi,牡3,,2023.05.06 3歳,Ashige,Kamiinoujou,Mamiya Satoko,6505000.0,14.0,2.0,1
0001043101,Soritariikingu,牡3,,2007.04.11,Kuroshikage,Noozanfaamu,(Ari) Sandeereeshingu,327855000.0,44.0,9.0,1
0001048199,Aburahamudaabii,牡3,,,,,,0.0,0.0,0.0,1
0000994116,Jamiiru,牡4,,2006.03.09,Kage,Fukudabokujou,Yoshida Teruya,178382000.0,27.0,4.0,1
0000885993,Toribyuutosongu,牡5,,2005.05.23,Kage,Shadaifaamu,(Ari) Shadaireesuhoosu,106347000.0,22.0,5.0,1
0001045036,Mikkiidoriimu,牡3,,2007.02.05,Kurige,Noozanfaamu,Noda Mizuki,188205000.0,41.0,5.0,1
0001046493,Rirudavaru,牡3,,2007.04.08,Kurige,Noozanfaamu,(Ari) Sandeereeshingu,230359000.0,38.0,6.0,1
0001041560,Shainiinaito,牡3,,2007.03.17,Kurige,Masa Bokujou,Kobayashi Masashi,24715000.0,13.0,2.0,1
0001042049,Ruuraashippu,牡3,,2007.05.15 19歳,Kage,Noozanfaamu,(Ari) Sandeereeshingu,549764000.0,18.0,7.0,1
0001044322,Doresuafeaa,牡3,,2007.02.01,Kuroshikage,Shadaifaamu,Nomoto Toshiko,22632000.0,274.0,6.0,1
0001046967,Pegasasukingubii,牡3,,2007.05.23,Tochikurige,Yanagawabokujou,Matsuoka Takao,22670000.0,28.0,2.0,1
0000992024,Nanihatomoare,牡4,,2006.03.23,Kuroshikage,Megurobokujou,Meguro Tadashihou,117083000.0,62.0,4.0,1
0000891710,Shibiruuoo,牡5,,2005.01.31,Kage,Shadaifaamu,(Ari) Shadaireesuhoosu,382726000.0,51.0,11.0,1
0000802611,Genpachitakion,牡6,,2004.02.27,Kage,Nobuokabokujou,(Ari) Airu,68373000.0,34.0,5.0,1
0000885380,Toohouorubisu,牡5,,2005.03.04,Kurige,Takeshima Kouji,Touhoubussan (Kabu),129534000.0,39.0,6.0,1
0000920285,Fusaichipiijiei,牡5,,2005.05.18,Kage,Shadaifaamu,Yoshida Chizu,125243000.0,24.0,6.0,1
0000899903,Keiaisuijin,牡5,,2005.01.15,Kurige,Gurandobokujou,Kurihara Kiyoko,76535000.0,97.0,5.0,1
0000804708,Maidiasan,牡6,,2004.05.14,Kurige,Shadaifaamu,(Ari) Shadaireesuhoosu,82551000.0,20.0,5.0,1
0000233609,Marutakaenperaa,牡6,,1990.04.13,Ashige,Shikagyoubokujou,Takahashi Yoshikazu,666000.0,16.0,0.0,1
0001322945,Shounanraijin,牡6,,2020.05.17 6歳,Kurige,Seiranbokujou,Kunimoto Tesshuu,100412000.0,27.0,5.0,1
0001047312,Mainerumarushie,牡3,,2007.03.07,Kuroshikage,Togawabokujou,Kumi)Uiru,60743000.0,62.0,11.0,1
0001048607,Agunesusupekutoru,牝3,,,,,,0.0,0.0,0.0,1
0001045503,Baruun,牡3,,2007.03.18,Kage,Shirase Mei,Shirai Gaku,51586000.0,36.0,8.0,1
0001111127,Keiaiburizaado,牡3,,2007.02.20,Ashige,Gainesway Thoroughbreds Ltd.,Yuri Ichirou,26972000.0,45.0,6.0,1
0001050322,Inpuresuuinaa,牡3,,,,,,0.0,0.0,0.0,1
0000995255,Radoraada,牝4,,2006.04.15 20歳,Aokage,Noozanfaamu,(Ari) Kyarottofaamu,60801000.0,18.0,4.0,1
0000889959,Sutoriitosutairu,牝5,,2005.04.03,Kage,Shimokoubebokujou,Shimokoube Takayuki,83872000.0,29.0,4.0,1
0000805219,Giruteisutoraiku,せん6,,,,,,0.0,0.0,0.0,1
0000888788,Bashikeen,牡5,,2005.03.29,Kurige,Kamiinoujou,Ishibashi Hideo,142943000.0,36.0,3.0,1
0000888992,Shirupooto,牡5,,2005.03.24 21歳,Kage,Taiheibokujou,Kawasaki Goshi,397328000.0,54.0,10.0,1
0000888628,Daiwajannu,牝5,,2005.04.20 21歳,Kuroshikage,Chiyodabokujou,Ooshiro Keizou,107096000.0,38.0,5.0,1
0000988088,Kishuugurashia,牝4,,,,,,0.0,0.0,0.0,1
0001043796,Agunesuwarutsu,牝3,,,,,,0.0,0.0,0.0,1
0001042007,Asukatoppuredi,牝3,,,,,,0.0,0.0,0.0,1
0001040925,Mashukenaada,牝3,,2007.01.21,Kage,Shimokoubebokujou,Nishio Seiichirou,16902000.0,8.0,1.0,1
0001046463,Dimiita,牝3,,2007.03.17 19歳,Kuroshikage,Oiwakefaamu,(Ari) Sandeereeshingu,21050000.0,18.0,1.0,1
0000223329,Furamudooru,牝3,,1989.03.30,Kage,Okadasutatsudo,Oosawa Hanjou,0.0,4.0,0.0,1
0001048063,Torejaachesuto,牝3,,2007.03.10,Ashige,Noozanfaamu,Kanekomasatohoorudingusu (Kabu),20300000.0,20.0,2.0,1
0001043998,Toshizamaki,牝3,,2007.04.07,Kurige,Urakawakobayashibokujou,Kamimura Kanou,71243000.0,27.0,5.0,1
0000726203,Mejirojienifaa,牝3,,2001.03.09,Kage,Mejirobokujou,Mejiroshouji (Kabu),0.0,0.0,0.0,1
0000196895,Fusaichisebun,牡4,,1987.05.16,Kurige,Murashitabokujou,Sekiguchi Fusao,0.0,0.0,0.0,1
0000889918,Tamamokurieito,牡5,,2005.03.31,Kage,Susakibokujou,Tamamo (Kabu),135473000.0,64.0,5.0,1
0000899887,Piiranihaiuei,牡5,,2005.03.08,Kuroshikage,Noozanfaamu,Kanekomasatohoorudingusu (Kabu),224456000.0,47.0,8.0,1
0000884438,Rasshusutoriito,せん5,,2005.03.22,Kurige,Maekawa Takanori,Maeda Kouji,92371000.0,19.0,5.0,1
0001354138,Peruusa,牡3,,2022.05.01 4歳,Kage,Ueno Masae,Keeesuhd,18340000.0,15.0,1.0,1
0001043831,Touzaguroorii,牡3,,2007.02.16,Kage,Noozanfaamu,(Ari) Kyarottofaamu,464784000.0,33.0,8.0,1
0001044992,Haatobiitosongu,牡3,,2007.04.17,Kurige,Shadaifaamu,(Ari) Shadaireesuhoosu,139158000.0,19.0,5.0,1
0000060740,Ririentaaru,牡3,,1973.05.28,Kage,Matsuda Haruo,Izumi Junko,0.0,2.0,0.0,1
0001044942,Toukaimerodi,牡3,,2007.03.29,Kurige,Seiranbokujou,Uchimura Seisoku,81420000.0,12.0,5.0,1
0001043114,Sumaatofookasu,牡3,,2007.03.05,Kage,Noozanfaamu,Ookawa Tooru,11400000.0,7.0,1.0,1
0001043685,Roodoobuzaringu,牡3,,2007.02.21,Kage,Keiaifaamu,(Kabu) Roodohoosukurabu,119996000.0,39.0,5.0,1
0000186135,Kosumoenperaa,牡3,,1986.04.04,Kage,Nakada Kazuhiro,(Kabu) Yuuhou,7820000.0,23.0,3.0,1
0001046280,Meishouebamoa,牡3,,2007.04.29,Ashige,Mishimabokujou,Matsumoto Yoshio,77734000.0,34.0,5.0,1
0001000949,Kanetoshisoreiyu,牡6,,,,,,0.0,0.0,0.0,1
0001113337,Bureikuaseorii,牡3,,2007.08.16,Kurige,Morning Rise Stud,(Ari) Biggureddofaamu,40251000.0,10.0,2.0,1
0001044286,Shirukuaanesuto,牡3,,2007.03.04,Kurige,Hashimotofuaamu,Kiyokawa Takanori,171289000.0,59.0,9.0,1
0001046327,Kanetoshipasaaju,牡3,,,,,,0.0,0.0,0.0,1
0001047908,Purefashio,牡3,,2007.02.08,Ashige,Noozanfaamu,(Ari) Sandeereeshingu,100768000.0,39.0,6.0,1
0001051635,Adomaiyataishi,牡3,,,,,,0.0,0.0,0.0,1
0001045196,Akinoguroobu,牡3,,,,,,0.0,0.0,0.0,1
0001048187,Kamidanomi,牡3,,,,,,0.0,0.0,0.0,1
0001043554,Haadodadandan,牡3,,2007.04.07,Kuroshikage,Koike Hiroyuki,Tsuda Kazuo,92408000.0,46.0,5.0,1
0001043721,Neoporarisu,牡3,,2007.03.14,Kurige,Noozanfaamu,Nakane Ikuko,19603000.0,48.0,4.0,1
0001031995,Eeshinkonfaa,牝5,,,,,,0.0,0.0,0.0,1
0001042725,Montefujisan,牡3,,2007.04.03,Kurige,Waarudofaamu,Mouri Yoshiaki,68475000.0,39.0,3.0,1
0001044310,Padotorowa,牡3,,2007.04.20,Kage,Shadaifaamu,Yoshida Teruya,269888000.0,34.0,9.0,1
0001097129,Oseaniabosu,牡5,,,,,,0.0,0.0,0.0,1
0000987957,Shiisupiaa,牡4,,2006.05.11,Kurige,Nobuokabokujou,Fujita Souhei,31960000.0,26.0,1.0,1
0000890672,Ankurutoppu,牡5,,,,,,0.0,0.0,0.0,1
0000990286,Shiseikaguya,牝4,,2006.05.23,Kage,Meipurufaamu,Inawashiro Isami,79910000.0,28.0,5.0,1
0001050248,Mooningufeisu,牝3,,2007.02.22 19歳,Kurige,Itakabokujou,Itaka Yoshimitsu,55320000.0,27.0,3.0,1
0001045381,Torenoenjieru,牝3,,2007.04.02 19歳,Kurige,Fujiwarabokujou,Hirosaki Toshihiro,30943000.0,10.0,2.0,1
0000887335,Arutoppuran,牡5,,,,,,0.0,0.0,0.0,1
0000884568,Koronagurafu,牡5,,2005.05.03,Kage,Shadaifaamu,(Ari) Shadaireesuhoosu,131817000.0,35.0,6.0,1
0000889947,Toosenmonaaku,牡5,,2005.02.19,Kurige,Shadaifaamu,Shimakawa Takaya,53093000.0,11.0,6.0,1
0000882087,Ikedoragon,牡5,,,,,,0.0,0.0,0.0,1
0000807062,Fenikoon,牡6,,2004.05.13,Kuroshikage,Shimokoubebokujou,Saitou Shihoutsukasa,98425000.0,30.0,4.0,1
0000891688,Sumaatosuteeji,牡5,,2005.04.23,Kage,Daiichibokujou,Okada Soushi,130257000.0,44.0,7.0,1
0000808306,Pienaguddorakku,牡6,,2004.03.21,Kage,Okamotobokujou,Motoya Kenzou,92553000.0,51.0,4.0,1
0000219432,Ferooshippu,せん8,,1989.03.21,Ashige,Meiwabokujou,Onishima Rikiya,2120000.0,11.0,0.0,1
0000776677,Byuuteiifurasshu,せん5,,1995.05.17,Kage,,,0.0,25.0,5.0,1
0001045051,Batoodooru,牡3,,2007.02.17,Kurige,Noozanfaamu,(Ari) Kyarottofaamu,135952000.0,48.0,5.0,1
0000232854,Sutaaboodo,牡3,,1990.03.13,Ashige,Yuutopiabokujou,Kuribayashi Eiyuu,26650000.0,15.0,2.0,1
0001047499,Bureikuchansu,牡3,,2007.05.13,Kage,Shadaifaamu,Saitou Shihoutsukasa,58614000.0,38.0,4.0,1
0001041802,Kouyuuhiiroo,牡3,,2007.05.22,Aoge,Murayama Mitsuhiro,Kajiya Sadamitsu,75204000.0,76.0,6.0,1
0001112993,Aasusaundo,牝3,,,,,,0.0,0.0,0.0,1
ホクセツキングオー,Hokusetsukinguoo,牡3,,,,,,,,,1
0001048890,Kokokara,牡3,,2007.04.23,Kurige,Kuwatafuaamu,Diaresuto,40104000.0,32.0,3.0,1
0001100823,Naitoobuzaopera,牝3,,2007.03.29,Kuroshikage,"Ocala Horses, Llc",(Kabu) Orionfaamu,28478000.0,14.0,3.0,1
0000736420,Happiiheiroo,せん8,,2002.04.13,Kage,Ishigooka Matsutarou,Tomizawa Atsuko,43521000.0,23.0,7.0,1
0000886350,Diadiaa,牡5,,2005.05.10,Kage,Arai Shouji,Takataru Sayuri,53524000.0,34.0,4.0,1
0000107073,Kyoueisutoomu,牡5,,,,,,0.0,0.0,0.0,1
0000887995,Keiaiasuton,牡5,,2005.04.17,Kage,Matsuda Michio,Yuri Ichirou,158315000.0,88.0,10.0,1
0000991961,Eebudatchiman,牡4,,,,,,0.0,0.0,0.0,1
0000291310,Teiemuoorora,牝4,,1995.03.24,Ashige,Hattori Kazunori,Takezono Masatsugu,19744000.0,19.0,1.0,1
0000886965,Aasushinboru,牝5,,,,,,0.0,0.0,0.0,1
0000884783,Mainetouinkuru,牝5,,2005.05.23 21歳,Kage,Biggureddofaamu,(Kabu) Sarabureddokurabu・Rafian,62560000.0,26.0,4.0,1
0000883359,Chaamunadeshiko,牝5,,2005.03.15,Kage,Nosakabokujou,Tamamo (Kabu),97282000.0,28.0,5.0,1
0000804995,Maineruansaa,牡6,,2004.04.29,Kage,Inababokujou,(Kabu) Sarabureddokurabu・Rafian,72114000.0,31.0,5.0,1
0000312338,Naisumiichuu,牡3,,1996.04.29,Kuroshikage,Motomichibokujou,Hatakeyama Tadaaki,3843000.0,30.0,3.0,1
0001047345,Shainin'Aasaa,牡3,,2007.05.06,Kuroshikage,Shadaifaamu,Ichikawa Yoshimi,59578000.0,20.0,3.0,1
0001307639,Aasugarudo,牡3,,,,,,0.0,0.0,0.0,1
0001047781,Seiriosu,牡3,,2007.04.23,Kage,Shadaifaamu,Oonishi Juuaki,122602000.0,108.0,8.0,1
0001042037,Doriimukatorasu,牡3,,2007.03.21,Kage,Biggureddofaamu,Yamashita Teiryou,80000000.0,71.0,11.0,1
0001043589,Janguruhayate,牡3,,2007.04.06,Kuroshikage,Gurandobokujou,Itou Seikichi,69944000.0,33.0,4.0,1
0001336409,Keiaigaabera,牝4,,2021.03.19 5歳,Kurige,Nisshinbokujou,Kameda Kazuhiro,23356000.0,25.0,7.0,1
0000990058,Namurataitan,牡4,,2006.05.20 20歳,Kurige,Nosakabokujou,Iwabuchi Michiyoshi,308301000.0,52.0,21.0,1
0000991951,Teiappuwairudo,牡4,,2006.04.20,Kurige,Kobayashi Hitoshi,Tanaka Noboru,279496000.0,48.0,12.0,1
0000891903,Shaininguawaa,牡5,,2005.04.27,Kurige,Yuutopiabokujou,Furuya Takehiko,70744000.0,56.0,13.0,1
0000888018,Taatorubei,牡5,,2005.04.05,Ashige,Yuugengaisha Rekishintonfaamu,Kawasaki Goshi,102328000.0,72.0,13.0,1
0000755930,Purosesshon,牡7,,2003.04.09,Kage,Shadaifaamu,Yoshida Teruya,62978000.0,26.0,5.0,1
0000797094,Maipuriteiwan,牡6,,2004.05.28,Kage,Wakabayashibokujou,Shinkawa Yasuhiro,79387000.0,41.0,5.0,1
0000804548,Toohouatakku,牡6,,2004.04.06,Kage,Takeshima Kouji,Touhoubussan (Kabu),70195000.0,26.0,5.0,1
0000801310,Keiteirabu,牝6,,2004.03.31 22歳,Kurige,Nagata Katsuyuki,Takimoto Kazuyoshi,89632000.0,19.0,5.0,1
0000807404,Jieikeiseravi,せん6,,2004.04.08,Kage,Fujikawafuaamu,Koyano Jirou,131533000.0,31.0,6.0,1
0000885348,Asudoukuuru,牝5,,,,,,0.0,0.0,0.0,1
0000798329,Teiemukagemusha,牡6,,2004.04.20,Kurige,Shizunaisakaibokujou,Takezono Masatsugu,104566000.0,55.0,5.0,1
0000988692,Supuringukaesaru,牡4,,2006.04.20,Kuroshikage,Hori Hiroyasu,Katou Haruo,48791000.0,21.0,2.0,1
0000761199,Paruteiashichii,牡7,,2003.03.13,Kuroshikage,Shimokoubebokujou,(Kabu) Tomoshunhoosukurabu,56963000.0,28.0,3.0,1
0000988081,Gorudenshurain,せん4,,2006.05.25,Kurige,Tabatafaamu,(Kabu) Kyouei,18760000.0,15.0,1.0,1
0000996351,Makkiigariumu,牡4,,2006.05.11,Kuroshikage,Yoshida Saburou,Takigiura Tooru,20300000.0,27.0,1.0,1
0000889698,Kaburiooru,せん5,,,,,,0.0,0.0,0.0,1
0000804338,Wandaarusutoraa,牡6,,2004.04.15,Kage,Fukudafaamu,Yamamoto Nobuyuki,24265000.0,29.0,2.0,1
0000273916,Goorudenkaizaa,牡5,,1993.03.22,Kage,Mitsuishifaamu,Izumi Junko,27685000.0,69.0,3.0,1
0000885789,Doriimugaaruzu,牝5,,2005.01.25,Kurige,Ekuserumanejimento,Tsuji Taisaku,25768000.0,32.0,2.0,1
0000803243,Suzukasanba,牡6,,2004.04.30,Kage,Gurandobokujou,Nagai Keiji,51286000.0,22.0,4.0,1
0000798977,Suteppushichii,牡6,,2004.04.16,Kurige,Hokkoubokujou,(Kabu) Tomoshunhoosukurabu,60350000.0,12.0,4.0,1
0000890046,Supiritasu,せん5,,2005.04.11,Kurige,Noozanfaamu,(Ari) Kyarottofaamu,211472000.0,50.0,5.0,1
0000802773,Kitanoryuuoo,牡6,,,,,,0.0,0.0,0.0,1
0001092211,Majikarupoketto,牡2,,2008.04.03,Kage,Morinagabokujou,Sakakibara Gen'Ichirou,49475000.0,16.0,2.0,1
0001095377,Maineshokoraade,牝2,,2008.02.14 18歳,Aokage,Biggureddofaamu,(Kabu) Sarabureddokurabu・Rafian,42154000.0,20.0,1.0,1
0001095911,Rurinigana,牝2,,2008.03.31 18歳,Kage,Kawashimabokujou,(Ari) Kawashimabokujou,90711000.0,28.0,4.0,1
0001090058,Eeshinjakkaru,牡2,,,,,,0.0,0.0,0.0,1
0001095858,Taiseifantomu,牡2,,2008.04.30,Kage,Bandamubokujou,Tanaka Seihou,185898000.0,77.0,11.0,1
0001091894,Rasshuuindo,牝2,,2008.02.27,Kuroshikage,Makimotobokujou,(Ari) Makimotobokujou,7000000.0,10.0,1.0,1
0001093624,Aporojienii,牝2,,,,,,0.0,0.0,0.0,1
0000331179,Teiemushatou,牡2,,1998.05.20,Kage,Yamauchibokujou,Tanabu Masashi,7855000.0,23.0,2.0,1
0000210830,Torasutowan,牡2,,1988.03.27,Kuroshikage,Kineusubokujou,(Ari) Kineusubokujou,3120000.0,9.0,0.0,1
0000303153,Doriimubaron,牡2,,1996.04.09,Kurige,Takasebokujou,Imaita Masazumi,6275000.0,26.0,6.0,1
0001091358,Iigurukazan,牡2,,,,,,0.0,0.0,0.0,1
0001093831,Diamanbou,牝2,,2008.05.08,Kurige,Saitoueibokujou,Takataru Sayuri,24100000.0,10.0,3.0,1
0001095986,Kottonfiirudo,牡2,,2008.03.11,Ashige,Supiidofuaamu,(Ari) Supiidofaamu,8400000.0,15.0,1.0,1
0000995167,Sukainodan,牝4,,2006.02.17 20歳,Kuroshikage,(Ari)Shadaikooporeeshonshiraoifaamu,Kou Fushin,104575000.0,24.0,4.0,1
0000887028,Yumeippo,牝5,,2005.04.01 21歳,Kurige,Okita Tetsuo,Izumi Ichirou,67286000.0,37.0,4.0,1
0000890882,Daakuenjieru,牝5,,2005.03.10,Kuroshikage,Noozanfaamu,Yoshida Katsumi,50748000.0,22.0,3.0,1
0000882646,Maruteinsutaaku,牝5,,2005.04.14 21歳,Kage,Noozanfaamu,(Ari) Kyarottofaamu,69065000.0,29.0,4.0,1
0000994168,Toppufuriidamu,牡4,,2006.03.04,Kage,Taiyoubokujou,Yokose Kenji,39478000.0,25.0,2.0,1
0000882348,Toosenkokkusu,牡5,,2005.03.21,Kuroshikage,Heiyabokujou,Shimakawa Takaya,48230000.0,28.0,3.0,1
0000988523,Aizuobuzoro,せん4,,,,,,0.0,0.0,0.0,1
0000987264,Tokinonasuteia,牝4,,2006.03.10,Kuroshikage,Kawashimabokujou,Tanaka Junshi,55509000.0,34.0,2.0,1
0000988366,Nyuupawaa,せん4,,2006.03.07,Kurige,Itakabokujou,Itaka Yoshimitsu,20200000.0,21.0,2.0,1
0001050050,Mirakururejiendo,牝3,,2007.02.17 19歳,Kurige,Shadaifaamu,Yoshida Teruya,332420000.0,25.0,12.0,1
0001047445,Gurittaauingu,牡3,,,,,,0.0,0.0,0.0,1
0001045236,Rongingusutaa,牡3,,2007.03.23,Kurige,Nakamura Masaaki,Sakamoto Kouichi,86202000.0,24.0,5.0,1
0001051963,Mikkiibaraado,牡3,,2007.02.01,Kage,Shimoyashikibokujou,Noda Mizuki,50474000.0,23.0,4.0,1
0001048014,Moereendebaa,牡3,,2007.02.28,Kuroshikage,Nakamura Kazuo,Nakamura Kazuo,34683000.0,30.0,6.0,1
0001050302,Kantoriisunoo,牡3,,,,,,0.0,0.0,0.0,1
0001050081,Pureshasujiemuzu,牝3,,2007.04.27 19歳,Kuroshikage,Gurandobokujou,(Kabu) Hidaka・Buriidaazu・Yunion,124949000.0,40.0,5.0,1
0001048571,Pikanchiravu,牝3,,2007.01.14 19歳,Kurige,Shadaifaamu,Kobayashi Keiko,24990000.0,18.0,3.0,1
0000064615,Suriiorion,牡5,,1973.03.15,Kage,,Yasui Teiichi,1768000.0,33.0,2.0,1
0000989356,Toukaimisuterii,牝4,,2006.05.10 20歳,Kurige,Heiyabokujou,Uchimura Seisoku,128127000.0,26.0,6.0,1
0000754226,Pootojieneraru,牡7,,2003.03.27,Tochikurige,Maekawa Takanori,Toukou Akiumi,68277000.0,95.0,17.0,1
0001089688,Maineisaberu,牝2,,2008.04.11,Kage,Takahashi Osamu,(Kabu) Sarabureddokurabu・Rafian,258450000.0,25.0,4.0,1
0001090311,Mainerurakurima,牡2,,2008.02.20,Kurige,Takeshi Bokujou,(Kabu) Sarabureddokurabu・Rafian,329546000.0,32.0,6.0,1
0001096948,Reddoseintsu,牡2,,2008.02.17,Kage,Noozanfaamu,(Kabu) Toukyouhoosureeshingu,55656000.0,14.0,3.0,1
0001092440,Eeshinburan,牡2,,,,,,0.0,0.0,0.0,1
0001094789,Derakoriina,牝2,,2008.03.25,Kage,Oiwakefaamu,Yamamoto Takeshi,18242000.0,23.0,1.0,1
0001096742,Sairentosonikku,牝2,,2008.02.16 18歳,Kuroshikage,Sakuraibokujou,Hosoya Noriyuki,103993000.0,30.0,5.0,1
0001096644,Nishinokueesaa,牡2,,2008.04.26,Kurige,Nishiyamabokujou,Tomita Fujio,13677000.0,38.0,1.0,1
0001095170,Kizzunigouhan,牡2,,,,,,0.0,0.0,0.0,1
0001093851,Marutakashikurenon,牡2,,2008.04.09,Aokage,Hosomichibokujou,Itou Shouichi,99143000.0,63.0,6.0,1
0001096873,Kuriin'Ekorojii,牡2,,,,,,0.0,0.0,0.0,1
0001094639,Furoorujiena,牝2,,2008.03.26,Kage,Ooebokujou,Kobayashi Hiroaki,10341000.0,50.0,4.0,1
0001091769,Riisamupointo,牡2,,2008.04.14,Kurige,Noozanfaamu,Hirata Osamu,9520000.0,16.0,1.0,1
0001096518,Kosumoiichitaimu,牡2,,2008.05.10,Kurige,Biggureddofaamu,(Ari) Biggureddofaamu,65905000.0,46.0,5.0,1
0001088303,Vanadiisu,牝2,,2008.02.13,Kurige,Noozanfaamu,(Ari) Sandeereeshingu,7000000.0,2.0,1.0,1
0001094410,Ryuushinhiiroo,牡2,,2008.02.13,Kage,Shadaifaamu,Kuwahata Takanobu,7700000.0,30.0,1.0,1
0001087691,Wairudojunia,牡2,,2008.01.25,Kage,Kasamatsubokujou,Suijou Fujiko,1370000.0,10.0,1.0,1
0001089648,Kuraunfiderio,牡2,,,,,,0.0,0.0,0.0,1
0001095650,Hoomanfurippu,牝2,,2008.01.13,Kurige,Noozanfaamu,Kubo Hirofumi,22092000.0,6.0,1.0,1
0000613320,Buraunwairudo,牡2,,1999.04.14,Kage,Yoshida Mi,Kojima Gaku,0.0,0.0,0.0,1
0001089690,Shigerukyokuchou,牡2,,2008.03.28,Kage,Takeshi Bokujou,Morinaka Ban,96269000.0,45.0,5.0,1
0001094874,Suginoendebaa,牡2,,2008.04.02,Kage,Meijibokujou,Sugiyama Tadakuni,229439000.0,58.0,6.0,1
0000702164,Tokinogenji,牡2,,2000.04.27,Kage,Koike Megumiosamu,Shinozaki Kou,878000.0,91.0,2.0,1
0001091729,Teiemutaagetto,牡2,,2008.02.29,Kage,Nakanobokujou,Takezono Masatsugu,10200000.0,2.0,1.0,1
0001092852,Baraadosongu,牝2,,2008.04.24,Kage,Shadaifaamu,(Kabu) Guriinfaamu,41990000.0,22.0,3.0,1
0001094854,Shigerushachou,牡2,,2008.02.24,Kage,Takamura Shin'Ichi,Morinaka Ban,19177000.0,25.0,1.0,1
0001090951,Moagureisu,牝2,,2008.05.19,Kage,Shadaifaamu,(Kabu) Guriinfaamu,25050000.0,6.0,2.0,1
0001087734,Kanoyakyaputen,牝2,,,,,,0.0,0.0,0.0,1
0001093761,Taganorokkuon,牡2,,2008.05.04,Kurige,Yuugengaishaniikapputaganofaamu,Yagi Ryouji,116488000.0,24.0,5.0,1
0001094409,Rabaafuroo,牡2,,2008.02.28,Kurige,Noozanfaamu,Yoshimura Hiroshi,10348000.0,66.0,6.0,1
0001089310,Toohoupeggu,牝2,,2008.03.18,Ashige,Takeshima Kouji,Kusano Mitsuo,25888000.0,46.0,5.0,1
0001094497,Hoomanruttsu,牡2,,2008.05.18,Kurige,Biratoribokujou,Kubo Hirofumi,18004000.0,50.0,4.0,1
0001094271,Nishinofuuunji,牡2,,2008.02.24,Kurige,Nishiyamabokujou,Nakajima Minoru,5872000.0,47.0,2.0,1
0000236931,Doreddonooto,牡2,,1990.03.20,Aokage,Imagawa Takemi,Miyamoto Gorou,3510000.0,20.0,1.0,1
0001091464,Mujou,牡2,,2008.03.30,Kurige,Yuugengaisha Matsudabokujou,Ikeda Seiji,7106000.0,43.0,1.0,1
0001095232,Jinkuasshu,牡2,,2008.03.10,Kuroshikage,Fujiwarafuaamu,(Ari) Fooresuto,14000000.0,10.0,2.0,1
0000992347,Faiaafurooto,牡4,,2006.04.17,Kage,Noozanfaamu,Okabayashi Eiyuu,144488000.0,48.0,16.0,1
0001036871,Guriinbaadii,せん7,,,,,,0.0,0.0,0.0,1
0000807608,Kopanoooshanzu,牝6,,2004.03.20,Kuroshikage,Yanagawabokujou,Kobayashi Sachiaki,99016000.0,47.0,4.0,1
0001047041,Yamanin'Erubu,牡3,,2007.03.04,Kurige,Nishikiokabokujou,Tsuchii Hajime,62548000.0,18.0,3.0,1
0001048753,Geemumaesutoro,牡3,,2007.04.30,Aoge,Murakami Kinya,Sonobe Hiroyuki,52661000.0,11.0,3.0,1
0001043215,Daakushadou,牡3,,2007.02.17,Kurige,Shadaifaamu,Iizuka Tomoichi,375267000.0,26.0,5.0,1
0001041054,Mikinobanjoo,牡3,,2007.04.25 19歳,Kage,Fukuoka Kiyoshi,Taniguchi Hisakazu,158497000.0,49.0,7.0,1
0001050031,Besutoansaa,牡3,,2007.02.14,Kage,Oiwakefaamu,Aoyama Youichi,25044000.0,23.0,2.0,1
0001043037,Feirunooto,牡3,,2007.04.06,Aokage,Noozanfaamu,(Ari) Kyarottofaamu,36718000.0,25.0,3.0,1
0000626354,Faasutoguroosu,牡3,,1998.05.25,Kage,Unoki Hiroshi,Nishiura Kazuo,7577000.0,50.0,10.0,1
0001042552,Shirukusuchuaato,牡3,,2007.02.20,Kage,Noozanfaamu,Yuugengaishashiruku,7800000.0,6.0,1.0,1
0001045145,Touniipooto,牝3,,2007.04.11 19歳,Kuroshikage,Sasachibokujou,(Ari) Taafu・Supooto,91659000.0,32.0,5.0,1
0001047144,Nichidouruchiru,牝3,,2007.03.30,Kurige,Oohirabokujou,Yamada Shin,34692000.0,34.0,2.0,1
0001042654,Taganoinosensu,牝3,,2007.04.17,Aoge,Sarubashi Yoshiaki,Yagi Ryouji,66768000.0,33.0,4.0,1
0001042255,Ragaarinrin,牝3,,2007.03.10,Ashige,Maekawa Masami,Okumura Keiji,59402000.0,31.0,4.0,1
0000800372,Taikaarian,牡6,,2004.04.30,Kage,Meitaibokujou,(Ari) Meitaikougyou,78660000.0,32.0,5.0,1
0000886440,Ikoorupaatonaa,牝5,,,,,,0.0,0.0,0.0,1
0000890100,Houraiburaian,牡5,,2005.04.04,Kuroshikage,Mishimabokujou,Hashimoto Kouhei,61840000.0,34.0,4.0,1
0000992363,Eeshinmoaobaa,牡4,,,,,,0.0,0.0,0.0,1
0000892076,Taganokurisuesu,牝5,,2005.03.11,Kage,Yuugengaishaniikapputaganofaamu,Yagi Ryouji,118703000.0,33.0,5.0,1
0000272979,Rasutoaroo,牝6,,1993.04.19,Kage,Fujitabokujou,Fujita Matsushi,0.0,1.0,0.0,1
0000889952,Misuteriasuraito,牡5,,2005.04.07,Kurige,Shadaifaamu,(Ari) Shadaireesuhoosu,73312000.0,18.0,5.0,1
0000891017,Mikkiimirakuru,牡5,,2005.02.18,Kage,Shadaifaamu,Noda Mizuki,56112000.0,20.0,4.0,1
0001045293,Bigguuiiku,牡3,,2007.03.20,Aokage,Kantoriibokujou,Tanimizu Yuuzou,219127000.0,26.0,5.0,1
0001042883,Mainerugoruto,牡3,,2007.05.12,Kuroshikage,Yamagiwa Tatsuo,Kiine Yasunori,72833000.0,20.0,4.0,1
0001050083,Shirukuoorudii,牡3,,2007.03.20,Aoge,Susakibokujou,Yuugengaishashiruku,34398000.0,10.0,3.0,1
0000990614,Choiwaruguranpa,牡4,,2006.03.05,Kuroshikage,Shadaifaamu,Kakehata Keiichi,81338000.0,83.0,9.0,1
0000883485,Sakuraromio,牡5,,2005.03.22,Kage,Shinwabokujou,Tamura Makoto,111233000.0,41.0,7.0,1
アドマイヤマジン,Adomaiyamajin,牡6,,,,,,,,,1
0001092777,Ooruazuwan,牡2,,,,,,0.0,0.0,0.0,1
0001089242,Avenchura,牝2,,,,,,0.0,0.0,0.0,1
0001094211,Adomaiyaseputaa,牝2,,,,,,0.0,0.0,0.0,1
0001094261,Ruruushu,牡2,,2008.03.19,Kuroshikage,Shadaifaamu,Yamamoto Hidetoshi,189351000.0,22.0,6.0,1
0001094485,Girigirihiiroo,牡2,,,,,,0.0,0.0,0.0,1
0001089229,Gettohappii,牡2,,2008.03.04,Kuroshikage,Satou Youichi,Tani Kensuke,24703000.0,69.0,5.0,1
0001089629,Meishoutochiwaka,牡2,,2008.03.22,Kage,Samekawafuaamu,Matsumoto Yoshio,22548000.0,14.0,1.0,1
0001090510,Maaberasukaizaa,牡2,,2008.04.29,Kurige,Matsudabokujou,Sasahara Sadao,142521000.0,20.0,5.0,1
0001091889,Eiburuburaddo,牡2,,,,,,0.0,0.0,0.0,1
0001095477,Mainerugibuson,牡2,,2008.04.10,Kage,Biggureddofaamu,(Kabu) Sarabureddokurabu・Rafian,37553000.0,18.0,3.0,1
0001087196,Taikipaashivaru,牡2,,2008.02.16,Kurige,Yuugengaisha Bikutoriihoosuranchi,(Ari) Taijufaamu,107528000.0,28.0,5.0,1
0001090931,Muraichinta,牝2,,2008.02.16,Kurige,Yuugengaisha Keizu,Sakata Yukio,7000000.0,10.0,1.0,1
0001089076,Biibiimakishimasu,牡2,,2008.03.29,Kuroshikage,Nakamuranoujou,Kojima Yasuo,6835000.0,29.0,1.0,1
0001093971,Veiron,牡2,,2008.04.20,Kurige,Noosuhiruzumanejimento,Sowa Naoei,20880000.0,26.0,2.0,1
0001129422,Urutorafantajii,せん8,,,,,,0.0,0.0,0.0,1
0001093243,Reevudisooru,牝2,,2008.04.08 18歳,Ashige,Noozanfaamu,(Ari) Sandeereeshingu,154933000.0,6.0,4.0,1
0001095178,Adomaiyasagasu,牡2,,,,,,0.0,0.0,0.0,1
0001095241,Meishounaruto,牡2,,2008.02.10,Kage,Kamada Masatsugu,Matsumoto Yoshio,222205000.0,51.0,7.0,1
0001091045,Toppushain,牡2,,2008.04.13,Kage,Pashifuitsukubokujou,Shin Ayako,22586000.0,26.0,1.0,1
0001090403,Mikkiimasukatto,牡2,,2008.01.27,Kage,Noozanfaamu,Noda Mizuki,38544000.0,13.0,2.0,1
0001090394,Guranpuribosu,牡2,,,,,,0.0,0.0,0.0,1
0001096044,Asutaauingu,牡2,,,,,,0.0,0.0,0.0,1
0001096491,Eishin'Osuman,牡2,,,,,,0.0,0.0,0.0,1
0001096527,Eruueeooja,牡2,,,,,,0.0,0.0,0.0,1
0001090422,Shounan'Aribio,牡2,,2008.03.20,Kurige,Kuwatabokujou,Kunimoto Tesshuu,17500000.0,16.0,1.0,1
0001050176,Sumaatoshiruetto,牝3,,2007.03.12,Kage,Shadaifaamu,Ookawa Tooru,150986000.0,24.0,6.0,1
0001047360,Kurakkushiido,牝3,,,,,,0.0,0.0,0.0,1
0001040805,Reinboodaria,牝3,,2007.04.27 19歳,Kurige,Daieibokujou,Tanaka Yuuko,232073000.0,34.0,6.0,1
0001050023,Anteifuriizu,牝3,,,,,,0.0,0.0,0.0,1
0000993132,Danonyooyoo,牡4,,2006.04.07,Kurige,Noozanfaamu,(Kabu) Danokkusu,212846000.0,38.0,6.0,1
0000799977,Kosumovashuran,牡6,,2004.05.19,Aokage,Kawakami Etsuo,Kitajima Gizou,28332000.0,72.0,5.0,1
0001043385,Biitoburakku,牡3,,2007.05.23,Aoge,Noosuhiruzumanejimento,Maeda Kouji,320217000.0,34.0,6.0,1
0001044495,Kosumorapyuta,牡3,,2007.05.02,Kage,Biggureddofaamu,(Ari) Biggureddofaamu,108740000.0,36.0,5.0,1
0000247109,Toreirubureizaa,牡3,,1991.04.30,Kuroshikage,Shadaifuaamu,Hirata Kazuo,1678000.0,19.0,5.0,1
0001093508,Marumoseera,牝2,,2008.03.12 18歳,Kuroshikage,Eto Shigeji,Marumokumiai,40642000.0,10.0,2.0,1
0001094404,Hoeerukyapucha,牝2,,2008.02.24 18歳,Ashige,Chiyodabokujou,Shimada Satoshi,532316000.0,30.0,7.0,1
0001093840,Hapishin,牝2,,2008.03.12,Kuroshikage,Tanakasutaddo,Fukushima Yoshihisa,37852000.0,32.0,2.0,1
0001091714,Keiteiizujiemu,牝2,,2008.05.05 18歳,Kage,Noozanfaamu,(Ari) Kyarottofaamu,27266000.0,12.0,2.0,1
0001093105,Tsurumaruwanpiisu,牝2,,2008.03.05 18歳,Kage,Ichikawabokujou,Tsuruta Suzuko,34210000.0,21.0,3.0,1
0001088387,Jooaramaato,牝2,,2008.04.19,Kage,Yamagiwabokujou,Ueda Keiko,12200000.0,8.0,1.0,1
0001095423,Sakuraberu,牝2,,2008.03.13 18歳,Kurige,Shinwabokujou,(Kabu) Sakurakomaasu,36353000.0,26.0,2.0,1
0001090334,Oosumimaika,牝2,,,,,,0.0,0.0,0.0,1
0001091829,Reddomaaberu,牝2,,2008.05.30 18歳,Kage,Bandoubokujou,(Kabu) Toukyouhoosureeshingu,5000000.0,13.0,1.0,1
0001096334,Faamakuriimu,牝2,,2008.01.29,Kage,Mashiobokujou,Nakanishi Kou,33418000.0,13.0,3.0,1
0001089307,Kyouwajannu,牝2,,,,,,0.0,0.0,0.0,1
0001094625,Maaberasubijin,牝2,,2008.04.09,Kurige,Hidakataiyoubokujou,Sasahara Sadao,9800000.0,17.0,1.0,1
0000165368,Ekumeene,牝2,,,,,,0.0,0.0,0.0,1
0000807957,Gurasugoddo,牡6,,,,,,0.0,0.0,0.0,1
0000149566,Goorudenhaindo,牡4,,1982.04.21,Kurige,Matsuda Chuuichi,Date Shuuwa,0.0,0.0,0.0,1
0000992164,Pawaasutoraguru,牡4,,2006.04.22,Kuroshikage,Tabuchibokujou,(Kabu) Guriinfaamu,125974000.0,38.0,6.0,1
0000999192,Doriimurainaa,牡4,,2006.03.07,Kage,Itakabokujou,Aoyama Youichi,105846000.0,34.0,5.0,1
0000993694,Adomaiyashatoru,牡4,,,,,,0.0,0.0,0.0,1
0001088812,Riaruinpakuto,牡2,,2008.05.14 18歳,Kage,Noozanfaamu,(Ari) Kyarottofaamu,396094000.0,28.0,4.0,1
0001087743,Teiemuootaka,牡2,,2008.03.30,Kage,Kataoka Hiroshi,Takezono Masatsugu,211933000.0,40.0,5.0,1
0001095532,Raisuterasu,牝2,,2008.03.10 18歳,Ashige,Supiidofuaamu,(Ari) Supiidofaamu,54161000.0,17.0,2.0,1
0001088676,Robinfutto,牡2,,2008.03.11,Aokage,Akaishi Hisao,(Kabu) Furonteia・Kirii,61693000.0,34.0,3.0,1
0001093359,Oosumiiijii,牡2,,,,,,0.0,0.0,0.0,1
0001088811,Sukaraburei,牡2,,2008.04.18,Kuroshikage,Noozanfaamu,(Ari) Kyarottofaamu,22570000.0,9.0,2.0,1
0001090360,Orufeevuru,牡2,,,,,,0.0,0.0,0.0,1
0001091181,Kosumoteikaru,牝2,,2008.04.05,Kurige,Nishimura Kazuo,Tamada Hiroshi,6821000.0,17.0,1.0,1
0001091756,Sanraizuabakasu,牡2,,2008.03.12,Kage,Shimokoubebokujou,Matsuoka Takao,7000000.0,23.0,1.0,1
0001095877,Ouken'Uddo,牡2,,,,,,0.0,0.0,0.0,1
0001089810,Shigerujuuyaku,牡2,,2008.01.13,Kurige,Daieibokujou,Morinaka Ban,149303000.0,28.0,5.0,1
0000800076,Suupaavaizaa,牡6,,2004.05.13,Tochikurige,Tsuchii Chuukichi,Maeda Kouji,22650000.0,29.0,2.0,1
0000761970,Marutakatakion,牡7,,2003.05.02,Kurige,Hokuseimuratabokujou,Shimozuma Shoujirou,55768000.0,61.0,4.0,1
0000988808,Yunozofii,牡4,,2006.04.19,Kurige,Inaharabokujou,Hosokawa Yukiko,104281000.0,15.0,5.0,1
0000991434,Shirukufoochun,牡4,,2006.02.14,Kage,Nakaji Yoshiji,Yuugengaishashiruku,291578000.0,46.0,8.0,1
0001055965,Eeshinkuurudi,牝4,,,,,,0.0,0.0,0.0,1
0001129441,Sunoofearii,牝3,,2007.02.12,Kage,Windflower Overseas Holdings Inc,Anamoinsha,187812000.0,2.0,2.0,1
0001112193,Aavei,牝4,,,,,,0.0,0.0,0.0,1
0001093089,Sadamupatekku,牡2,,2008.03.30,Kage,(Ari)Shadaikooporeeshonshiraoifaamu,Oonishi Tei,406650000.0,29.0,6.0,1
0001093494,Rifutozauingusu,牡2,,2008.01.30,Aokage,Shadaifaamu,Oonishi Juuaki,56630000.0,50.0,2.0,1
0001093512,Feitofuruuoo,牡2,,2008.01.11,Kuroshikage,(Ari)Shadaikooporeeshonshiraoifaamu,(Ari) Shadaireesuhoosu,113996000.0,10.0,3.0,1
0001094302,Dakooru,牡2,,2008.03.17,Kage,Noosuhiruzumanejimento,(Kabu) Noosuhiruzu,331547000.0,48.0,7.0,1
0001092055,Appaaiisuto,牡2,,,,,,0.0,0.0,0.0,1
0001095832,Toosenkeitouu,牡2,,2008.04.02,Kurige,Shadaifaamu,Shimakawa Takaya,47478000.0,31.0,3.0,1
0001089385,Kainbateikku,牡2,,,,,,0.0,0.0,0.0,1
0001095129,Satonopegasasu,牡2,,2008.03.01,Kage,Noozanfaamu,Satomi Osamu,12600000.0,15.0,1.0,1
0001096367,Seikapurikoon,牡2,,2008.03.29,Kage,Mitsuishihashimotobokujou,Kaneda Seiki,107331000.0,40.0,5.0,1
0001094543,Bippuserebuai,牡2,,2008.03.03,Aokage,Marutomitomiokabokujou,Suzuki Kunihide,33499000.0,31.0,3.0,1
0001089984,Shounankaraisu,牡2,,2008.02.28,Kage,(Ari)Shadaikooporeeshonshiraoifaamu,Kunimoto Tesshuu,17452000.0,17.0,1.0,1
マイネルハイセンス,Maineruhaisensu,牡2,,,,,,,,,1
0001091397,Setonoshankusu,牡2,,2008.03.02,Kurige,Mikibokujou,Nanba Sumiko,32396000.0,52.0,4.0,1
0000307151,Iidetaigaa,牡2,,,,,,0.0,0.0,0.0,1
0001045948,Goorusukii,牡3,,2007.05.24 19歳,Kuroshikage,Oiwakefaamu,(Ari) Shadaireesuhoosu,255496000.0,43.0,8.0,1
0001045960,Teifaniikeisu,牝3,,2007.03.09 19歳,Kage,Tsuji Bokujou,(Ari) Tsujibokujou,56875000.0,17.0,4.0,1
0001129464,Shiryusudezeeguru,せん4,,2006.05.08,Kage,M. Yvon Lelimouzin & M. Benoit Deschamps,J・C.Deyupui,0.0,1.0,0.0,1
0001115584,Joshuatsurii,牡3,,2007.03.08,Kage,Castlemartin Stud And Skymarc Farm,K.K.Aru・Nabuuda&K.Arubahou,0.0,2.0,0.0,1
0001129467,Dandiino,牡3,,2007.03.25,Kuroshikage,Elite Racing Club,Eriito・Reeshingu・Kurabu,0.0,1.0,0.0,1
0001129462,Moazuueruzu,牡6,,2004.05.08,Kage,Cliveden Stud Ltd And Ocean Bloodstock,C.Ofurin,0.0,1.0,0.0,1
0001129463,Teimosu,牡5,,2005.04.13,Kurige,Gestut Etzean,Moratarakoushakufujin,0.0,1.0,0.0,1
0001099065,Vowaraishi,牡5,,2005.02.08,Ashige,Soc. Finanza Locale Consulting Srl.,Sukuuderia Inkorinkusu,0.0,1.0,0.0,1
0001129466,Marinusu,牡4,,2006.05.02,Aoge,M. David Elias De Proenca & M. Julien El Ias De Proe,S.Aruromaishi,0.0,1.0,0.0,1
0001129465,Fifuteiipuruu,せん4,,2006.03.07,Kurige,Anderson Farms Inc.,B.Hattsueru,0.0,1.0,0.0,1
0000803896,Roodokyanion,せん6,,2004.02.28,Kage,Keiaifaamu,Nakamura Isanbi,68281000.0,52.0,4.0,1
0000889825,Dantsuhoutei,牡5,,2005.04.28,Kuroshikage,Taitenbokujou,Yamamoto Tetsuji,211915000.0,51.0,7.0,1
0000805672,Ootodoragon,牡6,,,,,,0.0,0.0,0.0,1
0000805819,Shigerutakku,牡6,,2004.04.13,Kage,Okita Han,Morinaka Ban,137016000.0,51.0,6.0,1
0000986799,Marukabenchaa,牡4,,2006.03.16,Kurige,Shadaifaamu,Kusakabe Takeshi,168921000.0,54.0,6.0,1
0000891678,Mahaabaripuramu,牝5,,2005.03.20,Aoge,Noozanfaamu,Yoshida Katsumi,123482000.0,21.0,6.0,1
0000990727,Yasakafain,牡4,,2006.05.19,Kage,Kiyominebokujou,Kokorozashimura Nobuhiko,73344000.0,49.0,8.0,1
0001042176,Jiiesuraikaa,牡3,,2007.03.07,Kage,Tada Yoshihiro,Hara Shirou,98355000.0,26.0,7.0,1
0001094043,Taganoravukiseki,牝2,,2008.02.28 18歳,Kuroshikage,Yagibokujou,Yagi Ryouji,51451000.0,24.0,3.0,1
0001095107,Fooebaamaaku,牝2,,2008.01.27 18歳,Kage,Shadaifaamu,Aoyama Youichi,169526000.0,29.0,6.0,1
0001094703,Dansufantajia,牝2,,2008.04.02 18歳,Kage,Shadaifaamu,(Ari) Shadaireesuhoosu,92899000.0,29.0,3.0,1
0001093231,Totsuzennohapinesu,牝2,,2008.05.17,Kurige,Amoubokujou,Odagiri Hikari,7200000.0,12.0,1.0,1
0000214119,Ritorudaarin,牝2,,1988.04.29,Kuroshikage,Onose Kouji,Onose Kouji,2255000.0,29.0,0.0,1
0001094290,Mariabisuteii,牝2,,2008.02.25 18歳,Kuroshikage,Noozanfaamu,Bizenshima Toshiko,22512000.0,17.0,2.0,1
0001096396,Pyuaopaaru,牝2,,2008.04.26,Aokage,Yuutopiabokujou,(Ari) Yuutopiabokujou,39245000.0,17.0,2.0,1
0001094387,Guruuvikuiin,牝2,,,,,,0.0,0.0,0.0,1
0001098807,Kuriansasu,牝2,,,,,,0.0,0.0,0.0,1
0001092054,Riberutasu,牡2,,2008.02.09,Kage,Shadaifaamu,Kanekomasatohoorudingusu (Kabu),127730000.0,33.0,5.0,1
0001263762,Shigerusousai,牡2,,2018.03.27,Kage,Orionfaamu,Morinaka Ban,14770000.0,14.0,2.0,1
0001095123,Tatsumiryuu,牡2,,2008.03.25,Kurige,Nakajimabokujou,Higashi Kunio,79972000.0,76.0,16.0,1
0000991466,Suiitomatoruufu,牝4,,2006.04.12,Aokage,Shinboribokujou,Shinboribokujou,76114000.0,28.0,5.0,1
0000802463,Tamamogureaa,せん6,,2004.03.14,Kage,Moriyabokujou,Tamamo (Kabu),203025000.0,42.0,8.0,1
0000995542,Nadore,牝4,,2006.02.14 20歳,Kage,Shadaifaamu,Yoshihashi Kei,19930000.0,26.0,1.0,1
0000756868,Toosenjookaa,牡7,,2003.03.29,Kurige,Masumotobokujou,Shimakawa Takaya,110308000.0,44.0,6.0,1
0001090769,Danonbaraado,牡2,,2008.02.19 18歳,Kuroshikage,Keiaifaamu,(Kabu) Danokkusu,329076000.0,26.0,5.0,1
0001090349,Koteirion,牡2,,2008.02.18,Aokage,Shadaifaamu,Kanekomasatohoorudingusu (Kabu),75364000.0,9.0,1.0,1
0001088803,Uinbariashion,牡2,,,,,,0.0,0.0,0.0,1
0001090511,Adomaiyakorin,牡2,,,,,,0.0,0.0,0.0,1
0001093373,Naritakinguroodo,牡2,,2008.03.12,Kage,Samekawa Keiichi,Okada Yoshimi,7414000.0,20.0,3.0,1
0000068295,Haabaakomando,牡2,,1974.03.29,Kuroshikage,Oikawa Asakichi,Iwamoto Hitsujitoku,8069000.0,35.0,2.0,1
0001096795,Shounanmaitei,牡2,,2008.04.02,Aokage,Yanobokujou,Kunimoto Tesshuu,312663000.0,22.0,4.0,1
0001087923,Novaguroria,牡2,,2008.01.30,Kage,Shadaifaamu,(Kabu) Guriinfaamu,25234000.0,16.0,2.0,1
0000247519,Idea,牡2,,,,,,0.0,0.0,0.0,1
0001096813,Gottomasutangu,牡2,,2008.03.27,Aokage,Hinodebokujou,Gotou Susumu,38776000.0,15.0,3.0,1
0001088763,Yunibaasarubanku,牡2,,2008.04.16,Kuroshikage,Noozanfaamu,(Ari) Sandeereeshingu,163644000.0,28.0,3.0,1
0001093123,Reddodeivisu,せん3,,2008.02.22,Kage,Noozanfaamu,(Kabu) Toukyouhoosureeshingu,169717000.0,25.0,5.0,1
0001096817,Maruseriina,牝3,,2008.02.17 18歳,Kage,Shadaifaamu,(Ari) Shadaireesuhoosu,269385000.0,22.0,4.0,1
0001096852,Donauburuu,牝3,,2008.02.09 18歳,Kage,Noozanfaamu,(Ari) Sandeereeshingu,263197000.0,23.0,5.0,1
0001096748,Tsurumarureon,牡3,,2008.04.30,Kage,Hamamotobokujou,Tsuruta Suzuko,134260000.0,23.0,6.0,1
0001093931,Waizurii,牡3,,2008.02.17,Kurige,Koizumibokujou,Maeda Kouji,103397000.0,32.0,5.0,1
0001087889,Shainiihooku,牡3,,2008.03.10,Kurige,Masa Bokujou,Kobayashi Masashi,111031000.0,36.0,6.0,1
0001089575,Hikaritoriton,牡3,,2008.05.27,Kage,Nakagawabokujou,(Kabu) Hikarikurabu,23450000.0,40.0,2.0,1
0001091073,Vijai,牡3,,2008.03.03,Kage,Noozanfaamu,Kanekomasatohoorudingusu (Kabu),37970000.0,35.0,2.0,1
0001087952,Supiidorippaa,牝3,,2008.03.11 18歳,Kurige,Noozanfaamu,Yoshida Katsumi,79587000.0,26.0,1.0,1
0001099008,Pyuaburiize,牝3,,2008.03.19 18歳,Kurige,Noozanfaamu,(Ari) Kyarottofaamu,97433000.0,23.0,1.0,1
0001089567,Yamanoravu,牝3,,2008.03.08 18歳,Kage,Takeshima Kouji,Yamazumi Reiko,23666000.0,21.0,2.0,1
0001088097,Maineidiiru,牝3,,2008.04.24 18歳,Aokage,Shiraibokujou,(Kabu) Sarabureddokurabu・Rafian,32930000.0,36.0,2.0,1
0001090895,Kosumobatafurai,牝3,,2008.02.13 18歳,Kuroshikage,Ogawa Housui,(Ari) Biggureddofaamu,71836000.0,32.0,3.0,1
0001090061,Furawaarokku,牝3,,2008.03.16 18歳,Kage,Sakaibokujou,(Ari) Sakaibokujou,55643000.0,27.0,4.0,1
0001094876,Biibiibakara,牝3,,2008.03.07,Kage,Kamada Masatsugu,(Ari) Bandoubokujou,13800000.0,15.0,1.0,1
0000077795,Konpuriito,牝3,,1975.03.18,Kurige,Mukawabokujou,Higuchi Tatsuo,0.0,1.0,0.0,1
0001092736,Furendosanpou,牝3,,2008.04.26,Kage,Saitou Angyou,(Ari) Hoosukea,7600000.0,34.0,1.0,1
0001096930,Inguriddo,牝3,,,,,,0.0,0.0,0.0,1
0001091800,Fujichan,牝3,,2008.04.19,Kage,Nakada Hideki,Usui Yoshitarou,16100000.0,20.0,1.0,1
0000464196,Debonea,牡3,,1964.03.22,Kurige,,,0.0,0.0,0.0,1
0000635005,Purei,牡3,,1998.04.20,Kage,Claiborne Farm,,0.0,0.0,0.0,1
0001087767,Mainerumedarisuto,牡3,,2008.04.18,Kage,Niikappuitoubokujou,(Kabu) Sarabureddokurabu・Rafian,214810000.0,54.0,6.0,1
0001090393,Innaajoi,牡3,,,,,,0.0,0.0,0.0,1
0000029249,Yuusen,牡3,,1969.05.15,Kurige,,Yamazaki Manji,15537000.0,96.0,13.0,1
0001095628,Tanatosu,牡3,,2008.04.12,Kuroshikage,Mikibokujou,Kakehata Keiichi,165430000.0,63.0,6.0,1
0000462157,Nuuberubaagu,牝3,,1958.03.10,Kage,,,0.0,0.0,0.0,1
0001092122,Sumaatorobin,牡3,,2008.03.05,Kage,Hinobokujou,Ookawa Tooru,162415000.0,17.0,6.0,1
0001090204,Suriikeinzu,牡3,,2008.02.18,Ashige,Nobuokabokujou,Nagaishouji (Kabu),7600000.0,23.0,1.0,1
0001092038,Jaabisu,牡3,,2008.03.12,Kage,Matobabokujou,Yamamoto Hidetoshi,19740000.0,14.0,1.0,1
0001087408,Kouyourejiendo,牡3,,2008.02.10,Kage,Motosu Kazutoshi,Terauchi Masamitsu,35422000.0,27.0,3.0,1
0001043289,Marukaboruto,牡4,,2007.02.19,Kuroshikage,Sasachibokujou,Kusakabe Takeshi,120145000.0,29.0,5.0,1
0000804596,Asateisubooi,牡7,,,,,,0.0,0.0,0.0,1
0001055974,Inbaruko,牡5,,,,,,0.0,0.0,0.0,1
0000209163,Piisukiipaa,牡6,,1988.05.08,Kage,Konishi Shou,Shouno Akihiko,0.0,2.0,0.0,1
0000890878,Bokunotaiyou,牡6,,2005.03.02,Kuroshikage,Akitabokujou,Hirata Osamu,83644000.0,30.0,5.0,1
0001048863,Seikooraikou,牡4,,2007.03.09,Kage,Meijibokujou,Takekuni Mieko,213592000.0,37.0,7.0,1
0000241523,Waarudowaido,牡5,,1991.06.22,Kage,Watanabebokujou,Hayashi Tokiharu,670000.0,8.0,0.0,1
0001042732,Sangureazuuru,牝4,,2007.04.24 19歳,Kage,Ishikawa Eiichi,Aoki Shoukichi,55433000.0,16.0,4.0,1
0000807289,Yamakatsumaririn,牝7,,2004.04.09 22歳,Kurige,Okadabokujou,Yamada Kazuo,96296000.0,40.0,5.0,1
0000988780,Kurebaatoushou,牡5,,,,,,0.0,0.0,0.0,1
0000880951,Zettofurasshu,牡8,,2003.04.21,Kage,Barry Taylor,(Ari) Fooresuto,114349000.0,47.0,5.0,1
0001096885,Toosenraa,牡3,,2008.04.21 18歳,Kuroshikage,Shadaifaamu,Shimakawa Takaya,460976000.0,25.0,4.0,1
0001090866,Rikisanmakkusu,牡3,,2008.04.03,Aokage,Muratabokujou,(Ari) Haipawaashouji,21122000.0,10.0,1.0,1
0000106958,Kaamain,牡3,,,,,,0.0,0.0,0.0,1
0001113698,Riaraizupegasasu,牡3,,2008.03.29,Kage,Barnett Enterprises,Nyuuura Ei,15014000.0,24.0,2.0,1
0001093101,Derumadourugaa,牝3,,2008.05.23 18歳,Kage,Faniihirufaamu,Asanuma Hiroyuki,63914000.0,18.0,2.0,1
0001095154,Furenchikakutasu,牝3,,2008.03.31 18歳,Kuroshikage,Hattori Bokujou,(Kabu) Hidaka・Buriidaazu・Yunion,80202000.0,11.0,3.0,1
0001115755,Meeve,牝3,,2008.05.08 18歳,Kuroshikage,D. D. And Mrs Jean P. Clee,Okada Makio,87194000.0,22.0,5.0,1
0001092519,Nishinosutedii,牝3,,2008.04.18 18歳,Kurige,Nishiyamabokujou,Nishiyama Shigeyuki,83865000.0,25.0,5.0,1
0001089264,Katoruzurippusu,牝3,,,,,,0.0,0.0,0.0,1
0001094283,Tekisasurubii,牝3,,2008.02.18 18歳,Aoge,Noozanfaamu,(Ari) Sandeereeshingu,12940000.0,8.0,1.0,1
0001093872,Iidesuteppu,牝3,,,,,,0.0,0.0,0.0,1
0001096483,Keiaiarutemisu,牝3,,2008.05.14,Kage,Takashisakaebokujou,Tomita Fujio,15647000.0,49.0,3.0,1
0001093970,Yuusuteiteia,牝3,,2008.05.08 18歳,Aokage,Noosuhiruzumanejimento,Maeda Youko,29846000.0,26.0,3.0,1
0001087295,Rateaato,牝3,,2008.03.10 18歳,Kage,Noozanfaamu,(Ari) Sandeereeshingu,35003000.0,21.0,2.0,1
0001090329,Sukuranburueggu,牝3,,2008.02.18,Kurige,Shadaifaamu,(Kabu) Faasutobijon,10690000.0,52.0,3.0,1
0001092246,Shigunarusutoon,牝3,,2008.03.25,Kuroshikage,Matsuurabokujou,Mori Yasuhiko,13040000.0,12.0,1.0,1
0001089531,Nakayamanaito,牡3,,2008.03.24,Kurige,Okitabokujou,Izumi Shin'Ichi,307848000.0,35.0,6.0,1
0001096778,Diipusaundo,牡3,,2008.03.08,Kage,Shadaifaamu,Masuda Yuuichi,53733000.0,36.0,3.0,1
0001089854,Berushazaaru,牡3,,2008.04.25 18歳,Aokage,Shadaifaamu,(Ari) Shadaireesuhoosu,351139000.0,17.0,6.0,1
0000160131,Daburuoosebun,牡3,,1983.04.22,Kage,Tashiro Kinyu,Herai Naoji,5595000.0,22.0,3.0,1
0000054525,Satonooo,牡3,,1972.04.01,Kurige,,Tsuru Sueno,18028000.0,57.0,14.0,1
0001089488,Nijiburuumu,牡3,,2008.04.26,Ashige,Shadaifaamu,Yokose Kenji,112255000.0,57.0,5.0,1
0001096665,Onriizabureivu,牡3,,,,,,0.0,0.0,0.0,1
0001089729,Miyabifaruneeze,牡3,,2008.03.28,Kuroshikage,Taiseibokujou,Tomita Fujio,81521000.0,76.0,6.0,1
0000120199,Bigguromansu,牡3,,1979.03.15,Ashige,Hidakataiyoubokujou,Onoda Kenji,3360000.0,10.0,0.0,1
0001100838,Kosumomedou,牡4,,2007.05.14,Kage,Abergwaun Farms,(Ari) Biggureddofaamu,130758000.0,16.0,5.0,1
0000881221,Meishoutametomo,牡6,,2005.03.15,Kage,Saitou Ei,Matsumoto Yoshio,159222000.0,34.0,5.0,1
0000129601,Noozanribaa,牡3,,1980.04.16,Kuroshikage,Asahi Bokujou,Furusawa Shouichi,1657000.0,12.0,1.0,1
0001115754,Kyoueibasara,牡3,,,,,,0.0,0.0,0.0,1
0001093275,Ratorusuneeku,牡3,,2008.03.18,Kuroshikage,Taiheibokujou,Yoshida Kazumi,106925000.0,22.0,5.0,1
0001090982,Karudoburessa,牡3,,,,,,0.0,0.0,0.0,1
0001111154,Nooburujuerii,牝3,,2008.02.13 18歳,Kuroshikage,Shadai Farm,(Ari) Shadaireesuhoosu,147172000.0,21.0,6.0,1
0001096319,Tokinoekuserento,牡3,,2008.03.26,Kuroshikage,Mishimabokujou,Tanaka Junshi,150973000.0,56.0,8.0,1
0001093440,Amanoreinjaa,牡3,,,,,,0.0,0.0,0.0,1
0001095990,Geteisubaagu,牡3,,2008.03.30,Kurige,Yuugengaisha Takeokabokujou,(Kabu) Hidaka・Buriidaazu・Yunion,14044000.0,8.0,1.0,1
0001095879,Roodohariaa,牡3,,2008.03.20,Kage,Sarukurabokujou,(Kabu) Roodohoosukurabu,38084000.0,28.0,3.0,1
0001037232,Reddoshuutaa,牡6,,2005.03.31,Kage,Epona Bloodstock Ltd,Yamamoto Hidetoshi,125111000.0,16.0,5.0,1
0000990108,Sawanopansaa,牡5,,2006.04.18,Kage,Kineusubokujou,Nishida Kazuko,109573000.0,33.0,5.0,1
0001096094,Medetashi,牝3,,2008.02.29 18歳,Kage,Asahibokujou,Odagiri Yuuichi,41434000.0,14.0,1.0,1
0000169128,Biggusumairu,牝3,,1984.04.28,Kage,Yoshidabokujou,Takada Hisanari,0.0,0.0,0.0,1
0001093021,Jooakarin,牝3,,2008.03.25 18歳,Kuroshikage,Heiyabokujou,Ueda Keiko,48602000.0,32.0,2.0,1
0001092867,Tsukasaribon,牝3,,2008.02.16 18歳,Kurige,Oritebokujou,Orite Kunio,7910000.0,40.0,1.0,1
0001088382,Gyusutaavukurai,牡3,,,,,,0.0,0.0,0.0,1
0001095789,Toosenmarusu,牡3,,2008.03.28,Kage,Noozanfaamu,Shimakawa Takaya,33244000.0,39.0,2.0,1
0001089606,Ruuzuberuto,牡3,,2008.04.22,Kurige,Yokoi Satoshi,Sakamoto Junko,12847000.0,37.0,6.0,1
0001096465,Taagettomashin,牡3,,2008.03.12,Aokage,Shadaifaamu,Sonobe Hiroyuki,37465000.0,10.0,3.0,1
0001128792,Heniihaundo,牡3,,2008.05.13 18歳,Kurige,"Gulf Coast Farms, Llc",Hayashi Seidou,100574000.0,32.0,4.0,1
0001128613,Eeshinjieiwan,牡3,,,,,,0.0,0.0,0.0,1
0000006868,Oyashio,牡3,,,,,,0.0,0.0,0.0,1
0001128787,Votoremeiyaa,牡3,,2008.04.24,Kage,Mr. & Mrs. Jimmie W. Lockhart Jr.,Katou Makoto,14800000.0,12.0,2.0,1
0001092770,Afoodo,牡3,,,,,,0.0,0.0,0.0,1
0001091856,Uddoshippu,牝3,,,,,,0.0,0.0,0.0,1
0001088008,Afurikanhantaa,牡3,,,,,,0.0,0.0,0.0,1
0001094389,Eeshinhittoman,牡3,,,,,,0.0,0.0,0.0,1
0001048115,Hishikatsuhitoritabi,牡4,,2007.04.24,Ashige,Kamiisutatto,Abe Masaichirou,20131000.0,21.0,1.0,1
0001052205,Danonbakkasu,せん6,,2005.02.06,Kage,T. Lightbowne,(Kabu) Danokkusu,36510000.0,16.0,3.0,1
0001098774,Rendiru,牡5,,2006.05.03,Ashige,Rockhart Trading Ltd,Hirooreesu (Kabu),76027000.0,27.0,5.0,1
0000993078,Ayanaberu,牝5,,,,,,0.0,0.0,0.0,1
0000995615,Jooberusutaa,牡5,,2006.04.27,Kurige,Okadasutatsudo,Ueda Keiko,16300000.0,22.0,2.0,1
0000000999,Kongou,牡5,,1949.04.15,Kurige,,Takeda,0.0,0.0,0.0,1
0001128615,Eeshinhaabaa,牝3,,,,,,0.0,0.0,0.0,1
0001113547,Kafehimiko,牝3,,,,,,0.0,0.0,0.0,1
0000230111,Aiamuakutoresu,牝3,,,,,,0.0,0.0,0.0,1
0001089506,Ooshanfuriito,牝3,,,,,,0.0,0.0,0.0,1
0001092222,Suterarossa,牡3,,2008.04.17,Kurige,Oiwakefaamu,(Ari) Shadaireesuhoosu,105312000.0,16.0,5.0,1
0001091861,Shounanparufe,牡3,,2008.05.05,Kage,Kuwatabokujou,Kunimoto Tesshuu,44530000.0,8.0,2.0,1
0001087681,Hokkooganba,牡3,,2008.05.07,Kage,Umedabokujou,Yabe Kouichi,55780000.0,22.0,4.0,1
0001095381,Goorudoburaian,牡3,,2008.04.20,Aokage,Meijibokujou,Sugiyama Tadakuni,98698000.0,54.0,3.0,1
0001088414,Suusangureeto,牡3,,2008.04.19,Kurige,Urakawanisseibokujou,Hayashi Susumu,69647000.0,46.0,4.0,1
0001093631,Torendohantaa,牝3,,2008.04.25 18歳,Aokage,Chiyodabokujou,Iida Seigou,78559000.0,5.0,3.0,1
0001096696,Haburubaburu,牝3,,2008.03.28 18歳,Kage,Pakapakafaamu,Kanekomasatohoorudingusu (Kabu),22800000.0,5.0,1.0,1
0001096864,Mahina,牝3,,2008.03.06,Kage,Noozanfaamu,(Ari) Kyarottofaamu,16950000.0,8.0,1.0,1
0001094252,Raibuinbegasu,牝3,,2008.05.07,Kuroshikage,Shadaifaamu,Asada Jirou,10200000.0,10.0,1.0,1
0001087538,Shinaru,牝3,,2008.04.14 18歳,Kurige,Yuugengaisha Keizu,Katou Nobuyuki,32590000.0,20.0,2.0,1
0001092261,Satonofuroora,牝3,,2008.04.28 18歳,Kage,Noozanfaamu,Satomi Osamu,38877000.0,16.0,3.0,1
0001089906,Satonofowaado,牝3,,2008.04.19,Kurige,Noozanfaamu,Satomi Osamu,6500000.0,8.0,1.0,1
0001087759,Meroumerodi,牝3,,2008.04.14 18歳,Kage,Konishifaamu,Yoshida Kazuko,21540000.0,14.0,2.0,1
0001094646,Seiruagen,牝3,,2008.04.21,Ashige,Tsushima Sei,Saitou Hiroshiteru,3070000.0,44.0,1.0,1
0001090123,Itokukuri,牝3,,,,,,0.0,0.0,0.0,1
0001087291,Baredokuuru,牝3,,2008.03.10,Aokage,Shadaifaamu,(Ari) Shadaireesuhoosu,6800000.0,8.0,1.0,1
0001096947,Miyajimeeteru,牝3,,2008.03.18,Kuroshikage,Sasajima Masanobu,Oonishi Yuu,24610000.0,34.0,11.0,1
0001089615,Keijiishion,牝3,,2008.05.02,Kuroshikage,Umedabokujou,Shikakura Katsuji,27240000.0,20.0,3.0,1
0000291647,Afurodiite,牝3,,,,,,0.0,0.0,0.0,1
0001094326,Kuraunribaa,牝3,,,,,,0.0,0.0,0.0,1
0001088332,Toosenreevu,牡3,,2008.03.21 18歳,Kage,Noozanfaamu,Shimakawa Takaya,214913000.0,33.0,8.0,1
0001093482,Echigoichie,牡3,,,,,,0.0,0.0,0.0,1
0001096863,Asutororojii,牡3,,,,,,0.0,0.0,0.0,1
0001090366,Aruteishimusu,牡3,,,,,,0.0,0.0,0.0,1
0001093037,Kagunizanto,牡3,,,,,,0.0,0.0,0.0,1
0000245728,Boreasu,牡3,,1991.05.25,Kage,Hironaka Minoru,Saitou Jitsu,9300000.0,16.0,8.0,1
0001094593,Sumaatoribure,牡3,,2008.04.07,Kage,Okadasutatsudo,Ookawa Tooru,15079000.0,7.0,2.0,1
0000189539,Desuperaado,牡3,,1986.05.20,Kage,Okazakibokujou,Seiyama Masanobu,1471000.0,24.0,0.0,1
0001090315,Riverente,牡3,,2008.03.13,Aokage,Oiwakefaamu,(Ari) Shadaireesuhoosu,112445000.0,31.0,5.0,1
0001089278,Saidoatakku,牡3,,2008.03.07,Kurige,Oiwakefaamu,Sugiyama Tadakuni,30777000.0,17.0,3.0,1
0000014478,Sanbiimu,牡3,,1965.04.19,Kage,Haraguchi Yutaka,Muramatsu,0.0,0.0,0.0,1
0001031984,Eeshinjiirain,牡6,,,,,,0.0,0.0,0.0,1
0000990634,Burittsuen,牡5,,2006.03.04,Kage,Bandoubokujou,Hirooreesu (Kabu),176023000.0,37.0,6.0,1
0000218845,Tatchimiinotto,牡5,,1989.04.07,Kage,Sanshiyainbokujou,Date Shuuwa,3100000.0,13.0,0.0,1
0001095857,Danonshaaku,牡3,,2008.03.09,Kage,Shimokoubebokujou,(Kabu) Danokkusu,486778000.0,39.0,7.0,1
0001090971,Korupodivento,牡3,,2008.04.06,Kurige,(Ari)Shadaikooporeeshonshiraoifaamu,(Ari) Shadaireesuhoosu,74770000.0,15.0,5.0,1
0001093049,Omegaburein,牡3,,,,,,0.0,0.0,0.0,1
0001093648,Toushoukuraun,牡3,,2008.02.06,Kurige,Toushousangyoukabushikigaishatoushoubokujou,Toushousangyou (Kabu),78782000.0,24.0,5.0,1
0001046214,Anshieruburuu,牝4,,,,,,0.0,0.0,0.0,1
0001046169,Reopasuteru,牝4,,2007.03.21 19歳,Kage,Tsuchida Fumiko,(Kabu) Reo,109998000.0,25.0,5.0,1
0000700739,Goorudopiaasu,牝5,,2000.02.18,Kuroshikage,Hidakafuaamu,Nakagawa Toshio,777000.0,22.0,1.0,1
0001048061,Taganojingaro,牡4,,2007.04.17,Kage,Yuugengaishaniikapputaganofaamu,Yagi Hideyuki,138736000.0,40.0,12.0,1
0001051958,Meteororojisuto,牡4,,2007.03.03,Kurige,Hidakataiyoubokujou,Kanekomasatohoorudingusu (Kabu),118805000.0,28.0,6.0,1
0000990963,Haginoribera,牡5,,2006.04.25,Kage,Murashita Akihiro,Yasuoka Mitsuko,85490000.0,39.0,5.0,1
0001090945,Baunshiichuun,牝3,,2008.04.19 18歳,Kage,Shadaifaamu,(Kabu) Guriinfaamu,62596000.0,13.0,2.0,1
0001094952,Mainesorushieeru,牝3,,2008.02.19 18歳,Kurige,Biggureddofaamu,(Kabu) Sarabureddokurabu・Rafian,30926000.0,22.0,1.0,1
0001090596,Happiigurasu,牝3,,2008.04.27 18歳,Kage,Shimokoubebokujou,Shimokoube Yukio,58213000.0,16.0,4.0,1
0001092157,Mosukaatorooza,牝3,,2008.05.04 18歳,Kage,Noozanfaamu,Yoshida Katsumi,30014000.0,27.0,2.0,1
0001088157,Sereburitei,牝3,,2008.05.12 18歳,Kage,Kantoriibokujou,H.H.Shieiku・Mohamedo,18020000.0,14.0,2.0,1
0001089829,Mejiromidou,牝3,,2008.03.11 18歳,Kage,Mejirobokujou,Iwasaki Nobumichi,15390000.0,15.0,2.0,1
0001043135,Sourufuruvoisu,牝4,,2007.02.03 19歳,Kage,Shadaifaamu,Yoshida Teruya,99636000.0,21.0,4.0,1
0001044976,Uinmariabeeru,牝4,,,,,,0.0,0.0,0.0,1
0001047875,Esupinaasuuru,牝4,,,,,,0.0,0.0,0.0,1
0001048520,Sandeemyuuzu,牝4,,2007.05.23 19歳,Kurige,Daaree・Japan・Faamuyuugengaisha,H.H.Shieiku・Hamudan,37035000.0,13.0,3.0,1
0001096818,Rokkaveraano,牡3,,2008.02.22,Aokage,Shadaifaamu,Yoshida Teruya,44232000.0,8.0,3.0,1
0001090960,Danonmiru,牡3,,2008.03.24,Kurige,Shadaifaamu,Sakai Takatoshi,60810000.0,63.0,8.0,1
0001091014,Kafuna,牡3,,,,,,0.0,0.0,0.0,1
0001047476,Gorutoburittsu,牡4,,2007.04.11,Kurige,Noozanfaamu,(Ari) Kyarottofaamu,224040000.0,19.0,10.0,1
0001087913,Vaagenzairu,牡3,,2008.03.13,Kuroshikage,Shadaifaamu,Tomita Fujio,120759000.0,112.0,6.0,1
0001088550,Biibiiakkusu,牡3,,2008.03.29,Kage,Nakamotobokujou,Kumi)Seikazekai,33867000.0,61.0,3.0,1
0001095496,Kosumoheigaa,牡3,,2008.04.28,Kurige,Masumotobokujou,(Ari) Biggureddofaamu,16657000.0,8.0,2.0,1
0001090914,Purinsuviru,牡3,,2008.05.01,Kuroshikage,Oiwakefaamu,(Ari) Sandeereeshingu,8800000.0,5.0,1.0,1
0000107578,Konnooto,牡3,,1978.03.12,Kuroshikage,Yamatakebokujou,Hamano Junnosuke,86654000.0,29.0,7.0,1
0000238306,Satonotaigaa,牡3,,1990.04.11,Kage,Takeshi Bokujou,Ishikawa Kyou,3144000.0,53.0,4.0,1
0001089097,Airutonbaroozu,牡3,,,,,,0.0,0.0,0.0,1
0001263667,Jientouu,せん7,,2018.03.05,Ashige,Chiyodabokujou,Kobashi Ryouta,1422000.0,18.0,2.0,1
0001094558,Kuresukogurando,牡3,,,,,,0.0,0.0,0.0,1
0001088139,Saundobasutaa,牡3,,2008.03.23,Kage,Kimurabokujou,Masuda Yuuichi,35535000.0,25.0,2.0,1
0001093484,Ruiizashiataa,牡3,,2008.03.09,Kage,Shadaifaamu,(Ari) Shadaireesuhoosu,37520000.0,18.0,2.0,1
0001088327,Passhondansu,牡3,,2008.04.09,Kage,Noozanfaamu,Kanekomasatohoorudingusu (Kabu),197077000.0,22.0,7.0,1
0001096837,Danonfenikkusu,牡3,,2008.04.13,Kuroshikage,Noozanfaamu,(Kabu) Danokkusu,87729000.0,38.0,3.0,1
0001092480,Satonoshuren,牡3,,2008.05.17,Kuroshikage,Shouwabokujou,Satomi Osamu,114555000.0,27.0,6.0,1
0001092303,Fatamorugaana,牡3,,2008.05.26,Kage,Koizumi Gaku,(Ari) Kyarottofaamu,178568000.0,26.0,4.0,1
0001092227,Tenperu,牡3,,2008.04.01,Kuroshikage,Noozanfaamu,Yamamoto Hidetoshi,51627000.0,33.0,3.0,1
0000158849,Ayanami,牡3,,,,,,0.0,0.0,0.0,1
0001090472,Maaberasubaron,牡3,,2008.02.17,Kage,Sakai Tooru,Sasahara Sadao,44510000.0,24.0,3.0,1
0001095571,Aiviiriigu,牡3,,,,,,0.0,0.0,0.0,1
0001049453,Doriimubarenchino,牡4,,2007.02.22 19歳,Aoge,Biggureddofaamu,Raionreesuhoosu (Kabu),494838000.0,55.0,12.0,1
0000884353,Yukinohabotan,牝6,,2005.03.28,Kurige,Kawabata Masahiro,Endou Shuugi,106350000.0,36.0,5.0,1
0000889375,Gurokkenrain,牡6,,,,,,0.0,0.0,0.0,1
0000883959,Namurachenji,牡6,,2005.04.30,Kage,Tsutsumibokujou,Namura Nobushige,62656000.0,52.0,2.0,1
0001049127,Masanoburuusu,せん4,,2007.03.20,Kage,Inokebokujou,Inoke Masato,77456000.0,19.0,2.0,1
0000803366,Puraidoizuhaato,牡7,,2004.03.27,Kage,Mishimabokujou,Saegusa Eiji,85091000.0,48.0,5.0,1
0001048674,Pisaronaito,牡4,,2007.01.20,Kuroshikage,Noto Hiroshi,Ichikawa Yoshimi,16300000.0,14.0,2.0,1
0000989775,Deamonto,牡5,,2006.06.20,Kurige,Tsutsui Seibun,Iwasaki Kisumi,26255000.0,36.0,3.0,1
0001087661,Erinkooto,牝3,,,,,,0.0,0.0,0.0,1
0000453788,Akansasu,牝3,,,,,,0.0,0.0,0.0,1
0001088300,Guruveigu,牝3,,,,,,0.0,0.0,0.0,1
0001094828,Karumaato,牝3,,,,,,0.0,0.0,0.0,1
0001092692,Shishirianburiizu,牝3,,2008.04.13 18歳,Kage,Noozanfaamu,(Ari) Kyarottofaamu,15284000.0,8.0,1.0,1
0000996143,Ranforuse,牡5,,2006.03.28,Aokage,Noozanfaamu,(Ari) Kyarottofaamu,355634000.0,41.0,11.0,1
0001055970,Medariabiito,牡5,,2006.03.15,Kuroshikage,"Hobby Horse Farm, Inc.",Kadono Shigeo,127591000.0,46.0,6.0,1
0000990259,Shainiitaigaa,牡5,,2006.04.13,Kuroshikage,Arakifuaamu,Kobayashi Masashi,45951000.0,14.0,4.0,1
0001088326,Gureepuburandee,牡3,,,,,,0.0,0.0,0.0,1
0001095891,Omegasukaitsurii,牡3,,,,,,0.0,0.0,0.0,1
0000236457,Gooruden'Atakku,牡3,,1990.05.11,Tochikurige,Miyamoto Yoshihiro,Matsumoto Heizou,0.0,1.0,0.0,1
0001088871,Tamamoburaun,牡3,,2008.03.16,Kage,Moriyabokujou,Tamamo (Kabu),40740000.0,27.0,3.0,1
0001092632,Yuukimariatchi,牝3,,2008.05.18,Kage,Nisseibokujou,Chikirikumiai,49858000.0,31.0,3.0,1
0001090313,Honokaabooi,牡3,,2008.02.23,Kuroshikage,Yuutopiabokujou,Yoshihashi Kei,54046000.0,41.0,4.0,1
0001088015,Diaforuteisu,牡3,,2008.03.31,Kuroshikage,Nakada Hideki,Takataru Hideo,31481000.0,26.0,5.0,1
0001143332,Samuzappu,せん7,,2004.10.05,Kage,"Miss S A Hale, N W Johnstone & R M Stent",C.Ryon,0.0,1.0,0.0,1
0001044498,Majiesuteibaio,牡4,,2007.03.09,Kage,Shimizubokujou,Baio (Kabu),300775000.0,28.0,8.0,1
0001040422,Biiaueiku,牡4,,2007.03.22,Kuroshikage,Hara Tatsuya,(Ari) Wadabokujou,29897000.0,17.0,1.0,1
0000807778,Takarabosu,牡7,,2004.02.28,Kurige,Shouyoumatsu Yukio,Kurimoto Hiroshisei,62760000.0,57.0,4.0,1
0000000471,Hakusan,牡5,,1948.04.25,Kage,,Miyoshi,0.0,0.0,0.0,1
0000987072,Hikariaraibu,牡5,,2006.05.26,Kage,Nakagawabokujou,(Kabu) Hikarikurabu,77481000.0,32.0,2.0,1
0000742966,Adomaiyasansan,せん9,,,,,,0.0,0.0,0.0,1
0000890431,Batoruburindisu,牡6,,2005.05.04,Aokage,Morinagafaamu,Okamura Katsuyoshi,70337000.0,94.0,10.0,1
0001047655,Eebucheaman,牡4,,,,,,0.0,0.0,0.0,1
0000327283,Reinfooresuto,牡5,,1998.05.17,Kage,Urushihara Setsuo,Kiine Yasunori,528000.0,13.0,0.0,1
0001043265,Eeshinrijiru,牝4,,,,,,0.0,0.0,0.0,1
0000989517,Mainepurinsesu,牝5,,2006.03.23,Kage,Biggureddofaamu,(Kabu) Sarabureddokurabu・Rafian,80605000.0,24.0,5.0,1
0000995406,Erujankushon,せん5,,,,,,0.0,0.0,0.0,1
0000899521,Ehitenviize,牡8,,,,,,0.0,0.0,0.0,1
0000889293,Mejirorafiki,せん6,,2005.05.01,Kage,Mejirobokujou,Iwasaki Nobumichi,55808000.0,21.0,4.0,1
0001094192,Fureerujakku,牡3,,2008.05.25,Kage,Noozanfaamu,(Ari) Kyarottofaamu,104015000.0,14.0,4.0,1
0001091668,Abauto,牡3,,,,,,0.0,0.0,0.0,1
0000168917,Furuakuseru,牡3,,1984.04.24,Kurige,Fukui Masao,Nishimura Michiya,0.0,0.0,0.0,1
0001091274,Hirabokuinpakuto,牡3,,2008.03.17,Kage,Chiyodabokujou,(Kabu) Hiratabokujou,86234000.0,29.0,5.0,1
0001091629,Daazunroozu,牡3,,2008.04.13,Aoge,Noozanfaamu,(Ari) Kyarottofaamu,16300000.0,22.0,2.0,1
0001087378,Puransudetowaaru,牡3,,2008.03.30,Ashige,Shadaifaamu,Matsumoto Tadamasa,83858000.0,48.0,4.0,1
0001090345,Epowasu,牡3,,,,,,0.0,0.0,0.0,1
0000031245,Naiaado,牝5,,1969.03.16,Kuroshikage,,Hoosusangyou(Kabu),0.0,1.0,0.0,1
0001037187,In'Orario,牡6,,,,,,0.0,0.0,0.0,1
0000991857,Marukafuriito,牡5,,2006.04.13,Kage,Shadaifaamu,Kusakabe Takeshi,218228000.0,35.0,10.0,1
0000993186,Shaa,牡5,,2006.05.21,Kurige,Nakagawa Tetsuya,Hagi Hideo,130760000.0,48.0,7.0,1
0000887469,Meishousengoku,牡6,,2005.04.25,Kurige,Sarukurabokujou,Matsumoto Yoshio,77800000.0,41.0,5.0,1
0001098784,Dosuraisu,牡5,,2006.04.16,Kurige,"Winstar Farm, Llc",Oda Yoshio,131933000.0,30.0,7.0,1
0001047483,Eeshinvaagou,牝4,,,,,,0.0,0.0,0.0,1
0000996275,Saadouzo,牝5,,2006.04.27,Kurige,Tanaka Hiroyuki,Odagiri Yuuichi,42184000.0,24.0,3.0,1
0000067586,Sutorongupointo,牡5,,1974.04.19,Kurige,Sakaki Bokujou,Souba Masao,10267000.0,57.0,6.0,1
0000993750,Mayanoroshuni,牝5,,2006.03.13,Ashige,Takahashi Nin,Tadokoro Eiko,56302000.0,19.0,4.0,1
0001088726,Teiemukyuuba,牡3,,2008.04.22,Kurige,Teiemubokujou,Takezono Masatsugu,22450000.0,7.0,2.0,1
0001086776,Uookuraun,牡5,,,,,,0.0,0.0,0.0,1
0001041291,Edonoyamato,牡4,,,,,,0.0,0.0,0.0,1
0000990009,Shigerudaisen,牡5,,2006.02.25,Kage,Okadabokujou,Morinaka Ban,66201000.0,46.0,3.0,1
0001048454,Shainiiburakku,牡4,,2007.03.16,Kuroshikage,Masa Bokujou,Kobayashi Masashi,83064000.0,37.0,2.0,1
0000995258,Suriirozetto,牝5,,2006.04.25,Kage,Okanobokujou,Nagaishouji (Kabu),13800000.0,22.0,1.0,1
0001041209,Teiemubuyuuden,牡4,,2007.02.17,Kage,Kyouyuubokujou,Takezono Masatsugu,43146000.0,36.0,2.0,1
0000760144,Raiburishuromu,牡8,,,,,,0.0,0.0,0.0,1
0000293332,Goorudengattsu,牡6,,1995.06.07,Kage,Tabatafaamu,(Kabu) Kyouei,2286000.0,16.0,8.0,1
0000804973,Warukyuure,牝7,,2004.04.25 22歳,Aoge,Intaanashiyonarubokujou,Okada Makio,101257000.0,52.0,4.0,1
0001045057,Earafon,牡4,,,,,,0.0,0.0,0.0,1
0000990422,Eishinsakusesu,牡5,,,,,,0.0,0.0,0.0,1
0000216622,Supesharuhaato,牡6,,1988.05.01,Kage,Fujii Masumi,Kawasaki Emiko,1944000.0,19.0,1.0,1
0000294299,Gandaara,牡5,,,,,,0.0,0.0,0.0,1
0001106937,Fainchoisu,牝2,,2009.01.24 17歳,Kage,Tomitabokujou,Miyagawa Junzou,90026000.0,17.0,4.0,1
0001109443,Aimuyuaazu,牝2,,,,,,0.0,0.0,0.0,1
0001107108,Naisuheiroo,牡2,,2009.03.31,Aokage,Noomote Toshikazu,Kantou Souichi,16165000.0,14.0,1.0,1
0001101991,Kosumomegatoron,牡2,,2009.05.23,Kage,Mitsuishihashimotobokujou,(Ari) Biggureddofaamu,11800000.0,3.0,1.0,1
0001108546,Ekusukuraimu,牡2,,,,,,0.0,0.0,0.0,1
0001102900,Masuidea,牝2,,2009.01.15 17歳,Kuroshikage,Fukudabokujou,Masuda Shuuichi,48097000.0,21.0,4.0,1
0001110978,Nishinokachizukushi,牡2,,2009.02.26,Kuroshikage,Kawakamibokujou,Waki Tatsuhiko,50350000.0,75.0,8.0,1
0001109731,Pachamama,牝2,,2009.04.11,Kage,Shimadabokujou,Oka Kouji,8500000.0,9.0,1.0,1
0001106037,Purisaisufain,牡2,,2009.03.09,Aokage,Shinboribokujou,Iyama Tou,8900000.0,10.0,1.0,1
0001109904,Suteruminaato,牡2,,2009.02.28,Ashige,Tsuji Bokujou,(Ari) Tsujibokujou,29007000.0,17.0,2.0,1
0000127301,Ekuserushiooru,牡2,,,,,,0.0,0.0,0.0,1
0001107150,Rooreruborukeeno,牡2,,2009.04.28,Kage,Fujikawafuaamu,Fujiwara Tatsuya,43070000.0,31.0,3.0,1
0001110109,Hamanovigurasu,牡2,,2009.04.18,Kurige,Morinagafaamu,Hamai Hiroshi,8000000.0,17.0,2.0,1
0000989461,Taninosubaru,牝5,,2006.04.14,Ashige,Kantoriibokujou,Tanimizu Yuuzou,58973000.0,32.0,3.0,1
0001092443,Memoriaruiyaa,牝3,,2008.03.22 18歳,Kurige,Kugita Yoshimi,Nishimura Shin'Ichirou,83822000.0,39.0,5.0,1
0000990418,Kuriibaren,牡5,,,,,,0.0,0.0,0.0,1
0000882483,Naisurakkii,牡6,,2005.04.21,Kage,Motoshigebokujou,Tobe Hiroshi,32700000.0,23.0,2.0,1
0000990783,Suzumaasharu,牡5,,2006.03.08,Kurige,Ogawa Housui,(Ari) Hoosukea,18451000.0,42.0,1.0,1
0001000906,Muunresunaito,せん7,,2004.01.26,Kage,Premier Bloodstock,Yamamoto Hidetoshi,89676000.0,31.0,6.0,1
0001096726,Takaonoboru,牡3,,2008.05.02,Kuroshikage,Hinobokujou,Sakurai Ryuuzou,88425000.0,19.0,4.0,1
0001088747,Daatomuua,牝3,,2008.02.12 18歳,Kage,Noozanfaamu,Yoshida Kazumi,74107000.0,27.0,4.0,1
0001098885,Satonosamitto,牡3,,2008.03.08,Ashige,Chiyodabokujou,Kosuge Makoto,22772000.0,42.0,4.0,1
0001129255,Indiizugeemu,牡3,,,,,,0.0,0.0,0.0,1
0001093064,Kosutaparumeera,牡3,,2008.04.28,Kuroshikage,Shadaifaamu,Yoshida Teruya,62018000.0,21.0,4.0,1
0001094217,Samittosutoon,牡3,,2008.04.28,Kage,Yuugengaisha Rekishintonfaamu,Kawasaki Goshi,182210000.0,59.0,14.0,1
0001096583,Karafurudeizu,牝3,,,,,,0.0,0.0,0.0,1
0001088288,Taimuzuaroo,牡3,,2008.01.26,Kurige,(Ari)Shadaikooporeeshonshiraoifaamu,(Ari) Shadaireesuhoosu,153532000.0,51.0,8.0,1
0001092853,Rekkusupareedo,牡3,,2008.02.13,Kurige,Oiwakefaamu,(Ari) Kyarottofaamu,62836000.0,22.0,4.0,1
0001094266,Fasutowaakaa,牡3,,2008.05.14,Tochikurige,Shadaifaamu,(Ari) Shadaireesuhoosu,16800000.0,7.0,2.0,1
0001113720,Riaraizubureiku,牡3,,2008.02.21,Kage,"J. Hanley, Skymarc Farm & Castlemartin Stud",Nakamura Motoaki,9404000.0,37.0,4.0,1
0001047536,Karibaan,牡4,,,,,,0.0,0.0,0.0,1
0000993785,Moereetaanaru,牝5,,2006.04.14 20歳,Kage,Nakamura Kazuo,Kurimoto Hachikou,51370000.0,25.0,4.0,1
0000997093,Puteipuransesu,牝5,,2006.03.23,Kage,Shimokoubebokujou,Nakayama Yoshiki,49409000.0,25.0,3.0,1
0000890360,Shainiiburaun,牡6,,2005.04.16,Kage,Masa Bokujou,Kobayashi Masashi,69771000.0,17.0,4.0,1
0000799403,Orionsutaazu,牡7,,,,,,0.0,0.0,0.0,1
0000995671,Rejietoushou,牝5,,2006.06.10 20歳,Kurige,Toushousangyoukabushikigaishatoushoubokujou,Toushousangyou (Kabu),60238000.0,34.0,5.0,1
0001108513,Monsutooru,牡2,,2009.04.08,Kage,Murashitanoujou,Maeda Kouji,79239000.0,24.0,3.0,1
0001106251,Jasutauei,牡2,,2009.03.08 17歳,Kage,(Ari)Shadaikooporeeshonshiraoifaamu,Yamatoya Akatsuki,595694000.0,20.0,5.0,1
0001105647,Kuiin'Arutamira,牝2,,,,,,0.0,0.0,0.0,1
0001107030,Daroonega,牡2,,2009.05.04,Kage,Noozanfaamu,(Ari) Kyarottofaamu,161106000.0,39.0,5.0,1
0001102408,Kurippingueria,牝2,,,,,,0.0,0.0,0.0,1
0001110675,Hishimaaberasu,牝2,,2009.04.29,Aoge,Nakamura Masaaki,Abe Masahide,9450000.0,17.0,1.0,1
0001101652,Toukeiheiroo,牡2,,2009.04.22 17歳,Kage,Nakamura Kazuo,Kimura Nobuhiko,267589000.0,24.0,8.0,1
0001110009,Adomaiyaririifu,牡2,,,,,,0.0,0.0,0.0,1
0001107320,Firopatooru,牝2,,2009.04.05 17歳,Kage,Ooshimabokujou,Takahashi Takashi,91283000.0,35.0,5.0,1
0001104932,Rafureezukafe,牝2,,2009.05.05 17歳,Aokage,Shadaifaamu,Nishikawa Kouichi,67910000.0,35.0,4.0,1
0001109191,Dansuinzamamii,牝2,,2009.02.07,Kuroshikage,Shadaifaamu,Ochiai Yukihiro,8600000.0,10.0,1.0,1
0001106467,Meishouhagakure,牡2,,2009.04.13,Kage,Takaakibokujou,Matsumoto Yoshio,70096000.0,44.0,3.0,1
0001109423,Nikoorubaroozu,牝2,,2009.01.28 17歳,Kuroshikage,Nittabokujou,Inokuma Hirotsugu,61858000.0,29.0,4.0,1
0001110658,Rossokorusa,牡2,,2009.03.02,Kurige,Shizunaisakaibokujou,Ookubo Kazuo,33189000.0,43.0,7.0,1
0001102844,Vuyurudebandamu,牝2,,2009.04.28,Aokage,Bandamubokujou,Yamashina Tou,7000000.0,15.0,1.0,1
0000722083,Ninja,牡2,,2001.05.05,Kage,Tabatabokujou,Tabata Shigeharu,10025000.0,10.0,4.0,1
0001107654,Purenotaato,牝2,,2009.03.02 17歳,Kage,Matsudabokujou,Yuugengaishashiruku,61024000.0,32.0,3.0,1
0001107018,Hasshudotoon,牝2,,2009.05.22,Aokage,Shadaifaamu,(Kabu) Guriinfaamu,8100000.0,13.0,1.0,1
0001104943,Episearoomu,牝2,,,,,,0.0,0.0,0.0,1
0001106134,Makotorivaasaru,牡2,,2009.03.07,Kage,Deguchi Shigeo,Oda Sachiko,23930000.0,9.0,1.0,1
0001108774,Haginokomento,牡2,,2009.03.21,Kage,Noosuhiruzumanejimento,Hinokuma Yoshie,42443000.0,24.0,3.0,1
0001108776,Veadeirosu,牡2,,2009.03.15,Kage,Noosuhiruzumanejimento,(Kabu) Noosuhiruzu,44338000.0,36.0,2.0,1
0001109652,Gooingupawaa,牡2,,2009.05.30,Kage,Kataoka Hiroshi,Hayashi Susumu,198093000.0,57.0,5.0,1
0001105740,Meishoudabinchi,牡2,,2009.03.08,Kage,Mishimabokujou,Matsumoto Yoshio,15434000.0,13.0,1.0,1
0001110300,Shigerusudachi,牡2,,2009.03.23,Ashige,Yutakahiroshibokujou,Morinaka Ban,70627000.0,34.0,3.0,1
0001108047,Airaburiri,牝2,,,,,,0.0,0.0,0.0,1
0000228544,Kanoyaminori,牡2,,,,,,0.0,0.0,0.0,1
0001104772,Teiemuhaenkaze,牡2,,2009.03.23,Kurige,Teiemubokujou,Takezono Masatsugu,29402000.0,12.0,3.0,1
0001109406,Kinshitsuusuton,牡2,,,,,,0.0,0.0,0.0,1
0001110627,Oukenhanamizuki,牝2,,,,,,0.0,0.0,0.0,1
0001109461,Kashinorapisu,牝2,,,,,,0.0,0.0,0.0,1
0000045097,Rakkiinain,せん4,,1971.04.06,Kage,,Saitou Usuke,0.0,1.0,0.0,1
0001087672,Toushin'Iiguru,牡3,,2008.03.25,Kage,Ekuserumanejimento,Satou Shingo,158383000.0,82.0,6.0,1
0001091006,Raverusonata,牡3,,2008.02.19,Kage,Noozanfaamu,(Ari) Sandeereeshingu,60528000.0,27.0,4.0,1
0001093531,Musukateeru,牡3,,2008.04.18,Kuroshikage,Noozanfaamu,Yoshida Katsumi,242293000.0,39.0,7.0,1
0001091386,Roiyarukuresuto,牡3,,2008.02.14,Tochikurige,Kimurabokujou,(Ari) Kimurabokujou,127450000.0,36.0,8.0,1
0000618446,Haakyuriizu,牡3,,1999.04.02,Kurige,Samekawabokujou,(Ari) Noosuhiruzumanejimento,0.0,0.0,0.0,1
0001094579,Kuwaiaasouru,牡3,,,,,,0.0,0.0,0.0,1
0001089106,Hittozataagetto,牡3,,2008.03.06,Kurige,Noosuhiruzumanejimento,Maeda Shinji,404663000.0,57.0,9.0,1
0001098979,Shounanbaazu,牡3,,2008.03.24,Kage,Noozanfaamu,Kunimoto Tesshuu,61458000.0,29.0,4.0,1
0001092286,Mainejannu,牝3,,2008.05.17,Kage,Biggureddofaamu,(Kabu) Sarabureddokurabu・Rafian,76626000.0,22.0,4.0,1
0001090473,Rivaare,牝3,,2008.04.01,Kuroshikage,Kawashimabokujou,Eden'Asoshieeshon,45720000.0,10.0,3.0,1
0001096327,Faamapenii,牝3,,2008.04.22 18歳,Kage,Kouzanbokujou,Nakanishi Kou,8890000.0,26.0,1.0,1
0001092660,Nanakusa,牝3,,2008.04.06,Kage,Furuhon Seisoku,Izumi Ichirou,7363000.0,35.0,5.0,1
0000989412,Kawakitatoppu,牡5,,,,,,0.0,0.0,0.0,1
0000995575,Kizzuapuroozu,牡5,,,,,,0.0,0.0,0.0,1
0001033839,Eamakkuuru,牡6,,,,,,0.0,0.0,0.0,1
0000807300,Daiwarubia,牡7,,2004.03.17,Kurige,Noozanfaamu,Kumi)K’Shorseunion,85104000.0,84.0,12.0,1
0001047839,Makotogyarakushii,牡4,,2007.05.20,Tochikurige,Yanagawabokujou,(Kabu) Diamanto,93121000.0,28.0,4.0,1
0000159685,Iguasu,牡3,,,,,,0.0,0.0,0.0,1
0001088309,Namuraoudou,牡3,,2008.05.30,Kuroshikage,Hattafaamu,Aki Hiroshi,88470000.0,35.0,4.0,1
0000052403,Torino,牡3,,1972.05.07,Kurige,,Hattori Hideo,0.0,3.0,0.0,1
0000994298,Hirabokuwairudo,牡5,,2006.04.12,Aokage,Chiyodabokujou,Nitta Kaichi,142933000.0,34.0,7.0,1
0000996501,Meishoubunbuku,牡5,,2006.05.14,Kurige,Sakai Shizuo,Matsumoto Yoshio,50720000.0,25.0,4.0,1
0000990368,Uinpentagon,牡5,,,,,,0.0,0.0,0.0,1
0001110810,Gurandettsua,牡2,,,,,,0.0,0.0,0.0,1
0001104811,Goorudoshippu,牡2,,2009.03.06 17歳,Ashige,Deguchibokujou,Goudoukaishakobayashieiichihoorudingusu,1397767000.0,27.0,13.0,1
0001103051,Mainerurobusuto,牡2,,2009.03.11,Kuroshikage,Koizumibokujou,(Kabu) Sarabureddokurabu・Rafian,88184000.0,19.0,3.0,1
0001110916,Besutodiiru,牡2,,2009.03.17,Kage,Shadaifaamu,(Ari) Shadaireesuhoosu,59577000.0,13.0,3.0,1
0000032489,Hiira,牝2,,1969.04.08,Kage,,Arai Taihei,0.0,0.0,0.0,1
0001109050,Rashinteirante,牝2,,2009.03.14 17歳,Kurige,Noozanfaamu,(Ari) Sandeereeshingu,43418000.0,19.0,3.0,1
0001107349,Makaha,牡2,,2009.04.06,Kage,Taijufaamu,Hirooreesu (Kabu),135248000.0,50.0,4.0,1
0001107580,Nishinosutairu,牡2,,2009.02.13,Kage,Kawakamibokujou,Narita Takashikou,31813000.0,20.0,2.0,1
0001102358,Kuurusutaa,牡2,,,,,,0.0,0.0,0.0,1
0001108645,Tomikenyuukuai,牡2,,2009.03.09,Kuroshikage,Banbuubokujou,Togashi Kenji,114891000.0,50.0,5.0,1
0001110886,Rozeshanpaanyu,牝2,,2009.01.24 17歳,Kuroshikage,Noozanfaamu,Ootsuka Ryouichi,7700000.0,13.0,3.0,1
0001102436,Rozeo,牡2,,2009.04.23,Kurige,Shiraibokujou,Kurimoto Hiroshisei,4122000.0,40.0,3.0,1
0001268884,Rokettoman,せん6,,2018.02.14,Kage,Monbetsuyamagiwabokujou,(Ari) Jiemuintaanashonaru,0.0,8.0,0.0,1
0000990122,Nekopanchi,牡5,,2006.03.28,Kuroshikage,Daidoubokujou,Kiritani Shigeru,164444000.0,56.0,5.0,1
0000224641,Goorudomain,せん7,,1989.05.12,Kurige,Nittankamimizubokujou,(Kabu) Hidaka・Buriidaazu・Yunion,0.0,2.0,0.0,1
0000805147,Iigurubisuteii,牡7,,,,,,0.0,0.0,0.0,1
0001046353,Rokkuhandosutaa,牡4,,2007.03.27,Kage,Hattori Bokujou,Chiba Hiroshi,38270000.0,21.0,11.0,1
0000887057,Baiyon,牡6,,2005.02.18,Kurige,Noozanfaamu,(Ari) Kyarottofaamu,61943000.0,30.0,2.0,1
0000989938,Diamajiesutei,牡5,,2006.05.29,Kuroshikage,Hashimotobokujou,Terada Chiyono,158844000.0,31.0,9.0,1
0000994174,Shounansamitto,牡5,,2006.02.17,Kurige,(Ari)Shadaikooporeeshonshiraoifaamu,Kunimoto Tesshuu,26940000.0,30.0,2.0,1
0000883897,Reosorisuto,牡6,,2005.04.03,Kuroshikage,Kyoueikumiai,(Kabu) Reo,48715000.0,38.0,4.0,1
0001104873,Kurarento,牡2,,,,,,0.0,0.0,0.0,1
0001375526,Genten,牡2,,2023.03.01 3歳,Kuroshikage,Noozanfaamu,Hayashi Seidou,7280000.0,6.0,1.0,1
0001107641,Shinzenrenjaa,牡2,,2009.05.03,Kuroshikage,Intaanashonarubokujou,Hara Shirou,89580000.0,54.0,4.0,1
0001106543,Veariasumuun,牡2,,2009.02.11,Kurige,Mimura Takuya,Kobayashi Hideki,40102000.0,22.0,3.0,1
0001109737,Tomiibaroozu,牡2,,2009.03.24,Kuroshikage,Taiheibokujou,Inokuma Hirotsugu,7700000.0,7.0,1.0,1
アウヤンテプイ,Auyantepui,牡2,,,,,,,,,1
0001110799,Kaishuutabibito,牡2,,,,,,0.0,0.0,0.0,1
0001109245,Aruberutobaroozu,牡2,,,,,,0.0,0.0,0.0,1
0001095869,Furenchibou,牝3,,2008.02.15 18歳,Kage,Shadaifaamu,Yoshida Teruya,18100000.0,17.0,2.0,1
0001091114,Reddoerenshia,牝3,,2008.02.12 18歳,Kuroshikage,Nobuokabokujou,(Kabu) Toukyouhoosureeshingu,76362000.0,30.0,3.0,1
0000319043,Zefiransasu,牝3,,1997.04.07,Kage,Kotomiueyamabokujou,Ooi Takashi,2983000.0,32.0,2.0,1
0001088196,Shigerurijichou,牡3,,2008.03.29,Kage,Mizumarubokujou,Morinaka Ban,38893000.0,20.0,3.0,1
0001089233,Danonmakkuin,牡3,,2008.03.01,Kuroshikage,Noozanfaamu,(Kabu) Danokkusu,106805000.0,43.0,4.0,1
0001045394,Kosumopikushii,牝4,,2007.05.04,Kuroshikage,Biggureddofaamu,Zatsuko Takao,14020000.0,36.0,9.0,1
0001110997,Anchurasu,牝2,,,,,,0.0,0.0,0.0,1
0001108142,Savaare,牝2,,2009.02.02,Kurige,Shadaifaamu,(Kabu) Guriinfaamu,11300000.0,4.0,1.0,1
0001106345,Taganomyuruzannu,牝2,,2009.01.30,Kage,(Ari)Shadaikooporeeshonshiraoifaamu,Yagi Ryouji,23356000.0,12.0,1.0,1
0001110920,Eishinkinchemu,牝2,,,,,,0.0,0.0,0.0,1
0001101694,Goorudenmuun,牝2,,2009.03.30 17歳,Kurige,Ookawabokujou,(Kabu) G1Reeshingu,76773000.0,28.0,4.0,1
0001101777,Biuitchiasu,牝2,,2009.03.19 17歳,Kuroshikage,Itoubokujou,Inoue Ichirou,88958000.0,28.0,3.0,1
0001104784,Rediimeguneito,牝2,,2009.04.17 17歳,Kage,Mitsuishikawakamibokujou,(Ari) Mitsuishikawakamibokujou,16331000.0,9.0,2.0,1
0001110620,Burokken,牝2,,2009.02.05,Kage,Daaree・Japan・Faamuyuugengaisha,Honma Shigeru,30300000.0,30.0,3.0,1
0001111005,Tsuuobuasu,牝2,,2009.02.26 17歳,Kuroshikage,Shadaifaamu,(Ari) Maekawakikaku,18700000.0,17.0,2.0,1
0001101512,Mirakurupitchi,牝2,,2009.03.16 17歳,Kuroshikage,Tsuchii Chuukichi,Matsuo Sei,23340000.0,29.0,2.0,1
0001108446,Taganoruminaare,牝2,,2009.04.02,Kuroshikage,Yuugengaishaniikapputaganofaamu,Yagi Ryouji,26833000.0,28.0,2.0,1
0001108013,Donamedeyuusa,牝2,,2009.04.18,Kuroshikage,Nisseibokujou,Yamagishi Toshikazu,15813000.0,48.0,3.0,1
0000138120,Misumarushige,牝2,,1981.05.14,Ashige,Okadabokujou,Okada Giichi,23510000.0,21.0,3.0,1
0000988152,Pienafantasuto,牡5,,2006.03.06,Kage,Noozanfaamu,Motoya Kenzou,70961000.0,42.0,4.0,1
0001048673,Doriimuseeringu,牡4,,2007.02.14,Kurige,Chiyodabokujou,Raionreesuhoosu (Kabu),169405000.0,55.0,7.0,1
0001041755,Toushoufuriiku,牡4,,2007.05.21,Kage,Toushousangyoukabushikigaishatoushoubokujou,Satou Rokukou,207081000.0,42.0,8.0,1
0001049689,Nihonpiroawaazu,牡4,,2007.05.03 19歳,Aokage,Kataokabokujou,Kobayashi Hyakutarou,597871000.0,42.0,13.0,1
0001049308,Hirabokukingu,牡4,,2007.02.09,Kage,Tsuji Bokujou,Nitta Kaichi,109982000.0,22.0,6.0,1
0000160534,Eishindasshu,牡5,,,,,,0.0,0.0,0.0,1
0001108430,Reoakuteibu,牡2,,2009.02.22,Kurige,Taniguchibokujou,Yamamoto Nin,175883000.0,81.0,4.0,1
0001110505,Sadonsutoomu,牡2,,2009.04.14,Kurige,Daaree・Japan・Faamuyuugengaisha,H.H.Shieiku・Mohamedo,198647000.0,44.0,4.0,1
0001101801,Oriibin,牡2,,,,,,0.0,0.0,0.0,1
0001103416,Kosumoandoromeda,牝2,,2009.05.11,Kuroshikage,Kosumovuyuufaamu,(Ari) Biggureddofaamu,26394000.0,14.0,2.0,1
0001109432,Daiwainsupaia,牡2,,2009.04.30,Kage,Tagami Minoru,Itou Mikio,15951000.0,48.0,3.0,1
0001106240,Neovankuru,牡2,,2009.05.12,Kurige,Shadaifaamu,Kobayashi Nikou,28643000.0,24.0,2.0,1
0001143130,Eeshinburasutaa,牡2,,,,,,0.0,0.0,0.0,1
0001106569,Kingukurichan,牡2,,,,,,0.0,0.0,0.0,1
0001101294,Taakoizukuraudo,牝2,,2009.04.23,Kage,Hekiunbokujou,Kurimoto Hachikou,2492000.0,27.0,2.0,1
0001110451,Hayabusasongu,牝2,,2009.04.26,Kage,Gurandobokujou,Takeda Osamu,7000000.0,6.0,1.0,1
0000990365,Shigerugoyuusan,牡5,,2006.05.01,Kage,Ogifukumiyoshifuaamu,Morinaka Ban,15610000.0,28.0,5.0,1
0000988744,Meishourokkoo,牡5,,2006.04.09,Kurige,Hokuseimuratabokujou,Matsumoto Yoshio,37190000.0,39.0,2.0,1
0000996172,Piisuobupawaa,牡5,,2006.02.12,Aokage,Memuburiidingushisutemu,Tahata Katsuhiko,93806000.0,38.0,5.0,1
0001093984,Ooruzattojazu,牝3,,,,,,0.0,0.0,0.0,1
0001143677,Danshingurein,牝3,,2008.04.24,Kurige,Swettenham Stud,M.J.&L.A.Teiraa,0.0,1.0,0.0,1
0001110554,Diipuburirante,牡2,,2009.05.08 17歳,Kage,Pakapakafaamu,(Ari) Sandeereeshingu,292056000.0,6.0,3.0,1
0001107224,Fujimasaenperaa,牡2,,2009.03.14,Kuroshikage,Shadaifaamu,Fujiwara Shouichi,129272000.0,56.0,2.0,1
0001102051,Mainerudiin,牡2,,2009.04.16,Aoge,Niikappuhashimotobokujou,(Kabu) Sarabureddokurabu・Rafian,121328000.0,41.0,5.0,1
0001107401,Eneado,牡2,,,,,,0.0,0.0,0.0,1
0001105234,Pitagorasukonma,牡2,,2009.02.18,Kage,Shadaifaamu,Takase Makototakashi,36053000.0,34.0,1.0,1
0000378524,Madeira,牡2,,1962.05.08,Kage,,,0.0,0.0,0.0,1
0001113100,Hookaatenpesuto,牡2,,2009.04.11,Kurige,Noozanfaamu,(Ari) Kyarottofaamu,139578000.0,45.0,8.0,1
0001103172,Kiipubiriibingu,牡2,,,,,,0.0,0.0,0.0,1
0001108098,Fukunotsuuru,牡2,,2009.03.01,Kage,Kimurabokujou,(Ari) Ashisutanto,1414000.0,18.0,2.0,1
0001143346,Agun,牡2,,,,,,0.0,0.0,0.0,1
0001041669,Adomaiyakosumosu,牡4,,,,,,0.0,0.0,0.0,1
0001043091,Monteen,牡4,,2007.05.08,Kage,Setobokujou,Miyazaki Toshio,98198000.0,36.0,5.0,1
0001133019,Imootaruvaasu,牝3,,,,,,0.0,0.0,0.0,1
0001089850,Roodokanaroa,牡3,,2008.03.11 18歳,Kage,Keiaifaamu,(Kabu) Roodohoosukurabu,669958000.0,17.0,11.0,1
0001041894,Kyouwamagunamu,牡4,,,,,,0.0,0.0,0.0,1
0001132748,Deindoriimu,牝3,,2008.05.07 18歳,Kage,Gestut Brummerhof,Buruku・Ebaashutainbokujou&Yoshidateruya,0.0,1.0,0.0,1
0001144151,Shareeta,牝3,,2008.05.08,Kage,His Highness The Aga Khan'S Studs S.C.,Aga・Kaandenka,0.0,1.0,0.0,1
0001132029,Sararinkusu,牝4,,2007.04.18,Kage,Grangecon Stud,Robaato・G.Eenruutofujin,0.0,1.0,0.0,1
0001144150,Misshon'Apuruuvudo,牡7,,2004.01.30,Kage,Dr. William F. Coyro Jr.,T.Chatapooru,0.0,1.0,0.0,1
0001045973,Danonsupashiiba,牡4,,2007.02.28,Kage,Ekuserumanejimento,(Kabu) Danokkusu,123962000.0,36.0,5.0,1
0000988099,Furiso,牡5,,2006.02.28,Kage,Morinagafaamu,Fujita Takeshi,127448000.0,43.0,5.0,1
0001045811,Ekusupedishon,牡4,,,,,,0.0,0.0,0.0,1
0001044189,Toohoucheisaa,牡4,,2007.05.02,Kurige,Takeshima Kouji,Sugimoto Nobuhiko,111455000.0,39.0,8.0,1
0001093536,Deyuarusuuoodo,牡3,,2008.02.21,Kuroshikage,Noozanfaamu,Sakai Takatoshi,109575000.0,99.0,9.0,1
0000731063,Jowadoviivuru,牝2,,2001.05.15,Kuroshikage,Shadaifaamu,Takezaki Daiakira,0.0,1.0,0.0,1
0001104154,Saundoobuhaato,牝2,,2009.02.12 17歳,Kurige,Taiheibokujou,(Ari) Taafu・Supooto,172611000.0,10.0,6.0,1
0001110530,Ichiokunohoshi,牝2,,,,,,0.0,0.0,0.0,1
0001108975,Gaanettochaamu,牝2,,,,,,0.0,0.0,0.0,1
マイネボヌール,Mainebonuuru,牝2,,,,,,,,,1
0001109390,Toosenbenizakura,牝2,,2009.03.07 17歳,Kuroshikage,Yuugengaisha Esuteifaamu,Shimakawa Takaya,91762000.0,32.0,4.0,1
0001109045,Anasutashiaburuu,牝2,,,,,,0.0,0.0,0.0,1
0000232150,Naominoyume,牝2,,1990.05.19,Kage,Mori Bokujou,Takano Satoshi,3720000.0,24.0,2.0,1
0000131946,Arafune,牝2,,,,,,0.0,0.0,0.0,1
0001102512,Suiitosuzuran,牝2,,2009.03.30 17歳,Ashige,Shinboribokujou,Shinboribokujou,7000000.0,3.0,1.0,1
0001047721,Yamakatsuhakuryuu,牡4,,2007.02.19,Ashige,Samekawa Keiichi,Yamada Kazuo,126826000.0,33.0,7.0,1
0001108213,Arufureedo,牡2,,,,,,0.0,0.0,0.0,1
0001104776,Jounobakkasu,牡2,,2009.02.26,Kurige,Mikibokujou,Ogawa Yoshikatsu,15683000.0,15.0,2.0,1
0001108727,Rooreruburetto,牡2,,2009.03.09,Kuroshikage,Kawashimabokujou,Shoukoku Kazunori,107609000.0,48.0,4.0,1
0001103399,Shounanramuji,牡2,,2009.01.17,Kage,(Ari)Shadaikooporeeshonshiraoifaamu,Kunimoto Tesshuu,71066000.0,44.0,3.0,1
0000219100,Sunoodon,牡2,,1989.04.05,Kage,Nakamotobokujou,Nagasawa Shouichi,13061000.0,105.0,13.0,1
0001106691,Hishiwairudo,牡2,,2009.04.24,Kage,Hiwataribokujou,Abe Masahide,21650000.0,27.0,2.0,1
0001108175,Hakusanmuun,牡2,,2009.02.14 17歳,Kurige,Shiraibokujou,Kawasaki Goshi,370109000.0,29.0,7.0,1
0001049826,Shiisunaipu,牝4,,2007.02.28 19歳,Kage,Shadaifaamu,Matsuoka Takao,99061000.0,24.0,5.0,1
0000886856,Teiemukurenai,牝6,,2005.03.17,Kurige,Takagishi Setsuo,Takezono Masatsugu,62782000.0,34.0,4.0,1
0000995047,Diamaihoosu,牡5,,2006.06.20,Kuroshikage,Terai Fumihide,Yoshihashi Kei,33720000.0,30.0,1.0,1
0000995549,Jasutoruuraa,牡5,,2006.05.01,Kage,Shadaifaamu,Yoshida Chizu,45063000.0,26.0,3.0,1
0000992118,Koaresuarudan,せん5,,2006.03.17,Kage,Hirokawa Tadahisa,Kobayashi Masashi,13000000.0,19.0,1.0,1
0001049753,Mejirokurinton,牡4,,2007.02.25,Kurige,Mejirobokujou,Iwasaki Nobumichi,33750000.0,26.0,3.0,1
0001110632,Adamusupiiku,牡2,,,,,,0.0,0.0,0.0,1
0000177979,Torippu,牡2,,1985.03.14,Kage,Horomurabokujou,Kamasawa Kimie,0.0,0.0,0.0,1
0000066276,Buraitorain,牡2,,1973.05.08,Kage,Matsumoto Houtomi,Yamamori Yasuo,3099000.0,40.0,4.0,1
0001109108,Sanraizumanuu,牡2,,2009.01.12,Kuroshikage,Shadaifaamu,Matsuoka Takao,16800000.0,4.0,2.0,1
0001108612,Maineruekureusu,牡2,,2009.03.14,Kage,Kosumovuyuufaamu,(Kabu) Sarabureddokurabu・Rafian,11134000.0,11.0,1.0,1
0000128019,Etandaaru,牡2,,,,,,0.0,0.0,0.0,1
0001102896,Eeshingungun,牡2,,,,,,0.0,0.0,0.0,1
0001102323,Taganoguufo,牡2,,2009.04.17,Kuroshikage,Yagibokujou,Yagi Ryouji,75139000.0,34.0,7.0,1
0001108854,Fureejapan,牡2,,2009.05.22,Kurige,Mikibokujou,Nanba Sumiko,82247000.0,35.0,4.0,1
0001106650,Happiiuiiku,牝2,,2009.03.20,Kurige,(Ari)Shadaikooporeeshonshiraoifaamu,Ogawa Isao,17551000.0,11.0,1.0,1
0001103563,Hatanovankuuru,牡2,,2009.05.16 17歳,Kurige,Yuugengaishaguddorakku・Faamu,(Ari) Guddorakku・Faamu,237946000.0,17.0,7.0,1
0001105210,Meishoudebiddo,牡2,,2009.04.26,Kage,Okabebokujou,Matsumoto Yoshitaka,8700000.0,13.0,1.0,1
0001052584,Federarisuto,牡5,,2007.06.06,Kuroshikage,Shadaifaamu,(Ari) Shadaireesuhoosu,172705000.0,16.0,7.0,1
0001042993,Neosakusesu,牡5,,2007.04.03,Kage,Akibabokujou,Tomioka Naohiro,76186000.0,39.0,4.0,1
0001043365,Asukakurichan,牡5,,,,,,0.0,0.0,0.0,1
0001110862,Jienteirudonna,牝3,,2009.02.20 17歳,Kage,Noozanfaamu,(Ari) Sandeereeshingu,1326210000.0,17.0,9.0,1
0001106265,Maineruatorakuto,牡3,,2009.02.27,Kage,Biggureddofaamu,(Kabu) Sarabureddokurabu・Rafian,25022000.0,12.0,1.0,1
0001107875,Puremiamuburuu,牡3,,2009.05.10,Kurige,Umamichi Shigeki,(Kabu) Buruumanejimento,65418000.0,25.0,3.0,1
0001143323,Shigeruaserora,牡3,,2009.02.26,Kuroshikage,Mr. & Mrs. Don K Love & Briggs/Cromartie,Morinaka Ban,61934000.0,27.0,4.0,1
0001104394,Taiseishubarie,牡3,,2009.01.31,Ashige,(Ari)Shadaikooporeeshonshiraoifaamu,Tanaka Seihou,94482000.0,27.0,3.0,1
0001107180,Reonbisuteii,牡3,,2009.03.21,Kage,Shimokoubebokujou,Takigiura Masahiko,95795000.0,52.0,5.0,1
0001109470,Tatsusutorongu,牡3,,2009.03.07,Kurige,Sakato Setsuko,Yoshida Shouri,42496000.0,53.0,3.0,1
0001107400,Sanshain,牝3,,2009.02.25 17歳,Kuroshikage,Shadaifaamu,Aoyama Youichi,61556000.0,20.0,3.0,1
0001108086,Guraane,牡3,,,,,,0.0,0.0,0.0,1
0001107286,Toropikarumejaa,牡3,,2009.02.01,Kuroshikage,Honmabokujou,Nishimori Tsuru,12037000.0,47.0,5.0,1
0001110662,Pyuasouru,牡3,,2009.02.25,Kage,Noozanfaamu,(Ari) Sandeereeshingu,17551000.0,17.0,2.0,1
0001103378,Maineepona,牝3,,2009.03.14 17歳,Kage,Shinkoofaamu,(Kabu) Sarabureddokurabu・Rafian,30122000.0,21.0,1.0,1
0001109810,Daiwamisutoresu,牝3,,2009.02.21 17歳,Kuroshikage,Shadaifaamu,Ooshiro Keizou,34314000.0,22.0,1.0,1
0001109214,Omegahaatorando,牝3,,,,,,0.0,0.0,0.0,1
0001107046,Cheriimedouusa,牝3,,2009.02.27 17歳,Aokage,Nakada Hiromi,Sakurai Etsurou,54304000.0,23.0,3.0,1
0000327963,Aisufoorisu,牝3,,,,,,0.0,0.0,0.0,1
0001107690,Shanboorufizu,牝3,,2009.02.16 17歳,Kage,Shadaifaamu,(Ari) Shadaireesuhoosu,36890000.0,23.0,2.0,1
0001103802,Taafuderaito,牝3,,2009.03.17 17歳,Aoge,Shadaifaamu,Nasunobokujou,32348000.0,24.0,2.0,1
0000224968,Meiburiizu,牝3,,1989.03.23,Kage,Yuutopiabokujou,(Kabu) Daitoubokujou,0.0,1.0,0.0,1
0001105316,Furaingubaruun,牝3,,2009.02.20,Kurige,Shadaifaamu,Yoshida Chizu,11420000.0,12.0,1.0,1
0001102050,Ramiapurimabeera,牝3,,2009.05.07,Kurige,Okadasutatsudo,Okada Soushi,8500000.0,17.0,1.0,1
0001109201,Runettaasuuru,牝3,,2009.05.03 17歳,Kage,Shadaifaamu,Aoki Shoukichi,21170000.0,38.0,2.0,1
0000019413,Nike,牝3,,1967.03.06,Aoge,,Katou Hiroshi,36959000.0,70.0,17.0,1
0001103385,Sarubadoorupiasu,牝3,,2009.03.12,Kage,Matsudairabokujou,Yoshitomi Koukichi,10060000.0,17.0,5.0,1
0001104422,Pasutoforia,牝3,,2009.02.12 17歳,Kage,Noozanfaamu,(Ari) Sandeereeshingu,54009000.0,11.0,4.0,1
0001103405,Adomaiyaburuu,牡3,,,,,,0.0,0.0,0.0,1
0001396737,Aadento,牡3,,,,,,0.0,0.0,0.0,1
0001133065,Reddoshankusu,牡3,,2009.03.28,Kage,Robert Power Bloodstock Ltd,(Kabu) Toukyouhoosureeshingu,53822000.0,26.0,4.0,1
0001110871,Rojimejaa,牡3,,2009.02.28,Kuroshikage,Shadaifaamu,Miura Naoya,75339000.0,103.0,7.0,1
0001109205,Kafekonseeru,牡3,,,,,,0.0,0.0,0.0,1
0001107955,Puuraviida,牡3,,2009.03.17,Kurige,Sanshainbokujou,Date Taimei,53660000.0,27.0,5.0,1
0000194993,Manausu,牡3,,1986.03.09,Kurige,Satou Shigeo,Imamura Yasunori,18476000.0,40.0,14.0,1
0001101332,Kineopyuuma,牡3,,,,,,0.0,0.0,0.0,1
0000995274,Buruusutaakingu,牡6,,2006.05.15,Kuroshikage,Daiichibokujou,Satou Hiroki,74963000.0,73.0,4.0,1
0001042050,Rittsuiisutaa,せん5,,2007.05.16,Kage,Okadasutatsudo,Okada Makio,61017000.0,34.0,4.0,1
0001093511,Shirukushunaidaa,牡4,,2008.01.27,Kuroshikage,(Ari)Shadaikooporeeshonshiraoifaamu,Yuugengaishashiruku,94547000.0,19.0,4.0,1
0001041641,Sairentomerodi,牡5,,2007.01.27,Aoge,Shadaifaamu,(Ari) Shadaireesuhoosu,161163000.0,35.0,7.0,1
0000988235,Kikunoaporo,牡6,,,,,,0.0,0.0,0.0,1
0000990075,Purinsesupesuka,牝6,,2006.03.21 20歳,Kurige,Fujiwarabokujou,Yamada Shintarou,112577000.0,41.0,5.0,1
0001090847,Reezaabaretto,牡4,,2008.05.11,Kage,Noosuhiruzumanejimento,Maeda Youko,233359000.0,39.0,10.0,1
0000089813,Gurandoshichii,牡5,,,,,,0.0,0.0,0.0,1
0001047375,Majinpurosupaa,牡5,,2007.03.07,Kurige,Hashimotofuaamu,Sasaki Kazuhiro,238839000.0,38.0,9.0,1
0001048683,Daiwanaito,牡5,,2007.01.19,Kurige,Oiwakefaamu,Daikoku Fumiko,70532000.0,28.0,5.0,1
0001095848,Danonfearii,牡4,,2008.02.04,Kage,Oiwakefaamu,(Kabu) Danokkusu,58883000.0,24.0,4.0,1
0000254950,Toushoukazun,牡5,,1992.03.07,Kurige,Toushoubokujou,Konda Kikuo,12488000.0,46.0,7.0,1
0000995277,Buraitoaizakku,牡6,,2006.04.05,Kage,Tomitabokujou,Hosaka Yoshisada,133987000.0,31.0,7.0,1
0000991071,Sakurashainii,牡6,,2006.05.06,Kurige,Shinwabokujou,Suda Yasuyuki,113360000.0,76.0,22.0,1
0001043249,Zennoberaano,牡5,,2007.04.14,Kage,Shadaifaamu,Oosako Kumiko,97925000.0,24.0,5.0,1
0001088372,Kuiinzubaan,牝4,,,,,,0.0,0.0,0.0,1
0000885070,Seikaareguro,牡7,,2005.03.09,Kage,Shinyuufuaamu,Yoshida Kyuushi,87273000.0,96.0,15.0,1
0000008594,Waarudoeesu,牡3,,1961.04.27,Kurige,,Sodeno,1995000.0,14.0,3.0,1
0000316436,Hisutorikaru,牡3,,1997.03.24,Kage,Shiraoifaamu,Yoshida Katsumi,580000.0,6.0,0.0,1
0001103796,Beerudoinpakuto,牡3,,2009.05.14,Kage,Shadaifaamu,(Ari) Shadaireesuhoosu,130172000.0,13.0,3.0,1
0001109137,Majikarutsuaa,牡3,,2009.04.22,Kurige,Shimokoubebokujou,Matsuoka Takao,32928000.0,23.0,2.0,1
0000030016,Arukimedesu,牡3,,,,,,0.0,0.0,0.0,1
0001110250,Reddoaavingu,牡3,,2009.02.09,Kurige,Noozanfaamu,(Kabu) Toukyouhoosureeshingu,28600000.0,20.0,3.0,1
0001107937,Virushiina,牝3,,2009.03.05 17歳,Aoge,Noozanfaamu,Sasaki Kazuhiro,460795000.0,21.0,5.0,1
0001103480,Ekuserantokaavu,牝3,,,,,,0.0,0.0,0.0,1
0001110236,Emiizuparadaisu,牝3,,,,,,0.0,0.0,0.0,1
0001109997,Middosamaafea,牝3,,2009.02.23 17歳,Aokage,Daaree・Japan・Faamuyuugengaisha,H.H.Shieiku・Mohamedo,98787000.0,24.0,3.0,1
0000062257,Hairirii,牝3,,1973.05.28,Kage,Fujimoto Yukio,Ueno Sukeji,9297000.0,36.0,5.0,1
0001104761,Herenamorufo,牝3,,2009.05.31 17歳,Kage,Gachousanurabokujou,Okada Makio,26136000.0,24.0,2.0,1
0001104432,Uinfurorezon,牝3,,,,,,0.0,0.0,0.0,1
0001105031,Kafuvaaru,牝3,,,,,,0.0,0.0,0.0,1
0001102424,Moerefuruuru,牝3,,2009.03.29 17歳,Kuroshikage,Nakamura Kazuo,Nakamura Kazuo,43956000.0,22.0,2.0,1
0001104206,Daakumarein,牝3,,2009.03.20 17歳,Kage,Winchester Farm,Kadono Shigeo,41450000.0,31.0,3.0,1
0001102519,Kiboudakurichan,牝3,,,,,,0.0,0.0,0.0,1
0001110914,Supirubaagu,牡3,,2009.05.12 17歳,Kage,Shadaifaamu,Yamamoto Hidetoshi,329201000.0,17.0,6.0,1
0000015779,Sutoroohatto,牡3,,1966.04.08,Kage,Ametsutsumi Fukuichi,Oono,12000000.0,12.0,3.0,1
0001108368,Kosumooozora,牡3,,2009.02.17,Kage,Biggureddofaamu,(Ari) Biggureddofaamu,90165000.0,16.0,3.0,1
0001108207,Jangurukuruuzu,牡3,,2009.03.06,Kage,Shadaifaamu,Kubota Yoshirou,128917000.0,28.0,4.0,1
0001108256,Buraianzuoora,牡3,,2009.03.20,Kage,Tomodabokujou,Shimada Satoshi,27650000.0,15.0,2.0,1
0001111017,Aakaibu,牡3,,,,,,0.0,0.0,0.0,1
0001102412,Gattenkyanpasu,牡3,,,,,,0.0,0.0,0.0,1
0000996953,Topanga,牡6,,2006.01.28,Aokage,Noozanfaamu,Kaneko Masato,87237000.0,31.0,6.0,1
0000996984,Naikimadoriido,牡6,,2006.05.17,Kage,Shimokoubebokujou,Ono Seiji,229995000.0,58.0,17.0,1
0000298453,Vinteejiiyaa,牡3,,1995.05.23,Kurige,Shadaifaamu,Hatakeyama Makoto,31288000.0,115.0,14.0,1
0001105326,Daiwamajjoore,牡3,,2009.01.17,Kage,Shadaifaamu,Suzuki Masatoshi,300578000.0,42.0,7.0,1
0001106616,Kairuaromansu,牝3,,,,,,0.0,0.0,0.0,1
0001101417,Chanpionyamato,牡3,,2009.03.07,Kage,Yagi Tsunerou,Tsubonotani Wahei,25620000.0,27.0,4.0,1
0001105761,Waidobahha,牡3,,2009.04.30,Kage,Yagi Tsunerou,Habata Kyouko,171971000.0,32.0,7.0,1
0000995233,Runakizzu,牡6,,2006.04.16,Kurige,Kamimura Kiyoshi,Hatake Seisuke,86250000.0,38.0,5.0,1
0001055935,Ooserowa,せん6,,,,,,0.0,0.0,0.0,1
0000886300,Buruuminbaa,牝7,,2005.03.22 21歳,Kage,Shadaifaamu,Moroe Sachisuke,145441000.0,36.0,7.0,1
0001104899,Hanazugooru,牝3,,2009.04.24 17歳,Kurige,Fujibokujou,M.Tabaato,145267000.0,24.0,5.0,1
0001107343,Supiikusofutorii,牝3,,2009.04.09 17歳,Kage,Daaree・Japan・Faamuyuugengaisha,H.H.Shieiku・Mohamedo,60750000.0,23.0,4.0,1
0001109923,Toohouamapoora,牝3,,2009.01.29 17歳,Kurige,Takeshima Kouji,Touhoubussan (Kabu),143212000.0,24.0,6.0,1
0001110786,Uinguzamuun,牝3,,,,,,0.0,0.0,0.0,1
0001104161,Abushinberu,牝3,,,,,,0.0,0.0,0.0,1
0001102546,Supikashichii,牝3,,2009.04.05,Kage,Horomurabokujou,(Kabu) Tomoshunhoosukurabu,1591000.0,29.0,1.0,1
0001102782,Fukunohatsuhime,牝3,,2009.02.26,Kage,Banbuubokujou,Fukushima Mi,10700000.0,11.0,1.0,1
0001110856,Intouzasutoomu,牝3,,,,,,0.0,0.0,0.0,1
0001102976,Shounanmao,牝3,,2009.03.21 17歳,Kage,(Ari)Shadaikooporeeshonshiraoifaamu,Kunimoto Tesshuu,33998000.0,22.0,3.0,1
0001103291,Sorurevante,牡3,,2009.02.26,Kage,Yanobokujou,(Kabu) Hidaka・Buriidaazu・Yunion,72061000.0,16.0,4.0,1
0001105315,Ekisutoraendo,牡3,,,,,,0.0,0.0,0.0,1
0001110458,Fenoomeno,牡3,,2009.04.20,Aokage,Oiwakefaamu,(Ari) Sandeereeshingu,629108000.0,18.0,7.0,1
0001110474,Meishoukadomatsu,牡3,,2009.04.25,Kurige,Mishimabokujou,Matsumoto Yoshio,144966000.0,28.0,5.0,1
0001110966,Jonguruuru,牡3,,2009.05.04,Kuroshikage,Shadaifaamu,Yoshida Teruya,58736000.0,15.0,3.0,1
0001103823,Sairentosatadee,牡3,,2009.06.06,Kage,Shadaifaamu,Yoshida Teruya,16808000.0,7.0,2.0,1
0001108499,Taiseisuteingu,牡3,,2009.03.24,Kurige,Bandamubokujou,Tanaka Seihou,94540000.0,25.0,5.0,1
0001107370,Burisuauto,牡3,,2009.05.18,Kage,Shadaifaamu,(Ari) Shadaireesuhoosu,27516000.0,7.0,3.0,1
0000324976,Setoburijji,牡3,,1998.03.17,Kage,Shadaifaamu,Kimura Yoshiaki,6892000.0,22.0,3.0,1
0000887573,Agunesuranappu,牡7,,,,,,0.0,0.0,0.0,1
0000990079,Yamaichikomando,牡6,,2006.05.27,Kuroshikage,Sasaki Ryuuki,Sakamoto Hajime,22354000.0,46.0,3.0,1
0001044041,Toppushinowaazu,牡5,,2007.05.05,Kurige,Ono Kazuyoshi,(Ari) Miyauchibokujou,15500000.0,11.0,1.0,1
0001113135,Satonojorii,牝3,,2009.04.15 17歳,Aokage,Shimokoubebokujou,Satomi Osamu,42430000.0,31.0,2.0,1
0001109061,Reddokuraudia,牝3,,2009.04.04 17歳,Kurige,Noozanfaamu,(Kabu) Toukyouhoosureeshingu,108324000.0,24.0,5.0,1
0001109022,Makotonawaratana,牝3,,2009.01.27,Kage,Noozanfaamu,(Kabu) Diamanto,139685000.0,35.0,5.0,1
0001105729,Kosumoruushii,牝3,,2009.03.04,Kuroshikage,Souta Hideyuki,(Ari) Biggureddofaamu,16100000.0,20.0,2.0,1
0001106369,Daamudourakku,牝3,,2009.04.08 17歳,Kage,Shimoyashikibokujou,Sakakibara Gen'Ichirou,23231000.0,10.0,2.0,1
0001110888,Sakusesusereene,牝3,,2009.01.19 17歳,Kuroshikage,Yuugengaisha Yoshidafaamu,Takashima Satoshi,21920000.0,19.0,2.0,1
0001103990,Meishousuzanna,牝3,,2009.04.27 17歳,Kage,Hokuseimuratabokujou,Matsumoto Yoshitaka,137363000.0,45.0,5.0,1
0001103934,Sankyuuasuku,牝3,,2009.05.30 17歳,Kuroshikage,Fujiwarabokujou,Hirosaki Toshihiro,50838000.0,15.0,3.0,1
0001110597,Kyatorufiiyu,牝3,,,,,,0.0,0.0,0.0,1
0001106398,Burijjikuraimu,牝3,,2009.03.06 17歳,Kage,Shadaifaamu,Yoshida Teruya,110964000.0,31.0,4.0,1
0001110861,Seshiria,牝3,,2009.03.15 17歳,Kurige,Amoubokujou,Tadokoro Eiko,32900000.0,26.0,2.0,1
0001110761,Rasuvenchurasu,牝3,,2009.03.08 17歳,Kage,Shadaifaamu,Nishimi Tetsuya,74617000.0,28.0,4.0,1
0001110021,Koriinu,牝3,,2009.04.03,Kage,Noosuhiruzumanejimento,(Kabu) Noosuhiruzu,52848000.0,31.0,3.0,1
0001102604,Miyakomanhattan,牝3,,2009.03.30 17歳,Kage,Kineusubokujou,Yoshida Kiyoshi,71668000.0,30.0,4.0,1
0001109528,Chaachikuwaia,牝3,,2009.02.01 17歳,Kurige,Noozanfaamu,(Ari) Sandeereeshingu,68176000.0,27.0,4.0,1
0001103801,Sukaareru,牝3,,2009.03.09 17歳,Kurige,Shadaifaamu,Yoshida Teruya,38754000.0,16.0,4.0,1
0001106388,Goorudenpoketto,牝3,,2009.05.31,Kurige,Deguchibokujou,Deguchi Toshikazu,6125000.0,24.0,1.0,1
0001110388,Kinguoburoo,牡3,,,,,,0.0,0.0,0.0,1
0001111171,Kizuma,牡3,,,,,,0.0,0.0,0.0,1
0001107291,Reezaainpakuto,牡3,,2009.03.31,Kage,Pakapakafaamu,Sugiyama Tadakuni,20800000.0,23.0,3.0,1
0001110035,Shieaasumairu,牝3,,2009.05.04 17歳,Kurige,Kanobokujou,Kobayashi Hideki,35100000.0,12.0,3.0,1
0001106411,Kinshizairu,牡3,,,,,,0.0,0.0,0.0,1
0001107756,Meishouhidetada,牡3,,2009.03.12,Kuroshikage,Oukurabokujou,Matsumoto Yoshio,137825000.0,57.0,8.0,1
0001103395,Satonogyaranto,牡3,,2009.02.13,Kuroshikage,Shadaifaamu,(Kabu) Satomihoosukanpanii,200709000.0,38.0,8.0,1
0001106787,Biibiijapan,牡3,,2009.03.11,Kurige,Yamagiwa Satoru,(Ari) Bandoubokujou,38753000.0,12.0,3.0,1
0000006859,Banzai,牡3,,1959.03.22,Kage,,Souma,6150000.0,25.0,5.0,1
0000619382,Zerosu,牡3,,1999.04.01,Kage,Kamimizubokujou,Takase Makototakashi,4650000.0,20.0,2.0,1
0001104035,Shounankanmuri,牡3,,2009.04.18,Kage,Amoubokujou,Kunimoto Tesshuu,47823000.0,15.0,3.0,1
0001103811,Satonopuraimashii,牡3,,2009.05.06,Kage,Shadaifaamu,Satomi Osamu,79534000.0,17.0,5.0,1
0001104588,Kouyuusamurai,牡3,,2009.04.06,Kurige,Toda Yuriko,Kajiya Sadamitsu,66680000.0,47.0,8.0,1
0001095718,Kosumorobin,牡4,,2008.05.28,Kage,Nakamura Toshinori,(Ari) Biggureddofaamu,115197000.0,31.0,5.0,1
マウントシャスタ,Mauntoshasuta,牡3,,,,,,,,,1
0001110811,Kurosukappuringu,牡3,,,,,,0.0,0.0,0.0,1
0001108623,Mainerukaamin,牡3,,2009.03.08,Kuroshikage,Tayubokujou,Kouzan Ryuuji,25647000.0,50.0,2.0,1
0001104340,Easomyuuru,牡3,,,,,,0.0,0.0,0.0,1
0000015920,Eroika,牡3,,,,,,0.0,0.0,0.0,1
0001043767,Toosen'Adomiraru,牡5,,2007.05.02,Kage,Shadaifaamu,Shimakawa Takaya,166904000.0,46.0,12.0,1
0001043327,Maineruoberisuku,牡5,,2007.03.31,Kage,Akaishi Hisao,(Kabu) Sarabureddokurabu・Rafian,82419000.0,27.0,5.0,1
0001094329,Aifaasongu,牡4,,,,,,0.0,0.0,0.0,1
0001048509,Bururokku,牡5,,2007.05.21,Kage,Yuugengaisha Rekishintonfaamu,Kobayashi Hideki,81034000.0,52.0,6.0,1
0001093456,Agunesuuisshu,牡4,,,,,,0.0,0.0,0.0,1
0001089694,Sakuragosuperu,牡4,,2008.04.04,Kuroshikage,Yamadabokujou,Yamada Yoshiaki,313174000.0,38.0,10.0,1
0001110454,Karenburakkuhiru,牡3,,,,,,0.0,0.0,0.0,1
0001104799,Seikurettoreevu,牡3,,2009.03.12,Kage,Shinkoofaamu,Kajiwara Tetsurou,109234000.0,60.0,6.0,1
0001103140,Fesuteivutaroo,牡3,,2009.04.09,Kurige,Ogura Mitsuhiro,Usui Yoshitarou,104679000.0,28.0,5.0,1
0001103983,Roodoradianto,牡3,,2009.03.07,Kage,Nakagawa Hironori,(Kabu) Roodohoosukurabu,22639000.0,11.0,2.0,1
0001111048,Pararasaruu,牝3,,2009.01.19 17歳,Kage,(Ari)Shadaikooporeeshonshiraoifaamu,(Kabu) G1Reeshingu,56462000.0,6.0,4.0,1
0001089745,Kosumosoyuuzu,牡4,,2008.05.08,Kurige,Maakuribokujou,(Ari) Biggureddofaamu,85182000.0,37.0,1.0,1
0000988187,Toosen'Oopasu,せん6,,2006.05.02,Kage,Noozanfaamu,Shimakawa Takaya,83716000.0,35.0,5.0,1
0000003178,Seiei,牡4,,1954.03.26,Kage,,Tajima,1288000.0,38.0,4.0,1
0001109576,Shirubaaueibu,牡3,,2009.03.14,Kurige,Shadaifaamu,Tanikakari Tatsuo,16773000.0,3.0,2.0,1
0001050337,Rabufuuru,牝5,,2007.02.24 19歳,Kuroshikage,Nittabokujou,Kobayashi Ryuutarou,72039000.0,19.0,4.0,1
0001096604,Esukanaaru,牝4,,,,,,0.0,0.0,0.0,1
0001043486,Toukairaifu,牝5,,2007.02.21 19歳,Kuroshikage,Koutomibokujou,Uchimura Seisoku,54390000.0,38.0,4.0,1
0001106821,Daiwadessee,牝3,,2009.03.14 17歳,Kurige,Fujiwarafuaamu,Ooshiro Keizou,50948000.0,25.0,3.0,1
0001110816,Sekondopiatto,牝3,,2009.04.10 17歳,Kage,Shadaifaamu,(Ari) Shadaireesuhoosu,56682000.0,13.0,3.0,1
0000298225,Goorudennanbaa,牝3,,1995.04.29,Ashige,Yuutopiabokujou,(Ari) Yuutopiabokujou,24722000.0,35.0,1.0,1
0001107511,Uingudouiiru,牝3,,,,,,0.0,0.0,0.0,1
0001143451,An'Avenjido,牝3,,,,,,0.0,0.0,0.0,1
0001110796,Furagoriine,牝3,,2009.04.20 17歳,Kage,Noozanfaamu,(Ari) Kyarottofaamu,13040000.0,11.0,1.0,1
0001106210,Aradovaru,牝3,,,,,,0.0,0.0,0.0,1
0000614217,Reddomaakyurii,牝3,,1999.04.01,Kage,Sasaki Naotaka,Arai Satoshi,2140000.0,17.0,0.0,1
0001047582,Doriimubasuketto,牡5,,2007.05.22,Kurige,Araifaamu,Saitou Hidefumi,119539000.0,62.0,10.0,1
0001107971,Suterauindo,牡3,,2009.03.01,Kuroshikage,Kineusubokujou,Maeda Kouji,159136000.0,32.0,6.0,1
0001101510,Yamaninfarao,牡3,,2009.02.12,Kurige,Nishikiokabokujou,Tsuchii Hajime,54704000.0,13.0,2.0,1
0001103780,Tamurotoppusutei,牡3,,2009.03.31,Kurige,Mejirobokujou,Taniguchi Ton,23433000.0,13.0,2.0,1
0001103813,Kuranmontana,牡3,,,,,,0.0,0.0,0.0,1
0001106478,Kapooteisutaa,牡3,,,,,,0.0,0.0,0.0,1
0001106460,Shirukukingurii,牡3,,2009.03.01,Kage,Mishimabokujou,Maeda Toshifumi,45029000.0,38.0,4.0,1
0000330668,Mirudoriimu,牡3,,1998.05.11,Kage,Yamamoto Tsuusoku,Aoki Yoshiaki,2690000.0,38.0,0.0,1
0001101672,Sakajirooo,牡3,,2009.03.02,Kurige,Chibaiidabokujou,Takeuchi Sannen,52423000.0,21.0,3.0,1
0001111012,Danongoorudo,牡3,,2009.03.06,Kuroshikage,Shadaifaamu,(Kabu) Danokkusu,142830000.0,30.0,8.0,1
0001103927,Sanmarudeyuuku,牡3,,2009.04.03,Kuroshikage,Tabatabokujou,Souma Isami,150119000.0,61.0,7.0,1
0001040845,Toukaiparadaisu,牡5,,2007.04.12,Kuroshikage,Biratoribokujou,Uchimura Seisoku,199517000.0,36.0,6.0,1
0001103854,Toosenhomareboshi,牡3,,2009.03.23 17歳,Kage,Noozanfaamu,Shimakawa Takaya,115882000.0,7.0,3.0,1
0001109693,Kukuinattsurei,牡3,,,,,,0.0,0.0,0.0,1
0001102429,Adomaiyabaraado,牡3,,,,,,0.0,0.0,0.0,1
0000197358,Purofessaa,牡3,,1987.04.19,Ashige,Shiraibokujou,Shirai Fusa,2260000.0,2.0,0.0,1
0001110518,Nyuudainasutei,牡3,,2009.02.16,Kage,(Ari)Shadaikooporeeshonshiraoifaamu,(Ari) Sandeereeshingu,119796000.0,34.0,5.0,1
0001105549,Taninoshuvarie,牡3,,2009.02.11,Aoge,Kantoriibokujou,Toyohara Junya,43364000.0,23.0,3.0,1
0001101689,Vansennu,牡3,,2009.04.11 17歳,Kage,(Ari)Shadaikooporeeshonshiraoifaamu,(Ari) Shadaireesuhoosu,160942000.0,16.0,6.0,1
0001105967,Obiidiento,牡3,,,,,,0.0,0.0,0.0,1
0000013883,Ganjisu,牡3,,,,,,0.0,0.0,0.0,1
0001105105,Mejaaasuriito,牡3,,2009.05.02,Kurige,Yuugengaisha Matsudabokujou,Tomita Fujio,75246000.0,101.0,3.0,1
0001048110,Reopuraimu,牡5,,2007.03.29,Kage,Sakaibokujou,(Kabu) Reo,88056000.0,21.0,5.0,1
0000988264,Onwaadoshieruta,牡6,,,,,,0.0,0.0,0.0,1
0001044307,Ribateibaransu,牡5,,2007.03.13,Kuroshikage,Shadaifaamu,Okabayashi Eiyuu,78306000.0,46.0,13.0,1
0001103388,Daiwazuumu,牝3,,2009.02.08 17歳,Kurige,Shadaifaamu,Ooshiro Keizou,72198000.0,31.0,4.0,1
0001109228,Kokorochirari,牝3,,2009.03.31 17歳,Kurige,Shadaifaamu,(Kabu) Birionsutaa,14114000.0,4.0,1.0,1
0000882685,Ainokaze,牡7,,2005.04.20,Kage,Murakamifaamu,Maruoka Keiichi,48044000.0,45.0,3.0,1
0001091742,Eapootomesa,牡4,,,,,,0.0,0.0,0.0,1
0000381137,Guroriasudeizu,せん5,,,,,,0.0,0.0,0.0,1
0001106528,Oosumiichiban,牡3,,,,,,0.0,0.0,0.0,1
0001105447,Nekutaru,牡3,,2009.03.10,Kurige,Noozanfaamu,(Ari) Kyarottofaamu,20900000.0,4.0,2.0,1
0001106665,Kingubureiku,牡3,,,,,,0.0,0.0,0.0,1
0001103761,Meisunkyaputen,牡3,,2009.03.23,Kurige,Kimurabokujou,Umemura Hiroshi,56855000.0,38.0,3.0,1
0001104265,Veruteigo,牡3,,2009.04.26,Aokage,Tsutsumibokujou,Shimada Kyuu,15240000.0,15.0,2.0,1
0000303555,Doriimukonsaato,牡3,,1996.04.16,Ashige,Matobabokujou,Miyamoto Susumu,0.0,0.0,0.0,1
0001131150,Shinborienpaia,牡3,,2009.02.18,Kuroshikage,Takahiro Wada,Shinboribokujou,79142000.0,22.0,5.0,1
0001042753,Denkouokutopasu,牡5,,2007.04.12,Kage,Mikamibokujou,Tanaka Yasuhiro,195137000.0,36.0,9.0,1
0001047354,Toushinboruto,牡5,,2007.01.28,Kuroshikage,Shadaifaamu,(Kabu) Satoo,74069000.0,40.0,2.0,1
0000323297,Iijiiuin,牡5,,,,,,0.0,0.0,0.0,1
0000994742,Aratamapoketto,牡6,,,,,,0.0,0.0,0.0,1
0001050189,Kurisumadonna,牝5,,,,,,0.0,0.0,0.0,1
0001048130,Bosutonpurachina,牡5,,2007.04.16,Aokage,Urashin Tokuji,Bosutonhoosu (Kabu),39540000.0,53.0,1.0,1
0000251257,Kurisumasukyaroru,牝5,,,,,,0.0,0.0,0.0,1
0001040703,Taikieiwan,牝5,,2007.02.06 19歳,Kuroshikage,Yuugengaisha Bikutoriifaamu,(Ari) Taijufaamu,43676000.0,29.0,3.0,1
0001090600,Supesharupiisu,牝4,,2008.02.04 18歳,Kurige,Shimokoubebokujou,(Ari) Shimokoubebokujou,21412000.0,27.0,2.0,1
0000988846,Rejiendoburuu,牝6,,2006.03.02 20歳,Kage,Ogura Mitsuhiro,Hirakawa Hiroyuki,113663000.0,43.0,5.0,1
0000997095,Bisukaya,牝6,,2006.03.26,Kuroshikage,Morinaga Masashi,Yamauchi Kunikazu,64934000.0,45.0,3.0,1
0001043794,Miorichan,牝5,,2007.05.04 19歳,Ashige,Shadaifaamu,Seya Takao,65537000.0,23.0,4.0,1
0001109133,Fainarufoomu,牡3,,2009.03.11,Kage,Shadaifaamu,(Ari) Shadaireesuhoosu,89747000.0,10.0,3.0,1
0001106956,Operadanshingu,牡3,,,,,,0.0,0.0,0.0,1
0001107653,Kuriirukaizaa,牡3,,,,,,0.0,0.0,0.0,1
0001104800,Roodoakureimu,牡3,,2009.05.11,Kage,Keiaifaamu,(Kabu) Roodohoosukurabu,38360000.0,8.0,2.0,1
0000009462,Haikuraun,牡3,,1962.04.18,Tochikurige,,Ueda,0.0,1.0,0.0,1
0001103228,Sanreireezaa,牡3,,2009.04.23,Kage,Okanobokujou,Nagai Keiji,160846000.0,34.0,7.0,1
0001102806,Taiseiguruuvi,牡3,,2009.02.11,Kage,Hidakataiyoubokujou,Tanaka Seihou,65701000.0,45.0,3.0,1
0000226428,Doriimutorein,牡3,,1989.04.30,Kuroshikage,Kyoueikumiai,Yamamoto Tsukasa,8776000.0,48.0,6.0,1
0000994119,Ooruburannyuu,牝6,,,,,,0.0,0.0,0.0,1
0000805785,Akinopanchi,牡8,,,,,,0.0,0.0,0.0,1
0000996864,Isenosubaru,牡6,,,,,,0.0,0.0,0.0,1
0001043954,Hottochiripeppaa,牡5,,2007.04.17,Ashige,Shadaifaamu,(Kabu) Faasutobijon,38635000.0,57.0,6.0,1
0000997033,Toshikyandi,牝6,,2006.04.17 20歳,Kage,Urakawakobayashibokujou,Kamimura Kanou,112118000.0,38.0,12.0,1
0001092950,Teikuabetto,牡4,,2008.04.01,Kage,Hidakafuaamu,Katou Shu,95938000.0,19.0,6.0,1
0000989106,Danon'Erimotoppu,牡6,,2006.03.19,Kage,Ekuserumanejimento,(Kabu) Danokkusu,69601000.0,30.0,5.0,1
0001041005,Tanjiburuasetto,牡5,,2007.02.27,Kage,Tagamifaamu,Adachi Masahiko,96661000.0,33.0,5.0,1
0001095274,Nishiodoriimu,牡4,,2008.04.05,Kuroshikage,Nakajimabokujou,Nishio Umarou,69925000.0,23.0,5.0,1
0001120692,Sutookuandorei,牝2,,2010.02.22 16歳,Ashige,Orientobokujou,Honma Shigeru,55667000.0,27.0,2.0,1
0001124624,Kosumoshirubaado,牡2,,2010.03.19,Ashige,Nibutanifaamu,Suzuki Yoshio,22166000.0,5.0,1.0,1
0001126023,Teiihaafu,牡2,,2010.04.18,Kurige,Daaree・Japan・Faamuyuugengaisha,Godorufin,239639000.0,51.0,7.0,1
0001124405,Rogotaipu,牡2,,2010.03.10 16歳,Kuroshikage,Shadaifaamu,Yoshida Teruya,583011000.0,28.0,6.0,1
0001122281,Attouiru,牡2,,,,,,0.0,0.0,0.0,1
0001126891,Toruukumakuto,牡2,,2010.04.14,Kage,Bandamubokujou,(Ari) Mirufaamu,106202000.0,62.0,5.0,1
0001124281,Konaburyuwaazu,牝2,,2010.03.22 16歳,Kuroshikage,Noozanfaamu,(Ari) Sandeereeshingu,64182000.0,18.0,4.0,1
0000045498,Jiiburakku,牝2,,1971.04.20,Kage,,Fukuda Akiji,12439000.0,45.0,2.0,1
0001124605,Shiigiriyagaaru,牝2,,2010.04.14,Kurige,Shinseifaamu,(Ari) Biggureddofaamu,33993000.0,34.0,4.0,1
0001122323,Taganohapinesu,牝2,,2010.05.29,Kage,Yuugengaishaniikapputaganofaamu,Yagi Ryouji,24963000.0,20.0,3.0,1
0001123567,Roogansafaia,牝2,,2010.02.01 16歳,Kage,Noozanfaamu,(Ari) Kyarottofaamu,67938000.0,26.0,4.0,1
0001123193,Miitaroo,牡2,,2010.03.16,Kurige,Shizunaisakaibokujou,Kobayashi Sachiaki,24287000.0,48.0,7.0,1
0001118998,Etaanarumuun,牝2,,,,,,0.0,0.0,0.0,1
0001125710,Iisanheiroo,牡2,,,,,,0.0,0.0,0.0,1
0001123064,Taiseirobarii,牡2,,2010.04.04,Aokage,Honkiribokujou,Tanaka Seihou,8500000.0,5.0,1.0,1
0001126515,Diaseruvisu,牡2,,2010.05.01,Kage,Ichinokamibokujou,Diaresuto,41853000.0,22.0,2.0,1
0000883939,Toransuwaapu,せん7,,2005.03.07,Kage,Noozanfaamu,(Ari) Kyarottofaamu,188757000.0,26.0,7.0,1
0000996638,Supurasshuendo,牡6,,2006.04.24,Kurige,Mishimabokujou,Hirooreesu (Kabu),68356000.0,28.0,4.0,1
0000887132,Noborideyuuku,牡7,,2005.03.22,Aoge,Kineusubokujou,Harada Yutaka,77817000.0,49.0,5.0,1
0001088983,Reegan,牡4,,2008.04.21,Aokage,Yokoi Satoshi,Shigematsu Kuniken,29610000.0,30.0,2.0,1
0001040095,Roorerurevaata,せん5,,2007.04.14,Kage,Wakabayashibokujou,Wakasugi Kyou,44554000.0,72.0,7.0,1
0001088449,Bosutonryouma,牡4,,2008.03.04,Aokage,Miyauchibokujou,Kikuchi Shousamurai,49617000.0,82.0,4.0,1
0000996894,Eruchokoreeto,牡6,,,,,,0.0,0.0,0.0,1
0001046179,Vandaraizu,牡5,,2007.05.01,Kurige,Shinkoofaamu,Maeda Kouji,85897000.0,33.0,6.0,1
0001107477,Hokkootarumae,牡3,,2009.05.26 17歳,Kage,Ichikawafuaamu,Kitasachishouji (Kabu),1078706000.0,36.0,17.0,1
0001108831,Namurabikutaa,牡3,,2009.05.16,Kage,Itoubokujou,Kawamura Hatsumi,246936000.0,33.0,7.0,1
0001143450,Ijigen,牡3,,,,,,0.0,0.0,0.0,1
0001105514,Meteoraito,牡3,,2009.04.18,Kurige,Noozanfaamu,Iwabuchi Mizuo,46279000.0,61.0,3.0,1
0001112865,Vannuuvoo,牡3,,2009.05.01,Kage,Daaree・Japan・Faamuyuugengaisha,H.H.Shieiku・Mohamedo,100641000.0,33.0,6.0,1
0001111255,Furiitosutoriito,牡3,,2009.04.10,Ashige,Daaree・Japan・Faamuyuugengaisha,H.H.Shieiku・Mohamedo,112107000.0,24.0,6.0,1
0001109405,Tamaburakkuhooru,牡3,,2009.05.07,Kuroshikage,Saitou Angyou,Tamai Tsurue,92952000.0,29.0,4.0,1
0001102029,Antoniopisa,牡3,,,,,,0.0,0.0,0.0,1
0001104667,Daiwasupankii,牡3,,2009.04.12,Kurige,Chiyodabokujou,Ooshiro Keizou,27350000.0,13.0,4.0,1
0001104214,Adomaiyarei,牡3,,,,,,0.0,0.0,0.0,1
0000117253,Asupekuto,牡3,,,,,,0.0,0.0,0.0,1
0001047110,Tamurosukai,牡5,,2007.05.08,Kurige,Suwabokujou,Taniguchi Ton,166671000.0,53.0,6.0,1
0001047394,Gurandochaperu,牡5,,,,,,0.0,0.0,0.0,1
0000805002,Kanesurafaaru,牡8,,,,,,0.0,0.0,0.0,1
0000885482,Nihonpirokiribasu,せん7,,2005.05.10,Tochikurige,Kineusubokujou,Kobayashi Hyakutarou,31948000.0,37.0,4.0,1
0001044259,Bonjuuruhikari,牡5,,2007.03.01,Kurige,Kamimizubokujou,Tanaka Zenjirou,32513000.0,28.0,5.0,1
0001093283,Oueiroburoi,牡4,,,,,,0.0,0.0,0.0,1
0000996192,Sumaatokanpanii,せん6,,2006.05.20,Kage,Daiichibokujou,(Ari) Taiyuu,11936000.0,38.0,4.0,1
0000885742,Shirukudainasutei,牡7,,2005.03.22,Kurige,Hiwatari Nobuyoshi,Shimoda Masaichi,82737000.0,53.0,7.0,1
0001043551,Googooshunsuke,牡5,,2007.03.10,Kurige,Kin Kouji,Fujinuma Toshio,15600000.0,18.0,2.0,1
0001092555,Teiemuraijin,牡4,,2008.05.29,Kurige,Kyouyuubokujou,Takezono Masatsugu,19080000.0,18.0,1.0,1
0001043694,Ryunnu,牝5,,2007.04.07 19歳,Kage,Tagamifaamu,Yoshida Osamu,73926000.0,27.0,5.0,1
0000267801,Bosuton'Enperaa,牡4,,1993.04.08,Kurige,Shiraibokujou,Bosutonhoosu (Kabu),87552000.0,38.0,3.0,1
0001096464,Roomanrejiendo,牡4,,2008.02.24,Kuroshikage,Shadaifaamu,Oota Shu(Kurikaesi)Ko,361194000.0,29.0,10.0,1
0001122937,Zarasutoro,牡2,,2010.02.14,Kage,Matsudabokujou,Takahashi Takashi,48714000.0,35.0,2.0,1
0001127145,Nourejji,牡2,,2010.01.23,Kage,Daaree・Japan・Faamuyuugengaisha,H.H.Shieiku・Mohamedo,116934000.0,31.0,5.0,1
0001121495,Saundoriaana,牝2,,2010.03.26 16歳,Kuroshikage,Suijou Shuutakashi,Masuda Yuuichi,75649000.0,20.0,3.0,1
0001121802,Meishouoozeki,牡2,,2010.03.26,Kage,Yanagawabokujou,Kobashi Ryouta,59719000.0,95.0,9.0,1
0001126145,Karafuruburassamu,牝2,,,,,,0.0,0.0,0.0,1
0001125364,Shigeruirukaza,牡2,,2010.02.22,Kuroshikage,Takahashi Osamu,Morinaka Ban,9300000.0,3.0,1.0,1
0001126837,Rojiuesuto,牝2,,2010.03.30 16歳,Kage,Orientobokujou,Kumeda Masaaki,7000000.0,11.0,1.0,1
0001123692,Yukinoyuudan,牡2,,2010.03.18,Kurige,Torasutosuriifaamu,Ashi Nobuo,26569000.0,34.0,1.0,1
0001126705,Toosenredi,牝2,,2010.02.09,Kurige,Hattori Bokujou,Shimakawa Takaya,23114000.0,44.0,6.0,1
0000171313,Mooningukooru,牝2,,1984.05.10,Kage,Yutakahiroshibokujou,Furukawa Kaji,1540000.0,12.0,0.0,1
0001122326,Shounan'Ankaa,牡2,,2010.02.18,Kurige,Shizunaifuaamu,Hiromura Norirou,14463000.0,45.0,4.0,1
0001121744,Taganorarufu,牡2,,2010.01.21,Aokage,(Ari)Shadaikooporeeshonshiraoifaamu,Yagi Ryouji,33450000.0,24.0,3.0,1
0001117775,Efuteichaamii,牝2,,,,,,0.0,0.0,0.0,1
0001124960,Saundoadobaisu,牝2,,2010.03.20 16歳,Kurige,Taiheibokujou,Katou Shu,49468000.0,31.0,3.0,1
0000613537,Minaretto,牝2,,1999.03.23,Kage,Kugitafuaamu,Kugita Seigi,15722000.0,33.0,2.0,1
0001122131,Kosumoriipuringu,牝2,,2010.03.08 16歳,Kage,Heihatabokujou,(Ari) Biggureddofaamu,19399000.0,29.0,1.0,1
0001125949,Kuraun'Atorasu,牡2,,,,,,0.0,0.0,0.0,1
0001125138,Nanyookengoo,牡2,,2010.03.13,Kage,Hidakataiyoubokujou,Sugiura Kazuya,58694000.0,52.0,4.0,1
0001096728,Shupuriimugifuto,牝4,,2008.03.16 18歳,Aokage,Noozanfaamu,(Ari) Sandeereeshingu,116065000.0,25.0,5.0,1
0001047153,Daimeizakura,牝5,,2007.04.24,Kage,Nakada Hiromi,Miyamoto Kouichi,77482000.0,39.0,4.0,1
0001120116,Kodiino,牡2,,2010.02.15,Kuroshikage,Noozanfaamu,(Ari) Sandeereeshingu,162294000.0,11.0,3.0,1
0001120085,Raundowaarudo,牡2,,2010.05.07,Kage,(Ari)Shadaikooporeeshonshiraoifaamu,(Kabu) G1Reeshingu,63872000.0,15.0,3.0,1
0001119223,Edenrokku,牡2,,,,,,0.0,0.0,0.0,1
0001125951,Gurandeamoore,牝2,,,,,,0.0,0.0,0.0,1
0001123075,Toosenpawafuru,牡2,,2010.03.21,Kage,Noozanfaamu,Shimakawa Takaya,33311000.0,48.0,2.0,1
0001119415,Buririantoasuku,牝2,,2010.03.17,Kage,Kawakamibokujou,Hirosakitoshihirohd (Kabu),50867000.0,32.0,4.0,1
0001124140,Maineruhouou,牡2,,2010.04.23,Kurige,Hikarubokujou,(Kabu) Sarabureddokurabu・Rafian,174496000.0,28.0,4.0,1
0001119640,Aporokaaneru,せん2,,,,,,0.0,0.0,0.0,1
0001126797,Tamamokonpasu,牡2,,2010.02.27,Kuroshikage,Okadabokujou,Tamamo (Kabu),7000000.0,6.0,1.0,1
0001122916,Jieneraruguranto,牡2,,2010.04.12,Kuroshikage,Noozanfaamu,(Ari) Sandeereeshingu,90288000.0,26.0,6.0,1
0001123100,Roodokuraviusu,牡2,,2010.05.03,Kage,Sakai Hideki,(Kabu) Roodohoosukurabu,16857000.0,10.0,2.0,1
0001123346,Makototanhoizaa,牡2,,2010.05.28,Aokage,Deguchi Shigeo,Hoshiyama Nobuko,8675000.0,36.0,3.0,1
0001095483,Satonopansaa,牡4,,2008.03.24,Kage,Fujiwarafuaamu,Satomi Osamu,90663000.0,30.0,5.0,1
0001144663,Mainerueteruneru,牡2,,2010.04.05,Kurige,Redpender Stud Ltd,(Kabu) Sarabureddokurabu・Rafian,134213000.0,37.0,4.0,1
0001124234,Kuraunregaaro,牡2,,,,,,0.0,0.0,0.0,1
0001121166,Ravaazupointo,牝2,,2010.03.27 16歳,Aokage,Shouwabokujou,Miyake Katsutoshi,130848000.0,42.0,4.0,1
0001126577,Eeshinsenoote,牝2,,,,,,0.0,0.0,0.0,1
0001126877,Suiitodoonattsu,牡2,,2010.02.09,Kuroshikage,Shinboribokujou,Baba Sanshirou,25670000.0,46.0,2.0,1
0001121074,Keiaiuirugoo,牝2,,2010.02.10,Kage,Satake Gaku,Kameda Kazuhiro,49561000.0,23.0,3.0,1
0001126575,Sumaatoarenji,牝2,,2010.04.19 16歳,Kage,Yuugengaisha Taisakusuteeburu,Iwabuchi Mizuo,51907000.0,49.0,6.0,1
0001126335,Meishouyuudachi,牝2,,2010.03.25,Kurige,Isonobokujou,Matsumoto Yoshio,11600000.0,5.0,1.0,1
0001120040,Kurofunesapuraizu,牝2,,,,,,0.0,0.0,0.0,1
0001118161,Marushigesamurai,牡2,,2010.04.09,Kurige,Nakanofaamu,(Kabu) Faasutobijon,12261000.0,65.0,2.0,1
0001122699,Jienekuraaju,牡2,,2010.03.04,Kurige,Mikitabokujou,Katou Makoto,12800000.0,19.0,1.0,1
0001126931,Mejaaminoru,牡2,,2010.03.22,Kurige,Fujiwarafuaamu,Yoshioka Jitsu,8100000.0,4.0,1.0,1
0001123516,Pinzoro,牡2,,2010.03.20,Kurige,Nakajimabokujou,Nishimori Tsuru,20098000.0,11.0,2.0,1
0001124839,Epika,牝2,,,,,,0.0,0.0,0.0,1
0001123842,Teiemushingun,牡2,,2010.03.31,Kage,Gurandobokujou,Takezono Masatsugu,12200000.0,19.0,1.0,1
0001122237,Mainevaizaa,牝2,,2010.02.14,Kuroshikage,Biggureddofaamu,Daikoku Fumiko,17289000.0,158.0,18.0,1
0000891056,Naritashatoru,牡7,,2005.03.15,Kuroshikage,Taiyoubokujou,(Kabu) Oosumi,112484000.0,54.0,5.0,1
0001089232,Mozuharikeen,牡4,,2008.04.13,Kurige,Bandamubokujou,Kitagawa Masashi,60858000.0,27.0,5.0,1
0000988889,Toushoudezaia,牡6,,2006.04.29,Kage,Toushousangyoukabushikigaishatoushoubokujou,Toushousangyou (Kabu),100368000.0,44.0,7.0,1
0000053182,Koueikingu,せん4,,1972.04.28,Kage,Kobayashi Beishun,Nishioka Shizuo,62590000.0,65.0,7.0,1
0001111031,Sanmarukuiin,牝3,,2009.03.23 17歳,Kurige,Sasajima Masanobu,Souma Isami,63730000.0,28.0,4.0,1
0001106661,Suzukauindaa,牝3,,2009.04.20,Kage,Okanobokujou,Nagai Keiji,9302000.0,24.0,7.0,1
0001103964,Sukaidigunitei,牡3,,2009.03.10,Kage,Daieibokujou,(Kabu) G1Reeshingu,113912000.0,12.0,2.0,1
0001110934,Danonjieraato,牡3,,2009.02.22,Kage,Noozanfaamu,(Kabu) Danokkusu,107812000.0,16.0,5.0,1
0001104902,Ranikaitsuyoshi,牡3,,2009.03.17,Aokage,Maedabokujou,Yokose Kenji,62586000.0,20.0,3.0,1
0000134338,Kanaroa,牡3,,,,,,0.0,0.0,0.0,1
0001101565,Aatosahara,牡3,,,,,,0.0,0.0,0.0,1
0000296199,Booifurendo,牡3,,1995.05.02,Ashige,Umamichi Takashi,Soga Masa,39740000.0,65.0,15.0,1
0001103443,Kosumowairudo,牡3,,2009.02.25,Kuroshikage,Shirase Mei,Suzuki Norihiro,19782000.0,26.0,3.0,1
0001047782,Rakkiibanira,牡5,,2007.04.04,Aokage,Shadaifaamu,Yoshida Teruya,86097000.0,40.0,6.0,1
0000304506,Yuukisorujaa,牡3,,1996.03.28,Ashige,Terashima Yoshinori,Yukimoto Hideki,0.0,0.0,0.0,1
0001104438,Roozenkeenihhi,牡3,,2009.01.29,Kuroshikage,Noozanfaamu,(Ari) Sandeereeshingu,65830000.0,35.0,4.0,1
0001109489,Bureizuatoreiru,牡3,,2009.04.13,Ashige,Noozanfaamu,Iwabuchi Mizuo,141134000.0,62.0,6.0,1
0001103189,Fuminopoorusutaa,牡3,,2009.03.31,Kuroshikage,Kobayashi Hitoshi,Tani Ni,18691000.0,18.0,2.0,1
0000990532,Kurabutougyazaa,牡6,,,,,,0.0,0.0,0.0,1
0001094207,Gurattsuia,牡4,,,,,,0.0,0.0,0.0,1
0001163376,Ritoruburijji,せん6,,2006.11.05,Kage,Llanhennock Trust,K.Koo,0.0,1.0,0.0,1
0001163375,Kyaputen'Obuviasu,せん7,,,,,,0.0,0.0,0.0,1
0000248209,Teiemuinazuma,牡2,,1991.03.21,Kuroshikage,Hori Hiroyasu,Takezono Masatsugu,56255000.0,24.0,4.0,1
0001121820,Korekutaaaitemu,牝2,,2010.02.20 16歳,Kuroshikage,Shadaifaamu,(Kabu) G1Reeshingu,73903000.0,24.0,3.0,1
0001126354,Kaosumosu,牡2,,,,,,0.0,0.0,0.0,1
0000185845,Taiseidoriimu,牡2,,1985.04.09,Ashige,Morimoto Katsunori,(Ari) Yatakakumi,1172000.0,22.0,2.0,1
0001125081,Rashiima,牡2,,2010.04.03,Kage,Takasebokujou,Kiritani Shigeru,28177000.0,17.0,2.0,1
0000113241,Fujinosutorongu,牡2,,1978.02.25,Kage,Haruki Naozou,Kudou Hiroshiakira,0.0,1.0,0.0,1
0000258414,Dantsuatorasu,牡2,,1992.04.15,Kage,Tsuji Bokujou,Yamamoto Tetsuji,500000.0,10.0,0.0,1
0001125875,Meikeipegasutaa,牡2,,2010.01.15,Aoge,(Ari)Shadaikooporeeshonshiraoifaamu,Nagoyakeiba (Kabu),88974000.0,21.0,3.0,1
0001120605,Sukuwadoron,牡2,,2010.05.03,Ashige,Noozanfaamu,Chiba Kazuo,23683000.0,60.0,6.0,1
0001092349,Hirabokubikutorii,牡4,,2008.02.15,Kage,Chiyodabokujou,Sasaki Hiroaki,59713000.0,130.0,12.0,1
0000024584,Goorudenguroobu,牝4,,1968.03.16,,,Morishita,16820000.0,24.0,3.0,1
0001046683,Sunaakusupein,牡5,,2007.04.01,Aokage,Jouchi Kiyoshiman,Sugimoto Yutaka,91339000.0,36.0,6.0,1
0001090860,Teiappubureizu,牡4,,2008.04.03,Kage,Mikita Yoritsugu,Tanaka Noboru,38300000.0,19.0,3.0,1
0001109303,Aromateiko,牝3,,,,,,0.0,0.0,0.0,1
0001106664,Hawaian'Uindo,牝3,,2009.04.05,Kage,Noozanfaamu,Yoshida Katsumi,40937000.0,13.0,3.0,1
0001102430,Federaruhooru,牡3,,2009.03.07,Kuroshikage,Noozanfaamu,Yoshida Katsumi,81985000.0,24.0,4.0,1
0001101438,Taganobigguban,牡3,,2009.05.02,Kuroshikage,Yuugengaishaniikapputaganofaamu,Yagi Ryouji,29740000.0,11.0,3.0,1
0001045280,Uindojazu,牡5,,,,,,0.0,0.0,0.0,1
0001126009,Ayusan,牝2,,,,,,0.0,0.0,0.0,1
0001121561,Uinpurimeera,牝2,,,,,,0.0,0.0,0.0,1
0001144178,Eishinratouna,牝2,,,,,,0.0,0.0,0.0,1
0000236595,Nanshiishain,牝2,,1990.05.21,Kage,Reddofaamu,Yoshihashi Kei,0.0,4.0,0.0,1
0001122521,Torowabonuuru,牝2,,2010.03.23 16歳,Kage,Shadaifaamu,Murano Kouji,201590000.0,27.0,8.0,1
0001124210,Nerodiamante,牝2,,2010.03.10 16歳,Aoge,(Ari)Shadaikooporeeshonshiraoifaamu,(Ari) Sandeereeshingu,33495000.0,21.0,2.0,1
0000207384,Birionea,牝2,,1988.04.18,Kuroshikage,Sutaafuaamu,Narasaki Kouichirou,290000.0,13.0,0.0,1
0001126507,Ravunevaadaizu,牝2,,2010.05.20,Kage,Shadaifaamu,Tobe Hiroshi,7774000.0,24.0,4.0,1
0000230393,Tenshinranman,牝2,,1990.03.28,Kuroshikage,Kantoriibokujou,Tanimizu Yuuzou,82809000.0,30.0,4.0,1
0001120883,Arumashaura,牝2,,,,,,0.0,0.0,0.0,1
0001126585,Piropo,牝2,,2010.04.18,Kage,Okita Hiroshi,Hatakesa Hiroshi,8100000.0,24.0,1.0,1
0001120972,Jiinimajikku,牝2,,2010.02.25,Kage,Amoubokujou,Tadokoro Eiko,62232000.0,33.0,3.0,1
0001125575,Shiiburiizuraifu,牝2,,2010.05.13 16歳,Kurige,Chiyodabokujou,Iida Seigou,66643000.0,16.0,3.0,1
0001121855,Barirooche,牝2,,2010.02.05,Kuroshikage,Noozanfaamu,(Ari) Kyarottofaamu,7000000.0,12.0,1.0,1
0000298777,Riariteii,牝2,,1995.02.17,Kage,Chiyodabokujou,(Ari) Noosuhiruzumanejimento,900000.0,8.0,0.0,1
0001088269,Mainerumaaku,牡4,,2008.04.01,Aokage,Biggureddofaamu,Iwabuchi Mizuo,95179000.0,50.0,4.0,1
0000318060,Ooshanburuu,牡4,,,,,,0.0,0.0,0.0,1
0001045034,Sanraizumooru,牡5,,2007.03.09,Kurige,Masa Bokujou,Matsuoka Takao,110252000.0,34.0,8.0,1
0001144181,Eeshintoppu,牡2,,,,,,0.0,0.0,0.0,1
0001122040,Raburiidei,牡2,,2010.01.30 16歳,Kuroshikage,Noozanfaamu,Kanekomasatohoorudingusu (Kabu),798195000.0,31.0,9.0,1
0001124154,Mogumogupakupaku,牡2,,2010.04.21,Kurige,Kinoshitabokujou,Odagiri Yuuichi,95021000.0,28.0,5.0,1
0001117791,Gachibatoru,牡2,,,,,,0.0,0.0,0.0,1
0000735705,Nakanaka,せん2,,2002.05.13,Kage,Taitenbokujou,Watanabe Tenroku,2978000.0,14.0,1.0,1
0001125604,Reddoviivo,牡2,,2010.05.12,Kuroshikage,Shadaifaamu,(Kabu) Toukyouhoosureeshingu,33170000.0,34.0,2.0,1
0001124482,Rimenbaamejiro,牝2,,2010.05.14,Kage,Mejirobokujou,Serizawa Seiichi,10300000.0,23.0,1.0,1
0001125250,Tsukubarinkaan,牡2,,2010.02.05,Ashige,Katayamabokujou,Ogiwara Shouji,24088000.0,21.0,2.0,1
0001119323,Vanfureeshu,牝2,,2010.04.04 16歳,Kage,Noozanfaamu,Yoshida Kazumi,27766000.0,11.0,2.0,1
0000988734,Agunesuhaiyaa,牡6,,,,,,0.0,0.0,0.0,1
0001126656,Roobuteisaaju,牝2,,2010.01.28 16歳,Aoge,Noozanfaamu,Yuugengaishashiruku,172316000.0,20.0,3.0,1
0001119998,Ameejingumuun,牝2,,,,,,0.0,0.0,0.0,1
0001117592,Purinsesujakku,牝2,,2010.03.09,Kurige,Tabatafaamu,(Kabu) Kyouei,82504000.0,34.0,3.0,1
0001122802,Taganomyuuchan,牝2,,2010.04.13 16歳,Kage,Yuugengaishaniikapputaganofaamu,Yagi Ryouji,63589000.0,26.0,4.0,1
0001121852,Meishougantsu,牝2,,2010.03.10 16歳,Kage,Mishimabokujou,Matsumoto Yoshio,9600000.0,13.0,1.0,1
0001127034,Diamaibeibii,牝2,,2010.03.10,Aokage,Noozanfaamu,(Ari) Kyarottofaamu,19976000.0,17.0,2.0,1
0001122092,Mainechaamu,牝2,,2010.04.04 16歳,Kuroshikage,Kosumovuyuufaamu,(Kabu) Sarabureddokurabu・Rafian,10856000.0,4.0,1.0,1
0001119098,Meikeipegamuun,牝2,,2010.04.08 16歳,Kuroshikage,Shizunaisakaibokujou,Nagoyakeiba (Kabu),18925000.0,15.0,2.0,1
0001120079,Noboridiaana,牝2,,2010.03.22 16歳,Tochikurige,Shadaifaamu,Harada Yutaka,143030000.0,24.0,6.0,1
0001042216,Akuteibyuutei,牝5,,,,,,0.0,0.0,0.0,1
0001096751,Pikushiipurinsesu,牝4,,2008.05.06 18歳,Kage,Daaree・Japan・Faamuyuugengaisha,H.H.Shieiku・Mohamedo,73789000.0,16.0,3.0,1
0001093086,Maineoochaado,牝4,,2008.04.12,Kurige,Murakamifaamu,(Kabu) Sarabureddokurabu・Rafian,116854000.0,30.0,5.0,1
0001144119,Reddoreivun,牡2,,2010.03.04,Aokage,Richard Santulli & Bobby Flay,(Kabu) Toukyouhoosureeshingu,169887000.0,28.0,6.0,1
0001121659,Inpurovaizu,牡2,,,,,,0.0,0.0,0.0,1
0000741644,Kenburijjisan,牡2,,2002.05.21,Kurige,Guraddohoosupaaku,Nakanishi Kenzou,60000.0,5.0,0.0,1
0000188841,Baddobooi,牡2,,1986.04.17,Ashige,Ootsukabokujou,Suzuki Nobuya,10267000.0,40.0,5.0,1
0001119611,Satononoburesu,牡2,,2010.03.18,Kuroshikage,Mejirobokujou,(Kabu) Satomihoosukanpanii,429515000.0,34.0,6.0,1
0001126579,Miyajitaiga,牡2,,2010.02.27,Kage,Shiraibokujou,Soga Tsukasa,241496000.0,59.0,8.0,1
0001124681,Poppuappuhaato,牡2,,2010.03.12,Kurige,Noozanfaamu,Maruyama Tan,15668000.0,23.0,1.0,1
0001122969,Daabiifizu,牡2,,2010.02.24,Kurige,Shadaifaamu,(Ari) Shadaireesuhoosu,159091000.0,36.0,5.0,1
0001117459,Diiesutaido,牡2,,2010.02.25,Kuroshikage,Kawakamibokujou,Akiya Toshiyuki,24125000.0,17.0,1.0,1
0001121603,Takanohaabaa,牡2,,2010.03.06,Aokage,Hashimotofuaamu,Yamaguchi Tagatsukasa,34476000.0,19.0,3.0,1
0001119447,Roodoshupuriimu,牡2,,2010.02.22,Kage,Keiaifaamu,(Kabu) Roodohoosukurabu,27062000.0,18.0,2.0,1
0000886883,Ekkusudansu,牡7,,,,,,0.0,0.0,0.0,1
0000270015,Reddokadoo,せん6,,1993.05.07,Kage,Akasaka Mitsuo,Akasaka Mitsuo,0.0,0.0,0.0,1
0001160401,Jakkaruberii,牡6,,2006.03.05,Kage,Azienda Agricola Allevamento Deni,Atbjakkaruberii・Shinjikeeto,0.0,1.0,0.0,1
0001163971,Mauntoatosu,せん5,,2007.04.19,Kage,David Magnier And Cobra Bloodstock,M.Kuukasshu,0.0,1.0,0.0,1
0001147059,Soremia,牝4,,2008.02.20,Kage,Wertheimer Et Frere,Verutemeeru・E・Fureeru,0.0,1.0,0.0,1
0001100328,Suriputora,牡6,,2006.03.19,Kage,Glebe Stud And Partners,Afumado・Shaadenka,0.0,1.0,0.0,1
0000990252,Seikapuresuto,牡6,,2006.02.13,Kuroshikage,Taiheibokujou,Kume Dai,85400000.0,63.0,4.0,1
0000996098,Saimontorunaare,牡6,,2006.05.14,Kurige,Yanagawabokujou,Sawada Akinori,104488000.0,78.0,4.0,1
0001093032,Neoburakkudaiya,牡4,,2008.02.05,Aokage,(Ari)Shadaikooporeeshonshiraoifaamu,Kobayashi Nikou,109036000.0,47.0,5.0,1
0001044359,Nandeyanen,牡5,,2007.04.27,Aoge,Meijibokujou,Sugiyama Tadakuni,68442000.0,39.0,3.0,1
0001093542,Adomaiyarakutei,牡4,,,,,,0.0,0.0,0.0,1
0001047052,Shiseiouji,牡5,,2007.03.03,Kurige,Meipurufaamu,Inawashiro Isami,118852000.0,47.0,5.0,1
0001044989,Marukabakken,牡5,,2007.04.24,Kage,Shadaifaamu,Kusakabe Takeshi,139151000.0,40.0,7.0,1
0001045023,Meishoutsuchiyama,牡5,,2007.03.23,Kage,Mishimabokujou,Nakayama Junko,109457000.0,71.0,18.0,1
0000759301,Aariideizu,せん5,,,,,,0.0,0.0,0.0,1
0001043961,Suriibosuton,牡5,,2007.03.16,Kage,Kineususaitoubokujou,Nagaishouji (Kabu),154353000.0,29.0,8.0,1
0001127023,Reddoseshiria,牝2,,2010.02.03 16歳,Kuroshikage,Noozanfaamu,(Kabu) Toukyouhoosureeshingu,121090000.0,20.0,5.0,1
0001124301,Sanburuemyuuzu,牝2,,2010.01.23 16歳,Kurige,Noozanfaamu,(Ari) Kyarottofaamu,72657000.0,27.0,3.0,1
0001123893,Meishoumanbo,牝2,,2010.02.25 16歳,Kage,Takaakibokujou,Matsumoto Yoshio,435195000.0,31.0,6.0,1
0001124302,Fiirudomejaa,牝2,,2010.04.10 16歳,Kurige,Noozanfaamu,Chida Katsuzou,22200000.0,21.0,2.0,1
0001119229,Reddomanisshu,牝2,,2010.04.17 16歳,Kage,Shadaifaamu,(Kabu) Toukyouhoosureeshingu,19250000.0,25.0,2.0,1
0001117312,Koueipiisu,牝2,,2010.02.08,Aokage,Itou Masakiyo,Itou Masakiyo,23436000.0,5.0,2.0,1
0001098866,Eeshinmenfisu,牝4,,,,,,0.0,0.0,0.0,1
0000761479,Pawaasupotto,牝4,,2003.04.20,Kage,Moriyabokujou,Nakamura Yuuko,0.0,4.0,0.0,1
0001123358,Gottofuriito,牡2,,2010.04.23,Kurige,Noozanfaamu,Suzuki Masatoshi,91760000.0,64.0,8.0,1
0001119740,Furamudogurowaaru,牡2,,2010.03.31,Kurige,Noozanfaamu,Yuugengaishashiruku,74565000.0,10.0,2.0,1
0001126600,Neouizudamu,牡2,,2010.04.02,Kage,Noozanfaamu,(Ari) Sandeereeshingu,69440000.0,19.0,5.0,1
0001120005,Wakinobureibu,牡2,,2010.05.03,Aokage,Hirayamabokujou,Wakiyama Yoshiyuki,181803000.0,54.0,6.0,1
0001089072,Aiteigoorudo,牡4,,,,,,0.0,0.0,0.0,1
0000305237,Doragonhantaa,牡5,,1996.04.21,Kuroshikage,Nakagawa Takashi,Komai Michio,5223000.0,25.0,0.0,1
0001092343,Sekushiisuiito,牝4,,2008.05.02,Kage,Hiraokabokujou,Hiraoka Shigeki,19570000.0,31.0,2.0,1
0000799944,Buchikamashi,牡8,,2004.03.16,Kuroshikage,Kubofuaamu,Nakanishi Kou,84092000.0,75.0,9.0,1
0000799532,Kapitaano,牡8,,,,,,0.0,0.0,0.0,1
0001124297,Epifaneia,牡2,,,,,,0.0,0.0,0.0,1
0000807526,Kizuna,牡2,,,,,,0.0,0.0,0.0,1
0000201737,Akushonsutaa,牡2,,,,,,0.0,0.0,0.0,1
0001121184,Adomaiyadobai,牡2,,,,,,0.0,0.0,0.0,1
0000188365,Riarumaisutaa,牡2,,1986.05.19,Kage,Houribokujou,Nagai Youichi,10838000.0,6.0,1.0,1
0001107899,Nishinobiikuikku,牡4,,2009.04.02,Kurige,Honkiribokujou,Tomita Fujio,126070000.0,65.0,5.0,1
0001127071,Heminguuei,牡3,,2010.03.04,Kuroshikage,Daaree・Japan・Faamuyuugengaisha,Ishibashi Masahito,62407000.0,46.0,4.0,1
0001117846,Tamamobesutopurei,牡3,,2010.02.28,Kurige,Nobunaribokujou,Tamamo (Kabu),276727000.0,40.0,5.0,1
0001120497,Reddoarion,牡3,,2010.02.28,Kage,Ekuserumanejimento,(Kabu) Toukyouhoosureeshingu,254985000.0,40.0,7.0,1
0001118486,Eeruburiizu,牡3,,,,,,0.0,0.0,0.0,1
0000224832,Arubatakkusu,牡3,,,,,,0.0,0.0,0.0,1
0001122214,Hirunokuoria,牡3,,2010.03.20,Kage,Kasamatsubokujou,Hirukawa Masafumi,29386000.0,48.0,3.0,1
0001125506,Saimonramusesu,牡3,,2010.03.01 16歳,Kage,Yanagawabokujou,Sawada Akinori,178874000.0,68.0,5.0,1
0001123667,Agunesukizuna,牡3,,,,,,0.0,0.0,0.0,1
0001117334,Ajasutomento,牡3,,,,,,0.0,0.0,0.0,1
0001124857,Hishiamejisuto,牝3,,2010.03.24 16歳,Kage,Nakamura Masaaki,Kawasaki Goshi,12840000.0,25.0,3.0,1
0001121357,Kuraunroze,牝3,,,,,,0.0,0.0,0.0,1
0001124735,Ukiyonokaze,牝3,,,,,,0.0,0.0,0.0,1
0001120086,Iryuminansu,牝3,,,,,,0.0,0.0,0.0,1
0001123582,Suiitosarusa,牝3,,2010.03.15 16歳,Kurige,Shinboribokujou,Shinboribokujou,135142000.0,19.0,5.0,1
0001118089,Tapuroomu,牝3,,2010.05.05 16歳,Kage,Murota Senshuu,Shimizu Toshi,28760000.0,50.0,3.0,1
0001122338,Suzunoneiro,牝3,,2010.04.14,Kuroshikage,Yamamotobokujou,Takataru Sayuri,18062000.0,5.0,2.0,1
0001123782,Ekusupaashivu,牝3,,,,,,0.0,0.0,0.0,1
0001117532,Sumaatorupinasu,牝3,,2010.05.05 16歳,Kage,Hekiunbokujou,Ookubo Noriyoshi,43740000.0,45.0,2.0,1
0001313023,Agasa,牝3,,,,,,0.0,0.0,0.0,1
0001126595,Monshushu,牝3,,2010.03.11 16歳,Kage,Shadaifaamu,(Kabu) Guriinfaamu,47800000.0,29.0,2.0,1
0001122105,Monsansupika,牝3,,2010.02.25,Kage,Nishimura Kazuo,Akagi Shouri,6504000.0,35.0,1.0,1
0001125299,Kasuteieru,牝3,,,,,,0.0,0.0,0.0,1
0000885571,Enaajibaio,牡8,,,,,,0.0,0.0,0.0,1
0001047932,Sakurakuroobaa,牝6,,2007.05.22 19歳,Kage,Taniokabokujou,(Kabu) Sakurakomaasu,86094000.0,28.0,5.0,1
0001092166,Satonoaporo,牡5,,2008.05.11,Kuroshikage,Shadaifaamu,Satomi Osamu,135999000.0,22.0,5.0,1
0001044390,Bakkutoujieesu,牡6,,2007.02.06,Kurige,Shounobokujou,Yoshioka Yasuharu,79324000.0,47.0,5.0,1
0001043801,Batorudonjon,牡6,,2007.04.12,Kurige,Takagishi Jun'Ichi,Sugimoto Kousuke,62480000.0,28.0,6.0,1
0001117634,Feimugeemu,牡3,,2010.05.11,Aokage,Noozanfaamu,(Ari) Sandeereeshingu,411148000.0,27.0,7.0,1
0001126234,Keiaichousan,牡3,,2010.02.11,Kuroshikage,Bandoubokujou,(Kabu) Chousan,122660000.0,39.0,3.0,1
0001122781,Kurosubou,牡3,,,,,,0.0,0.0,0.0,1
0001117940,Mainerumaesutoro,牡3,,2010.03.28,Aokage,Uesutanfaamu,(Kabu) Sarabureddokurabu・Rafian,30274000.0,19.0,2.0,1
0001162704,Aporosonikku,牡3,,,,,,0.0,0.0,0.0,1
0001123344,Mainerusutoraano,牡3,,2010.02.15,Aokage,Biggureddofaamu,Kiine Yasunori,47775000.0,41.0,2.0,1
0001120432,Waarudoreevu,牡3,,2010.04.06,Kuroshikage,Hattori Bokujou,Hoshika Kouichi,91646000.0,65.0,3.0,1
0000208316,Wandaaroodo,牡3,,1988.02.26,Kurige,Ogifukubokujou,Maekawa Kiyoshi,3830000.0,7.0,1.0,1
0001123238,Howaitofuriito,牡3,,2010.04.26,Ashige,Noozanfaamu,(Ari) Kyarottofaamu,39616000.0,28.0,3.0,1
0001095292,Meishoumashuu,牡5,,2008.04.01,Kuroshikage,Ooshimabokujou,Matsumoto Yoshio,116978000.0,19.0,6.0,1
0001047938,Suteiirupasu,牝6,,2007.05.07 19歳,Kuroshikage,Chiyodabokujou,Iida Seigou,123737000.0,22.0,6.0,1
0001102557,Aasusonikku,牡4,,,,,,0.0,0.0,0.0,1
0001049843,Reinsuteikku,牡6,,2007.05.07,Kurige,Shadaifaamu,(Ari) Shadaireesuhoosu,101395000.0,38.0,6.0,1
0001125977,Mazurufaiyaa,牡3,,2010.02.22,Aokage,Noozanfaamu,(Ari) Hoosukea,38921000.0,37.0,3.0,1
0001120507,Rasutoinpakuto,牡3,,2010.01.21,Aokage,(Ari)Shadaikooporeeshonshiraoifaamu,Yuugengaishashiruku,443589000.0,35.0,7.0,1
0001122677,Arumudaputa,牡3,,,,,,0.0,0.0,0.0,1
0001120635,Riguveeda,牡3,,2010.01.26,Kage,Oiwakefaamu,(Ari) Shadaireesuhoosu,57868000.0,20.0,4.0,1
0001119606,Inparatooru,牡3,,,,,,0.0,0.0,0.0,1
0001124979,Ookiddorei,牝3,,,,,,0.0,0.0,0.0,1
0001120018,Joanshiipin,牝3,,2010.04.24,Kuroshikage,Okadabokujou,Tomita Fujio,11207000.0,40.0,1.0,1
0001123022,Satonofearii,牝3,,2010.03.17 16歳,Kage,Noozanfaamu,Satomi Osamu,35067000.0,26.0,3.0,1
0001124729,Anruurii,牝3,,,,,,0.0,0.0,0.0,1
0001126885,Mirakururavi,牝3,,2010.03.27,Kurige,Yamaokabokujou,Fujita Zaiko,20400000.0,31.0,2.0,1
0001123621,Kenburijjinaisu,牝3,,2010.04.18 16歳,Kurige,Yuugengaisha Kenburijjibaree,Nakanishi Hiroaki,60296000.0,39.0,4.0,1
0001126868,Manbonefuyuu,牡3,,2010.04.04,Aoge,(Ari)Shadaikooporeeshonshiraoifaamu,Kanekomasatohoorudingusu (Kabu),91629000.0,29.0,4.0,1
0001120121,Toushinmonsutera,牡3,,2010.02.13,Kuroshikage,Noozanfaamu,Satou Shingo,102892000.0,60.0,6.0,1
0001086906,Sakuraarudiito,牡5,,2008.03.29,Kage,Taniokabokujou,(Kabu) Sakurakomaasu,134850000.0,31.0,6.0,1
0001095014,Noosutea,せん5,,2008.03.05,Kurige,Noozanfaamu,Yamamoto Hidetoshi,102352000.0,20.0,5.0,1
0001087658,Sakusesupashuuto,牡5,,2008.04.17,Kage,Takaakibokujou,Takashima Yuuko,83519000.0,16.0,5.0,1
0001089399,Eeshinmiraaju,牡5,,,,,,0.0,0.0,0.0,1
0001107579,Kouseikotarou,牡4,,2009.03.08,Kuroshikage,Tsutsumi Bokujou,Sugiyasu Kouichirou,70558000.0,35.0,4.0,1
0001121332,Kopanorichaado,牡3,,2010.04.15,Kuroshikage,Yanagawabokujou,Kobayashi Sachiaki,304507000.0,22.0,6.0,1
0001120376,Meishouyamahoko,牡3,,2010.04.14,Kuroshikage,Amoubokujou,Sakai Takatoshi,40268000.0,58.0,2.0,1
0000269715,Taganoenburemu,牡3,,1993.03.15,Kage,Matsumotobokujou,Takehara Koushou,1388000.0,38.0,2.0,1
0001124930,Kashinorannauei,せん3,,,,,,0.0,0.0,0.0,1
0001126154,Reddojaivu,牡3,,2010.02.21,Aokage,Shadaifaamu,(Kabu) Toukyouhoosureeshingu,9100000.0,16.0,1.0,1
0001122315,Keiaivaage,牡3,,2010.03.19,Kage,Nisshinbokujou,(Dou) Jpngiken,41007000.0,48.0,2.0,1
0001143457,Ankoirudo,牡4,,,,,,0.0,0.0,0.0,1
0001093539,Mitora,せん5,,2008.04.11,Kuroshikage,Noozanfaamu,Yoshida Katsumi,287916000.0,25.0,9.0,1
0001109433,Poazonburakku,牡4,,2009.03.31 17歳,Aoge,Deguchibokujou,Murakami Kensei,133950000.0,33.0,12.0,1
0001094548,Sakuraadonisu,牡5,,2008.03.10,Kuroshikage,Taniokabokujou,(Kabu) Sakurakomaasu,115097000.0,45.0,6.0,1
0001128935,Virujinia,牝3,,2010.03.29 16歳,Kage,Noozanfaamu,(Kabu) G1Reeshingu,47432000.0,19.0,3.0,1
0001124696,Guddoreinboo,牝3,,,,,,0.0,0.0,0.0,1
0001125960,Uriuri,牝3,,,,,,0.0,0.0,0.0,1
0001121755,Reddooovaru,牝3,,2010.03.07 16歳,Kage,Shadaifaamu,(Kabu) Toukyouhoosureeshingu,170794000.0,24.0,3.0,1
0001162691,Kozumikkushoa,牝3,,2010.03.24 16歳,Kage,"Alpha Delta Stables, Llc",Yoshida Kazumi,30028000.0,22.0,1.0,1
0001122690,Beatorittsu,牝3,,2010.03.02 16歳,Kage,Shadaifaamu,(Kabu) Guriinfaamu,44550000.0,28.0,3.0,1
0000287557,Reddofoochun,牝3,,1994.05.08,Kuroshikage,Yoshida Saburou,Masuda Youichi,1300000.0,6.0,0.0,1
0001126053,Pitchishifutaa,牝3,,2010.04.30,Kage,Gurandobokujou,(Ari) Gurandobokujou,44230000.0,37.0,12.0,1
0000321877,Arutemishia,牝3,,,,,,0.0,0.0,0.0,1
0001124109,Kaminotasahara,牡3,,,,,,0.0,0.0,0.0,1
0001124690,Mainerukuroppu,牡3,,2010.04.16,Ashige,Gurandobokujou,(Kabu) Sarabureddokurabu・Rafian,223025000.0,54.0,9.0,1
0001123271,Satononepuchuun,牡3,,2010.01.24,Kage,Noozanfaamu,Satomi Osamu,50535000.0,25.0,3.0,1
0001126680,Toosenwaapu,牡3,,2010.03.07,Kage,Yuugengaisha Esuteifaamu,Shimakawa Takaya,36170000.0,28.0,3.0,1
0001109128,Kuiinriviera,牝4,,,,,,0.0,0.0,0.0,1
0001106607,Feetaruroozu,牝4,,2009.02.27 17歳,Kurige,Shadaifaamu,Kanematsu Toshio,65652000.0,34.0,3.0,1
0001144142,Teizutoremendasu,牝3,,2010.04.09 16歳,Kage,Morgan'S Ford Farm,Okada Makio,39898000.0,29.0,2.0,1
0001126929,Nooburukoronetto,牝3,,2010.02.07 16歳,Kuroshikage,Shadaifaamu,(Kabu) G1Reeshingu,47273000.0,24.0,2.0,1
0001125651,Nishinomonkusu,牝3,,2010.04.03 16歳,Kage,Meipurufaamu,Nishiyama Shigeyuki,41324000.0,39.0,2.0,1
0001120858,Tansuchokin,牝3,,2010.03.08 16歳,Kage,Shimokoubebokujou,Kurimoto Hiroshisei,32775000.0,57.0,4.0,1
0001126605,Kosumoandarushia,牝3,,2010.02.15 16歳,Kage,Biggureddofaamu,(Ari) Biggureddofaamu,14000000.0,15.0,2.0,1
0001118697,Emeraruhayabusa,牝3,,,,,,0.0,0.0,0.0,1
0001125987,Doragonsakura,牝3,,2010.04.07,Aokage,Daaree・Japan・Faamuyuugengaisha,Ookubo Kazuo,16370000.0,21.0,1.0,1
0000223533,Haimaunten,牝3,,1989.04.29,Kage,Sakuraibokujou,Kouzan Kiyoshi,732000.0,12.0,0.0,1
0001128943,Ratoona,牝3,,2010.03.11 16歳,Kage,Noozanfaamu,Yuugengaishashiruku,7000000.0,3.0,1.0,1
0001128611,Samariizu,牝3,,2010.05.06 16歳,Kage,Daaree・Japan・Faamuyuugengaisha,H.H.Shieiku・Mohamedo,111505000.0,24.0,5.0,1
0001119500,Sakurapurejiiru,牝3,,2010.03.14 16歳,Aoge,Shinwabokujou,(Kabu) Sakurakomaasu,40518000.0,13.0,2.0,1
0001119361,Ebaaburossamu,牝3,,,,,,0.0,0.0,0.0,1
0001126627,Rirakosaaju,牝3,,2010.04.17 16歳,Kurige,Keiaifaamu,(Kabu) Roodohoosukurabu,64271000.0,15.0,2.0,1
0001118641,Daiwaporaito,牝3,,2010.02.24,Aokage,Hashimotobokujou,Ooshiro Keizou,10200000.0,5.0,1.0,1
0001124009,Rozerani,牝3,,2010.04.06 16歳,Kage,Hirayamabokujou,Miyata Shu,33820000.0,24.0,2.0,1
0001119684,Arufaaria,牝3,,,,,,0.0,0.0,0.0,1
0001125736,Haamoniifea,牝3,,2010.01.27 16歳,Kuroshikage,Noozanfaamu,Kurauchi Yuuko,9510000.0,41.0,6.0,1
0001122274,Hayabusayuusan,牝3,,2010.04.25,Kage,Gaaberapaakusutatsudo,Takeda Osamu,5500000.0,8.0,1.0,1
0001118404,Inparusuhiiroo,牡3,,,,,,0.0,0.0,0.0,1
0001122324,Kashinopikachuu,牡3,,,,,,0.0,0.0,0.0,1
0000286412,Mandoreiku,牡3,,1994.03.14,Kage,Nittankamimizubokujou,Ochiai Kanji,0.0,1.0,0.0,1
0000290865,Dainamikkugai,牡3,,1995.03.17,Kage,Sakamoto Haruo,Tanaka Hisae,221000.0,5.0,0.0,1
0001123590,Pureizuetaanaru,牡3,,2010.03.28,Kuroshikage,Daaree・Japan・Faamuyuugengaisha,H.H.Shieiku・Mohamedo,164622000.0,44.0,5.0,1
0001123942,Rainmiiteia,牡3,,2010.02.26,Kage,Arakifuaamu,Oosawa Hanjou,147655000.0,42.0,5.0,1
0001126664,Mirionfuresshu,牡3,,2010.04.22,Kuroshikage,Makotoutadanakamakiba,Tomita Fujio,20061000.0,36.0,2.0,1
0001123279,Aporoorakuru,牡3,,,,,,0.0,0.0,0.0,1
0000155833,Kotobukigoorudo,牡3,,1983.02.06,Ashige,Hiwatari Nobuyoshi,Katou Masatoshi,4719000.0,51.0,9.0,1
0001125043,Kyameronroodo,牝3,,,,,,0.0,0.0,0.0,1
0001123744,Tanioburoozu,牝3,,2010.04.11,Kage,Murashita Akihiro,Tani Kenji,20260000.0,18.0,2.0,1
0001120542,Saasutonnyuusu,牡3,,2010.04.27,Aokage,Shadaifaamu,Saitou Senkachi,23100000.0,10.0,2.0,1
0001119618,Herudentenooru,牡3,,2010.01.20,Kage,(Ari)Shadaikooporeeshonshiraoifaamu,Daikoku Fumiko,28794000.0,20.0,3.0,1
0000021908,Shinnen,牡3,,1967.05.03,Kurige,,Takagi,0.0,0.0,0.0,1
0001127089,Adomaiyaouja,牡3,,,,,,0.0,0.0,0.0,1
0001124944,Shounandaira,牡3,,2010.02.26,Kage,(Ari)Shadaikooporeeshonshiraoifaamu,(Ari) Shounan,46125000.0,19.0,4.0,1
0001122708,Wairudodoragon,牡3,,2010.01.28,Kage,Shadaifaamu,Kubota Yasushi,46572000.0,29.0,3.0,1
0001125853,Teiemudaipawaa,牡3,,2010.05.16,Kurige,Tada Yoshihiro,Takezono Masatsugu,119148000.0,22.0,5.0,1
0001124573,Kurebaayunibaasu,牡3,,,,,,0.0,0.0,0.0,1
0001104400,Adomaiyafuraito,牡4,,,,,,0.0,0.0,0.0,1
0001125109,Gaiyaasuveruto,牡3,,,,,,0.0,0.0,0.0,1
0001120996,Komettoshiikaa,牡3,,2010.05.02,Kage,Noozanfaamu,(Ari) Kyarottofaamu,29954000.0,21.0,1.0,1
0001120823,Satonokingurii,牡3,,2010.02.05,Kage,Shadaifaamu,Okabayashi Eiyuu,83754000.0,85.0,12.0,1
0001122607,Meishoubushin,牡3,,2010.04.13,Kage,Ooshimabokujou,Matsumoto Yoshio,78131000.0,44.0,3.0,1
0001119979,Adomaiyatsuyoshi,牡3,,,,,,0.0,0.0,0.0,1
0001126817,Pyuasorujaa,牡3,,2010.02.25,Kage,Chiyodabokujou,Tsurumi Yoshiko,64540000.0,50.0,3.0,1
0001122462,Taiseiuindi,牡3,,2010.04.20,Kuroshikage,Sakai Hideki,Tanaka Seihou,16992000.0,7.0,2.0,1
0001124945,Aamaakuraddo,牡3,,,,,,0.0,0.0,0.0,1
0001125862,Omegakinguteii,牡3,,,,,,0.0,0.0,0.0,1
0001108165,Fureimuobupiisu,牡4,,2009.05.26,Kuroshikage,Shadaifaamu,(Ari) Shadaireesuhoosu,73490000.0,18.0,4.0,1
0001108648,Doragonforute,牡4,,2009.03.14,Kage,Chiyodabokujou,Kubota Yoshirou,64498000.0,26.0,4.0,1
0000230507,Naitofuddo,牡7,,1990.03.19,Kurige,Haku Toshiyuki,(Ari) Gurandobokujou,435000.0,15.0,0.0,1
0001046104,Naritashirukuroodo,牡6,,2007.03.17,Kage,Kineusubokujou,(Kabu) Oosumi,134566000.0,48.0,6.0,1
0001110629,Jovanni,牡4,,2009.05.10,Kurige,Daaree・Japan・Faamuyuugengaisha,H.H.Shieiku・Mohamedo,92938000.0,22.0,6.0,1
0000995160,Mukudoku,せん7,,2006.02.01,Aokage,(Ari)Shadaikooporeeshonshiraoifaamu,Hirai Tatsuji,92587000.0,28.0,5.0,1
0001125235,Sutoomingusutaa,牡3,,2010.03.31,Kage,Gurandobokujou,(Ari) Gurandobokujou,70657000.0,20.0,5.0,1
0001121979,Purimuraburugarisu,牡3,,2010.02.25,Kage,Shadaifaamu,Suzuki Masatoshi,92700000.0,60.0,8.0,1
0001127050,Waarunga,牡3,,2010.03.17,Kurige,Daaree・Japan・Faamuyuugengaisha,Sugawara Tadao,68859000.0,152.0,19.0,1
0001126192,Guranpurinaito,牡3,,,,,,0.0,0.0,0.0,1
0001124789,Sakuradisooru,牝3,,2010.04.09,Kage,Shadaifaamu,(Kabu) Sakurakomaasu,61111000.0,34.0,3.0,1
0001101609,Samaaruna,牝4,,2009.03.06 17歳,Kage,Matsumoto Nobuyuki,Raionreesuhoosu (Kabu),70581000.0,29.0,4.0,1
0001120796,Toosensoreiyu,牝3,,2010.01.20 16歳,Kage,Noozanfaamu,Shimakawa Takaya,90084000.0,20.0,3.0,1
0001177818,Burakkusuteamaunten,せん8,,2005.03.08,Kage,Mrs J. M. Mullins,S.Ritchii,65560000.0,2.0,1.0,1
0001043734,Rikiaikurofune,牡6,,2007.04.20,Kage,Higashishinbokujou,Okada Takahiro,83555000.0,46.0,5.0,1
0001108650,Taninohaabiibii,牡4,,2009.02.21,Kage,Kantoriibokujou,Tanimizu Yuuzou,24590000.0,19.0,1.0,1
0001109506,Tomiken'Arudooru,牡4,,2009.05.21,Kurige,Taniguchibokujou,Togashi Kenji,74954000.0,15.0,5.0,1
0001133070,Ooburuchefu,牡4,,,,,,0.0,0.0,0.0,1
0001124883,Naritapaireetsu,牡3,,2010.04.06,Kage,Okadabokujou,(Kabu) Oosumi,27382000.0,13.0,2.0,1
0001124823,Kurinohimarayaoo,牡3,,,,,,0.0,0.0,0.0,1
0001120888,Reddoruuraa,牡3,,2010.02.12,Kage,Noozanfaamu,(Kabu) Toukyouhoosureeshingu,77515000.0,30.0,5.0,1
0001110462,Ooshupeeru,牝4,,,,,,0.0,0.0,0.0,1
0001126790,Denimuandorubii,牝3,,2010.01.31 16歳,Kage,Noozanfaamu,Kanekomasatohoorudingusu (Kabu),383688000.0,28.0,3.0,1
0001126109,Buryunetto,牝3,,2010.04.12 16歳,Kurige,Keiaifaamu,(Kabu) Roodohoosukurabu,81734000.0,30.0,3.0,1
0001118809,Nanyooyuna,牝3,,2010.01.30 16歳,Ashige,Noozanfaamu,Nakamura Tokuya,19456000.0,24.0,1.0,1
0001120829,Inkandesensu,牝3,,,,,,0.0,0.0,0.0,1
0001118432,Sekishou,牝3,,2010.05.27,Aokage,Bandoubokujou,Yamagishi Katsurashi,104031000.0,36.0,5.0,1
0001126872,Rojipurinsesu,牝3,,2010.03.06,Aoge,Noozanfaamu,Kumeda Masaaki,23818000.0,16.0,2.0,1
0000305979,Rakishisu,牝3,,1996.05.01,Kurige,Yamashita Yasushigeru,Yamashita Yasushigeru,0.0,0.0,0.0,1
0001121913,Oosumimizuho,牝3,,,,,,0.0,0.0,0.0,1
0001126499,Animatouuru,牝3,,,,,,0.0,0.0,0.0,1
0001126026,Hirabokudiipu,牡3,,2010.04.26,Kuroshikage,Shimokoubebokujou,(Kabu) Hiratabokujou,107944000.0,24.0,4.0,1
0001122413,Auoodii,牡3,,,,,,0.0,0.0,0.0,1
0001124354,Aruveron,牡3,,,,,,0.0,0.0,0.0,1
0001122038,Adomaiyasupika,牡3,,,,,,0.0,0.0,0.0,1
0001126615,Autoobushadou,牡3,,,,,,0.0,0.0,0.0,1
0001126584,Teiemubushidoo,牡3,,2010.03.05,Kage,Orientobokujou,Takezono Masatsugu,18394000.0,27.0,1.0,1
0001125221,Kaferyuujin,牡3,,,,,,0.0,0.0,0.0,1
0001144166,Bande,牡3,,2010.04.11,Kage,Kildaragh Stud,Hayashi Seidou,126431000.0,12.0,5.0,1
0001121939,Karisumasantaimu,牡3,,,,,,0.0,0.0,0.0,1
0001121999,Heiroofonten,牡3,,2010.03.30,Kage,Noboribetsukamimizubokujou,Yoshihashi Kyounama,54445000.0,57.0,5.0,1
0001121446,Tsukubarooreru,牡3,,2010.04.28,Kuroshikage,Waarudofaamu,Matsuura Masaharu,19000000.0,10.0,3.0,1
0001121971,Pepuchidoamazon,牡3,,2010.03.20,Kage,Kineusubokujou,Numakawa Kazuhiko,78947000.0,18.0,2.0,1
0001124739,Jaiantoriipu,牡3,,2010.04.12,Ashige,Noozanfaamu,(Ari) Kyarottofaamu,78419000.0,23.0,4.0,1
0001120912,Uin'Aruzasu,牡3,,,,,,0.0,0.0,0.0,1
0000616675,Happiimoomento,牡3,,1999.04.18,Kuroshikage,Hokuseimuratabokujou,Takahashi Fukusaburou,13110000.0,63.0,3.0,1
0000708111,Sanraizupiiku,牡3,,2000.05.10,Kuroshikage,Yanagawabokujou,Matsuoka Takao,21000.0,8.0,0.0,1
0001125209,Hirunodonkaruro,牡3,,2010.03.02,Aokage,Sakai Hideki,(Kabu) Hiruno,58228000.0,21.0,3.0,1
0001120519,Sangaviino,牡3,,2010.03.05,Kurige,Maedabokujou,Yuugengaishashiruku,17480000.0,15.0,2.0,1
0001125518,Nihonpirobaron,牡3,,2010.03.30,Kurige,Fukuoka Kiyoshi,Kobayashi Hyakutarou,273973000.0,49.0,10.0,1
0000256871,Raijingugoorudo,牡3,,1992.05.30,Kurige,Yamaokabokujou,Yamaoka Mitsuyoshi,0.0,9.0,0.0,1
0001126883,Kingudezaiyaa,牡3,,,,,,0.0,0.0,0.0,1
0001095598,Verudeguriin,牡5,,2008.03.26,Kurige,Saitou Angyou,Saitou Mitsumasa,191756000.0,23.0,7.0,1
0001122566,Shainiipurinsu,牡3,,2010.04.26,Aokage,Koaresusutaddo,Kobayashi Masashi,180516000.0,43.0,6.0,1
0000256196,Zahhatorute,牝6,,1992.03.14,Aokage,Takeda Shuuichi,Koga Hironori,3205000.0,37.0,0.0,1
0000028805,Meedeia,牝5,,1969.06.14,Kuroshikage,,Date Shuuwa,23146000.0,35.0,2.0,1
0001129803,Amerikan'Uinaa,牡4,,,,,,0.0,0.0,0.0,1
0001093492,Marukapurejio,牡5,,2008.04.20,Tochikurige,Shadaifaamu,Kusakabe Takeshi,130453000.0,24.0,7.0,1
0000209065,Yuurobiito,せん4,,1988.05.02,Kurige,Kashiwadaibokujou,Suzuki Yoshio,2662000.0,20.0,3.0,1
0001104469,Mainerubaika,牡4,,2009.02.18,Kage,Inui Minaosu,(Kabu) Sarabureddokurabu・Rafian,198920000.0,43.0,8.0,1
0001126701,Furoakurafuto,牝3,,2010.05.05 16歳,Kuroshikage,Noozanfaamu,(Ari) Kyarottofaamu,106964000.0,32.0,4.0,1
0000256081,Teiaamo,牝3,,1992.05.13,Kage,Sanshiyainbokujou,Takahashi Masayuki,1664000.0,25.0,1.0,1
0001125130,Sereburiteimoderu,牝3,,2010.01.26,Kuroshikage,Shadaifaamu,(Ari) Shadaireesuhoosu,28947000.0,21.0,2.0,1
0001090668,Meishouyoudou,せん5,,2008.02.21,Kuroshikage,Yanagawabokujou,Matsumoto Yoshio,113713000.0,36.0,4.0,1
0001122817,Samusonzupuraido,牡3,,2010.03.26,Kage,Noozanfaamu,Yuugengaishashiruku,127456000.0,43.0,5.0,1
0001115666,Herensupiritto,せん6,,2007.03.29,Kurige,Darpat S.L And C. Laffon-Parias,"Uukyou,Uukyoufujin,W.Uu&J.Uu",0.0,1.0,0.0,1
0001111124,Seiunjagaazu,牡6,,2007.03.04,Kuroshikage,Lodge Park Stud,Nishiyama Shigeyuki,129049000.0,36.0,5.0,1
0001089252,Hanohano,牡5,,2008.03.10,Kage,Nishikiokabokujou,(Kabu) Nishikiokabokujou,129883000.0,44.0,6.0,1
0001119786,Saundotouruu,牡3,,2010.05.15,Kurige,Okadasutatsudo,Yamada Hiroshi,760028000.0,68.0,13.0,1
0001128610,Keiaireoone,牡3,,2010.05.19,Ashige,Tomitabokujou,Kameda Kazuhiro,216154000.0,36.0,9.0,1
0001125189,Tatchizataagetto,牡3,,2010.03.25,Ashige,Shadaifaamu,(Ari) Shadaireesuhoosu,16400000.0,7.0,2.0,1
0001126417,Beriitouberii,牡3,,2010.03.10,Kage,Takamura Shin'Ichi,Kitatokoro Naoto,47463000.0,22.0,3.0,1
0001118709,Miyajimakkii,牡3,,2010.04.08,Kage,Muranakabokujou,Tomita Fujio,89969000.0,86.0,5.0,1
0001161956,Chaariibureivu,牡3,,2010.03.19,Kage,Mike Abraham,Hayashi Seidou,92727000.0,24.0,6.0,1
0001128940,Kuromurekku,牡3,,,,,,0.0,0.0,0.0,1
0001124849,Konpuriitogeemu,牡3,,2010.03.15,Kage,Okita Dadayuki,(Dou) Jpngiken,26928000.0,57.0,6.0,1
0001161977,Eeshinrenjaa,牡3,,,,,,0.0,0.0,0.0,1
0001107998,Aporomaaberikku,牡4,,,,,,0.0,0.0,0.0,1
0000803134,Koburabooru,牡9,,2004.04.27,Aokage,Terai Fumihide,Yoshihashi Kei,36854000.0,89.0,10.0,1
0000990538,Tamamoyunivaasu,牡7,,2006.02.14,Kurige,Murakamifaamu,Tamamo (Kabu),36749000.0,28.0,4.0,1
0000277838,Jiettosutoriimu,牡5,,1993.04.10,Kurige,Jouchi Sadao,Tanaka Shouji,3369000.0,21.0,3.0,1
0001100906,Biibiimaisen,牡4,,2009.05.08,Aokage,Bandoubokujou,(Ari) Bandoubokujou,10400000.0,11.0,1.0,1
0000311322,Teinbaaurufu,牡6,,1996.04.16,Kurige,Hattori Masao,Ikezoe Yasuo,5774000.0,40.0,16.0,1
0001122175,Daiwasutoriimu,牝3,,2010.03.05 16歳,Tochikurige,Fujiwarafuaamu,Ooshiro Keizou,35383000.0,20.0,3.0,1
0001121634,Mienowandaa,牡3,,2010.04.16,Kage,Shadaifaamu,Satomi Mieko,88870000.0,28.0,4.0,1
0001125412,Daiwabureidi,牡3,,2010.03.17,Ashige,Shadaifaamu,Raifuentaapuraizu (Kabu),38897000.0,31.0,2.0,1
0000318407,Baabara,牝4,,1997.03.25,Kage,Yamaokabokujou,Ichikawa Yoshimi,60037000.0,15.0,5.0,1
0000261056,Makkusudoriimu,せん6,,1992.05.17,Kage,Maekawa Yoshinori,Ochiai Mitsuo,3356000.0,58.0,3.0,1
0000181579,Eaurufu,牡6,,,,,,0.0,0.0,0.0,1
0000269362,Sunoodoragon,牡5,,1993.03.01,Kage,Naritakabokujou,Tanigawa Yukio,3388000.0,8.0,2.0,1
0001107550,Nagaraorion,牡4,,2009.04.02,Kage,Ooshimabokujou,Itou Shouichi,191126000.0,65.0,14.0,1
0000005727,Kurisumasu,牝2,,,,,,0.0,0.0,0.0,1
0000754883,Purachinateiara,牝2,,2003.03.21,Kuroshikage,Kawakamibokujou,Egawa Nobuo,10720000.0,27.0,4.0,1
0001141135,Toosenshiruetto,牝2,,2011.01.30,Ashige,Yuugengaisha Esuteifaamu,Shimakawa Takaya,27951000.0,20.0,2.0,1
0000155953,Oorupaapasu,牡2,,,,,,0.0,0.0,0.0,1
0001135823,Happiisupurinto,牡2,,2011.03.06 15歳,Kage,Tsuji Bokujou,(Ari) Tsujibokujou,272325000.0,36.0,11.0,1
0001133627,Mainerudiaberu,牡2,,2011.04.26,Aokage,Hashimotofuaamu,(Kabu) Sarabureddokurabu・Rafian,84714000.0,46.0,3.0,1
0001139066,Vaisaarittaa,牡2,,2011.03.02,Ashige,Noozanfaamu,Ashi Nobuo,59279000.0,43.0,4.0,1
0001134600,Maineruforusu,牡2,,2011.04.11,Kage,Biggureddofaamu,(Kabu) Sarabureddokurabu・Rafian,8420000.0,14.0,1.0,1
0000701567,Terumidooru,牝2,,2000.02.28,Kurige,Shadaifaamu,(Ari) Shadaireesuhoosu,40050000.0,36.0,3.0,1
0001133441,Uin'Irusoore,牡2,,,,,,0.0,0.0,0.0,1
0001142123,Fason,牡2,,2011.05.30,Kage,Gaaberapaakusutatsudo,Kiritani Shigeru,23110000.0,6.0,1.0,1
0000304007,Faitobakku,牡2,,1996.05.13,Kage,Okitabokujou,Nagoyatomoyutaka (Kabu),64223000.0,26.0,5.0,1
0001135214,Kitasanrabukooru,牡2,,,,,,0.0,0.0,0.0,1
0001142057,Nishikenmuuto,牝2,,2011.04.09,Kage,Nishikenfuaamu,Nishimori Tsuru,3445000.0,69.0,2.0,1
0001139968,Doragonsuzuran,牝2,,2011.02.19,Kage,Oiwakefaamu,Murase Sei,7056000.0,17.0,1.0,1
0001136182,Biibiiburein,牡2,,2011.03.10,Kage,Bandoubokujou,Nishimura Sentsugi,9733000.0,51.0,6.0,1
0001045007,Seikuriddosebun,牡6,,2007.03.08,Kurige,(Ari)Shadaikooporeeshonshiraoifaamu,(Ari) Shadaireesuhoosu,75849000.0,32.0,5.0,1
0001266769,Ranryouoo,牡6,,2018.03.13 8歳,Kage,Sakuraibokujou,Itoi Seizou,222650000.0,43.0,13.0,1
0001103400,Oosumimuun,牡4,,,,,,0.0,0.0,0.0,1
0001108782,Yamaninmedaiyu,牡4,,2009.05.05,Kage,Nakada Hiromi,Tsuchii Kaoru,24550000.0,27.0,2.0,1
0001106048,Jiikujion,牡4,,2009.03.13,Kurige,Inokebokujou,Habata Masanobu,26400000.0,25.0,3.0,1
0001041720,Sanreirankingu,牡6,,2007.04.01,Kage,Okanobokujou,Nagai Keiji,22130000.0,36.0,1.0,1
0000888511,Ribaakyassuru,牝8,,2005.04.07,Kurige,Iiokabokujou,Kawagoe Takeji,22712000.0,55.0,4.0,1
0001144662,Ritorugeruda,牝4,,2009.03.29 17歳,Ashige,Dapple Bloodstock,Kuriyama Yoshiko,206771000.0,28.0,7.0,1
0000989266,Roobudovuruuru,牝7,,2006.05.10 20歳,Kage,Konishifaamu,(Ari) Mirufaamu,98874000.0,67.0,3.0,1
0000887771,Konfooko,せん8,,2005.04.29,Kurige,Okadasutatsudo,Okada Makio,65327000.0,33.0,5.0,1
0001089486,Yamaninpapione,牝5,,2008.03.24 18歳,Ashige,Nishikiokabokujou,Tsuchii Hajime,69264000.0,24.0,4.0,1
0001049242,Biragooteiara,牝6,,2007.04.23 19歳,Kage,Yamanobokujou,Miura Ichiyasushi,67669000.0,32.0,5.0,1
0001126608,Inkanteeshon,牡3,,,,,,0.0,0.0,0.0,1
0001144175,Satonopurinshiparu,牡3,,2010.05.01,Kage,Dr. Masatake Iida,Iida Seigou,127475000.0,49.0,8.0,1
0001126915,Jieberumuusa,牡3,,2010.02.15,Kage,Noozanfaamu,(Ari) Kyarottofaamu,158962000.0,24.0,7.0,1
0001125599,Dokofukukaze,牡3,,2010.04.19,Kuroshikage,Faniifurenzufaamu,Kokubun Jun,192239000.0,32.0,7.0,1
0001120435,Shigunarupuroshiido,牡3,,2010.04.30,Kage,Motomichibokujou,Takataru Sayuri,93693000.0,53.0,5.0,1
0001122653,Omegainbegasu,牝3,,,,,,0.0,0.0,0.0,1
0001122061,Rikisansuterusu,牡3,,2010.04.04,Aokage,Honkiribokujou,(Ari) Haipawaashouji,83184000.0,18.0,5.0,1
0001119576,Amuurupoejii,牝3,,,,,,0.0,0.0,0.0,1
0001118109,Moritoryuuko,牡3,,2010.03.20,Kage,Kanariyoshidabokujou,Ishibashi Tadayuki,18500000.0,16.0,2.0,1
0001123841,Haipaachaaji,牡3,,2010.02.11,Kage,Gurandobokujou,Takahashi Toshihide,56879000.0,131.0,13.0,1
0000701757,Kanon,牝3,,,,,,0.0,0.0,0.0,1
0001123057,Adomaiyaibama,牡3,,,,,,0.0,0.0,0.0,1
0001121496,Taiseibasutaa,牡3,,2010.05.04,Kage,Takaakibokujou,Tanaka Seihou,39331000.0,20.0,3.0,1
0000997034,Meishousamitto,牡7,,2006.02.09,Kage,Nisseibokujou,Matsumoto Yoshio,68822000.0,49.0,5.0,1
0001089361,Kouyuutaisei,牡5,,2008.03.27,Kurige,Nomura Sei,Kajiya Sadamitsu,50464000.0,26.0,4.0,1
0001096505,Happiiteia,牝5,,2008.04.04 18歳,Kage,Takimoto Kenji,Maruoka Keiichi,43652000.0,30.0,5.0,1
0001102159,Kashimashinsei,牡4,,,,,,0.0,0.0,0.0,1
0001093740,Shinwakantorii,牡5,,2008.02.09,Kuroshikage,Endoresufaamu,Roiyarupaaku,34490000.0,35.0,3.0,1
0001041995,Pikapikatetta,牡6,,2007.04.25,Kage,Nagoya Kazuyuki,Nishimura Shin'Ichirou,39400000.0,27.0,3.0,1
0001107470,Furiidamushichii,牡4,,2009.02.12,Kurige,Ikusenyobokujou,(Kabu) Tomoshunhoosukurabu,20690000.0,20.0,1.0,1
0001043128,Asakusamarinba,牡6,,,,,,0.0,0.0,0.0,1
0001103178,Rabuizubuushie,牡4,,2009.03.24,Kuroshikage,Koike Hiroyuki,Kobayashi Sachiaki,219653000.0,32.0,6.0,1
0000269772,Teiemutaihoo,牡4,,1993.04.07,Kage,Miyauchibokujou,Takezono Masatsugu,10040000.0,18.0,0.0,1
0001096803,Tsukubakoganeoo,せん5,,2008.02.24,Kurige,Shadaifaamu,Matsuura Masaharu,127745000.0,47.0,6.0,1
0001108396,Sutoreitogaaru,牝4,,2009.03.12 17歳,Kage,Okamotobokujou,Hirosakitoshihirohd (Kabu),545424000.0,29.0,11.0,1
0000802876,Kadiisha,牝4,,,,,,0.0,0.0,0.0,1
0001141162,Haapusutaa,牝2,,2011.04.24 15歳,Kage,Noozanfaamu,(Ari) Kyarottofaamu,360248000.0,9.0,5.0,1
0001142398,Isuraboniita,牡2,,2011.05.21 15歳,Kuroshikage,(Ari)Shadaikooporeeshonshiraoifaamu,(Ari) Shadaireesuhoosu,752027000.0,25.0,8.0,1
0001139976,Piikutoramu,牡2,,2011.05.08,Kuroshikage,Shadaifaamu,Tomita Fujio,164173000.0,97.0,14.0,1
0000759107,Uinfenikkusu,牡2,,,,,,0.0,0.0,0.0,1
0001136599,Maaburukatedoraru,牝2,,2011.03.20 15歳,Kage,Shadaifaamu,(Ari) Shadaireesuhoosu,71806000.0,17.0,3.0,1
0001138920,Mainerumerienda,牡2,,2011.04.06,Kurige,Takahashi Yukio,(Kabu) Sarabureddokurabu・Rafian,123295000.0,37.0,4.0,1
0001139121,Mainegurateia,牝2,,2011.01.23 15歳,Kuroshikage,Pakapakafaamu,(Kabu) Sarabureddokurabu・Rafian,13074000.0,10.0,1.0,1
0001141871,Mozuhatsukoi,牝2,,2011.01.25 15歳,Ashige,Ueyamabokujou,(Kabu) Kyapitaru・Shisutemu,100546000.0,37.0,3.0,1
0000706209,Dautoresu,牡2,,2000.02.28,Kuroshikage,Noosuhiruzumanejimento,(Ari) Noosuhiruzumanejimento,6400000.0,4.0,1.0,1
0001142622,Aporosutaazu,牡2,,,,,,0.0,0.0,0.0,1
0001142037,Yuurudouu,牡2,,2011.03.30,Kage,Kimurabokujou,Odagiri Yuuichi,20800000.0,18.0,2.0,1
0000032683,Aporomuun,牝2,,,,,,0.0,0.0,0.0,1
0001138515,Desuteiniirabu,牝2,,2011.03.10 15歳,Kuroshikage,Ookitabokujou,Kanayama Katsuki,12737000.0,16.0,1.0,1
0001141350,Koronapurinsesu,牝2,,2011.02.17,Kurige,Nobuokabokujou,(Kabu) Bajigakuin,5252000.0,19.0,2.0,1
0001163945,Setoaroo,牡2,,2011.02.22,Kage,Stonestreet Thoroughbred Holdings Llc,(Ari) Hoosukea,40383000.0,111.0,9.0,1
0001134536,Makyavitei,牡2,,2011.04.03,Kurige,Shadaifaamu,Kanekomasatohoorudingusu (Kabu),106491000.0,30.0,5.0,1
0001138743,Aramasakurofune,牝2,,,,,,0.0,0.0,0.0,1
0001140488,Takamitsusuzuran,牝2,,2011.06.29 15歳,Kage,Arai Hiroyuki,Takamitsu (Kabu),27496000.0,24.0,2.0,1
0001135861,Reddoriveeru,牝2,,2011.02.19 15歳,Kuroshikage,Shadaifaamu,(Kabu) Toukyouhoosureeshingu,181588000.0,18.0,3.0,1
0001138696,Mainegureviru,牝2,,2011.04.03 15歳,Kage,Biggureddofaamu,(Kabu) Sarabureddokurabu・Rafian,106695000.0,33.0,3.0,1
0001139047,Haiaareeto,牡2,,2011.02.01,Kuroshikage,Noozanfaamu,(Ari) Kyarottofaamu,40604000.0,21.0,3.0,1
0001142485,Pionero,牡2,,2011.04.08,Kage,Noozanfaamu,Nakayama Junko,226719000.0,82.0,9.0,1
0001140469,Mainerufurosuto,牡2,,2011.03.08,Ashige,Kyouyuubokujou,(Kabu) Sarabureddokurabu・Rafian,251185000.0,40.0,4.0,1
0001134582,Maramudeeru,牝2,,2011.02.26 15歳,Kurige,Noozanfaamu,(Ari) Sandeereeshingu,60530000.0,25.0,3.0,1
0001134461,Meishousumitomo,牡2,,2011.04.22,Kage,Fujiwarafuaamu,Matsumoto Yoshio,212750000.0,70.0,8.0,1
0001163963,Oorusutei,牡2,,,,,,0.0,0.0,0.0,1
0001138671,Dantsukyanon,牡2,,2011.02.12,Kurige,Kantoriibokujou,Yamamoto Tetsuji,10800000.0,17.0,1.0,1
0000307213,Sangurasu,牡2,,1996.04.09,Kurige,Fujikawa Yoshiko,Chiba Hiroshi,16005000.0,29.0,5.0,1
0001140336,Kurinokomachi,牝2,,,,,,0.0,0.0,0.0,1
0001141728,Roodofowaado,牡2,,2011.03.31,Aokage,Keiaifaamu,Mitsuyasu Ryou,92860000.0,63.0,6.0,1
0001141807,Baunsushasse,牝2,,2011.05.06 15歳,Kage,Noozanfaamu,(Ari) Kyarottofaamu,156027000.0,16.0,5.0,1
0001137416,Houraiakiko,牝2,,2011.03.08 15歳,Kage,Nakanofaamu,Kobayashi Shigeyuki,117579000.0,17.0,4.0,1
0000036181,Berukanto,牝2,,1970.03.01,Kurige,Nakamotobokujou,Katou Yoshirou,0.0,0.0,0.0,1
0001138255,Raburiipuranetto,牡2,,2011.02.13,Kurige,Shadaifaamu,Mita Masahiro,37805000.0,24.0,1.0,1
0000254844,Dantsuburoodo,牡2,,1992.04.13,Kage,Tanioka Masaji,Yamamoto Tetsuji,1840000.0,12.0,1.0,1
0001164978,Eishinkisanadou,牡2,,,,,,0.0,0.0,0.0,1
0001138587,Mainevariente,牝2,,2011.02.24 15歳,Kage,Biggureddofaamu,(Kabu) Sarabureddokurabu・Rafian,39890000.0,32.0,2.0,1
0000030729,Nero,牡2,,1969.05.01,Kage,Shirai Shinpei,Ooga Rokutarou,74170000.0,70.0,14.0,1
0001137087,Shigerukaga,牡2,,2011.04.01,Kage,Umamichi Shigeki,Morinaka Ban,134336000.0,47.0,14.0,1
0001137507,Hasshu,牝2,,2011.03.30 15歳,Ashige,Daaree・Japan・Faamuyuugengaisha,H.H.Shieiku・Mohamedo,72202000.0,24.0,4.0,1
0001139209,Berurumieeru,牝2,,2011.04.14 15歳,Kage,Shadaifaamu,Sasaki Masamitsu,121218000.0,28.0,4.0,1
0001139718,Kashinotaron,牝2,,,,,,0.0,0.0,0.0,1
0001141908,Guranpuribureido,牡2,,,,,,0.0,0.0,0.0,1
0000466174,Ume,牝2,,1962.04.16,Kuroshikage,,,0.0,0.0,0.0,1
0001140784,Uinsupurasshu,牡2,,,,,,0.0,0.0,0.0,1
0001137752,Meishoukafuu,牡2,,2011.05.16,Kage,Yoshida Mataji,Matsumoto Kazuko,27450000.0,39.0,2.0,1
0000025613,Runa,牡4,,1968.04.21,Kage,,Tonomura Masami,72000.0,1.0,0.0,1
0001050093,Uinkuriabyuu,牝6,,,,,,0.0,0.0,0.0,1
0000303826,Mayanoryuujin,牡6,,1996.04.26,Kage,Masakazuyamamotobokujou,Tadokoro Suke,0.0,4.0,0.0,1
0000733096,Meishoubushidou,牡4,,2002.03.20,Kuroshikage,Shoueibokujou,Matsumoto Yoshio,0.0,8.0,0.0,1
0000886461,Shishamofurendo,牝8,,2005.04.05,Kage,Oosawaikuseibokujou,Inoke Masato,41241000.0,50.0,6.0,1
0001087633,Adomaiyasaimon,牡5,,,,,,0.0,0.0,0.0,1
0001088642,Yuutaacheisaa,牡5,,2008.03.27,Kurige,Nakamotobokujou,Kitamae Kouichirou,36974000.0,26.0,1.0,1
0000255450,Sefuteiifuraito,牡4,,1992.04.10,Aokage,Mikita Akihito,Asakawa Kouji,4175000.0,11.0,2.0,1
0001107104,Ririiatakkaa,牡4,,2009.03.30,Kurige,Fukuoka Mitsuo,Tsuchii Takao,19510000.0,25.0,1.0,1
0001120124,Shatooburanshu,牝3,,2010.03.28 16歳,Kage,Noozanfaamu,Yuugengaishashiruku,120327000.0,25.0,4.0,1
0001123268,Rimeinsairento,牝3,,2010.03.15 16歳,Kage,Shadaifaamu,(Ari) Shadaireesuhoosu,120179000.0,35.0,5.0,1
0001124260,Pikushiihorou,牝3,,2010.03.18 16歳,Kage,Wakabayashibokujou,Yoshida Kazumi,27939000.0,14.0,3.0,1
0001119304,Boronberuraruun,牝3,,2010.03.06 16歳,Kage,Mitsuishikawakamibokujou,(Ari) Taafu・Supooto,6700000.0,13.0,1.0,1
0001119914,Asakusateiara,牝3,,,,,,0.0,0.0,0.0,1
0001124423,Yuurushingingu,牡3,,2010.04.25,Kage,Shadaifaamu,(Ari) Shadaireesuhoosu,119446000.0,20.0,4.0,1
0001144118,Reddoruufasu,牡3,,2010.04.29,Kurige,Charles H. Wacker,(Kabu) Toukyouhoosureeshingu,79317000.0,25.0,4.0,1
0001126137,Hironopurinsu,牡3,,2010.03.10,Kage,Orionfaamu,Itou Shouichi,73619000.0,66.0,6.0,1
0001124116,Doragonrejiendo,牡3,,2010.01.27,Kurige,Noozanfaamu,Kubota Yoshirou,32494000.0,22.0,3.0,1
0001125177,Irepureisuburu,牡3,,,,,,0.0,0.0,0.0,1
0001121268,Biggubandojazu,牡3,,2010.01.16,Kuroshikage,Shimokoubebokujou,Sakamoto Takanori,38339000.0,89.0,11.0,1
0001124809,Majiesuteihaatsu,牡3,,2010.05.20,Kage,Fujiwarabokujou,(Kabu) Hidaka・Buriidaazu・Yunion,154175000.0,35.0,4.0,1
0001118051,Yamaichipaatonaa,牡3,,2010.04.24,Kurige,Inokebokujou,Sakamoto Hajime,97640000.0,34.0,4.0,1
0001125108,Puransupesuka,牡3,,2010.05.08,Kage,Mishimabokujou,Yamada Shintarou,108458000.0,52.0,6.0,1
0001121972,Sororu,牡3,,2010.03.29,Kuroshikage,Oiwakefaamu,(Ari) Sandeereeshingu,242868000.0,43.0,9.0,1
0001126986,Kappadokia,牡3,,,,,,0.0,0.0,0.0,1
0001123822,Toosenharukaze,牡3,,2010.03.23,Kage,Yuugengaisha Esuteifaamu,Shimakawa Takaya,106026000.0,52.0,6.0,1
0001090906,Kurashikarunova,牡5,,,,,,0.0,0.0,0.0,1
0000177197,Atomu,牡2,,,,,,0.0,0.0,0.0,1
0000262333,Agunesudoriimu,牡2,,,,,,0.0,0.0,0.0,1
0001134904,Puraimariikoodo,牝2,,2011.05.11 15歳,Ashige,Noozanfaamu,(Ari) Kyarottofaamu,18570000.0,18.0,1.0,1
0001136033,Oosumichado,牡2,,,,,,0.0,0.0,0.0,1
0001140883,Otokogimasamune,牡2,,,,,,0.0,0.0,0.0,1
0001133255,Jakkutomamenoki,牡2,,2011.05.18,Kurige,Tabatafaamu,(Kabu) Kyouei,7000000.0,3.0,1.0,1
0000009152,Raizan,牡2,,1961.05.24,Kage,,Murai,0.0,0.0,0.0,1
0001142686,Tsuaari,牡2,,2011.02.08,Kurige,Taiheibokujou,Sugawara Toshiya,7800000.0,20.0,1.0,1
0000988505,Hibikejindaiko,牡7,,2006.03.16,Kage,Imai Hideki,Watanabe Zenjirou,44551000.0,52.0,4.0,1
0000994319,Neoreboruushon,せん7,,2006.03.19,Aokage,Noozanfaamu,(Ari) Sandeereeshingu,111518000.0,35.0,5.0,1
0001096410,Goozuon,せん5,,2008.02.28,Kage,Kojimabokujou,Maeda Kouji,13300000.0,12.0,2.0,1
0001108140,Toosenpurachina,牡4,,2009.03.16,Kage,Yuugengaisha Esuteifaamu,Shimakawa Takaya,14942000.0,45.0,5.0,1
0001095981,Mirakuruoburena,牡5,,2008.02.22,Kuroshikage,Heihatabokujou,Hiraoka Shigeki,38900000.0,18.0,2.0,1
0001121015,Sumaatoreiaa,牝3,,2010.05.15 16歳,Ashige,Okadasutatsudo,Ookawa Tooru,479844000.0,33.0,9.0,1
0001123036,Ribontorikorooru,牝3,,2010.05.08,Ashige,Shadaifaamu,(Kabu) Guriinfaamu,46816000.0,21.0,2.0,1
0001118211,Makotoburijaaru,牝3,,2010.03.23 16歳,Kage,Deguchi Shigeo,(Kabu) Diamanto,160754000.0,28.0,7.0,1
0001119944,Biinasutorikku,牝3,,2010.04.27,Kurige,Iwamibokujou,Tomomizu Tatsuya,36192000.0,20.0,3.0,1
0001096786,Eeshinmizuuri,牡5,,,,,,0.0,0.0,0.0,1
0001128934,Furuukii,牡3,,2010.03.31,Aokage,Noozanfaamu,Kanekomasatohoorudingusu (Kabu),248367000.0,32.0,7.0,1
0001118576,Nekotaishou,牡3,,2010.04.06,Kage,Daidoubokujou,Kiritani Shigeru,65309000.0,41.0,4.0,1
0001040149,Happiikaoru,牡6,,2007.04.08,Aoge,Chiyodabokujou,Shibayama Tenmasa,74729000.0,28.0,5.0,1
0001140992,Pashifikkugyaru,牝2,,2011.04.18 15歳,Ashige,Noozanfaamu,Yoshida Katsumi,37259000.0,6.0,1.0,1
0001139330,Nishinomichishirube,牝2,,2011.04.09 15歳,Kage,Kawakamibokujou,Nishiyama Shigeyuki,37691000.0,18.0,2.0,1
0001141393,Sakuraparyuuru,牝2,,2011.03.26,Kage,Taniokasutatto,Tanioka Maki,13575000.0,16.0,2.0,1
0001141537,Serenabianka,牝2,,2011.03.01 15歳,Kage,Shadaifaamu,Shimakawa Rishi,11100000.0,24.0,1.0,1
0001140213,Daiwasofii,牝2,,2011.03.23,Ashige,Shadaifaamu,Ooshiro Keizou,14618000.0,18.0,1.0,1
0001139407,Yamanin'Arietta,牝2,,2011.03.11,Kuroshikage,Nishikiokabokujou,Tsuchii Hajime,21166000.0,26.0,1.0,1
0001142780,Myuzeritorugaaru,牝2,,2011.06.02 15歳,Kage,Wakabayashibokujou,Sakamoto Hajime,22775000.0,13.0,2.0,1
0001141705,Visubii,牝2,,2011.01.29 15歳,Kuroshikage,Noozanfaamu,Oono Tomio,24150000.0,27.0,3.0,1
0001138238,Tsukubaasunaro,牝2,,2011.05.11,Kage,Reikuvirafaamu,Watanabe Zenjirou,26655000.0,29.0,2.0,1
0001137676,Happiiberinda,牝2,,2011.04.04 15歳,Kage,Jouchi Kiyoshiman,Kubota Yasushi,24900000.0,18.0,2.0,1
0001140931,Hatsugatsuo,牝2,,2011.03.02 15歳,Kage,Kawakamibokujou,Egawa Nobuo,63835000.0,48.0,4.0,1
0001142087,Mayuki,牝2,,2011.04.27 15歳,Kurige,Tagamifaamu,Inaita Yuushi,41170000.0,48.0,3.0,1
0001092418,Hokkoobureevu,牡5,,2008.04.07,Kage,Takaakibokujou,Kitasachishouji (Kabu),167003000.0,34.0,5.0,1
0001111007,Ekkusumaaku,牡4,,,,,,0.0,0.0,0.0,1
0001104122,Shigerusasaguri,牡4,,2009.03.29,Kuroshikage,Hirayamabokujou,Morinaka Ban,127805000.0,48.0,6.0,1
0000085881,Kirauea,牡6,,,,,,0.0,0.0,0.0,1
0001134334,Karadarejiendo,牡2,,,,,,0.0,0.0,0.0,1
0001137548,Kuinzuharijan,牡2,,,,,,0.0,0.0,0.0,1
0000000736,Moorisu,牡2,,1949.04.04,Kage,,Kasagi,0.0,0.0,0.0,1
0001136630,Ruminizumu,牡2,,2011.02.03,Kuroshikage,(Ari)Shadaikooporeeshonshiraoifaamu,(Ari) Shadaireesuhoosu,24098000.0,15.0,2.0,1
0001140506,Amanouinjii,牡2,,,,,,0.0,0.0,0.0,1
0001139073,Raiansensu,牡2,,2011.05.03,Kage,Reikuvirafaamu,Hayashi Seidou,5000000.0,5.0,1.0,1
0000263656,Pegasasujunia,牡2,,1992.03.30,Kage,Kuwajima Satoshihitoshi,Itou Satoshi,1718000.0,31.0,7.0,1
0001139852,Teiemukyuukoo,牡2,,2011.04.17,Kage,Teiemubokujou,Takezono Masatsugu,22433000.0,34.0,4.0,1
0001140000,Oidashidaiko,牡2,,,,,,0.0,0.0,0.0,1
0001141597,Diagohho,牡2,,2011.04.22,Kurige,Ichinokamibokujou,Yamashita Teiryou,50346000.0,58.0,3.0,1
0000155318,Onwaadodeyuuku,牝5,,,,,,0.0,0.0,0.0,1
0001105020,Mannopurojiekuto,牡4,,2009.05.03,Kage,Wakabayashibokujou,Manno Junkei,28784000.0,18.0,2.0,1
0001142201,Adomaiyabijin,牝2,,,,,,0.0,0.0,0.0,1
0001142285,Eishin'Orudosu,牝2,,,,,,0.0,0.0,0.0,1
0001141029,Riaruviinasu,牝2,,2011.03.19 15歳,Kage,Kasamatsubokujou,Yamauchi Kunikazu,48949000.0,21.0,3.0,1
0001137130,Guranshierii,牝2,,,,,,0.0,0.0,0.0,1
0001140840,Taiseirarabai,牝2,,2011.01.25 15歳,Aokage,Noozanfaamu,Tanaka Seihou,49446000.0,30.0,3.0,1
0001136227,Fukunodoriimu,牝2,,2011.03.30 15歳,Kurige,Tanigawabokujou,Fukushima Yuuko,78861000.0,24.0,3.0,1
0000254617,Erunorute,牝2,,,,,,0.0,0.0,0.0,1
0001136814,Meishouasatsuyu,牝2,,2011.03.10 15歳,Kage,Mishimabokujou,Matsumoto Yoshio,9000000.0,12.0,1.0,1
0001140965,Raviine,牝2,,2011.03.14,Ashige,Shadaifaamu,(Ari) Shadaireesuhoosu,8100000.0,11.0,1.0,1
0001134975,Teiemunadeyuura,牝2,,2011.02.04,Kurige,Taniguchibokujou,Takezono Masatsugu,7700000.0,23.0,1.0,1
0001139343,Dantsukyansaa,牝2,,2011.02.04,Kuroshikage,Chiyodabokujou,Yamamoto Tetsuji,114791000.0,41.0,6.0,1
0001139212,Teiemuchurakko,牝2,,2011.04.25,Kurige,Teiemubokujou,Takezono Masatsugu,20886000.0,14.0,2.0,1
0001135141,Noborirejiendo,牝2,,2011.04.26 15歳,Kage,Shadaifaamu,Harada Yutaka,35430000.0,18.0,2.0,1
0001139003,Suiitogaaden,牝2,,2011.04.09 15歳,Kage,Ochiai Kazumi,Tagashira Yuuki,20350000.0,36.0,1.0,1
0001127158,Kanetoshiinaasha,牡5,,,,,,0.0,0.0,0.0,1
0001093460,Sanraizuburetto,牡5,,2008.04.02,Kurige,Shadaifaamu,Matsuoka Takao,72930000.0,30.0,4.0,1
0001124677,Toosen'Arunika,牝3,,2010.01.18 16歳,Kage,Yuugengaisha Esuteifaamu,Shimakawa Takaya,94999000.0,19.0,5.0,1
0001124250,Diaderamadore,牝3,,2010.02.22 16歳,Kage,Noozanfaamu,(Ari) Kyarottofaamu,188221000.0,16.0,6.0,1
0001107096,Edin,牝4,,,,,,0.0,0.0,0.0,1
0001141994,Pureiandoriaru,牡2,,2011.03.22,Kage,Mori Bokujou,Okada Shigeyuki,56747000.0,5.0,3.0,1
0001139714,Kurariteishichii,牡2,,,,,,0.0,0.0,0.0,1
0001142765,Ranguree,牡2,,2011.03.19,Kage,Noozanfaamu,(Ari) Sandeereeshingu,130763000.0,32.0,6.0,1
0001137571,Satonoarajin,牡2,,2011.02.16 15歳,Kage,Noozanfaamu,(Kabu) Satomihoosukanpanii,450903000.0,26.0,8.0,1
0000313852,Wan'Andoonrii,牡2,,1997.05.10,Kurige,Saegusabokujou,(Ari) Saegusabokujou,1530000.0,11.0,0.0,1
0001137166,Kiinsoodo,牡2,,,,,,0.0,0.0,0.0,1
0001141774,Uinmaarerai,牡2,,,,,,0.0,0.0,0.0,1
0000127742,Arute,牡2,,,,,,0.0,0.0,0.0,1
0001136998,Derukaizaa,牡2,,2011.02.07,Kuroshikage,Noozanfaamu,Yamamoto Hidetoshi,61827000.0,26.0,4.0,1
0001135450,Ritaanraruku,牡2,,2011.03.15,Kage,Bandamubokujou,Yamashina Tou,35918000.0,42.0,3.0,1
0001141632,Kenburijjibesuto,牡2,,2011.04.22,Kuroshikage,Yuugengaisha Kenburijjibaree,Nakanishi Hiroaki,18629000.0,107.0,10.0,1
0001139013,Waarudomatchi,牡2,,2011.02.12,Kurige,Noozanfaamu,(Ari) Sandeereeshingu,28991000.0,23.0,2.0,1
0001110648,Disaifa,牡4,,2009.04.20,Kage,Daaree・Japan・Faamuyuugengaisha,H.H.Shieiku・Mohamedo,420959000.0,46.0,9.0,1
0000884578,Kawakitafuujin,牡8,,,,,,0.0,0.0,0.0,1
0001089069,Appurujakku,牡5,,,,,,0.0,0.0,0.0,1
0001048730,Doriimuhiiroo,牡6,,2007.04.21,Aokage,Gaaberapaakusutatsudo,Tajima Masamitsu,102298000.0,59.0,6.0,1
0001047250,Buruudejabu,せん6,,2007.05.15,Ashige,Yuugengaisha Kenburijjibaree,(Kabu) Buruumanejimento,64537000.0,25.0,5.0,1
0001178416,Douunaden,牡7,,2006.02.26,Kage,Comte E Decazes,Paaru・Buraddosutokku,25000000.0,1.0,0.0,1
0001115276,Shimenon,せん6,,2007.02.25,Kage,Max Morris & Isabel Morris,Uikkuroo・Buraddosutokku,0.0,1.0,0.0,1
0001089974,Faiyaa,牡5,,2008.05.26,Aokage,Terakoshi Masayuki,Fukami Tomirou,93527000.0,41.0,6.0,1
0001104529,Meishoutamakaze,牡4,,2009.04.27,Kurige,Mishimabokujou,Matsumoto Yoshio,62863000.0,32.0,4.0,1
0001091552,Karenmiroteikku,せん5,,,,,,0.0,0.0,0.0,1
0001109104,Shadoubangaado,牡4,,2009.03.01,Kuroshikage,Shadaifaamu,Iizuka Tomoichi,80496000.0,21.0,4.0,1
0001046249,Fuminoyamabiko,牡6,,2007.05.15,Kage,Saitoueibokujou,Tani Ni,65670000.0,38.0,4.0,1
0001124299,Kurisoraito,牡3,,,,,,0.0,0.0,0.0,1
0001176146,Pantsuonfaia,牡5,,2008.03.20,Kuroshikage,K & G Stables,G.Hooru&L.Hooru,0.0,1.0,0.0,1
0001093263,Koaresudoraado,牡5,,2008.03.14,Kurige,Haradabokujou,Kobayashi Masashi,125774000.0,47.0,7.0,1
0000995121,Danonpuroguramaa,せん7,,2006.02.04,Aokage,Oiwakefaamu,(Kabu) Danokkusu,150052000.0,50.0,7.0,1
0001104611,Kebindou,牡4,,2009.03.26,Kurige,Itoubokujou,Inoue Ichirou,71000000.0,29.0,5.0,1
0001109252,Suiitojuerii,牝4,,2009.05.11 17歳,Kuroshikage,Shimokoubebokujou,Shimokoube Yukio,71810000.0,18.0,5.0,1
0001099003,Esukeepumajikku,牡5,,,,,,0.0,0.0,0.0,1
0001134627,Fooebaamoa,牝2,,2011.02.06 15歳,Kurige,Oiwakefaamu,(Ari) Sandeereeshingu,100142000.0,16.0,4.0,1
0001137010,Majikkutaimu,牝2,,2011.02.15,Kuroshikage,Noozanfaamu,(Ari) Sandeereeshingu,219539000.0,23.0,6.0,1
0001136766,Reevudetowaaru,牝2,,2011.01.29 15歳,Kuroshikage,Noozanfaamu,(Ari) Sandeereeshingu,74870000.0,31.0,3.0,1
0001142642,Ekusuperiensu,牝2,,,,,,0.0,0.0,0.0,1
0001139532,Daiyamondohai,牝2,,2011.04.16 15歳,Kage,Mishimabokujou,Fuse Mitsuaki,39000000.0,32.0,3.0,1
0001140225,Nihonpiroanbaa,牝2,,2011.03.12 15歳,Aokage,Tomodabokujou,Kobayashi Hyakutarou,45576000.0,18.0,2.0,1
0000384075,Fuuraburaido,牝4,,1992.11.04,Kurige,Mr Rr Henderson & Ms Sm Dow,,0.0,16.0,6.0,1
0001120342,Uesutanrebekka,牝3,,,,,,0.0,0.0,0.0,1
0001096923,Koueiotome,牝5,,2008.02.27 18歳,Kage,Ishigooka Masaki,Nishioka Shizuo,118036000.0,36.0,5.0,1
0001124063,Nooburujupita,牝3,,2010.02.15 16歳,Kage,Akitabokujou,Yoshiki Nobuhiko,22820000.0,18.0,3.0,1
0001177896,Ajiaekusupuresu,牡2,,,,,,0.0,0.0,0.0,1
0001138980,Shounan'Achiivu,牡2,,2011.01.24,Kuroshikage,(Ari)Shadaikooporeeshonshiraoifaamu,Kunimoto Tesshuu,107626000.0,32.0,3.0,1
0001133895,Uinfuruburuumu,牡2,,,,,,0.0,0.0,0.0,1
0001141208,Shounanwadachi,牡2,,2011.02.01,Ashige,Shizunaifuaamu,Kunimoto Tesshuu,44115000.0,27.0,2.0,1
0001142677,Satonoroburoi,牡2,,2011.05.09,Kage,Fujiwarafuaamu,Satomi Osamu,22363000.0,13.0,2.0,1
0001139179,Gurisaaju,牝2,,,,,,0.0,0.0,0.0,1
0001133280,Tsuinkurusoodo,牡2,,2011.03.25,Ashige,Noozanfaamu,Sakai Takatoshi,71106000.0,57.0,7.0,1
0001136367,Nishinodenjarasu,牡2,,2011.03.07,Kurige,Niikappuhashimotobokujou,Okada Kazuhiko,17618000.0,47.0,10.0,1
0000306947,Erukamiinorearu,牡2,,,,,,0.0,0.0,0.0,1
0000995546,Eapeishiensu,牡7,,,,,,0.0,0.0,0.0,1
0001089667,Sanreideyuuku,牡5,,2008.03.24,Kage,Okanobokujou,Nagai Keiji,220486000.0,38.0,5.0,1
0001094181,Terubaiku,牡5,,2008.04.22,Kurige,Yuugengaisha Keizu,(Ari) Hoosukea,23900000.0,54.0,2.0,1
0001091872,Suzukamajiesuta,牡5,,2008.03.04,Aokage,Tsuji Bokujou,Nagai Keiji,37058000.0,30.0,2.0,1
0001090029,Toosentaigaa,牡5,,2008.05.09,Kage,Yuugengaisha Esuteifaamu,Shimakawa Takaya,30166000.0,54.0,7.0,1
0001133748,Azumashatoru,牡2,,,,,,0.0,0.0,0.0,1
0001138656,Miyabijasupaa,牡2,,2011.02.23,Kage,Takahashi Osamu,Murakami Yoshikatsu,52390000.0,11.0,3.0,1
0001140562,Taganoguranpa,牡2,,2011.04.30,Kage,Yuugengaishaniikapputaganofaamu,Yagi Ryouji,141844000.0,26.0,3.0,1
0001135889,Mondosharuna,牡2,,2011.03.07,Kage,Noozanfaamu,Yamamoto Hidetoshi,56575000.0,35.0,3.0,1
0001141258,Sutoroberiikingu,牡2,,2011.04.22,Kuroshikage,Kineusubokujou,Kawamura Hatsumi,49637000.0,105.0,11.0,1
0001136572,Bippureborushion,牡2,,2011.03.10,Kage,Reikuvirafaamu,Kumi)Force Equus,79393000.0,45.0,3.0,1
0001138324,Derittsuarimoone,牡2,,2011.01.25,Kage,(Ari)Shadaikooporeeshonshiraoifaamu,Kokura Shouichi,35021000.0,54.0,15.0,1
0001140971,Danonmakkinree,牡2,,2011.04.04,Kurige,Mishimabokujou,(Kabu) Danokkusu,51073000.0,24.0,3.0,1
0001139772,Ronguribaibaru,牡2,,2011.03.23,Kage,Sakaibokujou,Nakai Toshio,76117000.0,27.0,5.0,1
0001163944,Seseri,牡2,,2011.04.10,Kurige,William Paca Beatson Jr.,Fujii Naoya,60260000.0,43.0,5.0,1
0001165001,Shingan,牡2,,2011.03.23,Aokage,Castlemartin Sky & Skymarc Farm,Hayashi Seidou,11760000.0,21.0,1.0,1
0001119854,Oosuminain,牡4,,,,,,0.0,0.0,0.0,1
0001111043,Sanraizumejaa,牡5,,2009.04.06,Kurige,Shimokoubebokujou,Matsuoka Takao,268867000.0,43.0,8.0,1
0001141719,Mikkiiairu,牡3,,2011.03.12 15歳,Kage,Noozanfaamu,Noda Mizuki,529481000.0,19.0,8.0,1
0001139827,Waireawahine,牝3,,2011.03.13,Kurige,Tsushima Sei,Yokose Kenji,14495000.0,10.0,1.0,1
0001139529,Agunesuminittsu,牡3,,,,,,0.0,0.0,0.0,1
0001135217,Nishikenmononofu,牡3,,2011.03.11 15歳,Kurige,Yagi Tsunerou,Nishimori Tsuru,324184000.0,42.0,12.0,1
0001138496,Kashinohikaru,牡3,,,,,,0.0,0.0,0.0,1
0001142564,Kakushiaji,牝3,,,,,,0.0,0.0,0.0,1
0001139534,Kurinokanpanii,牡3,,,,,,0.0,0.0,0.0,1
0001141311,Shiseikasuga,牡3,,2011.02.28,Kuroshikage,Meipurufaamu,Inawashiro Isami,11750000.0,24.0,1.0,1
0001139198,Omegahaatorokku,牝3,,,,,,0.0,0.0,0.0,1
0000213375,Nishinoakatsuki,牝3,,1988.05.16,Ashige,Nishiyamabokujou,Nishiyama Masayuki,0.0,16.0,0.0,1
0001141087,Riravatei,牝3,,2011.03.05 15歳,Kuroshikage,Noozanfaamu,(Ari) Kyarottofaamu,141794000.0,23.0,5.0,1
0001140332,Ekuserentobyuu,牝3,,,,,,0.0,0.0,0.0,1
0001137572,Intorodakushon,牝3,,,,,,0.0,0.0,0.0,1
0001142007,Anjudeyuban,牝3,,,,,,0.0,0.0,0.0,1
0001138390,Shiiroa,牝3,,2011.01.20,Kurige,Oiwakefaamu,Takahashi Toshihide,9888000.0,23.0,2.0,1
0001135093,Runaredi,牝3,,2011.03.21,Kuroshikage,Nakada Hideki,Murakami Yoshikatsu,8600000.0,16.0,1.0,1
0001141072,Kentakkiiminto,牝3,,2011.04.16 15歳,Aokage,Sakuraibokujou,Hasegawa Kiyohide,6800000.0,14.0,1.0,1
0001136673,Derumasariichan,牝3,,2011.03.23 15歳,Kage,Faniihirufaamu,Asanuma Hiroyuki,43925000.0,64.0,3.0,1
0001138570,Mariizukei,牝3,,2011.05.24 15歳,Kage,Tsuchida Yousuke,Tomizawa Atsuko,51000000.0,27.0,2.0,1
0001141007,Hottorannaa,牝3,,2011.02.21 15歳,Kurige,Shadaifaamu,Murata Taisaku,7000000.0,3.0,1.0,1
0001134934,Chapuretto,牝3,,2011.04.26 15歳,Kuroshikage,Hidakafuaamu,Shimada Kyuu,6790000.0,13.0,1.0,1
0001134550,Kinguzuobuzasan,牡3,,,,,,0.0,0.0,0.0,1
0001139720,Adeiinzaraifu,牡3,,,,,,0.0,0.0,0.0,1
0001136059,Vorushieebu,牡3,,2011.03.16,Kurige,Noozanfaamu,Sasaki Kazuhiro,160165000.0,17.0,6.0,1
0000722870,Arubaato,牡3,,,,,,0.0,0.0,0.0,1
0001139620,Eaansemu,牡3,,,,,,0.0,0.0,0.0,1
0001141961,Shounanraguun,牡3,,2011.02.23,Kuroshikage,Reikuvirafaamu,Kunimoto Tesshuu,80969000.0,15.0,2.0,1
0001139012,Diaderurei,牡3,,2011.02.27,Kurige,Noozanfaamu,(Ari) Kyarottofaamu,152839000.0,38.0,8.0,1
0001139009,Tsukubaazumaoo,牡3,,2011.01.30,Kage,Noozanfaamu,Murata Shouhei,189208000.0,55.0,14.0,1
ホルボッシュ,Horubosshu,牡3,,,,,,,,,1
0001088683,Safurandiraito,牡6,,2008.02.06,Kage,Takahashi Kei,Unabara Seiichi,89064000.0,40.0,4.0,1
0001106706,Eajieruburowa,牝5,,,,,,0.0,0.0,0.0,1
0000132056,Daburusutaa,牡5,,1980.04.14,Kurige,Inui Minaosu,Matsushuu Mutsuo,2052000.0,36.0,1.0,1
0001127146,Rediobuopera,牝4,,2010.01.28 16歳,Kuroshikage,Daaree・Japan・Faamuyuugengaisha,H.H.Shieiku・Mohamedo,80010000.0,9.0,5.0,1
0001139037,Toosensutaadamu,牡3,,2011.03.14,Kuroshikage,Noozanfaamu,"Australian Bloodstock, Et Al.",129753000.0,14.0,5.0,1
0001142460,Bandowagon,牡3,,2011.02.18 15歳,Kuroshikage,Noozanfaamu,Baba Yukio,68242000.0,13.0,4.0,1
0001165015,Eishin'Eruvin,牡3,,,,,,0.0,0.0,0.0,1
0001135666,Satonorupan,牡3,,2011.03.07,Kuroshikage,Ekuserumanejimento,Satomi Osamu,151409000.0,23.0,5.0,1
0001135063,Burakkukaito,牡3,,2011.04.03,Kuroshikage,Tomodabokujou,Miyake Katsutoshi,10349000.0,11.0,1.0,1
0001109164,Reikaara,牝5,,2009.04.20 17歳,Kage,Shimokoubebokujou,Shimokoube Takayuki,81529000.0,17.0,5.0,1
0001140795,Puremiasuteitasu,牝3,,2011.02.16 15歳,Kuroshikage,Shadaifaamu,(Ari) Shadaireesuhoosu,23450000.0,27.0,2.0,1
0001139876,Taiseiteiguresu,牝3,,2011.04.27,Aokage,Terai Fumihide,Tanaka Seihou,21300000.0,11.0,1.0,1
0000797153,Shuvarie,牝3,,2004.03.19,Kage,Nagahama Tadashi,Fujita Takeshi,2275000.0,6.0,1.0,1
0001139349,Rainhaadii,牝3,,2011.05.14 15歳,Kurige,Noozanfaamu,Oosawa Hanjou,86783000.0,33.0,3.0,1
0001137971,Furyukuteidooru,牝3,,2011.02.17,Kage,Togawabokujou,Tomita Fujio,12292000.0,66.0,2.0,1
0001140598,Derufiino,牝3,,2011.04.05 15歳,Aokage,Keiaifaamu,(Kabu) Roodohoosukurabu,40722000.0,19.0,3.0,1
0001139503,Kanooro,牝3,,,,,,0.0,0.0,0.0,1
0001106670,Raburadoraito,せん5,,2009.05.15,Kage,Noozanfaamu,Yoshida Katsumi,110677000.0,28.0,4.0,1
0000996725,Meishoujinmu,牡8,,2006.03.16,Kage,Kineususaitoubokujou,Matsumoto Yoshio,87991000.0,52.0,4.0,1
0001123166,Kopanorikkii,牡4,,2010.03.24 16歳,Kurige,Yanagawabokujou,Kobayashi Sachiaki,995144000.0,33.0,16.0,1
0001138880,Berukyanion,牡3,,2011.02.05,Kage,Noozanfaamu,Kanekomasatohoorudingusu (Kabu),93188000.0,23.0,3.0,1
0001135261,Haginohaiburiddo,牡3,,2011.02.21,Kurige,Shadaifaamu,Hinokuma Yoshie,148994000.0,27.0,4.0,1
0000377536,Roohaido,牡3,,1958.03.12,Ashige,,,0.0,0.0,0.0,1
0001140087,Rainkagura,牝3,,2011.03.03,Kuroshikage,Hidakataiyoubokujou,Oosawa Hanjou,8550000.0,15.0,1.0,1
0001137004,Neovaron,牡3,,2011.02.18,Kage,Noozanfaamu,Kobayashi Nikou,5700000.0,10.0,1.0,1
0001136105,Shingunjookaa,牡3,,2011.04.04,Kuroshikage,Hikarubokujou,Isaka Shigenori,69427000.0,37.0,3.0,1
0001136028,Garibarudi,牡3,,,,,,0.0,0.0,0.0,1
0001142088,Asupentsurii,牡3,,,,,,0.0,0.0,0.0,1
0001134164,Reddoorashion,牡3,,2011.02.14,Ashige,Shadaifaamu,(Kabu) Toukyouhoosureeshingu,9068000.0,26.0,1.0,1
0001135293,Ferumettsua,牡3,,2011.05.11,Kage,(Ari)Shadaikooporeeshonshiraoifaamu,(Ari) Kyarottofaamu,133406000.0,37.0,5.0,1
0001141503,Taganoburugu,牡3,,2011.03.18,Kage,Yuugengaishaniikapputaganofaamu,Yagi Hideyuki,141442000.0,50.0,3.0,1
0001141663,Guddosupirittsu,せん3,,,,,,0.0,0.0,0.0,1
0001178046,Eishinburuzuai,牡3,,,,,,0.0,0.0,0.0,1
0001139021,Adomaiyameteo,牡3,,,,,,0.0,0.0,0.0,1
0001140964,Reddorushifaa,牡3,,2011.02.22,Kage,Pakapakafaamu,(Kabu) Toukyouhoosureeshingu,6000000.0,13.0,1.0,1
0001141914,Guranfiderio,牡3,,,,,,0.0,0.0,0.0,1
0000727890,Uesutoendo,牡6,,,,,,0.0,0.0,0.0,1
0001118981,Sumaatoorion,牡4,,2010.03.15,Kurige,Itoubokujou,Ookawa Tooru,185001000.0,34.0,7.0,1
0000218028,Tsuinkurusutaa,牝5,,1989.05.20,Kage,Saitou Yoshie,Taniyama Katsuya,1567000.0,46.0,2.0,1
0001089163,Miyajiemujiei,牡6,,2008.03.18,Kage,Muranakabokujou,Soga Tsukasa,131636000.0,46.0,5.0,1
0001101083,Anbaruburaiben,牝5,,2009.02.17,Kage,Fujiwarafuaamu,Itou Nobuyuki,193688000.0,28.0,8.0,1
0001138078,Nuuvorekoruto,牝3,,2011.02.25 15歳,Kurige,Shadaifaamu,Hara Reiko,456716000.0,18.0,5.0,1
0001142169,Buranneeju,牝3,,2011.01.25 15歳,Kage,Oiwakefaamu,(Ari) Shadaireesuhoosu,96618000.0,21.0,3.0,1
0000293911,Uinribatei,牝3,,1995.04.20,Kuroshikage,Monbetsu Toshiaki,Monbetsu Toshiaki,0.0,0.0,0.0,1
0001136797,Reddoooramu,牝3,,2011.01.19 15歳,Kage,Shadaifaamu,(Kabu) Toukyouhoosureeshingu,30370000.0,22.0,3.0,1
0001139819,Purimondiaru,牝3,,2011.02.13 15歳,Kage,Noozanfaamu,Terada Chiyono,56749000.0,13.0,3.0,1
0001135452,Shainiigaaru,牝3,,2011.04.28 15歳,Kage,Masa Bokujou,Kobayashi Masashi,50481000.0,25.0,3.0,1
0001143351,Biitogoozuon,牝3,,2011.03.19 15歳,Kurige,(Ari)Shadaikooporeeshonshiraoifaamu,(Ari) Shadaireesuhoosu,25650000.0,25.0,3.0,1
0000116547,Kurosuoobaa,牝3,,,,,,0.0,0.0,0.0,1
0000330361,Hinaarare,牝3,,1998.04.26,Kage,Hayatabokujouniikappushijou,(Kabu) Rigameentowaarudo,0.0,2.0,0.0,1
0000742708,Touzawaarudo,牡3,,2002.04.04,Kage,Shiraoifaamu,Joi・Reesuhoosu (Kabu),0.0,3.0,0.0,1
0001136990,Taiseikuruuzu,牡3,,2011.04.11,Kurige,Noozanfaamu,Tanaka Seihou,28400000.0,27.0,3.0,1
0001134065,Burakkuhebun,牡3,,2011.04.07,Kuroshikage,Orientobokujou,(Kabu)Betterlifecorp.,22630000.0,12.0,2.0,1
0001139950,Itarianneo,牡3,,,,,,0.0,0.0,0.0,1
0000293929,Unputenpu,牡3,,,,,,0.0,0.0,0.0,1
0001107309,Maateinboro,牡5,,2009.08.20,Aokage,Noozanfaamu,Yoshida Kazumi,165474000.0,28.0,7.0,1
0001093609,Kanetoshimaasharu,牡6,,,,,,0.0,0.0,0.0,1
0001107328,Adomaiyatorai,牡5,,,,,,0.0,0.0,0.0,1
0001045035,Adomaiyatsubasa,牡7,,,,,,0.0,0.0,0.0,1
0001108909,Meishouyoshimitsu,牡5,,2009.03.10,Kurige,Nisseibokujou,Matsumoto Yoshio,13125000.0,19.0,3.0,1
0001091871,Teiemudonmai,牡6,,2008.03.26,Kuroshikage,Takagishi Jun'Ichi,Takezono Masatsugu,85213000.0,36.0,5.0,1
0000737055,Ashuvin,牡5,,,,,,0.0,0.0,0.0,1
0001109939,Keiaiereganto,牝5,,2009.03.28 17歳,Kuroshikage,Matsudabokujou,Kameda Kazuhiro,210135000.0,33.0,7.0,1
0001177871,Esumerarudiina,牝3,,,,,,0.0,0.0,0.0,1
0001139452,Dansuamiiga,牝3,,2011.05.09 15歳,Kurige,Shadaifaamu,(Ari) Shadaireesuhoosu,114123000.0,26.0,5.0,1
0001142085,Yamanofearii,牝3,,2011.03.12 15歳,Kage,Noozanfaamu,Yamazumi Isao,17690000.0,4.0,2.0,1
0001136178,Hokkoosarasutaa,牝3,,2011.04.17 15歳,Kage,Takaakibokujou,Kitasachishouji (Kabu),84953000.0,28.0,5.0,1
0001140078,Akinokurinchi,牝3,,,,,,0.0,0.0,0.0,1
0001140383,Remumirasu,牝3,,2011.03.11 15歳,Kage,Tanigawabokujou,(Kabu) Dairin,39140000.0,24.0,3.0,1
0001141447,Shushuburiizu,牝3,,2011.02.17 15歳,Kuroshikage,(Ari)Shadaikooporeeshonshiraoifaamu,(Ari) Kyarottofaamu,19550000.0,15.0,2.0,1
0001134586,Nooburusairensu,牝3,,2011.03.20,Aokage,Jouchi Kiyoshiman,Shimozuma Shoujirou,14216000.0,156.0,4.0,1
0001142267,Marooburuu,牝3,,2011.01.22 15歳,Kage,Hidakataiyoubokujou,Kanekomasatohoorudingusu (Kabu),104767000.0,22.0,4.0,1
0001140190,Shounanpandora,牝3,,2011.03.10 15歳,Kage,(Ari)Shadaikooporeeshonshiraoifaamu,Kunimoto Tesshuu,607688000.0,18.0,5.0,1
0001138409,Maineooramu,牝3,,2011.03.20,Kage,Biggureddofaamu,(Kabu) Sarabureddokurabu・Rafian,110455000.0,37.0,4.0,1
0001133490,Chokoreetobain,牝3,,2011.04.11 15歳,Kage,Shadaifaamu,(Ari) Shadaireesuhoosu,61995000.0,27.0,2.0,1
0000273821,Riisaruuepon,牝3,,1993.06.10,Ashige,Maekawa Takanori,Katou Nobuyuki,38889000.0,34.0,3.0,1
0000889671,Diruga,牝3,,2005.04.05,Kurige,Noozanfaamu,(Ari) Sandeereeshingu,0.0,0.0,0.0,1
0001142689,Viitaareguria,牝3,,2011.02.06 15歳,Kuroshikage,Noozanfaamu,(Ari) Kyarottofaamu,71970000.0,18.0,4.0,1
0001135612,Hokuranimisa,牝3,,2011.05.19 15歳,Kuroshikage,Hattori Bokujou,Shimada Satoshi,30416000.0,18.0,2.0,1
0001141826,Besutoriidaa,牝3,,2011.04.21 15歳,Kurige,(Ari)Shadaikooporeeshonshiraoifaamu,(Ari) Shadaireesuhoosu,26300000.0,20.0,2.0,1
0001137563,Misuuinsuton,牝3,,2011.03.21 15歳,Kuroshikage,Taniokabokujou,Tanioka Yasunari,9242000.0,28.0,2.0,1
0001139930,Sumairushawaa,牝3,,2011.04.16 15歳,Kage,Noozanfaamu,(Ari) Sandeereeshingu,29350000.0,22.0,3.0,1
0001140025,Arumaerunato,牡3,,,,,,0.0,0.0,0.0,1
0001133537,Teeoosorujaa,牡3,,2011.03.28,Kurige,Yanagawabokujou,Ozasa Kimiya,58156000.0,47.0,3.0,1
0001141158,Kurinoizanami,牝3,,,,,,0.0,0.0,0.0,1
ベニノラッキーマン,Beninorakkiiman,牡3,,,,,,,,,1
0001134574,Biankokandoore,牝3,,2011.02.01 15歳,Ashige,Noozanfaamu,Yoshida Katsumi,11934000.0,18.0,1.0,1
0001142789,Rosagiganteia,牡3,,2011.04.18,Aoge,Shadaifaamu,(Ari) Shadaireesuhoosu,224555000.0,28.0,5.0,1
0001141813,Riizentorokku,牡3,,2011.03.02,Kuroshikage,Hattori Bokujou,Miura Daisuke,165753000.0,50.0,6.0,1
0000030989,Nasunoaoba,牡3,,1969.04.07,Kage,Ebisukougyoukabushikigaishanasunobokujou,Nasunobokujou,400000.0,11.0,0.0,1
0001140835,Maineruauraato,牡3,,2011.03.06,Kuroshikage,Biggureddofaamu,Matsutani Shouta,183412000.0,53.0,8.0,1
0001134771,Sakuraeeru,牡3,,2011.03.29,Kuroshikage,Taniokabokujou,Kajiwara Tetsurou,95525000.0,67.0,17.0,1
0001138099,Shiberiantaigaa,牡3,,2011.05.29,Kage,Masumoto Yoshitaka,Okada Makio,71650000.0,82.0,6.0,1
0001142486,Mikkiideeta,牡3,,2011.03.06,Kage,Noozanfaamu,Noda Mizuki,25373000.0,20.0,2.0,1
0001136967,Danon'Anbishasu,牡3,,2011.02.12,Kuroshikage,Shadaifaamu,(Kabu) Danokkusu,23650000.0,15.0,2.0,1
0001129435,Eeshinsupiidaa,牡5,,,,,,0.0,0.0,0.0,1
0001125077,Puromontoorio,牡4,,2010.04.26,Kage,Michikenbokujou,Suijou Yukio,101073000.0,20.0,5.0,1
0001125594,Mainerujieido,牡4,,2010.05.03,Kage,Kosumovuyuufaamu,(Kabu) Sarabureddokurabu・Rafian,59217000.0,33.0,4.0,1
0001141375,Sutefanosu,牡3,,2011.02.13,Kage,Noozanfaamu,(Ari) Kyarottofaamu,344599000.0,26.0,4.0,1
0001139948,Padoruuiiru,牡3,,2011.03.30,Ashige,(Ari)Shadaikooporeeshonshiraoifaamu,Yuugengaishashiruku,105307000.0,37.0,4.0,1
0000320538,Kazenoko,牡3,,,,,,0.0,0.0,0.0,1
0001136946,Adomaiyayangu,牡3,,,,,,0.0,0.0,0.0,1
0000137410,Debiru,牡3,,1981.03.18,Kage,Yokoyama Ishimatsu,Miyata Rikio,1204000.0,21.0,1.0,1
0001134761,Kurinojuroujin,牡3,,,,,,0.0,0.0,0.0,1
0001144185,Eeshingoorudo,牡4,,,,,,0.0,0.0,0.0,1
0001122457,Kurinosutaaoo,牡4,,,,,,0.0,0.0,0.0,1
0001108852,Riaraizukibonnu,牝5,,2009.05.16 17歳,Kage,Mikibokujou,Kudou Keishi,73521000.0,24.0,5.0,1
0001138910,Idasu,牡3,,,,,,0.0,0.0,0.0,1
0001136790,Meishoukoruno,牡3,,2011.03.20,Kuroshikage,Tomitabokujou,Matsumoto Yoshio,55750000.0,33.0,4.0,1
0001141084,Keruvinsaido,牡3,,2011.01.29,Kage,Daaree・Japan・Faamuyuugengaisha,Kakehata Keiichi,28848000.0,94.0,13.0,1
0001135241,Pawaasuraggaa,牡3,,2011.03.30,Kage,Yoshidabokujou,Maruoka Keiichi,84020000.0,29.0,4.0,1
0001138601,Moritobyakumi,牡3,,2011.03.16,Ashige,Itou Toshiaki,Hiromatsu Kinji,18280000.0,17.0,2.0,1
0001106453,Amikaburunanbaa,牝5,,,,,,0.0,0.0,0.0,1
0001142773,Peishaferisu,牝3,,2011.03.18 15歳,Kage,Tomodabokujou,Kitatokoro Naoto,109055000.0,39.0,4.0,1
0001142664,Kaunisukukka,牝3,,,,,,0.0,0.0,0.0,1
0001137798,Koorinberii,牝3,,2011.04.13 15歳,Kurige,Imaibokujou,Itou Keisuke,257461000.0,29.0,8.0,1
0001118149,Gureisufururiipu,牡4,,,,,,0.0,0.0,0.0,1
0001143343,Eaharifa,牡5,,,,,,0.0,0.0,0.0,1
0001109090,Gureetochaaruzu,牡5,,,,,,0.0,0.0,0.0,1
0001136231,Adomaiyadeusu,牡3,,,,,,0.0,0.0,0.0,1
0001137133,Koueiwanman,牡3,,2011.04.10,Kuroshikage,Tagami Minoru,Hayashi Yuma,108628000.0,89.0,5.0,1
0001138466,Suzukadeviasu,牡3,,2011.05.08,Kuroshikage,Tsuji Bokujou,Nagai Keiji,254890000.0,45.0,7.0,1
0001106690,Satonojupitaa,牝5,,2009.03.03 17歳,Kage,Noozanfaamu,Satomi Osamu,70011000.0,14.0,4.0,1
0001133637,Sangurearu,牝3,,2011.05.08 15歳,Aokage,Noozanfaamu,(Ari) Sandeereeshingu,75084000.0,13.0,2.0,1
0000015471,Isaberu,牝3,,,,,,0.0,0.0,0.0,1
0001139739,Hapinesudansaa,牝3,,2011.01.26 15歳,Kage,Noozanfaamu,Maesako Yoshiyuki,88234000.0,23.0,5.0,1
0001139033,Purokurisu,牝3,,2011.01.27,Kurige,Noozanfaamu,(Ari) Sandeereeshingu,60991000.0,21.0,4.0,1
0001138084,Muudosuuingusu,牝3,,2011.05.07,Kuroshikage,(Ari)Shadaikooporeeshonshiraoifaamu,Anshoku Takeo,15360000.0,24.0,1.0,1
0001142446,Superantsuadeea,牝3,,2011.03.21 15歳,Kuroshikage,Shadaifaamu,Yoshida Teruya,31349000.0,25.0,2.0,1
0001139365,Shadoukaraazu,牝3,,2011.05.16 15歳,Kage,Shadaifaamu,Iizuka Tomoichi,25980000.0,25.0,2.0,1
0000614543,Panashudooru,牝3,,1999.04.06,Kurige,Deguchibokujou,(Kabu) Hidaka・Buriidaazu・Yunion,5020000.0,11.0,0.0,1
0001139020,Shiidoobuhapinesu,牝3,,2011.03.13 15歳,Kuroshikage,Noozanfaamu,(Kabu) G1Reeshingu,7800000.0,8.0,1.0,1
0001110959,Fiero,牡5,,2009.03.14,Aokage,Shadaifaamu,Kanekomasatohoorudingusu (Kabu),314529000.0,24.0,5.0,1
0001142303,Waarudoinpakuto,牡3,,2011.04.05,Kage,Noozanfaamu,Yuugengaishashiruku,58185000.0,11.0,2.0,1
0001133809,Yamanouizaado,牡3,,2011.05.15,Kage,Takasebokujou,Murata Shouhei,34085000.0,28.0,11.0,1
0001136428,Goorudoakutaa,牡3,,2011.05.18 15歳,Aokage,Kitakachifaamu,Kyojou Hisashiyo,743244000.0,24.0,9.0,1
0001133853,Matenroubosu,牡3,,2011.03.12,Kuroshikage,Kamimura Kiyoshi,Terada Chiyono,119553000.0,32.0,5.0,1
0001135518,Faagason,牡3,,2011.05.12,Kage,Hashimotobokujou,Hayashi Seidou,5500000.0,6.0,1.0,1
0001138871,Nanyoomaaku,牡3,,2011.04.11,Aokage,Shimokoubebokujou,Kitahara Maryuu,61442000.0,54.0,6.0,1
0000138214,Shanpaanyu,牡3,,1981.05.11,Kurige,Kubo Nihachirou,Takenaka Isami,0.0,0.0,0.0,1
0001138987,Teodoriiko,牡3,,2011.05.18,Ashige,Inui Minaosu,Yoshida Kazumi,6300000.0,5.0,1.0,1
0001134580,Adomirarushippu,牡3,,,,,,0.0,0.0,0.0,1
0001140030,Saunzuobuaasu,牡3,,2011.04.12,Kuroshikage,Shadaifaamu,Yoshida Teruya,467449000.0,29.0,2.0,1
0001137956,Shadoudansaa,牡3,,2011.03.11,Kuroshikage,Shadaifaamu,Iizuka Tomoichi,93403000.0,33.0,4.0,1
0001136086,Bureivurii,牡3,,2011.03.09,Kage,Okadasutatsudo,Okada Makio,94657000.0,43.0,4.0,1
0001137753,Dandiizumuun,牡3,,2011.02.20,Kage,(Ari)Shadaikooporeeshonshiraoifaamu,Tajima Hiroshi,53452000.0,40.0,3.0,1
0001140894,Suteiinshiatoru,牡3,,2011.01.11,Kuroshikage,Noozanfaamu,Aoshibashouji (Kabu),114057000.0,16.0,5.0,1
0001136455,Torakichishachou,牡3,,2011.05.18,Kage,Murakami Kinya,Kasahara Hisao,115835000.0,51.0,9.0,1
0001138835,Pomeguraneito,牡3,,2011.01.22,Kurige,Amoubokujou,Hatakesa Hiroshi,98609000.0,40.0,5.0,1
0001091859,Meishouyatarou,牡6,,2008.05.30,Kage,Hinodebokujou,Matsumoto Yoshio,138579000.0,50.0,5.0,1
0001113528,Wairudofurappaa,牝5,,2009.05.12 17歳,Kuroshikage,Shadaifaamu,Yoshida Teruya,200020000.0,21.0,8.0,1
0001103980,Guranpuriburaddo,牡5,,,,,,0.0,0.0,0.0,1
0000315665,Meishoukoronbo,牡5,,1997.04.02,Kurige,Matsuda Michio,Matsumoto Kazuko,0.0,0.0,0.0,1
0001104542,Ragaatomohiiro,牡5,,2009.04.04,Kuroshikage,Yamaharubokujou,Okumura Keiji,93599000.0,43.0,6.0,1
0001108484,Hirunomadoriido,牡5,,2009.04.25,Kuroshikage,Samekawa Keiichi,(Kabu) Hiruno,72070000.0,17.0,8.0,1
ベッラレジーナ,Berrarejiina,牝3,,,,,,,,,1
0001137075,Eriizabesuto,牝3,,,,,,0.0,0.0,0.0,1
0001104488,Teiemuoperadon,牡5,,2009.03.13,Kage,Kawagoefaamu,Takezono Masatsugu,107021000.0,48.0,4.0,1
0001134944,Ekimae,牡3,,,,,,0.0,0.0,0.0,1
0001094501,Gurandesubaru,牡6,,,,,,0.0,0.0,0.0,1
0001094100,Toosenjagaa,牡6,,2008.04.13,Aoge,Yuugengaisha Esuteifaamu,Shimakawa Takaya,91323000.0,42.0,5.0,1
0001111033,Kosumobarubara,牝5,,2009.03.28 17歳,Kuroshikage,Biggureddofaamu,(Ari) Biggureddofaamu,68358000.0,32.0,4.0,1
0001090426,Aimuhiaa,牝6,,,,,,0.0,0.0,0.0,1
0001109345,Saimongaarando,牝5,,2009.03.21 17歳,Kage,Yanagawabokujou,Sawada Akinori,64574000.0,34.0,4.0,1
0001105085,Meishoukirari,牝5,,2009.05.02 17歳,Kage,Shoueibokujou,Matsumoto Yoshio,36821000.0,17.0,3.0,1
0001140893,Reddoaruvisu,牡3,,2011.02.14,Kage,Noozanfaamu,(Kabu) Toukyouhoosureeshingu,114942000.0,18.0,5.0,1
0001139461,Banzuumu,牡3,,2011.03.13,Kage,Shadaifaamu,(Kabu) Jhb,133706000.0,72.0,7.0,1
0001137819,Anzuchan,牝3,,,,,,0.0,0.0,0.0,1
0001135654,Pean,牡3,,2011.03.04,Kuroshikage,Nibutanifaamu,Ueno Naoki,25448000.0,11.0,2.0,1
0001141895,Taganoevviiba,牡3,,2011.04.24,Kage,Yuugengaishaniikapputaganofaamu,Yagi Ryouji,17600000.0,11.0,2.0,1
0001141731,Meishoupawaazu,牡3,,2011.03.27,Kurige,Murashita Akihiro,Matsumoto Yoshio,40342000.0,12.0,3.0,1
0001136485,Wairudodaraa,牡3,,2011.03.21,Aokage,Heiyabokujou,Himrockracinghd(Kabu),57380000.0,37.0,9.0,1
0001136261,Meishouichioshi,牡3,,2011.05.09,Kuroshikage,Yagi Tsunerou,Matsumoto Yoshio,79395000.0,30.0,5.0,1
0001140960,Meishousaruute,牝3,,2011.05.22,Kage,Taiyoubokujou,Matsumoto Yoshio,35000000.0,32.0,3.0,1
0000263658,Doriimukaizaa,牡3,,1992.03.17,Kage,Kuwajima Hideaki,Chiba Shirou,680000.0,1.0,0.0,1
0001108771,Yamaninpuchigatoo,牝5,,2009.02.05 17歳,Kurige,Nishikiokabokujou,Tsuchii Hajime,110311000.0,47.0,5.0,1
0001108588,Amuurukuesuto,牡5,,,,,,0.0,0.0,0.0,1
0001119278,Mainerufiesuta,牡4,,2010.03.03,Ashige,Taniguchibokujou,(Kabu) Sarabureddokurabu・Rafian,133838000.0,43.0,4.0,1
0001118281,Biibiirasshu,牡4,,2010.04.30,Ashige,Nakamotobokujou,(Ari) Bandoubokujou,22400000.0,15.0,2.0,1
0001089979,Eeshin'Iguasu,牡6,,,,,,0.0,0.0,0.0,1
0001110906,Aporodoorosu,牡5,,,,,,0.0,0.0,0.0,1
0001094083,Meishouzousen,牡6,,2008.03.10,Kuroshikage,Takayanagi Takao,Matsumoto Yoshio,55541000.0,33.0,5.0,1
0001139076,Oukenburakku,牡3,,,,,,0.0,0.0,0.0,1
0000706319,Radiusu,牡3,,2000.04.30,Kage,Hikarubokujou,Iimura Takao,0.0,1.0,0.0,1
0000203655,Besutodoriimu,牡3,,1987.04.09,Kuroshikage,Okitabokujou,Okita Masanori,13510000.0,15.0,3.0,1
0001136931,Medouhiruzu,牡3,,2011.02.05,Kurige,Oiwakefaamu,(Kabu) G1Reeshingu,78254000.0,31.0,5.0,1
0001137172,Raringukurai,牡3,,2011.03.26,Kuroshikage,Oiwakefaamu,(Ari) Shadaireesuhoosu,16537000.0,6.0,2.0,1
0001137989,Hadosonyaado,牡3,,2011.04.06,Kuroshikage,Noozanfaamu,(Ari) Sandeereeshingu,42150000.0,18.0,3.0,1
0001136886,Toshizakimi,牝3,,2011.04.19,Kage,Urakawakobayashibokujou,Kamimura Toshiyuki,58722000.0,46.0,4.0,1
0001105494,Runafontaana,牝5,,2009.04.22,Kurige,Daaree・Japan・Faamuyuugengaisha,H.H.Shieiku・Mohamedo,102565000.0,25.0,6.0,1
0001089088,Kaishuukoronbo,牡6,,,,,,0.0,0.0,0.0,1
0001092233,Vikutoriisutaa,牡6,,2008.04.29,Kage,Oiwakefaamu,(Ari) Sandeereeshingu,96970000.0,38.0,5.0,1
0001090818,Kyouwadaffii,牡6,,,,,,0.0,0.0,0.0,1
0001103932,Sakuraregunamu,牡5,,2009.04.27,Kurige,Kawakamibokujou,Tanioka Maki,153014000.0,74.0,20.0,1
0001103260,Maachanteimaa,牝5,,2009.02.10 17歳,Kage,Chiyodabokujou,Iida Seigou,84518000.0,27.0,5.0,1
0001157375,Akuteibuminoru,牡2,,,,,,0.0,0.0,0.0,1
0000058420,Takedentaigaa,牡2,,1973.04.15,Kage,Hachinohebokujou,Koshiji Genta,4879000.0,15.0,1.0,1
0001151590,Toushoupisuto,牡2,,2012.03.20,Kage,Toushousangyoukabushikigaishatoushoubokujou,Toushousangyou (Kabu),144629000.0,66.0,6.0,1
0001154826,Toosenraaku,牝2,,2012.03.08 14歳,Kurige,Nakagamibokujou,Shimakawa Takaya,44644000.0,35.0,2.0,1
0001156467,Maineruesupasu,牡2,,2012.03.09,Aokage,Kinoshitabokujou,Kobashi Ryouta,76725000.0,70.0,14.0,1
0001156021,Anburikaru,牝2,,,,,,0.0,0.0,0.0,1
0001154179,Kizzuraitoon,牡2,,,,,,0.0,0.0,0.0,1
0001150369,Kuuruhotarubi,牝2,,,,,,0.0,0.0,0.0,1
0001150197,Gurandopopii,牝2,,,,,,0.0,0.0,0.0,1
0001151816,Surutaana,牝2,,2012.03.18 14歳,Kage,Muratabokujou,(Ari) Taafu・Supooto,45425000.0,15.0,4.0,1
0001149301,Kazenotobira,牝2,,,,,,0.0,0.0,0.0,1
0001152529,Makotodassoo,牡2,,2012.02.29,Kurige,Deguchi Shigeo,(Kabu) Diamanto,8379000.0,25.0,2.0,1
0001154784,Takeruouji,牡2,,2012.03.08,Ashige,Okitabokujou,Mori Yasuhiko,18128000.0,28.0,4.0,1
0001157805,Diataiga,牡2,,2012.05.15,Kurige,Kuwatafuaamu,Kudou Yasuhisa,7563000.0,35.0,3.0,1
0001155632,Teiizuaraizu,牝2,,2012.05.05 14歳,Kurige,Kineusubokujou,Tateyama Shinji,38860000.0,39.0,3.0,1
0001150036,Entaazasufia,牡2,,,,,,0.0,0.0,0.0,1
0001107881,Kukkaanya,牝5,,,,,,0.0,0.0,0.0,1
0001107454,Aratamayunibaasu,牡5,,,,,,0.0,0.0,0.0,1
0001109434,Doriimuchaaji,牡5,,2009.06.12,Kage,Nojimabokujou,Aoyama Youichi,37220000.0,33.0,2.0,1
0001120274,Baadobaaningu,牡4,,2010.04.14,Kage,Okadabokujou,Murakami Minoru,20750000.0,17.0,1.0,1
0001041427,Mainerugavuroshu,牡7,,2007.05.09,Aokage,Meitaibokujou,Kondou Isshou,76760000.0,55.0,5.0,1
0001099030,Kurebaabesuto,せん6,,,,,,0.0,0.0,0.0,1
0001104070,Niraijinku,牡5,,2009.03.14,Kurige,Ima Bokujou,(Ari) Fooresuto,32513000.0,28.0,4.0,1
0001096495,Angeneemu,せん6,,,,,,0.0,0.0,0.0,1
0001124583,Otsuu,牝4,,,,,,0.0,0.0,0.0,1
0001139181,Kuraisumairu,牡3,,,,,,0.0,0.0,0.0,1
0001140433,Ran'Ueiwarutsu,牡3,,2011.03.04,Kurige,Shimokoubebokujou,(Ari) Shimokoubebokujou,148583000.0,30.0,5.0,1
0001139940,Asukanoroman,牡3,,,,,,0.0,0.0,0.0,1
0001135148,Noosushoabiichi,牡3,,2011.04.13,Kage,Shadaifaamu,(Kabu) G1Reeshingu,77537000.0,19.0,4.0,1
0001138982,Fadoogu,牡3,,2011.04.25,Kuroshikage,(Ari)Shadaikooporeeshonshiraoifaamu,Kajiwara Tetsurou,75446000.0,69.0,9.0,1
0001141621,Jakkasubaaku,牡3,,2011.01.29,Kuroshikage,(Ari)Shadaikooporeeshonshiraoifaamu,(Ari) Kyarottofaamu,74237000.0,34.0,5.0,1
0001136420,Amuurusukii,牡3,,,,,,0.0,0.0,0.0,1
0001142827,Risapushuke,牝3,,2011.03.24 15歳,Kage,Takamura Shin'Ichi,Nishimori Tsuru,19068000.0,19.0,2.0,1
0001141707,Supinatchi,牝3,,2011.03.31 15歳,Aokage,Tanigawabokujou,Hashimoto Yuuki,31666000.0,18.0,3.0,1
0001106912,Meishouizayoi,牝5,,2009.03.19 17歳,Kage,Akadabokujou,Matsumoto Yoshio,84268000.0,30.0,5.0,1
0001088896,Arumarinpia,牝6,,,,,,0.0,0.0,0.0,1
0000615016,Suupaamuun,牡5,,1999.05.23,Kurige,Maeno Hiroyuki,(Kabu) Sanjou,17085000.0,24.0,7.0,1
0001096733,Muunrittoreiku,牡6,,2008.04.20,Kage,Noozanfaamu,(Ari) Sandeereeshingu,118304000.0,19.0,6.0,1
0001111051,Hokkoozenito,牡5,,2009.04.28,Kage,Fujisawabokujou,Yabe Doukou,35238000.0,28.0,2.0,1
0001089828,Mejirosannou,牡6,,2008.02.29,Kuroshikage,Mejirobokujou,Iwasaki Nobumichi,57656000.0,37.0,3.0,1
0001093848,Shounankamingu,牡6,,2008.04.11,Kurige,Kaneishibokujou,Kunimoto Tesshuu,77174000.0,47.0,5.0,1
0001120574,Berosettorekoodo,牡4,,2010.03.12,Kage,Hamamotobokujou,Shioda Kiyoshi,9900000.0,13.0,1.0,1
0001154658,Myuzesurutan,牡2,,2012.04.03 14歳,Kage,Shadaifaamu,Kikuchi Yuuji,76624000.0,7.0,3.0,1
0001153336,Avuniirumarushie,牡2,,,,,,0.0,0.0,0.0,1
0001153357,Nishinorasshu,牡2,,2012.03.29,Kage,Murakami Kinya,Waki Tatsuhiko,117756000.0,30.0,5.0,1
0001156188,Komeeto,牡2,,2012.03.26,Kuroshikage,Chiyodabokujou,Kenreeshingukumiai,65650000.0,8.0,2.0,1
0001151229,Burikusuto,牡2,,2012.03.08,Kuroshikage,Noozanfaamu,Nishioka Touru,67669000.0,40.0,6.0,1
0001151866,Navion,牡2,,2012.04.09,Kage,Hamamotobokujou,(Kabu) Hashiguchi,52998000.0,12.0,2.0,1
0001151723,Kashinohariuddo,牡2,,,,,,0.0,0.0,0.0,1
0001152899,Wakinohibiki,牡2,,2012.03.19,Kage,Hirotabokujou,Wakiyama Yoshiyuki,52183000.0,39.0,3.0,1
0001148811,Hanamomo,牝2,,2012.02.29,Kuroshikage,Kin Kouji,Ueda Chikara,7909000.0,119.0,2.0,1
0001153525,Hirunomaretto,牡2,,2012.04.18,Kuroshikage,Itoubokujou,Hirukawa Masafumi,14120000.0,20.0,1.0,1
0001150960,Toohouhanii,牝2,,2012.03.27 14歳,Kage,Takeshima Kouji,Touhoubussan (Kabu),59613000.0,28.0,3.0,1
0001152386,Ginpari,牡2,,,,,,0.0,0.0,0.0,1
0000176654,Diakoncheruto,牡2,,1985.04.07,Kage,Matsuda Michio,Yoshida Takashi,0.0,0.0,0.0,1
0001153359,Teikeirapiddo,牝2,,2012.03.18 14歳,Kurige,Reikuvirafaamu,Kanematsu Tadao,12652000.0,10.0,1.0,1
0000612192,Goddobaroozu,牡2,,1999.04.13,Kuroshikage,Bitsuguretsudofuaamu,Inokuma Hirotsugu,5345000.0,41.0,1.0,1
0001154801,Ramiiro,牡2,,2012.04.14,Kurige,Haraguchibokujou,Kadono Shigeo,17000000.0,20.0,1.0,1
0001162882,Kosumopiikokku,牝2,,2012.05.04 14歳,Kage,Biggureddofaamu,(Ari) Biggureddofaamu,29903000.0,25.0,3.0,1
0001156014,Gurasuetowaaru,牝2,,,,,,0.0,0.0,0.0,1
0001102620,Burandamuuru,牝5,,2009.04.06 17歳,Kurige,Nisshinbokujou,(Ari) Nisshinbokujou,106304000.0,27.0,5.0,1
0001155603,Buraitoenburemu,牡2,,2012.04.06,Kage,Noozanfaamu,Yuugengaishashiruku,75551000.0,14.0,2.0,1
0001153009,Mainerushubarie,牡2,,2012.04.23,Kage,Biggureddofaamu,(Kabu) Sarabureddokurabu・Rafian,44374000.0,29.0,1.0,1
0001152102,Rettsugoodonki,牝2,,2012.04.06 14歳,Kurige,Shimizubokujou,Hirosakitoshihirohd (Kabu),477088000.0,35.0,3.0,1
0001153655,Myuzeeirian,牡2,,2012.02.01,Kage,Shadaifaamu,(Kabu) Ortega,114208000.0,33.0,3.0,1
0001151979,Fowaadokafe,牡2,,2012.03.20,Kuroshikage,Kamimizubokujou,Nishikawa Kyouko,122769000.0,51.0,4.0,1
0001152277,Arumawaiori,牡2,,,,,,0.0,0.0,0.0,1
0001150683,Mikkiiyunibaasu,牡2,,2012.02.20,Kage,Shadaifaamu,Noda Mizuki,28839000.0,8.0,2.0,1
0000324174,Adomaiyagasuto,牡2,,,,,,0.0,0.0,0.0,1
0001154049,Suwaavujooji,牡2,,2012.02.27,Kage,Noozanfaamu,(Kabu) Nicks,38073000.0,9.0,3.0,1
0001154249,Mainerusakusesaa,牡2,,2012.04.14,Kurige,Biggureddofaamu,(Kabu) Sarabureddokurabu・Rafian,22010000.0,14.0,2.0,1
0001156167,Shigerukenkayama,牡2,,2012.05.20,Kurige,Umamichi Shigeki,Morinaka Ban,12800000.0,16.0,1.0,1
0001150107,Toukaibaretto,牡2,,2012.01.26,Kuroshikage,Hashimotofuaamu,Hamada Shuuichi,15384000.0,168.0,10.0,1
0001155205,Sausukyaroraina,牝2,,2012.02.01 14歳,Aokage,Bandoubokujou,Kubota Yasushi,8900000.0,4.0,1.0,1
0001149102,Oomiarisu,牝2,,,,,,0.0,0.0,0.0,1
0001156815,Reoparudina,牝2,,2012.03.29 14歳,Kage,Bandoubokujou,(Ari) Kyarottofaamu,35911000.0,22.0,2.0,1
0001148626,Sunooenjieru,牝2,,2012.04.01 14歳,Ashige,Shadaifaamu,Mita Masahiro,61218000.0,32.0,4.0,1
0001150234,Zennoizanagi,牡2,,2012.03.05,Kurige,Nakamura Masaaki,Kosuge Makoto,32690000.0,114.0,12.0,1
0001156392,Rippaazauin,牡2,,2012.04.29,Kurige,Nihonjuuoukeibakaihidakaikuseibokujou,Kobashi Ryouta,73780000.0,47.0,7.0,1
0001154075,Taganoazagaru,牡2,,2012.01.23,Kuroshikage,Yuugengaishaniikapputaganofaamu,Yagi Ryouji,65123000.0,29.0,3.0,1
0001150976,Sekandoteeburu,牡2,,2012.04.05,Kurige,Kawashima Ryouichi,Yamagami Kazuyoshi,161471000.0,30.0,3.0,1
0001157081,Taganoverurii,牝2,,2012.01.16,Kage,Yuugengaishaniikapputaganofaamu,Yagi Ryouji,43739000.0,29.0,3.0,1
0000085755,Deidoriimu,牝2,,1976.04.13,Kage,Ooshimabokujou,Tani Makotookina,16640000.0,19.0,3.0,1
0001152682,Dantsumegahitto,牡2,,2012.03.18,Kurige,Chiyodabokujou,Yamamoto Tetsuji,51472000.0,24.0,3.0,1
0001151879,Kurinoyakuman,牡2,,,,,,0.0,0.0,0.0,1
0001149738,Omegatakkusuman,牡2,,,,,,0.0,0.0,0.0,1
0001153695,Noobururuuju,牝2,,2012.03.23 14歳,Kuroshikage,Monbetsubokujou,Yoshiki Nobuhiko,40251000.0,37.0,2.0,1
0001154926,Meishoumasakaze,牡2,,2012.03.16,Kuroshikage,Fujisawabokujou,Matsumoto Yoshitaka,15300000.0,15.0,2.0,1
0001156771,Rottorii,牝2,,2012.04.26,Kage,Shadaifaamu,Toyoshima Aiko,10982000.0,46.0,2.0,1
0001156407,Himarayatenka,牝2,,2012.03.27 14歳,Aoge,Katayama Kenji,Tsuji Kakeiko,8961000.0,86.0,7.0,1
0001153897,Tamurodaichi,牡2,,2012.02.16,Kage,Miyauchibokujou,Taniguchi Ton,7112000.0,12.0,1.0,1
0001106703,Bakushinteioo,牡5,,2009.04.10,Kage,Noozanfaamu,Hayashi Seidou,129426000.0,30.0,6.0,1
0001110514,Reddokingudamu,牡5,,2009.02.23,Kage,Shadaifaamu,(Kabu) Toukyouhoosureeshingu,130351000.0,31.0,7.0,1
0000254520,Maarinshichii,牡8,,1992.04.22,Kurige,Kudou Kazuyuki,(Kabu) Tomoshunhoosukurabu,0.0,0.0,0.0,1
0001122573,Shigeruhebiza,牡4,,2010.03.11,Kuroshikage,Okita Dadayuki,Morinaka Ban,24890000.0,29.0,2.0,1
0001102158,Amakusahaiya,牡5,,,,,,0.0,0.0,0.0,1
0000737108,Kurisukuringuru,牡4,,,,,,0.0,0.0,0.0,1
0001120705,Suriimaagoon,牡4,,2010.02.19,Ashige,Tsuji Bokujou,Nagaishouji (Kabu),10900000.0,19.0,1.0,1
0001042649,Kurinotenpesuta,牡7,,,,,,0.0,0.0,0.0,1
0000301242,Meikuappu,牡3,,1995.05.08,Kage,Kume Kazuo,Itou Yoshirou,4747000.0,34.0,6.0,1
0001135267,Daiwariberaru,牡3,,2011.05.26,Kuroshikage,Shadaifaamu,Mibu Makotoshoku,148787000.0,67.0,7.0,1
0001142352,Satonoferaari,牡3,,2011.02.17,Kage,Shadaifaamu,Satomi Osamu,61415000.0,29.0,3.0,1
0001135804,Yohhei,牡3,,2011.04.12,Aoge,Fujimotofaamu,Haga Katsuya,19600000.0,15.0,2.0,1
0000707459,Taganoetowaaru,牝3,,2000.04.25,Aokage,Tadanobokujou,Itou Kouji,1282000.0,30.0,3.0,1
0001142466,Hirunomateera,牝3,,2011.04.28 15歳,Kuroshikage,Tsuji Bokujou,(Kabu) Hiruno,111977000.0,30.0,5.0,1
0001135336,Reddoorivia,牝3,,2011.03.21 15歳,Kage,Noozanfaamu,(Kabu) Toukyouhoosureeshingu,83632000.0,19.0,4.0,1
0001134894,Adomaiyaaroma,牝3,,,,,,0.0,0.0,0.0,1
0001141012,Ririkoipai,牝3,,2011.04.18,Kage,Hidakataiyoubokujou,Kanekomasatohoorudingusu (Kabu),19393000.0,10.0,2.0,1
0001139363,Meishourabando,牝3,,2011.02.12,Kage,Honkiribokujou,Matsumoto Yoshio,53364000.0,67.0,1.0,1
0001142463,Adomaiyashiima,牝3,,,,,,0.0,0.0,0.0,1
0001142340,Rikkutarakichi,牝3,,2011.04.30 15歳,Kage,Araki Takahiro,Yamabe Hiroshi,6025000.0,37.0,6.0,1
0001103893,Adomaiyagyaran,牝5,,,,,,0.0,0.0,0.0,1
0001140023,Toohoujakkaru,牡3,,2011.03.11 15歳,Kurige,Takeshima Kouji,Touhoubussan (Kabu),213280000.0,13.0,3.0,1
0001134750,Kuronikurusukai,牡3,,,,,,0.0,0.0,0.0,1
0001138403,Matchibokkusu,牡3,,2011.05.01,Kuroshikage,Yoshida Saburou,Takigiura Tooru,22530000.0,13.0,2.0,1
0001134534,Kineopegasasu,牡3,,,,,,0.0,0.0,0.0,1
0000329648,Toppubonbaa,牡3,,1998.03.30,Kurige,Hidakataiyoubokujou,Nakamura Katsuo,3632000.0,19.0,5.0,1
0001096634,Janna,牡6,,2008.03.20,Kage,Noosuhiruzumanejimento,Maeda Kouji,71055000.0,39.0,5.0,1
0001101822,Isshindoutai,牡5,,,,,,0.0,0.0,0.0,1
0001153933,Kurariteisukai,牡2,,,,,,0.0,0.0,0.0,1
0001149861,Neorumieeru,牡2,,2012.03.01,Kurige,Noozanfaamu,Yuugengaishashiruku,36322000.0,5.0,1.0,1
0001153148,Oopunzauei,牡2,,,,,,0.0,0.0,0.0,1
0001154707,Nishinokuratchi,牡2,,2012.02.25,Kuroshikage,Takaakibokujou,Tomita Fujio,27446000.0,29.0,2.0,1
0001153071,Guanchaare,牡2,,,,,,0.0,0.0,0.0,1
0001155848,Maineruguruman,牡2,,2012.02.10,Kage,Reikuvirafaamu,Toyoshima Aiko,27315000.0,53.0,4.0,1
0001156082,Kyapishiinu,牡2,,,,,,0.0,0.0,0.0,1
0001154103,Satonofuramu,牡2,,2012.05.17,Kuroshikage,Shimokoubebokujou,(Kabu) Satomihoosukanpanii,23620000.0,13.0,2.0,1
0001154569,Kuraunnokimi,牡2,,,,,,0.0,0.0,0.0,1
0001123837,Sonburero,牡4,,2010.02.22,Kage,Kantoriibokujou,Tanimizu Yuuzou,86920000.0,23.0,2.0,1
0000725024,Teirianpaapuru,牝4,,2001.03.10,Kage,Shiraoifaamu,(Ari) Sandeereeshingu,0.0,1.0,0.0,1
0001109418,Pureteiorasu,牡5,,2009.06.06 17歳,Kuroshikage,Sanshainbokujou,Date Taimei,130392000.0,38.0,7.0,1
0001142467,Seuazuuru,牝3,,2011.03.02 15歳,Kage,Shadaifaamu,Yoshida Teruya,54679000.0,18.0,4.0,1
0001095118,Kosumosoonpaaku,牡6,,2008.03.15,Aokage,Biggureddofaamu,(Ari) Biggureddofaamu,206746000.0,58.0,6.0,1
0000724032,Shierubii,牡5,,2001.04.03,Ashige,Konno Katsuhiroshi,Honma Yoshitaka,0.0,9.0,0.0,1
0001136565,Adomaiyarandi,牡3,,,,,,0.0,0.0,0.0,1
0001149606,Kokoronoai,牝2,,2012.04.28 14歳,Kage,Sakaibokujou,(Ari) Sakaibokujou,111453000.0,11.0,3.0,1
0001152336,Furooresudansaa,牝2,,2012.02.18 14歳,Kage,Shadaifaamu,(Ari) Shadaireesuhoosu,30476000.0,13.0,1.0,1
0001157070,Sumaatopuranetto,牝2,,2012.04.07 14歳,Kage,Ooyanagifaamu,Tajima Eijirou,59943000.0,32.0,3.0,1
0001155420,Shinguuizujoi,牝2,,2012.02.25,Aokage,Shadaifaamu,(Ari) Shadaireesuhoosu,150363000.0,16.0,4.0,1
0001162899,Aaruburyutto,牝2,,,,,,0.0,0.0,0.0,1
0000128069,Sharuuru,牝2,,1980.02.15,Kurige,Kamadabokujou,Abe Yoshio,1100000.0,1.0,0.0,1
0001156897,Suterasutaaraito,牝2,,2012.03.13 14歳,Kuroshikage,Shadaifaamu,(Kabu) G1Reeshingu,8300000.0,3.0,1.0,1
0001156340,Tendariivoisu,牝2,,2012.02.05 14歳,Kage,Noozanfaamu,Kanekomasatohoorudingusu (Kabu),45211000.0,14.0,2.0,1
0001156200,Naiagaramonroo,牝2,,2012.02.22 14歳,Kage,Samekawa Keiichi,Shioda Kiyoshi,48305000.0,45.0,2.0,1
0001156561,Tamamorumieeru,牝2,,2012.03.10,Kuroshikage,Okadabokujou,Tamamo (Kabu),6100000.0,6.0,1.0,1
0001153018,Kokoronomamani,牝2,,2012.04.20,Kuroshikage,Haku Toshiyuki,Yoshida Satoshi,11387000.0,105.0,10.0,1
0001153848,Rozovadorina,牝2,,2012.04.26 14歳,Kurige,Shadaifaamu,Yoshida Teruya,25190000.0,18.0,6.0,1
0001156964,Meishoumeigetsu,牝2,,2012.03.19 14歳,Kage,Mishimabokujou,Matsumoto Yoshio,69609000.0,28.0,4.0,1
0001155018,Ribaakuruuzu,牝2,,2012.04.24 14歳,Kurige,Supiidofuaamu,(Ari) Supiidofaamu,5000000.0,10.0,1.0,1
0001151532,Purimeraasuuru,牝2,,2012.03.10 14歳,Kuroshikage,Ishikawa Eiichi,(Kabu) Asuuru,92871000.0,35.0,4.0,1
0001152711,Safirosu,牡2,,2012.03.24,Kage,Noozanfaamu,Kitahara Hiroshi,41503000.0,49.0,5.0,1
0001157806,Aporonoshinzan,牡2,,,,,,0.0,0.0,0.0,1
0001153414,Kousokukoonaa,牡2,,2012.03.12,Kage,Noozanfaamu,Nozaki Akio,13400000.0,11.0,1.0,1
0000140227,Goorudopegasasu,牡2,,1981.06.16,Kage,Onose Chuubee,Onose Chuubee,270000.0,4.0,0.0,1
0000286492,Ronbarudia,牡2,,1994.04.24,Kage,Yamaichibokujou,Fukase Ho,8066000.0,80.0,15.0,1
0001179427,Uoriaazusouru,牡2,,,,,,0.0,0.0,0.0,1
0000011096,Oberon,せん4,,,,,,0.0,0.0,0.0,1
0001108050,Miyakoderakkusu,牡5,,2009.04.04,Kage,Hakutsubokujou,Yoshida Kiyoshi,27571000.0,44.0,1.0,1
0001123127,Toukairuuche,牡4,,2010.04.18,Aokage,Nibutanifaamu,Uchimura Seisoku,12000000.0,14.0,1.0,1
0001105783,Teiemuseiryuu,牡5,,2009.06.12,Aokage,Teiemubokujouhidakashijou,Takezono Masatsugu,15600000.0,20.0,2.0,1
0001102971,Riaruburakku,せん5,,2009.05.01,Aokage,Murakami Kinya,Oosako Motohiro,31800000.0,37.0,1.0,1
0001101594,Emuemuberetta,牡5,,,,,,0.0,0.0,0.0,1
0001156150,Danongurashiasu,牝2,,2012.01.29 14歳,Kuroshikage,Chiyodabokujou,(Kabu) Danokkusu,22104000.0,10.0,1.0,1
0001154210,Uinsoware,牝2,,,,,,0.0,0.0,0.0,1
0000738734,Efekuto,牝2,,,,,,0.0,0.0,0.0,1
0000994625,Muun'Ekusupuresu,牝2,,2006.03.02,Kurige,Satomi Bokujou,(Ari) Takagikyousoubaikuseibokujou,0.0,3.0,0.0,1
ペルフィカ,Perufika,牝2,,,,,,,,,1
0000177746,Ooruobuyuu,牝2,,,,,,0.0,0.0,0.0,1
0001156048,Ruanju,牝2,,2012.03.12 14歳,Aoge,Keiaifaamu,(Kabu) Roodohoosukurabu,27972000.0,19.0,2.0,1
0001151611,Daiwapuropaa,牝2,,2012.03.20 14歳,Kurige,Fujiwarafuaamu,Ooshiro Keizou,42093000.0,27.0,3.0,1
0001157506,Nyuuedishon,牝2,,2012.03.21,Kuroshikage,Daaree・Japan・Faamuyuugengaisha,H.H.Shieiku・Mohamedo,8100000.0,8.0,1.0,1
0001154054,Shigeruchaguchagu,牝2,,2012.05.04 14歳,Kage,Nagahamabokujou,Morinaka Ban,49959000.0,27.0,3.0,1
0000314219,Shinfonia,牝2,,1997.05.24,Kuroshikage,Takada Yukio,Kondou Isshou,3027000.0,74.0,1.0,1
0001092497,Adomaiyakeruso,牡6,,,,,,0.0,0.0,0.0,1
0001093197,Mobiiru,牡6,,2008.03.08,Kage,Shadaifaamu,Shouji Shuuji,78661000.0,55.0,3.0,1
0001105111,Kashukashu,牝5,,,,,,0.0,0.0,0.0,1
0001109552,Voogutoruneedo,牡5,,2009.05.13,Kurige,Yuugengaishaniikapputaganofaamu,Fukami Tomirou,129156000.0,28.0,6.0,1
0001138371,Fiiruzasumaato,牡3,,2011.04.09,Aokage,Hiraokabokujou,Sakurai Sei,109601000.0,42.0,5.0,1
0000705877,Kachuusha,牝5,,,,,,0.0,0.0,0.0,1
0001129254,Taarutan,牡6,,2008.03.12,Ashige,George Waggoner Stables Inc.,Guriinfiiruzu (Kabu),164250000.0,37.0,6.0,1
0001156668,Taganoesupuresso,牡2,,2012.02.12 14歳,Kage,Yuugengaishaniikapputaganofaamu,Yagi Ryouji,306337000.0,44.0,9.0,1
0001149766,Asshugoorudo,牡2,,,,,,0.0,0.0,0.0,1
0001154646,Rezandouooru,牡2,,2012.04.03,Kurige,Takamura Shin'Ichi,Takahashi Takashi,34639000.0,23.0,3.0,1
0001153692,Ketsuarutenango,牡2,,2012.05.08,Kage,Noozanfaamu,(Kabu) G1Reeshingu,86585000.0,16.0,4.0,1
0001154945,Gureisufuruwaado,牝2,,,,,,0.0,0.0,0.0,1
0001156181,Teiemudanshingu,牡2,,2012.03.11,Kage,Togawabokujou,Takezono Masatsugu,16621000.0,42.0,1.0,1
0001107743,Gureisufurawaa,牝5,,,,,,0.0,0.0,0.0,1
0001087284,Furaanjieriko,牡6,,2008.05.24,Kurige,Noozanfaamu,(Ari) Sandeereeshingu,145343000.0,42.0,6.0,1
0001162905,Satonokuraun,牡2,,2012.03.10 14歳,Kuroshikage,Noozanfaamu,(Kabu) Satomihoosukanpanii,486036000.0,17.0,6.0,1
0001156982,Sooruinpakuto,牡2,,2012.01.31 14歳,Ashige,(Ari)Shadaikooporeeshonshiraoifaamu,Kubota Yoshirou,189991000.0,43.0,4.0,1
0001149744,Eminesuku,牡2,,,,,,0.0,0.0,0.0,1
0001152643,Kuraajushichii,牡2,,,,,,0.0,0.0,0.0,1
0001157319,Guryuieeru,牡2,,,,,,0.0,0.0,0.0,1
0001154850,Jasutodouingu,牡2,,2012.03.23,Kage,Kabushikigaisha Noosuhiruzu,Maeda Shinji,83779000.0,25.0,4.0,1
0001157054,Sutoriitokyappu,牡2,,2012.03.09,Ashige,Satou Nobuhiro,(Kabu) Roorerureeshingu,44877000.0,31.0,3.0,1
ペガサスボス,Pegasasubosu,牡2,,,,,,,,,1
0001155779,Berurappu,牡2,,2012.03.09,Kage,Noozanfaamu,(Ari) Sandeereeshingu,49462000.0,16.0,3.0,1
0001157769,Danonmejaa,牡2,,2012.01.28,Kurige,Noozanfaamu,(Kabu) Danokkusu,155357000.0,29.0,6.0,1
0001152403,Shuvaruguran,牡2,,2012.03.14 14歳,Kurige,Noozanfaamu,Sasaki Kazuhiro,1000697000.0,30.0,7.0,1
0001149044,Aioshiruken,牡2,,,,,,0.0,0.0,0.0,1
0000225168,Eishinraidaa,牡2,,,,,,0.0,0.0,0.0,1
0000996531,Teirunanoogu,牡2,,2006.02.08,Kuroshikage,Noozanfaamu,(Ari) Sandeereeshingu,750000.0,3.0,0.0,1
0001194171,Aivanhou,牡4,,,,,,0.0,0.0,0.0,1
0001177338,Appuuizuzabaazu,牡4,,,,,,0.0,0.0,0.0,1
0001177382,Toreedingurezaa,牡4,,2010.03.20,Kage,J. S. Bolger,Godorufin,0.0,1.0,0.0,1
0001094517,Sakajiroroiyaru,牡6,,2008.04.10,Kuroshikage,Nakajimabokujou,Daikoku Fumiko,142873000.0,61.0,6.0,1
0001091371,Nizaemon,牡6,,2008.04.11,Kuroshikage,Nakaji Yasuhiro,Odagiri Hikari,51002000.0,33.0,4.0,1
0001106745,Sanbisuta,牝5,,2009.03.18 17歳,Kuroshikage,Gurandobokujou,(Kabu) Hidaka・Buriidaazu・Yunion,376257000.0,28.0,11.0,1
0001194170,Inperateivu,せん4,,,,,,0.0,0.0,0.0,1
0001089238,Deusuuruto,せん6,,2008.04.02,Kuroshikage,Noozanfaamu,Yoshida Katsumi,118990000.0,35.0,4.0,1
0000111387,Eishinhikari,牡3,,,,,,0.0,0.0,0.0,1
0001162685,Danonrejiendo,牡4,,2010.02.24 16歳,Kuroshikage,"Colts Neck Stables, Llc",(Kabu) Danokkusu,367491000.0,30.0,14.0,1
0001109896,Meishounooberu,牡5,,2009.03.31,Kurige,Tomitabokujou,Matsumoto Yoshio,96855000.0,46.0,5.0,1
0001143126,Saundogaga,牝5,,2009.05.03 17歳,Kuroshikage,"Peggy S. Dellheim, Norman Dellheim & The Roman Ruler Syndicate",Masuda Yuuichi,150248000.0,29.0,8.0,1
0001093302,Dasshaawan,牡6,,2008.05.05,Kurige,Shimokoubebokujou,Ashida Shin,132327000.0,29.0,6.0,1
0000224006,Eishingoojasu,牝3,,,,,,0.0,0.0,0.0,1
0001177867,Nanchinnon,牡3,,2011.05.12,Kurige,Henrietta K. Alexander,Katou Makoto,148653000.0,45.0,7.0,1
0001157731,Shounan'Adera,牝2,,2012.02.10 14歳,Kage,Shimokoubebokujou,Kunimoto Tesshuu,84175000.0,7.0,3.0,1
0001149851,Arumaondiina,牝2,,,,,,0.0,0.0,0.0,1
0001156570,Roka,牝2,,2012.01.26 14歳,Kage,Noozanfaamu,Yoshida Katsumi,28366000.0,6.0,1.0,1
0001151277,Kootosharuman,牝2,,2012.02.10 14歳,Kage,Shadaifaamu,(Ari) Shadaireesuhoosu,42363000.0,20.0,3.0,1
0001151177,Kabosuchan,牝2,,,,,,0.0,0.0,0.0,1
0000189834,Arooshirubaa,牝2,,,,,,0.0,0.0,0.0,1
0000242133,Akariaidoru,牝2,,,,,,0.0,0.0,0.0,1
0001107076,Fureimukoodo,牝5,,2009.02.20 17歳,Kage,Muramotobokujou,(Ari) Ikuta,103439000.0,38.0,5.0,1
0001106205,Koodiria,牝5,,2009.03.19 17歳,Aoge,Oiwakefaamu,(Ari) Shadaireesuhoosu,31478000.0,25.0,3.0,1
0001126945,Keiteibaroozu,牝4,,2010.01.30 16歳,Kage,Ishigooka Masaki,Inokuma Hirotsugu,68041000.0,34.0,4.0,1
0001157776,Danonpurachina,牡2,,2012.03.23,Ashige,Chiyodabokujou,(Kabu) Danokkusu,195823000.0,14.0,5.0,1
0001154278,Kosumonainbooru,牡2,,2012.04.16,Kage,Taitenbokujou,Ishimoto Suzuo,71431000.0,86.0,11.0,1
0001153639,Peishaoburoo,牡2,,2012.03.12,Kage,Nibutanifaamu,Kitatokoro Naoto,47844000.0,26.0,3.0,1
0001150831,Pepuchidouoheddo,牡2,,2012.02.05,Kage,Kineusubokujou,Numakawa Kazuhiko,47520000.0,24.0,4.0,1
0001153992,Shainingurei,牡2,,2012.05.22,Kage,Noozanfaamu,(Ari) Kyarottofaamu,135610000.0,9.0,4.0,1
0001155476,Burakkubago,牡2,,2012.03.08,Kuroshikage,Noozanfaamu,Yoshiki Nobuhiko,125671000.0,77.0,8.0,1
0001149991,Enigumabarieeto,牡2,,,,,,0.0,0.0,0.0,1
0001155043,Masahayadoriimu,牡2,,2012.03.17,Kage,Shadaifaamu,Nakamura Masao,230610000.0,59.0,9.0,1
0001157608,Tantaareguria,牡2,,2012.03.29,Kurige,(Ari)Shadaikooporeeshonshiraoifaamu,(Kabu) G1Reeshingu,198178000.0,15.0,3.0,1
0001155339,Retororokku,牡2,,2012.03.22,Kage,Hidakataiyoubokujou,Kanekomasatohoorudingusu (Kabu),119545000.0,32.0,6.0,1
0001150768,Taiseiapuroozu,牡2,,2012.02.18,Kage,Nakanofaamu,Tanaka Seihou,125194000.0,54.0,5.0,1
0001151011,Jajaumanarashi,牡2,,2012.04.13,Kage,Tsutsumi Bokujou,Ueda Kouriko,39100000.0,21.0,5.0,1
0001156064,Nanyootenpuru,牡2,,2012.03.24,Kuroshikage,Sakuraibokujou,Shirai Eiichi,21342000.0,41.0,1.0,1
0001151073,Meipurureinboo,牡2,,2012.05.05,Kurige,Sakai Hideki,Fushi Eiji,67001000.0,37.0,4.0,1
0001162690,Hyuuma,牡5,,2010.03.14,Kage,Aaron Sones,Hayashi Seidou,107116000.0,34.0,5.0,1
0001125293,Mainerumirano,牡5,,2010.06.08,Kurige,Biggureddofaamu,(Kabu) Sarabureddokurabu・Rafian,242215000.0,53.0,8.0,1
0001139731,Mikkiirabusongu,牡4,,2011.04.04,Kuroshikage,Shadaifaamu,Noda Mizuki,154537000.0,35.0,7.0,1
0001149637,Roodoferiiche,牡3,,2012.02.18,Kage,Keiaifaamu,Mitsuyasu Ryou,23456000.0,22.0,1.0,1
0001193411,Dasshingubureizu,牡3,,2012.04.13,Kurige,Kenneth L. Ramsey & Sarah K. Ramsey,Guriinfiiruzu (Kabu),173426000.0,30.0,7.0,1
0001153569,Ren'Ingurando,牡3,,2012.04.13,Ashige,Amoubokujou,Tahata Katsuhiko,54777000.0,36.0,3.0,1
0000219471,Noosusutoomu,牡3,,1989.04.16,Kurige,Yagi Tsunerou,Oku Tadaaki,810000.0,40.0,1.0,1
0001153776,Yamaninmandooru,牡3,,2012.02.01,Kuroshikage,Nishikiokabokujou,Tsuchii Hajime,64081000.0,37.0,4.0,1
0001157242,Kuiinzutaafu,牝3,,,,,,0.0,0.0,0.0,1
0001150772,Kuinzuronpeeru,牡3,,,,,,0.0,0.0,0.0,1
0001157210,Nottofoomaru,牝3,,2012.03.17 14歳,Kuroshikage,Chiyodabokujou,Haga Katsuya,91777000.0,35.0,3.0,1
0001148735,Roodeddo,牝3,,2012.04.13 14歳,Kage,Samekawa Keiichi,Himrockracing,22566000.0,7.0,1.0,1
0001157773,Adomaiyapinku,牝3,,,,,,0.0,0.0,0.0,1
0001150135,Kaabingupasu,牝3,,,,,,0.0,0.0,0.0,1
0000324994,Evanjiru,牝3,,,,,,0.0,0.0,0.0,1
0001150023,Ginzavikutoria,牝3,,,,,,0.0,0.0,0.0,1
0001149574,Hanazupurumeria,牝3,,2012.02.21 14歳,Kuroshikage,Shinboribokujou,Sakai Takatoshi,18424000.0,75.0,4.0,1
0000210926,Marakeshu,牝3,,1988.03.20,Kurige,Sasachibokujou,Oota Hiroko,12000.0,5.0,0.0,1
0001148763,Yamatakematsuri,牝3,,2012.04.13,Kage,Okadasutatsudo,Sanchuu Kazuko,6800000.0,14.0,1.0,1
0001149153,Torasutoreika,牝3,,2012.05.15,Kage,Shimadabokujou,Suganami Masami,11005000.0,28.0,5.0,1
0000169614,Beruufu,牡3,,,,,,0.0,0.0,0.0,1
0000757175,Kuruugaa,牡3,,,,,,0.0,0.0,0.0,1
0001152279,Danonribatei,牡3,,2012.02.29,Kage,Noozanfaamu,,166697000.0,27.0,3.0,1
0001150771,Otokogiippon,牡3,,,,,,0.0,0.0,0.0,1
0001149543,Takeruramusesu,牡3,,2012.05.13,Kage,Nakamura Masaaki,Mori Yasuhiko,46134000.0,32.0,3.0,1
0001153429,Nasunoseikan,牡3,,2012.05.23,Kage,Ebisukougyoukabushikigaishanasunobokujou,Nasunobokujou,94269000.0,32.0,5.0,1
0001155202,Iidenhooru,牡3,,,,,,0.0,0.0,0.0,1
0001151796,Zaidikkumea,牡3,,2012.05.02,Kage,Noozanfaamu,(Ari) Shirukureeshingu,94666000.0,50.0,6.0,1
0001157521,Barubieeru,牡3,,2012.01.31,Kage,Taiheibokujou,Yoshida Kazumi,18314000.0,8.0,2.0,1
0001153299,Buraitobaroozu,牡3,,2012.02.18,Kage,Noozanfaamu,Inokuma Hirotsugu,85010000.0,22.0,5.0,1
0001122840,Biibiitoreitaa,牡5,,2010.04.21,Kuroshikage,Ogurabokujou,(Ari) Bandoubokujou,48723000.0,17.0,5.0,1
0001089908,Zennorujiero,牡7,,2008.04.30,Aoge,Noozanfaamu,Oosako Kumiko,55232000.0,24.0,4.0,1
0001105123,Kikunosutoomu,牡6,,,,,,0.0,0.0,0.0,1
0001126132,Besutegeshienku,牡5,,2010.04.23,Kage,Noozanfaamu,Yoshida Katsumi,116276000.0,18.0,6.0,1
0000618973,Buruusutoon,牝4,,1999.04.18,Kage,Suijou Sukehan,Murata Yuuko,13967000.0,25.0,0.0,1
0001092488,Meishoutsugaru,牡7,,2008.01.25,Kage,Taiyoubokujou,Matsumoto Yoshio,135445000.0,70.0,6.0,1
0001092187,Fureimuheiroo,せん7,,2008.04.12,Kurige,Ogifukuhattoribokujou,Sugiura Kazuya,86756000.0,46.0,6.0,1
0001156915,Ruujubakku,牝3,,2012.04.22 14歳,Kage,Noozanfaamu,(Ari) Kyarottofaamu,346485000.0,18.0,6.0,1
0001155448,Porutodootouiyu,牡3,,2012.03.19,Kage,Noozanfaamu,(Ari) Sandeereeshingu,67795000.0,12.0,2.0,1
0001155159,Muunkuresuto,牡3,,2012.05.06,Kage,Mishimabokujou,(Kabu) Hidaka・Buriidaazu・Yunion,165508000.0,49.0,7.0,1
0001153314,Neosutaadamu,牡3,,2012.03.06,Kuroshikage,Noozanfaamu,Ichimura Tetsuya,97859000.0,39.0,4.0,1
0001152322,Regatta,牡3,,2012.02.29,Kage,Toushousangyoukabushikigaishatoushoubokujou,Terada Chiyono,8900000.0,3.0,1.0,1
0001156065,Emeraruhimawari,牝3,,,,,,0.0,0.0,0.0,1
0001151201,Kyattokoin,牝3,,,,,,0.0,0.0,0.0,1
0000020924,Mikkiikuiin,牝3,,1967.04.14,Kage,,Shiwachi,150000.0,16.0,0.0,1
0001156894,Andoriette,牝3,,,,,,0.0,0.0,0.0,1
0001155034,Rokkafurabeibii,牝3,,2012.01.19 14歳,Kuroshikage,Noozanfaamu,Yamada Hiroshi,79879000.0,29.0,4.0,1
0000205638,Howaitouindo,牝3,,1987.05.02,Ashige,Nakamura Shigeo,Katada Shizue,2766000.0,11.0,5.0,1
0001154131,Burukkudeiru,牝3,,2012.02.19 14歳,Aokage,Shadaifaamu,(Ari) Shadaireesuhoosu,53531000.0,18.0,4.0,1
0001152593,Rakuami,牝3,,2012.01.30 14歳,Kurige,Noozanfaamu,Nishiura Kazuo,44532000.0,24.0,3.0,1
0000079585,Juerukuiin,牝3,,1975.02.11,Aoge,Shimokoubebokujou,Itou Shinji,0.0,5.0,0.0,1
0001157711,Riarusuteiiru,牡3,,2012.03.01 14歳,Kage,Noozanfaamu,(Ari) Sandeereeshingu,416768000.0,15.0,3.0,1
0001151936,Douramente,牡3,,2012.03.22,Kage,Noozanfaamu,(Ari) Sandeereeshingu,516607000.0,8.0,5.0,1
0000019083,Anbishasu,牡3,,,,,,0.0,0.0,0.0,1
0001151204,Shoubooto,牡3,,2012.02.11,Kurige,Noozanfaamu,Baba Yukio,79535000.0,43.0,3.0,1
0001102459,Kamufii,牡6,,,,,,0.0,0.0,0.0,1
0001125197,Mejaapurezensu,牡5,,2010.05.01,Kurige,Noozanfaamu,Tomita Fujio,31726000.0,42.0,3.0,1
0001047601,Hananoshinnosuke,牡8,,2007.04.20,Kage,Kineususaitoubokujou,Ikeda Jitsu,51597000.0,38.0,4.0,1
0001151528,Yangumanpawaa,牡3,,2012.04.14 14歳,Kuroshikage,Noozanfaamu,Hoshino Hisashishi,220627000.0,32.0,5.0,1
0001157436,Matenrouhapinesu,牡3,,2012.03.06,Kage,Keiaifaamu,Terada Chiyono,98390000.0,26.0,6.0,1
0001154998,Yamakatsueesu,牡3,,2012.03.22 14歳,Kurige,Okadabokujou,Yamada Kazuo,444652000.0,30.0,7.0,1
0001149476,Naritasutaawan,牡3,,2012.02.24,Kage,Shadaifaamu,Maeda Toshifumi,96963000.0,60.0,6.0,1
0001155019,Naitofokkusu,牡3,,2012.01.29,Kage,(Ari)Shadaikooporeeshonshiraoifaamu,Yokota Kazuo,72723000.0,96.0,11.0,1
0001153720,Eimuhai,牡3,,,,,,0.0,0.0,0.0,1
0001133347,Rainsupiritto,牡4,,2011.03.26,Kuroshikage,Fujiwarabokujou,Oosawa Hanjou,248540000.0,57.0,8.0,1
0001164863,Fugin,牝5,,2010.08.30 16歳,Kuroshikage,Mr C Anderson,Ichimura Tetsuya,51801000.0,19.0,7.0,1
0001154897,Asukabiren,牝3,,,,,,0.0,0.0,0.0,1
0001149751,Kontessatouure,牝3,,2012.04.05 14歳,Kage,Shadaifaamu,(Ari) Shadaireesuhoosu,59162000.0,14.0,2.0,1
0001152907,Uin'Akirea,牝3,,,,,,0.0,0.0,0.0,1
0001151682,Teiiesukurai,牝3,,2012.03.28 14歳,Ashige,Urakawanisseibokujou,Tahata Toshihiko,81733000.0,45.0,4.0,1
0001157737,Tatchingusupiichi,牝3,,2012.02.21 14歳,Kage,Noozanfaamu,(Ari) Sandeereeshingu,114364000.0,18.0,3.0,1
0001156999,Kuruminaru,牝3,,,,,,0.0,0.0,0.0,1
0001153964,Maiteiteii,牝3,,2012.03.06 14歳,Kage,Fujiwarafuaamu,Gokage Yoshinori,85750000.0,28.0,6.0,1
0000265117,Reddokaara,牝3,,1992.03.28,Kurige,Fukuyama Seiji,Imajou Ryouichi,362000.0,14.0,0.0,1
0001149492,Buchiko,牝3,,2012.04.27 14歳,Shiraga,Noozanfaamu,Kanekomasatohoorudingusu (Kabu),64197000.0,16.0,4.0,1
0001151756,Noobururiizun,牝3,,2012.02.14 14歳,Kuroshikage,Noozanfaamu,(Ari) Kyarottofaamu,14500000.0,14.0,2.0,1
0001152731,Odetta,牝3,,,,,,0.0,0.0,0.0,1
0001150110,Orientarudansu,牝3,,,,,,0.0,0.0,0.0,1
0001154772,Toosenbajiru,牡3,,2012.03.01,Kuroshikage,Noozanfaamu,Shimakawa Takaya,144312000.0,19.0,5.0,1
0001151538,Jasutofooyuu,牡3,,2012.01.31,Kage,Okadasutatsudo,Okamura Katsuyoshi,32238000.0,88.0,7.0,1
0001106227,Sanraizuroiyaru,牡6,,2009.02.20,Kage,Shadaifaamu,Matsuoka Takao,81056000.0,26.0,2.0,1
0000270788,Apputoudeito,牡5,,,,,,0.0,0.0,0.0,1
0001090879,Teeoozeusu,牡7,,2008.03.10,Kuroshikage,Kamimizubokujou,Ozasa Kimiya,34867000.0,48.0,2.0,1
0001124968,Tamamopuranetto,牡5,,2010.04.22,Ashige,Maedabokujou,Tamamo (Kabu),169002000.0,37.0,7.0,1
0001156107,Kuiinzuringu,牝3,,,,,,0.0,0.0,0.0,1
0001156843,Rafforutsuaato,牝3,,2012.02.14 14歳,Kage,Biggureddofaamu,(Kabu) Sarabureddokurabu・Rafian,62933000.0,37.0,3.0,1
0001148686,Nooburuviinasu,牝3,,2012.04.08 14歳,Kuroshikage,Hattori Bokujou,Yoshiki Nobuhiko,27350000.0,20.0,3.0,1
0001152486,Sumaatogureisu,牝3,,2012.03.02 14歳,Kurige,Hinobokujou,Ookawa Tooru,78604000.0,29.0,4.0,1
0001156073,Bachisuta,牝3,,2012.02.17 14歳,Kage,Noozanfaamu,P.S.Surai,8500000.0,6.0,1.0,1
0001153810,Rahooyabiichi,牝3,,2012.03.27 14歳,Aokage,Fujiwarabokujou,(Kabu) Hidaka・Buriidaazu・Yunion,43039000.0,27.0,3.0,1
0000797309,Uisshuhapinesu,牝3,,,,,,0.0,0.0,0.0,1
0001193373,Arubiaano,牝3,,,,,,0.0,0.0,0.0,1
0000612781,Aasuraizu,牝3,,,,,,0.0,0.0,0.0,1
0001153480,Diamaidaarin,牝3,,2012.02.22 14歳,Kage,Oiwakefaamu,Kubota Yasushi,72063000.0,22.0,3.0,1
0001155604,Japonikaara,牝3,,2012.01.27 14歳,Kage,Noozanfaamu,Yuugengaishashiruku,35086000.0,21.0,3.0,1
0001153973,Juerumeekaa,牝3,,2012.05.19 14歳,Kuroshikage,Chanpionzufaamu,Maehara Toshiyuki,43943000.0,19.0,4.0,1
0001149467,Howaitoeregansu,牝3,,2012.03.30 14歳,Ashige,Hattori Bokujou,Shimada Satoshi,43415000.0,13.0,3.0,1
0001151501,Kazeruta,牝3,,,,,,0.0,0.0,0.0,1
0000220532,Koko,牝3,,1989.06.08,Kurige,Hokkaibokujou,Aoki Gishuu,2400000.0,5.0,0.0,1
0001151462,Eguranteiina,牝3,,,,,,0.0,0.0,0.0,1
0001150785,Afekushion,牝3,,,,,,0.0,0.0,0.0,1
0001153015,Satonofurarisshu,牝3,,2012.03.21 14歳,Kage,Fujiwarafuaamu,Satomi Osamu,6000000.0,5.0,1.0,1
ホワイトフーガ,Howaitofuuga,牝3,,,,,,,,,1
0001151693,Fuminomuun,牡3,,2012.03.30,Kurige,Saitoueibokujou,Tani Teki,132020000.0,39.0,6.0,1
0001153060,Burakkukuroobaa,牡3,,2012.04.09,Kuroshikage,Yamaokabokujou,Tomoeyama Mikotobun,141767000.0,52.0,4.0,1
0001156385,Kopanohaato,牝3,,2012.02.11 14歳,Kage,Heihatabokujou,Kobayashi Sachiaki,7075000.0,12.0,2.0,1
0001150265,Biyonjiooru,牡3,,2012.03.02,Kage,Jouchi Kiyoshiman,Hayashi Seidou,57079000.0,37.0,3.0,1
0001149077,Raidoon'Uindo,牡3,,2012.05.07,Kurige,Haruki Akio,Nagoyatomoyutaka (Kabu),59930000.0,30.0,4.0,1
0001156050,Majikkushatoru,牡3,,2012.03.16,Kurige,Fujimotofaamu,Hayashi Seidou,46235000.0,25.0,3.0,1
0000228602,Kitasanburakku,牡3,,,,,,0.0,0.0,0.0,1
0001152545,Besutomikkusu,牡3,,2012.03.12,Kuroshikage,Noozanfaamu,Terada Chiyono,6000000.0,2.0,1.0,1
0001157747,Arubaatodokku,牡3,,,,,,0.0,0.0,0.0,1
0001153466,Juhyou,牡3,,2012.02.27,Kuroshikage,Shadaifaamu,Sakai Takatoshi,24292000.0,121.0,3.0,1
0001151705,Teiemukurotaka,牡3,,2012.05.10,Aokage,Tada Yoshihiro,Takezono Masatsugu,8325000.0,15.0,1.0,1
0001152051,Runapurosupekutaa,牡3,,2012.04.26,Kage,Noozanfaamu,(Ari) Sandeereeshingu,56871000.0,19.0,3.0,1
0001089844,Masukutohiiroo,牡7,,2008.04.18,Kuroshikage,Shadaifaamu,(Ari) Shadaireesuhoosu,86959000.0,13.0,7.0,1
0001121478,Kikunosoru,牡5,,,,,,0.0,0.0,0.0,1
0001121830,Berugenkurai,牡5,,2010.04.21,Ashige,Yuugengaisha Ooharafaamu,Oohara Mikotonorihiroshi,83680000.0,41.0,4.0,1
0001136720,Sutorongusauzaa,牡4,,2011.01.28,Kage,Shadaifaamu,Muraki Atsushi,148381000.0,43.0,9.0,1
0001121018,Sanbabiin,牝5,,2010.05.05 16歳,Kage,Okadabokujou,Okada Takahiro,56508000.0,27.0,7.0,1
0001209535,Earoveroshitei,せん7,,,,,,0.0,0.0,0.0,1
0001157449,Guranshiruku,牡3,,,,,,0.0,0.0,0.0,1
0001157490,Daitoukyou,牡3,,2012.04.06,Kage,Orionfaamu,Ichikawa Yoshimi,97104000.0,43.0,4.0,1
0001119877,Kafeburirianto,牝5,,,,,,0.0,0.0,0.0,1
0001125068,Bikoopirirani,牡5,,2010.02.21,Kurige,Takayanagi Takao,(Ari) Rejiendo,36725000.0,32.0,1.0,1
0001043784,Sanmarubosu,牡8,,2007.03.30,Kage,Tabatabokujou,Ootsuki Takahiro,56934000.0,74.0,5.0,1
0001123442,Tenjinkiyomori,牡5,,2010.05.07,Aokage,Akadabokujou,Shirai Gaku,25818000.0,22.0,1.0,1
0001139382,Danonbatouura,牡4,,2011.04.29,Kuroshikage,Shimokoubebokujou,(Kabu) Danokkusu,71953000.0,11.0,4.0,1
0000195002,Taganogoorudo,牡4,,1986.03.02,Kage,Shizunaisakamotobokujou,Takaoka Ei,3431000.0,23.0,3.0,1
0001177848,Masukuzoro,牡4,,2011.02.18,Kuroshikage,"Andre Lynch, Dermot Ryan, David O'Loughlin & Petaluma Bloodstock",Kadono Shigeo,139401000.0,16.0,7.0,1
0001150790,Supirittsuminoru,牡3,,2012.03.07,Kurige,Fujiwarafuaamu,Yoshioka Jitsu,116533000.0,36.0,6.0,1
0001149133,Wandaaatsuretta,牡3,,2012.05.16,Kuroshikage,Nagata Katsuyuki,Yamamoto Yoshinari,69258000.0,19.0,4.0,1
0001120106,Arumadivan,牝5,,,,,,0.0,0.0,0.0,1
0001141399,Uesutanmerushii,牝4,,,,,,0.0,0.0,0.0,1
0001152047,Makishimamudopari,牝3,,2012.02.01 14歳,Ashige,Shadaifaamu,(Kabu) Guriinfaamu,222461000.0,27.0,6.0,1
0001157732,Ebaasharuman,牝3,,,,,,0.0,0.0,0.0,1
0000148266,Bangooru,牝3,,1982.02.26,Kuroshikage,Touhokubokujou,(Ari) Kyokujitsuhoosu,7338000.0,40.0,4.0,1
0001157606,Nagarafurawaa,牝3,,2012.03.27 14歳,Kage,Ooshimabokujou,Nagarareeshingukurabu,107654000.0,27.0,4.0,1
0001157281,Goojasugaaru,牝3,,2012.02.09 14歳,Kuroshikage,Chiyodabokujou,Iida Seigou,26444000.0,32.0,1.0,1
0001157389,Furorettoaree,牝3,,2012.05.09 14歳,Kage,Shadaifaamu,(Ari) Shadaireesuhoosu,25686000.0,19.0,1.0,1
0001156817,Rokkukyandi,牝3,,2012.04.14,Kuroshikage,Satou Nobuhiro,Uozumi Keishi,45861000.0,40.0,3.0,1
0001154912,Sadamuburuuhawai,牝3,,2012.04.15 14歳,Kage,Kuwatabokujou,Oonishi Tei,11100000.0,9.0,1.0,1
0001154135,Gurishiinushichii,牝3,,,,,,0.0,0.0,0.0,1
0001149514,Riandojuerii,牝3,,2012.04.06 14歳,Ashige,Orionfaamu,Ootsuka Ryouichi,15350000.0,12.0,2.0,1
0001154119,Tamamoborero,牝3,,2012.02.21 14歳,Kage,Maedabokujou,Tamamo (Kabu),9800000.0,6.0,1.0,1
0001151314,Reevumisutoraru,牡3,,2012.05.08 14歳,Kage,Noozanfaamu,(Ari) Sandeereeshingu,143580000.0,17.0,4.0,1
0001154678,Veravarusutaa,牡3,,2012.02.06,Kurige,Noozanfaamu,Hosaka Wakou,74312000.0,29.0,4.0,1
0001153461,Myuzedarutanian,牡3,,2012.05.15,Kurige,Shadaifaamu,Kikuchi Yuuji,33074000.0,15.0,2.0,1
0001157421,Reddoraijieru,牡3,,2012.02.12,Kage,Noozanfaamu,(Kabu) Toukyouhoosureeshingu,56864000.0,27.0,5.0,1
0001150637,Uesutaarundo,牡3,,,,,,0.0,0.0,0.0,1
0001156553,Sutorenjikuooku,牡3,,2012.05.02,Kage,Noozanfaamu,(Ari) Kyarottofaamu,108555000.0,23.0,5.0,1
0001152000,Sumookufurii,牡3,,2012.02.13,Ashige,Shadaifaamu,(Ari) Shadaireesuhoosu,54038000.0,29.0,4.0,1
0001153976,Toosen'Aanesuto,牡3,,2012.04.08,Kage,Yuugengaisha Esuteifaamu,Shimakawa Takaya,38050000.0,26.0,3.0,1
0001151608,Bikutoriiminoru,牡3,,2012.03.14,Kurige,Fujiwarafuaamu,Yoshioka Jitsu,17782000.0,54.0,4.0,1
0001149383,Kakadou,牡3,,,,,,0.0,0.0,0.0,1
0000181826,Senchurion,牡3,,1985.04.30,Kage,Takahashi Kazumi,Kaneshige Katsujirou,14710000.0,17.0,1.0,1
0001149166,Toosensupankii,牡3,,2012.02.05,Kurige,Shadaifaamu,Toyoshima Aiko,21302000.0,71.0,11.0,1
0001157744,Satonoraazen,牡3,,2012.03.13,Kage,Noozanfaamu,(Kabu) Satomihoosukanpanii,209761000.0,21.0,3.0,1
0001154042,Rentoraa,牡3,,2012.02.14,Kuroshikage,Noozanfaamu,(Ari) Kyarottofaamu,58129000.0,34.0,3.0,1
0000176689,Shattaachansu,牡3,,1985.04.15,Kage,Mikita Yoritsugu,Sakata Eiichirou,0.0,3.0,0.0,1
0001157678,Jienerarugojippu,牡3,,2012.04.20,Aokage,Shadaifaamu,(Ari) Shadaireesuhoosu,70886000.0,35.0,3.0,1
0001149966,Ribereetaa,牡3,,2012.03.03,Kage,Oiwakefaamu,(Ari) Sandeereeshingu,7800000.0,3.0,1.0,1
0001153595,Zennobureemen,牡3,,2012.05.20,Kage,Murakami Kinya,Oosako Kumiko,27058000.0,23.0,2.0,1
0001178377,Roodokuromuueru,牡3,,2012.03.31,Kage,K. I. Farm Corporation,Mitsuyasu Ryou,7379000.0,27.0,4.0,1
0001179449,Neoatorakushon,牡3,,2012.04.23,Kage,Floors Farming,Hayashi Seidou,19600000.0,19.0,2.0,1
0001134527,Omegavendetta,せん4,,,,,,0.0,0.0,0.0,1
0001124751,Dansudirekutaa,牡5,,2010.03.20 16歳,Kage,Fujiwarabokujou,Oota Shu(Kurikaesi)Ko,283870000.0,26.0,7.0,1
0001135263,Enorabuena,牡4,,,,,,0.0,0.0,0.0,1
0001157526,Toosennachuraru,牝3,,2012.05.04 14歳,Kuroshikage,Yuugengaisha Esuteifaamu,Shimakawa Takaya,17238000.0,18.0,1.0,1
0001102219,Dantsumyuutanto,牡6,,2009.04.20,Aokage,Nosakabokujou,Yamamoto Tetsuji,128339000.0,35.0,6.0,1
0001092299,Arutouban,牡7,,2008.05.22,Kurige,Mitsuishikawakamibokujou,(Ari) Taafu・Supooto,62717000.0,42.0,3.0,1
0001155265,Adamusuburijji,牡3,,,,,,0.0,0.0,0.0,1
0001120945,Rekondaito,牡5,,2010.02.14,Kuroshikage,Shadaifaamu,Kanekomasatohoorudingusu (Kabu),155183000.0,36.0,5.0,1
0001121589,Eeteiitaranto,牡5,,,,,,0.0,0.0,0.0,1
0001139058,Mariaraito,牝4,,2011.02.19 15歳,Kuroshikage,Noozanfaamu,(Ari) Kyarottofaamu,413958000.0,20.0,6.0,1
0001118784,Feriicheregaro,牝5,,2010.02.13 16歳,Kuroshikage,Shadaifaamu,Hirai Hiroshi,61998000.0,21.0,6.0,1
0001089365,Beriifiiruzu,牝7,,2008.04.17 18歳,Kage,Tomita Kyouji,Viridiankeibaclub,46268000.0,33.0,4.0,1
0001153787,Nonkonoyume,牡3,,2012.03.28,Tochikurige,Shadaifaamu,Yamada Koutarou,576911000.0,45.0,9.0,1
0001153870,Nobobakara,牡3,,2012.04.08 14歳,Kurige,Hagisawa Yasuhiro,Yano Takuya,289299000.0,62.0,10.0,1
0000129355,Arutairu,牡3,,,,,,0.0,0.0,0.0,1
0001193371,Goorudenbaroozu,牡3,,2012.02.14 14歳,Kurige,Crossed Sabres Farm,Inokuma Hirotsugu,93686000.0,25.0,6.0,1
マイネルオフィール,Maineruofiiru,牡3,,,,,,,,,1
0001154110,Kuwadoruupuru,牡3,,,,,,0.0,0.0,0.0,1
0001157497,Mikkiishiigaru,牡3,,2012.02.04,Aokage,Noozanfaamu,Noda Mizuki,29164000.0,17.0,3.0,1
0001154148,Rainruufu,牡3,,2012.03.27,Kurige,Muratabokujou,Oosawa Hanjou,128598000.0,21.0,7.0,1
0001156720,Daiwainparusu,牡3,,2012.03.06,Kage,Chiyodabokujou,Ooshiro Shouichi,87096000.0,46.0,3.0,1
0001156726,Akitokuressento,牡3,,,,,,0.0,0.0,0.0,1
0001162908,Tappuzatto,牡3,,2012.04.11,Ashige,Noozanfaamu,P.G.Fajji,29344000.0,6.0,2.0,1
0001157656,Pinsutoraipu,牡3,,2012.03.15,Aokage,Daaree・Japan・Faamuyuugengaisha,Godorufin,67982000.0,25.0,4.0,1
0001162880,Danonguddo,牡3,,2012.04.23 14歳,Kurige,Mishimabokujou,Kumi)Shishijuunikumiai,203296000.0,72.0,16.0,1
0001123227,Satonodepuromatto,牡5,,2010.03.27,Kuroshikage,Chiyodabokujou,Satomi Osamu,55329000.0,33.0,7.0,1
0001125440,Hirabokupurinsu,牡5,,2010.03.22,Kage,Ooyanagifaamu,Nitta Kaichi,132415000.0,55.0,5.0,1
0000723110,Uonteddo,牡5,,,,,,0.0,0.0,0.0,1
0001141176,Ojuuchousan,牡4,,,,,,0.0,0.0,0.0,1
0001120037,Kauuera,牡5,,,,,,0.0,0.0,0.0,1
0001111254,Kashinodeyuuku,牡6,,,,,,0.0,0.0,0.0,1
0001149535,Myuzegoosuto,牡3,,2012.03.14,Kuroshikage,Jouchi Kiyoshiman,Sakamoto Hajime,52710000.0,14.0,2.0,1
0001154265,Marutaazuapojii,牡3,,2012.02.27 14歳,Kage,Yamaokabokujou,Fujita Zaiko,235077000.0,40.0,8.0,1
0001156966,Rojicharisu,牡3,,2012.02.11,Kurige,Noozanfaamu,Kanie Tomohiko,145408000.0,36.0,6.0,1
0001156958,Burandoberugu,牡3,,2012.04.25,Aokage,Shadaifaamu,(Kabu) Guriinfaamu,78858000.0,24.0,4.0,1
0001157274,Guran'Arumada,牡3,,,,,,0.0,0.0,0.0,1
0000304805,Akuserareeto,牡3,,,,,,0.0,0.0,0.0,1
0001193149,Kyanberujunia,牡3,,,,,,0.0,0.0,0.0,1
0001148980,Rearisuta,牡3,,2012.04.23,Kurige,Noozanfaamu,(Ari) Kyarottofaamu,69660000.0,17.0,5.0,1
0001126816,Taganotoneeru,せん5,,2010.05.12,Kage,Yuugengaishaniikapputaganofaamu,Yagi Ryouji,223078000.0,38.0,8.0,1
0001110421,Naritasuupaawan,牡6,,2009.05.08,Kage,(Ari)Shadaikooporeeshonshiraoifaamu,Minoshima Ryuuichi,104966000.0,41.0,5.0,1
0000004215,Goorudoberu,牡6,,1955.05.22,Kurige,,Nanbu,0.0,0.0,0.0,1
0001173486,Buranbonuuru,牝2,,2013.04.09 13歳,Ashige,Kabushikigaisha Noosuhiruzu,Maeda Youko,102308000.0,12.0,3.0,1
0001174443,Mejaataifuun,牝2,,2013.03.05 13歳,Kurige,Hattori Bokujou,Hayashi Seidou,27098000.0,17.0,1.0,1
0001173733,Hiruda,牝2,,2013.01.26 13歳,Kurige,Noozanfaamu,Yoshida Kazumi,43701000.0,26.0,2.0,1
0000807882,Tainiidansaa,牝2,,2004.05.12,Kage,Taguchi Hiroshi,Taguchi Kou,1626000.0,13.0,1.0,1
0001169346,Makotoruumen,牡2,,2013.03.12,Kage,Deguchi Shigeo,Okada Shin'Ichirou,21380000.0,33.0,6.0,1
0001171863,Rakkiibokkusu,牝2,,2013.05.02 13歳,Kage,Daaree・Japan・Faamuyuugengaisha,H.H.Shieiku・Mohamedo,10750000.0,8.0,1.0,1
0001173180,Mejieruda,牝2,,2013.05.01 13歳,Kage,Muratabokujou,(Ari) Taafu・Supooto,24912000.0,11.0,1.0,1
0001174371,Rapureshioosa,牝2,,2013.01.12,Kuroshikage,(Ari)Shadaikooporeeshonshiraoifaamu,Kajiwara Tetsurou,5616000.0,33.0,5.0,1
0001174955,Kosumofurenchi,牡2,,2013.05.01,Kurige,Takahashi Yoshihiro,(Ari) Biggureddofaamu,38244000.0,19.0,2.0,1
0001170323,Arumakukuna,牝2,,,,,,0.0,0.0,0.0,1
0001194162,Donaruchia,牝2,,2013.05.11 13歳,Kurige,"Hill 'N' Dale Equine Holdings, Inc. & Stretch Run Ventures, Llc",Ogawa Makotosaosu,10360000.0,23.0,1.0,1
0001169903,Korajjoozo,牡2,,2013.05.08,Kuroshikage,Sanshainbokujou,Arai Toshiaki,7000000.0,4.0,1.0,1
0000217714,Rindarinda,牝2,,1989.05.03,Kurige,Houseibokujou,Kakuda Tetsuo,5762000.0,9.0,1.0,1
0000285268,Odeyusseusu,牡2,,,,,,0.0,0.0,0.0,1
0001169983,Reditorisu,牝2,,2013.04.21 13歳,Kage,Kamimizubokujou,(Ari) Kamimizubokujou,7000000.0,8.0,1.0,1
0001169568,Peishaotome,牝2,,2013.05.24,Kage,Umedabokujou,Oonishi Kazuko,10370000.0,17.0,1.0,1
0001117994,Taninotakishiido,牡5,,2010.05.06,Kuroshikage,Kantoriibokujou,Tanimizu Yuuzou,54560000.0,35.0,4.0,1
0001136809,Meishouzerosen,牡4,,2011.04.09,Kuroshikage,Mishimabokujou,Matsumoto Yoshio,13800000.0,18.0,2.0,1
0001121725,Shinboridisuko,牡5,,2010.04.03,Kurige,Shinboribokujou,Shinboribokujou,97444000.0,30.0,3.0,1
0001121605,Reinudoneeju,牝5,,2010.03.23 16歳,Kage,Oiwakefaamu,(Ari) Sandeereeshingu,70733000.0,30.0,4.0,1
0001154891,Kurosukuriigaa,牡3,,,,,,0.0,0.0,0.0,1
0001151518,Tamanoburyunetto,牝3,,2012.03.22,Kurige,Mishimabokujou,Tamakoshi Yuukichi,100282000.0,22.0,5.0,1
0001155898,Karapanabiichi,牡3,,,,,,0.0,0.0,0.0,1
0001153481,Ooruburasshu,牡3,,,,,,0.0,0.0,0.0,1
0001192961,Deburin,牡3,,2012.04.08,Kurige,"T/C Stable, Llc",Ichimura Tetsuya,37193000.0,50.0,5.0,1
0001151016,Shinzenganpu,牡3,,2012.04.30,Kage,Hiwatari Kokorozashitakashi,Hara Shirou,39650000.0,30.0,3.0,1
0000214837,Rakkiipurinsu,牡3,,1988.06.17,Kage,Yoshinagabokujou,Nagata Shouko,9378000.0,22.0,9.0,1
0001155319,Diadomusu,牡3,,2012.01.24,Kage,Biggureddofaamu,Takataru Hideo,128926000.0,43.0,7.0,1
0001089481,Urutorakaizaa,牡7,,,,,,0.0,0.0,0.0,1
0001142673,Bigguaasaa,牡4,,2011.03.18 15歳,Kage,Banbuubokujou,Nakatsuji Mei,299811000.0,14.0,8.0,1
0001135497,Hanazuribenji,牝4,,2011.03.30 15歳,Kuroshikage,Kamiisutatto,Maikerud.Taba,51889000.0,43.0,3.0,1
0001123987,Suwanbooto,牡5,,2010.06.11,Kage,Onwaadobokujou,Tagashira Yuuki,26148000.0,140.0,6.0,1
0000043980,Taitan,牡7,,1971.03.28,Kage,,Takekawa Akio,9955000.0,59.0,5.0,1
0001088905,Sumaatoribateii,牡7,,2008.03.16,Kage,Hirotabokujou,Ookawa Tooru,124428000.0,59.0,6.0,1
0001110200,Maineruadamasu,牡6,,2009.02.21,Kage,Kosumovuyuufaamu,(Kabu) Sarabureddokurabu・Rafian,105714000.0,48.0,7.0,1
0001108973,Umejimadaioo,牡6,,,,,,0.0,0.0,0.0,1
0001119009,Dokutaarukia,牝5,,2010.03.22,Kage,Shounobokujou,Matsuoka Satoshi,25460000.0,32.0,1.0,1
0001171199,Roodokuesuto,牡2,,2013.03.06,Kage,Samanihoribokujou,Nakamura Isanbi,286044000.0,49.0,6.0,1
0001172048,Uinfabirasu,牝2,,,,,,0.0,0.0,0.0,1
ペルソナリテ,Perusonarite,牝2,,,,,,,,,1
0001173849,Kyaputenperii,牡2,,,,,,0.0,0.0,0.0,1
0001174320,Hipunoteisuto,牡2,,2013.02.15,Kurige,Hidakataiyoubokujou,Kanekomasatohoorudingusu (Kabu),44233000.0,12.0,3.0,1
0000071285,Kaminoraiden,牡2,,,,,,0.0,0.0,0.0,1
0001194506,Ruguranfurison,牡2,,2013.03.21,Kage,"Green Lantern Stables, Llc",Maeda Kouji,171328000.0,40.0,8.0,1
0001166548,Tanisenbikutorii,牡2,,2013.02.18,Kage,Kineusubokujou,Someya Yukio,7800000.0,8.0,1.0,1
0001167423,Shitoron,牝2,,2013.04.18,Kage,Mikamibokujou,(Ari) Mirufaamu,10828000.0,37.0,1.0,1
0001168523,Toushoudorafuta,牡2,,2013.03.06,Kurige,Toushousangyoukabushikigaishatoushoubokujou,Maeda Toshifumi,144279000.0,53.0,13.0,1
0000901678,Fado,牝2,,2005.02.08,Kage,Morinaga Masashi,Yamauchi Kunikazu,0.0,10.0,0.0,1
0001167076,Purinshiparusutaa,牡2,,2013.03.04,Aokage,Noozanfaamu,Niigaki Takuya,32138000.0,77.0,5.0,1
0001173181,Kanenoiro,牡2,,,,,,0.0,0.0,0.0,1
0001174517,Tomojakuuru,牝2,,2013.04.01,Kuroshikage,Sasajima Masanobu,Yoshitomi Gaku,14654000.0,59.0,5.0,1
0001173972,Nooforowaa,牡2,,2013.02.28,Kage,Yuugengaisha Taisakusuteeburu,Yamaguchi Atsushikou,25140000.0,38.0,4.0,1
0001166580,Uinmireeyu,牝2,,,,,,0.0,0.0,0.0,1
0000302606,Epokku,牡2,,,,,,0.0,0.0,0.0,1
0001171517,Adomaiyaeikan,牡2,,,,,,0.0,0.0,0.0,1
0000317686,Purofetto,牡2,,1997.03.27,Kage,Sanshiyainbokujou,Nishimori Tsuru,7059000.0,22.0,0.0,1
0001172189,Kurokosumia,牝2,,,,,,0.0,0.0,0.0,1
0001170108,Ravuandopoppu,牡2,,2013.02.07,Kage,Daaree・Japan・Faamuyuugengaisha,Godorufin,137642000.0,22.0,5.0,1
0000007333,Arabasutaa,牡2,,,,,,0.0,0.0,0.0,1
0001170543,Supaakingujoi,牡2,,2013.05.01,Kurige,Fujiwarafuaamu,Murayama Mitsuhiro,19024000.0,51.0,2.0,1
0001166344,Rijjiman,牡2,,2013.05.25,Kage,Tsuji Bokujou,(Ari) Tsujibokujou,187050000.0,50.0,7.0,1
0001170722,Aramoanawahine,牝2,,,,,,0.0,0.0,0.0,1
0001175135,Peishaferishita,牝2,,2013.03.10 13歳,Kuroshikage,Tomodabokujou,Kitatokoro Naoto,154484000.0,31.0,6.0,1
0001172898,Diizupuranetto,牝2,,2013.03.21 13歳,Ashige,Gurandobokujou,Akiya Toshiyuki,86477000.0,21.0,4.0,1
0000293550,Afutaadaaku,牝2,,,,,,0.0,0.0,0.0,1
0000136089,Riarukingu,牡2,,1981.03.06,Kurige,Ogawanoujou,Hara Toshikazu,13639000.0,33.0,1.0,1
0001167319,Peishaobumaashi,牝2,,2013.04.28,Kage,Takashisakaebokujou,Kitatokoro Naoto,7000000.0,6.0,1.0,1
0001170016,Nekodansaa,牡2,,2013.05.04,Kuroshikage,Ochiai Kazumi,Kiritani Shigeru,11120000.0,18.0,1.0,1
0001103418,Fantomuraito,牡6,,2009.02.07,Kuroshikage,Noozanfaamu,(Ari) Sandeereeshingu,144060000.0,33.0,6.0,1
0001101736,Rongingudansaa,牡6,,2009.02.24,Kuroshikage,Shadaifaamu,Sakamoto Kouichi,142036000.0,45.0,7.0,1
0001140523,Medouraaku,牡4,,2011.04.05,Kage,Noozanfaamu,Yoshida Katsumi,230109000.0,49.0,9.0,1
0001108397,Yukinosamurai,牡6,,2009.03.07,Kurige,Okamoto Shouichi,Murakami Kouzou,65244000.0,23.0,4.0,1
0001171881,Shuuji,牡2,,2013.03.16 13歳,Kage,Hamamotobokujou,Yasuhara Kouji,279638000.0,41.0,5.0,1
0001175106,Saimonzeere,牡2,,2013.03.22,Kage,Mishimabokujou,Sawada Akinori,52205000.0,37.0,1.0,1
0001173599,Reddorauda,牡2,,2013.03.26,Kage,Shadaifaamu,(Kabu) Toukyouhoosureeshingu,113587000.0,43.0,4.0,1
0000757436,Reddokaapetto,牡2,,2003.02.10,Kage,Karibe Koutarou,Karibe Koutarou,2480000.0,8.0,1.0,1
0000144155,Koueitenma,牡2,,1982.03.17,Kuroshikage,Ichikawa Yutaka,Nishioka Shizuo,930000.0,7.0,0.0,1
0001171673,Taganomirukii,牝2,,2013.04.11,Ashige,Yuugengaishaniikapputaganofaamu,Yagi Ryouji,17550000.0,22.0,2.0,1
0001171543,Ofukuhime,牝2,,,,,,0.0,0.0,0.0,1
0001170198,Kinshooyukihime,牝2,,,,,,0.0,0.0,0.0,1
0001166228,Bunbunburau,牝2,,2013.03.04,Kage,Nakada Hideki,Miyake Katsutoshi,9798000.0,39.0,1.0,1
0001174121,Fabirasuhiiroo,牡2,,2013.03.10,Ashige,Chiyodabokujou,Yoshida Shouri,34007000.0,54.0,6.0,1
0001173794,Jungeru,牡2,,2013.03.15,Kage,Shadaifaamu,Hirose Yuichi,10556000.0,20.0,1.0,1
0001171840,Zennohaadeesu,牡2,,2013.03.30,Kuroshikage,Kawashimabokujou,Maeda Toshifumi,6100000.0,15.0,1.0,1
0001174655,Oukendaiya,牝2,,,,,,0.0,0.0,0.0,1
0001174728,Kurinoshanbooru,牡2,,,,,,0.0,0.0,0.0,1
0001101733,Tamamotoppupurei,牡6,,2009.02.19,Kuroshikage,Nobunaribokujou,Tamamo (Kabu),85307000.0,42.0,5.0,1
0001124258,Keiteiipuraido,牡5,,2010.03.19,Kage,Noozanfaamu,(Kabu) G1Reeshingu,139994000.0,44.0,5.0,1
0001106709,Ruchadoruasuuru,せん6,,2009.01.22,Kuroshikage,Ishikawa Eiichi,(Kabu) Asuuru,85843000.0,43.0,6.0,1
0001123335,Makiobooraa,牡5,,2010.04.12,Kuroshikage,Umamichi Shigeki,Inoke Masato,107433000.0,22.0,4.0,1
0000704945,Meishouarawashi,牡4,,2000.05.08,Kurige,Hayashi Takashiteru,Matsumoto Yoshio,11150000.0,17.0,1.0,1
0001138559,Meishouseiun,牡4,,2011.04.11,Kurige,Isonobokujou,Matsumoto Yoshio,29190000.0,21.0,2.0,1
0001135936,Faiaashichii,牡4,,2011.04.12,Aokage,Chiyodabokujou,(Kabu) Tomoshunhoosukurabu,14820000.0,25.0,1.0,1
0001149507,Toosenbikutorii,牝3,,2012.04.23 14歳,Kage,Noozanfaamu,Shimakawa Takaya,167596000.0,30.0,6.0,1
0001156136,Diipujuerii,牝3,,2012.05.16 14歳,Kage,Noozanfaamu,Yoshida Katsumi,62705000.0,16.0,4.0,1
0001151484,Sankubonuuru,牝3,,2012.01.11 14歳,Kurige,(Ari)Shadaikooporeeshonshiraoifaamu,(Ari) Shadaireesuhoosu,27754000.0,15.0,2.0,1
0001152443,Terumedikarakara,牝3,,2012.02.20 14歳,Kuroshikage,Nishikiokabokujou,Kobayashi Kaoru,84811000.0,33.0,4.0,1
0001148922,Reenudoburie,牝3,,2012.03.25 14歳,Kurige,Reikuvirafaamu,Yuugengaishashiruku,85429000.0,30.0,4.0,1
0001149149,Raitofantajia,牝3,,2012.03.05 14歳,Kurige,Noozanfaamu,Yoshida Katsumi,53812000.0,24.0,3.0,1
0001156909,Puremioteeraa,牝3,,2012.02.18 14歳,Kuroshikage,Hatakeyamabokujou,Nakanishi Kouichi,81414000.0,36.0,4.0,1
0001150351,Mejaagarameki,牝3,,2012.03.01,Kurige,Noozanfaamu,Takano Satoshi,34643000.0,32.0,3.0,1
0001151500,Juntsubasa,牡3,,2012.04.15 14歳,Kage,Noozanfaamu,Kawai Junji,25654000.0,6.0,2.0,1
0001152087,Uinguchippu,牡3,,,,,,0.0,0.0,0.0,1
0001156037,Rokkafesuta,牡3,,2012.03.08,Aokage,Shadaifaamu,(Ari) Shadaireesuhoosu,42334000.0,10.0,4.0,1
0001153334,Riafaru,牡3,,2012.02.05,Kage,Noozanfaamu,(Ari) Kyarottofaamu,150105000.0,16.0,4.0,1
0001151798,Baigaeshi,牡3,,2012.03.23,Kuroshikage,Noomote Toshikazu,Kantou Souichi,88948000.0,19.0,4.0,1
0001151228,Junsupaahikaru,牡3,,2012.05.13,Kage,Noozanfaamu,Kawai Junji,79741000.0,32.0,4.0,1
0001150144,Reddosoromon,牡3,,2012.03.24,Kage,Noozanfaamu,(Kabu) Toukyouhoosureeshingu,99819000.0,32.0,5.0,1
0001151460,Sanraizusensu,牡3,,2012.04.11,Kurige,Shadaifaamu,Matsuoka Takao,57171000.0,18.0,3.0,1
0001154693,Saratogasupiritto,牡3,,2012.03.07,Kurige,Shiraibokujou,Hirai Hiroshi,90916000.0,33.0,5.0,1
0001153363,Reddoaruteisuta,牡3,,2012.05.12,Kage,Noozanfaamu,(Kabu) Toukyouhoosureeshingu,46029000.0,37.0,3.0,1
0001153348,Massabieru,牡3,,2012.05.03,Kurige,Reikuvirafaamu,(Ari) Kyarottofaamu,36556000.0,7.0,3.0,1
0001156201,Kirohana,牡3,,,,,,0.0,0.0,0.0,1
0000139156,Kinguhiiroo,牡6,,,,,,0.0,0.0,0.0,1
0001178108,Ritchitapesutorii,せん7,,2008.03.26,Kage,Moyglare Stud Farm Ltd,"S.Yan,T.Uon,C.Hoo&Y.Chu",0.0,1.0,0.0,1
0001171106,Bureibusumasshu,牡2,,2013.03.22,Kage,Yuugengaisha Esuteifaamu,"Australian Bloodstock, Et Al.",74967000.0,13.0,2.0,1
0001173787,Imootaru,牡2,,,,,,0.0,0.0,0.0,1
0001172231,Asutoraenburemu,牡2,,,,,,0.0,0.0,0.0,1
0001175200,Riseennu,牝2,,2013.02.05 13歳,Aokage,Shadaifaamu,Yoshida Teruya,28366000.0,22.0,2.0,1
0001174613,Hareruyabooi,牡2,,2013.02.04,Kurige,Yuugengaisha Esuteifaamu,Shimakawa Takaya,27955000.0,12.0,2.0,1
0001172534,Kuraunsukai,牡2,,,,,,0.0,0.0,0.0,1
0001172181,Goddokaribian,牝2,,2013.04.28 13歳,Kage,Morinaga Satoshi,Nakanishi Kenji,18838000.0,20.0,1.0,1
0001172020,Kosumopurotea,牡2,,2013.03.22,Kage,Biggureddofaamu,(Ari) Biggureddofaamu,13998000.0,15.0,1.0,1
0001169833,Aporojoojia,牡2,,,,,,0.0,0.0,0.0,1
0001108886,Fontoruroi,牡6,,2009.01.23,Kage,Noozanfaamu,Oobayashi Kazuhiko,53628000.0,43.0,3.0,1
0001125341,Karenkekariina,牝5,,,,,,0.0,0.0,0.0,1
0001109032,Sanashion,牡6,,2009.02.04,Kage,Noozanfaamu,(Ari) Sandeereeshingu,233236000.0,39.0,10.0,1
0001101857,Makkusurono,牡6,,2009.03.08,Kurige,Amoubokujou,Tadokoro Eiko,25225000.0,35.0,4.0,1
0001155136,Kuinzumiraaguro,牝3,,,,,,0.0,0.0,0.0,1
0001154611,Suteiigurittsu,牡3,,2012.02.02,Kurige,Noozanfaamu,(Kabu) G1Reeshingu,43442000.0,8.0,3.0,1
0001148907,Mikorason,牡3,,2012.03.13,Kage,Noozanfaamu,(Ari) Toniikikaku,18040000.0,30.0,1.0,1
0001173912,Denkouanju,牝2,,2013.04.08 13歳,Kuroshikage,Isonobokujou,Tanaka Yasuhiro,225090000.0,39.0,4.0,1
0001170864,Mejaaenburemu,牝2,,2013.03.26 13歳,Kurige,Noozanfaamu,(Ari) Sandeereeshingu,243107000.0,7.0,5.0,1
0001169034,Pepuchidosapuru,牝2,,2013.03.26,Kuroshikage,Kineusubokujou,Numakawa Kazuhiko,62809000.0,11.0,2.0,1
0001167276,Esuteitaato,牝2,,,,,,0.0,0.0,0.0,1
0001169180,Kaizaabaru,牝2,,,,,,0.0,0.0,0.0,1
0001169591,Uinkurusaruute,牝2,,,,,,0.0,0.0,0.0,1
0001170090,Teikeireevu,牝2,,2013.05.08,Kage,Reikuvirafaamu,Kanematsu Tadao,28460000.0,14.0,2.0,1
0001194152,Jiipurumeria,牝2,,2013.05.08 13歳,Kuroshikage,"Betz Thoroughbreds, Werner & Humphrey",(Kabu) Kyapitaru・Shisutemu,81353000.0,24.0,4.0,1
0001166065,Kunau,牝2,,,,,,0.0,0.0,0.0,1
0001168643,Biibiibaareru,牝2,,2013.03.25 13歳,Kurige,Efuebokujou,(Ari) Bandoubokujou,61702000.0,19.0,2.0,1
0001172223,Mashierigaaru,牝2,,2013.04.08 13歳,Kuroshikage,Yuugengaisha Esuteifaamu,Shimakawa Takaya,28367000.0,24.0,2.0,1
0001167148,Booruraitoningu,牡2,,2013.04.21,Kurige,Ebisukougyoukabushikigaishanasunobokujou,(Kabu) Guriinfaamu,90534000.0,28.0,3.0,1
0001167300,Adomaiyamoraaru,牡2,,,,,,0.0,0.0,0.0,1
0001170553,Shadouapuroochi,牡2,,2013.04.19,Kurige,Shadaifaamu,Iizuka Tomoichi,54994000.0,10.0,2.0,1
0001167763,Toppuraisensu,牝2,,2013.02.11 13歳,Aokage,Noozanfaamu,(Ari) Sandeereeshingu,22000000.0,13.0,3.0,1
0001166549,Fujimasaakutoresu,牝2,,2013.03.16,Kage,Sakaibokujou,Fujiwara Shouichi,17400000.0,35.0,2.0,1
0001175105,Boodaresu,牝2,,2013.05.16 13歳,Kurige,Daaree・Japan・Faamuyuugengaisha,H.H.Shieiku・Mohamedo,26109000.0,14.0,2.0,1
0001171718,Moozesu,牡2,,2013.04.21,Kuroshikage,Reikuvirafaamu,Kikuchi Yuuji,11740000.0,17.0,1.0,1
0000290800,Kinguraion,牡2,,,,,,0.0,0.0,0.0,1
0001173478,Furiimuuvumento,牡2,,2013.04.22,Kurige,Mishimabokujou,(Kabu)Apuente,19890000.0,80.0,6.0,1
0001171336,Mazakkuyaasu,牝2,,2013.05.03 13歳,Kage,Arai Hiroyuki,Yamazaki Yasuhiro,6100000.0,10.0,1.0,1
0001172044,Komanodoriimu,牝2,,2013.04.24,Ashige,Nishikawatomiokabokujou,Hasegawa Yoshinobu,7000000.0,5.0,1.0,1
0001171280,Annatorute,牝2,,,,,,0.0,0.0,0.0,1
0001168609,Kyandibaroozu,牝2,,,,,,0.0,0.0,0.0,1
0001173676,Wantouwan,牝2,,2013.03.21 13歳,Kuroshikage,Shadaifaamu,Aoyama Youichi,164617000.0,29.0,5.0,1
0001174392,Taganoviaare,牝2,,2013.01.31,Kurige,Yuugengaishaniikapputaganofaamu,Yagi Ryouji,39337000.0,18.0,2.0,1
0001173351,Meishousuizuki,牝2,,2013.04.02,Kage,Mishimabokujou,Matsumoto Yoshio,45029000.0,27.0,3.0,1
0001171767,Pyuakoncheruto,牝2,,2013.02.03 13歳,Kage,Shadaifaamu,Yoshida Teruya,41716000.0,29.0,2.0,1
0001174899,Adomaiyariido,牝2,,,,,,0.0,0.0,0.0,1
0001173532,Kopanodiiru,牝2,,2013.05.02 13歳,Kuroshikage,Ichikawabokujou,Kobayashi Teruhiro,43317000.0,40.0,3.0,1
0001168272,Kirishimaojou,牝2,,,,,,0.0,0.0,0.0,1
0001174615,Taiseimaraika,牝2,,2013.04.11,Kuroshikage,Kaneishibokujou,Daikoku Fumiko,8258000.0,61.0,3.0,1
0001172932,Seressopurimabera,牝2,,2013.03.08,Kurige,Kuwatafuaamu,Miyake Katsutoshi,13230000.0,49.0,1.0,1
0001134535,Rowajarudan,牡4,,2011.03.24,Kage,Shadaifaamu,(Ari) Shadaireesuhoosu,199988000.0,28.0,6.0,1
0001135484,Mondokurasse,牡4,,2011.05.06,Kage,Sankoubokujou,Kajiwara Tetsurou,155460000.0,64.0,14.0,1
0001100845,Suriitaitan,せん6,,2009.02.15,Kuroshikage,Gurandobokujou,Nagaishouji (Kabu),107437000.0,44.0,5.0,1
0000151981,Moonin,牡3,,1982.03.29,Kuroshikage,Ikemoto Hisao,Watarishima Sumako,3090000.0,22.0,4.0,1
0001170160,Easupineru,牡2,,,,,,0.0,0.0,0.0,1
0001166347,Nooburumaazu,牡2,,2013.05.10,Kurige,Tagamifaamu,Yoshiki Nobuhiko,262160000.0,53.0,5.0,1
0001169102,Naitoobunaitsu,牡2,,2013.04.16,Kurige,Shadaifaamu,Hoshika Kouichi,153858000.0,61.0,8.0,1
0000301716,Ritchiiritchii,牡2,,1995.05.16,Kurige,Tomikawaametsutsumibokujou,Ikezoe Yasuo,19220000.0,20.0,5.0,1
0001167016,Rahatokerebu,牡2,,2013.02.10,Kage,Noozanfaamu,Nagata Kazuhiko,20856000.0,38.0,2.0,1
0001174890,Eishingiganto,牡2,,,,,,0.0,0.0,0.0,1
0001169677,Uinmuuto,牡2,,,,,,0.0,0.0,0.0,1
0000732917,Teiemuhayabusa,牡2,,2002.04.10,Kage,Kawagoe Toshiki,Takezono Masatsugu,34582000.0,23.0,2.0,1
0001166021,Kuraundojakku,牝2,,,,,,0.0,0.0,0.0,1
0001172041,Depyuteisukai,牡2,,2013.04.09,Kage,Aioifaamu,Yamaguchi Juurou,19210000.0,21.0,1.0,1
0001169823,Meipurukingu,牡2,,2013.04.20,Kage,Takasebokujou,Fushi Eiji,51326000.0,57.0,6.0,1
0001173583,Uootaamirion,牡2,,,,,,0.0,0.0,0.0,1
0000284970,Toukeigoorudo,牡5,,1994.03.25,Kurige,Matsumoto Nobuyuki,Toukyoutokeiba (Kabu),11160000.0,10.0,3.0,1
0001139816,Shundorubon,牝4,,2011.01.20 15歳,Aokage,Shimokoubebokujou,(Ari) Shimokoubebokujou,152770000.0,27.0,6.0,1
0001118427,Barondoufooru,牡5,,2010.03.03,Kage,Noozanfaamu,Kubota Yasushi,94698000.0,27.0,5.0,1
0001168238,Sumaatooodin,牡2,,2013.02.20 13歳,Kuroshikage,Sukaibiichisuteeburu,Ookawa Tooru,187112000.0,23.0,5.0,1
0001175127,Purodigarusan,牡2,,2013.02.22,Kage,Noozanfaamu,Kanekomasatohoorudingusu (Kabu),175077000.0,35.0,3.0,1
0001171670,Mainerurafureshia,牡2,,2013.02.09,Kurige,Biggureddofaamu,(Kabu) Sarabureddokurabu・Rafian,74588000.0,38.0,3.0,1
0000284670,Kiraajoo,牡2,,,,,,0.0,0.0,0.0,1
0001170174,Taiseisamitto,牡2,,2013.05.18,Kurige,Shadaifaamu,Tanaka Seihou,137605000.0,23.0,5.0,1
0000801562,Agureaaburu,牝2,,,,,,0.0,0.0,0.0,1
0001170796,Rosukabosu,牡2,,2013.02.16,Kuroshikage,Shadaifaamu,Yoshida Teruya,48047000.0,27.0,3.0,1
0000311979,Reinboorain,牡2,,1996.05.02,Kage,Toi Masahiro,Oota Kiyoshi,788000.0,6.0,1.0,1
0001170554,Daiwariakushon,牡2,,2013.05.20,Kage,Shadaifaamu,Sugiura Kazuya,19563000.0,74.0,5.0,1
0001170024,Doreddonootasu,牡2,,2013.03.09,Kurige,Noozanfaamu,(Ari) Kyarottofaamu,211325000.0,31.0,6.0,1
0001175154,Risupekutoaasu,牡2,,2013.03.17,Kuroshikage,Ebisukougyoukabushikigaishanasunobokujou,(Kabu) Guriinfaamu,45228000.0,18.0,1.0,1
0001168104,Jorujusanku,牡2,,2013.05.27,Kurige,Kamada Masatsugu,Okai Motonori,98043000.0,57.0,16.0,1
0001173566,Kerufuroide,牡2,,2013.02.22,Kage,Noozanfaamu,(Ari) Kyarottofaamu,55358000.0,17.0,2.0,1
0001168422,Roraima,牡2,,2013.05.22,Kage,Shadaifaamu,(Ari) Shadaireesuhoosu,108361000.0,45.0,3.0,1
0001170538,Kyanonsutoomu,牡2,,,,,,0.0,0.0,0.0,1
0001173480,Dantsupuriusu,牡2,,2013.03.01,Kage,Chiyodabokujou,Yamamoto Tetsuji,137480000.0,24.0,4.0,1
0001172930,Onzarokkusu,牡2,,,,,,0.0,0.0,0.0,1
0001172022,Uintendanesu,牡2,,,,,,0.0,0.0,0.0,1
0000199449,Kopanomirai,牝2,,1987.04.09,Kage,Takemifuaamu,Kobayashi Masao,0.0,5.0,0.0,1
0001209832,Iraputo,牡3,,,,,,0.0,0.0,0.0,1
0000042932,Naitofurawaa,牝3,,1971.03.20,Kurige,,Ookawa Miyo,2860000.0,31.0,0.0,1
0001141165,Shounanbahha,牡4,,2011.03.05 15歳,Kage,Yanagawabokujou,Kunimoto Tesshuu,150618000.0,56.0,6.0,1
トリップトゥパリス,Toripputouparisu,せん4,,,,,,,,,1
0001356821,Itou,牡4,,,,,,0.0,0.0,0.0,1
0000807287,Touinkuru,牡4,,2004.04.05,Kage,Koubetsubokujou,Satou Tomoko,615000.0,20.0,3.0,1
0001122613,Goddofuroaa,牝5,,2010.03.22 16歳,Kage,Taijufaamu,Hirooreesu (Kabu),46262000.0,32.0,3.0,1
0000247148,Ganpitto,せん5,,,,,,0.0,0.0,0.0,1
0001104202,Shiberiansupaabu,牡6,,2009.02.01,Kage,Yamaokabokujou,Fujita Zaiko,123798000.0,59.0,6.0,1
0001107697,Kajiki,牡6,,,,,,0.0,0.0,0.0,1
0001143347,Mirionvorutsu,牡6,,2009.01.27,Kage,Winstar Farm Llc,Hayashi Seidou,76451000.0,34.0,5.0,1
0001141999,Eishinvaraa,牡4,,,,,,0.0,0.0,0.0,1
0001118868,Kaateisubaroozu,牡5,,,,,,0.0,0.0,0.0,1
0001124905,Derumanurarihyon,牡5,,2010.04.14,Kage,Faniihirufaamu,Asanuma Hiroyuki,89685000.0,33.0,5.0,1
0001171117,Attozashiisaido,牝2,,,,,,0.0,0.0,0.0,1
0001174416,Kuudorapan,牝2,,,,,,0.0,0.0,0.0,1
0000303419,Jientoruhaato,牝2,,1996.04.28,Kuroshikage,Hirayamabokujou,Maeda Shinji,3225000.0,10.0,1.0,1
0001149825,Airain,牝3,,,,,,0.0,0.0,0.0,1
0001170063,Riondiizu,牡2,,2013.01.29 13歳,Kuroshikage,Noozanfaamu,(Ari) Kyarottofaamu,130406000.0,5.0,2.0,1
0001167797,Yuuchenji,牡2,,2013.05.01,Kuroshikage,Kamada Masatsugu,(Kabu) Aitetsu,56899000.0,51.0,1.0,1
0001169696,Tsuuemurejiendo,牡2,,2013.02.24,Kurige,Okadabokujou,Mizutani Masaaki,13300000.0,9.0,2.0,1
0001174384,Suriraainmanira,牡2,,2013.03.09,Kage,Souta Hideyuki,Koga Shin'Ichi,65931000.0,78.0,16.0,1
0001170118,Shounanraizu,牡2,,2013.04.14,Kurige,Shimokoubebokujou,Kunimoto Tesshuu,135543000.0,43.0,6.0,1
0001169174,Uin'Osukaa,牡2,,,,,,0.0,0.0,0.0,1
0001109000,Eikoonpasu,牡6,,,,,,0.0,0.0,0.0,1
0001103225,Tamamoshopan,牡6,,2009.03.30,Kage,Okadabokujou,Tamamo (Kabu),27200000.0,28.0,4.0,1
0001123713,Meishourainaa,牡5,,2010.04.16,Kage,Kojimabokujou,Matsumoto Yoshitaka,115697000.0,45.0,7.0,1
0001175214,Haatoree,牡2,,2013.04.11,Kage,Noozanfaamu,(Ari) Sandeereeshingu,83311000.0,8.0,2.0,1
0001166475,Bateisuteiini,牡2,,2013.02.09,Kage,Noozanfaamu,(Ari) Sandeereeshingu,171190000.0,36.0,7.0,1
0001173447,Burakkusupineru,牡2,,2013.02.14,Kuroshikage,Noozanfaamu,(Ari) Sandeereeshingu,211168000.0,34.0,5.0,1
0001168154,Puransusharuman,牡2,,2013.03.08,Kurige,Shadaifaamu,Kamioka Kazuo,38105000.0,36.0,2.0,1
0001171030,Pureiyaasamuson,牡2,,2013.02.07,Kage,Okadabokujou,Shimada Satoshi,60064000.0,54.0,2.0,1
0001171224,Rabureo,牡2,,2013.04.18,Kage,Yamagiwabokujou,M・Kenichihoorudingu (Kabu),13000000.0,7.0,2.0,1
0001167517,Diimajiesutei,牡2,,2013.03.24 13歳,Kage,Hattori Bokujou,Shimada Satoshi,302432000.0,11.0,4.0,1
0000723813,Raizutoufeimu,牡6,,2001.03.19,Kuroshikage,Tomikawabokujou,(Ari) Ishikarihoosumankurabu,380000.0,35.0,1.0,1
0001133915,Neoriarizumu,牡5,,2011.03.22,Kurige,Noozanfaamu,(Ari) Kyarottofaamu,233559000.0,18.0,7.0,1
0001173807,Rojikurai,牡3,,2013.02.22 13歳,Kuroshikage,Noozanfaamu,Kumeda Masaaki,191209000.0,28.0,5.0,1
0001168877,Jueraa,牝3,,2013.01.17 13歳,Kage,Shadaifaamu,Aoyama Youichi,169101000.0,6.0,2.0,1
0001168605,Shigerunokogirizame,牡3,,2013.03.12,Kuroshikage,Gaaberapaakusutatsudo,Morinaka Ban,69562000.0,17.0,3.0,1
0000023056,Reonarudo,牡3,,1968.04.02,Kage,,Takeuchi Kaneo,8330000.0,26.0,7.0,1
0000799937,Douuka,牡3,,2004.02.27,Aokage,Tanitabokujou,Nakamura Masakatsu,1990000.0,9.0,1.0,1
0001170833,Shounan'Avido,牡3,,2013.03.20,Aokage,Nakaharabokujou,(Ari) Shounan,34341000.0,30.0,2.0,1
0001173702,Fainniidoru,牡3,,2013.04.26 13歳,Kage,Daaree・Japan・Faamuyuugengaisha,Godorufin,478276000.0,26.0,10.0,1
0001175186,Raruku,牝3,,2013.04.15 13歳,Kage,Noozanfaamu,(Kabu) Kiifaazu,33410000.0,16.0,3.0,1
0001168430,Piisumaindo,牡3,,2013.02.26,Kage,Nakaharabokujou,Ogawa Isao,79465000.0,65.0,3.0,1
0001168075,Sunaakusukai,牡3,,2013.04.30,Kage,Mikamibokujou,Sugimoto Yutaka,40634000.0,35.0,2.0,1
0001166364,Meishoushachi,牡3,,2013.03.17,Kage,Motosu Atsushi,(Dou) Jpngiken,44799000.0,79.0,3.0,1
0001169804,Dantsuenperaa,牡3,,2013.03.18,Kage,Okadasutatsudo,Yamamoto Tetsuji,28620000.0,26.0,2.0,1
0001172102,Daiwadoressaa,牝3,,2013.04.14 13歳,Kage,Shadaifaamu,Ooshiro Keizou,57239000.0,21.0,1.0,1
0001172490,Daiwadatchiesu,牝3,,2013.04.29 13歳,Kage,Shadaifaamu,Ooshiro Keizou,58117000.0,13.0,3.0,1
0001169335,Kopanomariin,牝3,,2013.03.02,Kage,Yanagawabokujou,Kobayashi Sachiaki,47644000.0,23.0,4.0,1
0000256990,Raburiiamon,牝3,,1992.03.17,Kage,Tsushima Toshimitsu,Mori Jinetsu,222000.0,8.0,0.0,1
0001169501,Arujante,牝3,,,,,,0.0,0.0,0.0,1
0001168853,Reddoshiruvi,牝3,,2013.02.22 13歳,Kage,Shadaifaamu,(Kabu) Toukyouhoosureeshingu,47758000.0,24.0,4.0,1
0001170216,Rashiimu,牝3,,2013.05.08,Kage,Nakamura Masaaki,(Kabu) Ribateihoosunavigeito,7834000.0,13.0,1.0,1
0001171683,Booamuruuzu,牝3,,2013.04.14,Kage,Hattori Bokujou,Sugiura Kazuya,8923000.0,71.0,6.0,1
0001168732,Porosu,牝3,,2013.04.30,Kage,Takahashi Nin,Kawasaki Goshi,17140000.0,91.0,12.0,1
0001172500,Ruminasuteiara,牝3,,2013.01.23,Kage,Noozanfaamu,(Ari) Sandeereeshingu,8520000.0,5.0,1.0,1
0001170809,Shiiburiizurabu,牝3,,2013.04.19 13歳,Kage,Noozanfaamu,Shimakawa Takaya,8340000.0,10.0,1.0,1
0000188047,Hamahirugao,牝3,,1986.04.14,Kuroshikage,Shiraibokujou,Shirai Fusa,2200000.0,3.0,0.0,1
0001173710,Meetorudaaru,牡3,,2013.02.22,Kage,Noozanfaamu,(Ari) Kyarottofaamu,194248000.0,28.0,6.0,1
0001175133,Umuburufu,牡3,,,,,,0.0,0.0,0.0,1
0001175263,Namurashingun,牡3,,2013.03.06,Kuroshikage,Tanigawabokujou,Kumi)Rinoreeshingu,69359000.0,60.0,16.0,1
0001175109,Runeishon,牝3,,2013.03.20 13歳,Kuroshikage,Daaree・Japan・Faamuyuugengaisha,Godorufin,58230000.0,19.0,4.0,1
0001169025,Daichiradiusu,牡3,,2013.04.17,Kage,Ogifukuhattoribokujou,Maeda Toshifumi,17234000.0,43.0,8.0,1
0001168973,Aporonaisujabu,牡3,,,,,,0.0,0.0,0.0,1
0001137309,Yamaninbowarakute,せん5,,2011.05.06,Kage,Nishikiokabokujou,Tsuchii Hajime,123247000.0,29.0,5.0,1
0001102940,Naritaposeidon,牡7,,2009.02.04,Kage,Shadaifaamu,Minoshima Ryuuichi,81912000.0,95.0,11.0,1
0001108062,Sutaabarion,牡7,,2009.03.19,Ashige,Goushigaishakanetsubokujou,Habata Masanobu,97573000.0,30.0,5.0,1
0001136756,Purotokoru,牡5,,2011.04.19,Kurige,Itoubokujou,Iwase Kouzou,94804000.0,35.0,5.0,1
0001134867,Reddofarukusu,牡5,,2011.04.12 15歳,Ashige,Shadaifaamu,(Kabu) Toukyouhoosureeshingu,469240000.0,28.0,10.0,1
0001110566,Shinkingumashiin,せん7,,2009.04.02,Kuroshikage,Okadasutatsudo,Okada Makio,90943000.0,41.0,5.0,1
0001139633,Rooreruberooche,牡5,,2011.04.03,Kurige,Kyouwabokujou,(Kabu) Roorerureeshingu,103700000.0,22.0,6.0,1
0001136074,Hirunodeibaroo,牡5,,2011.05.18,Kuroshikage,Kamiisutatto,(Kabu) Hiruno,169655000.0,38.0,6.0,1
0001106675,Yasakaodiiru,牝7,,2009.05.17 17歳,Kuroshikage,Yagi Tsunerou,Kokorozashimura Nobuhiko,59312000.0,44.0,4.0,1
0001175221,Satonodaiyamondo,牡3,,2013.01.30 13歳,Kage,Noozanfaamu,(Kabu) Satomihoosukanpanii,865124000.0,16.0,8.0,1
0001174442,Repuranshu,牡3,,2013.04.12,Kage,Noozanfaamu,Takahashi Etsuya,44128000.0,44.0,4.0,1
0001168891,Roikabaado,牡3,,2013.03.08,Kuroshikage,Noozanfaamu,Terada Toshio,85671000.0,18.0,4.0,1
0001172479,Nogaro,牡3,,2013.02.07,Kurige,Noozanfaamu,Kanekomasatohoorudingusu (Kabu),49467000.0,16.0,3.0,1
0001171431,Moukatteru,牡3,,2013.04.16,Kage,Okitabokujou,Tanaka Kunihiko,13560000.0,36.0,3.0,1
0001171865,Rowaabusoryuu,牡3,,2013.04.10,Kage,Noozanfaamu,Hyuuga Tsuyoshi,126102000.0,58.0,12.0,1
0001167712,Urutorabarokku,牡3,,,,,,0.0,0.0,0.0,1
0000058294,Furonteakuiin,牝3,,1973.04.17,Kage,,Koizumi Tomiko,0.0,4.0,0.0,1
0001173905,Rottenmaiyaa,牝3,,2013.03.23 13歳,Kage,Noozanfaamu,Yuugengaishashiruku,60883000.0,14.0,3.0,1
0001172780,Nakkubiinasu,牝3,,2013.03.11,Aokage,Shadaifaamu,Komatsu Kinya,351636000.0,37.0,8.0,1
0001166695,Ekuramireneeru,牝3,,,,,,0.0,0.0,0.0,1
0001169068,Rufooru,牝3,,2013.01.20 13歳,Kage,(Ari)Shadaikooporeeshonshiraoifaamu,(Ari) Sandeereeshingu,38368000.0,13.0,3.0,1
0001168353,Sorofuraito,牝3,,2013.05.13 13歳,Kuroshikage,Ookitabokujou,Kohara Jun'Ichirou,5600000.0,10.0,2.0,1
0001173476,Sutoraikushotto,牝3,,2013.04.05 13歳,Kage,Noozanfaamu,(Kabu) Iijisu,25950000.0,30.0,2.0,1
0001175182,Sapurumaindo,牝3,,2013.02.24 13歳,Kage,Shadaifaamu,(Ari) Shadaireesuhoosu,67957000.0,18.0,4.0,1
0001174470,Faiakurisutaru,牝3,,2013.01.25 13歳,Kage,(Ari)Shadaikooporeeshonshiraoifaamu,Okamoto Shoutsukasa,13773000.0,34.0,2.0,1
0001173770,Kinguobuaamuzu,牡3,,,,,,0.0,0.0,0.0,1
0001170769,Pikkumiitatchi,牡3,,2013.02.24,Kage,Noozanfaamu,Yamamoto Hidetoshi,26500000.0,14.0,3.0,1
0000304490,Dandiiaroo,牡3,,1996.04.02,Kuroshikage,Tanba Toshinori,Suzuki Kaichi,32652000.0,58.0,4.0,1
0001152360,Mondointero,牡4,,2012.02.02,Kage,Noozanfaamu,Yuugengaishashiruku,258844000.0,30.0,8.0,1
0000023922,Ebaaguriin,牡8,,,,,,0.0,0.0,0.0,1
0001139756,Madoriidokafe,牡5,,2011.05.25,Kuroshikage,Chanpionzufaamu,Himrockracinghoorudingu,142861000.0,36.0,7.0,1
0001142723,Sunatchimaindo,牝5,,2011.04.22 15歳,Kage,(Ari)Shadaikooporeeshonshiraoifaamu,Yuugengaishashiruku,106137000.0,20.0,5.0,1
0001155401,Suusanjoi,牡4,,2012.04.29,Kage,Hosomichibokujou,Hayashi Chieko,152222000.0,25.0,7.0,1
0001140633,Sanoichi,牡5,,2011.05.13,Kage,Yutakahiroshibokujou,Sano Nobuyuki,100150000.0,51.0,11.0,1
0001168408,Aabankiddo,牡3,,,,,,0.0,0.0,0.0,1
0001172435,Hirunomazeran,牡3,,2013.03.19,Kuroshikage,Kamimura Kiyoshi,(Kabu) Hiruno,91219000.0,34.0,5.0,1
0001167499,Bippuraiburii,牡3,,2013.03.12,Kurige,Noozanfaamu,Tomita Fujio,186368000.0,36.0,6.0,1
0001173100,Ueebuhiiroo,牡3,,,,,,0.0,0.0,0.0,1
0001194183,Madidi,牡3,,2013.02.10,Kage,Petaluma Bloodstock & Malbec Inc,(Dou) Jpngiken,33924000.0,86.0,10.0,1
0001171688,Meishoukanesada,牡3,,2013.04.04,Kurige,Nisshinbokujou,Matsumoto Yoshio,19215000.0,6.0,2.0,1
0001169560,Paarufuyuuchaa,牡3,,2013.03.04,Kuroshikage,Kamada Masatsugu,Sanchuu Motoo,11072000.0,39.0,4.0,1
0001166880,Roodobureido,牡3,,2013.02.08,Kage,Keiaifaamu,(Kabu) Roodohoosukurabu,6000000.0,1.0,1.0,1
0000302767,Buravisshimo,牡4,,1996.04.24,Kuroshikage,Ishidabokujou,Yoshida Osamu,0.0,0.0,0.0,1
0001155754,Kentooo,牡4,,2012.03.12,Kuroshikage,Hakutsubokujou,Tahata Tomiko,134843000.0,42.0,5.0,1
0001105436,Kaharabisuteii,牝7,,,,,,0.0,0.0,0.0,1
0001118851,Sukaikyuuteii,牝6,,2010.03.15 16歳,Kuroshikage,Meijibokujou,Sugiyama Tadakuni,59461000.0,29.0,4.0,1
0001148423,Tootaruhiito,牝5,,2011.04.14 15歳,Kurige,"Shadai Corporation, Ltd.",(Ari) Kyarottofaamu,92352000.0,30.0,5.0,1
0001171890,Shinharaito,牝3,,2013.04.11 13歳,Kuroshikage,Noozanfaamu,(Ari) Kyarottofaamu,286426000.0,6.0,5.0,1
0001169921,Rabendaavarei,牝3,,2013.01.31 13歳,Kage,Noozanfaamu,Kanekomasatohoorudingusu (Kabu),102608000.0,38.0,4.0,1
0001174237,Kuiinzubesuto,牝3,,,,,,0.0,0.0,0.0,1
0001167553,Reddoavanse,牝3,,2013.04.24 13歳,Kuroshikage,Noozanfaamu,(Kabu) Toukyouhoosureeshingu,150202000.0,20.0,4.0,1
0001173858,Sakurediiva,牝3,,2013.02.06 13歳,Ashige,Noozanfaamu,K.S.Yappu,41263000.0,25.0,3.0,1
0001175065,Erubisshu,牝3,,,,,,0.0,0.0,0.0,1
0001169235,Viburosu,牝3,,2013.04.09 13歳,Aoge,Noozanfaamu,Sasaki Kazuhiro,186098000.0,13.0,3.0,1
0001173804,Fooruinrabu,牝3,,2013.02.28,Kuroshikage,Shadaifaamu,Yoshida Masahisa,33694000.0,13.0,2.0,1
0001172820,Kurinorahooru,牝3,,,,,,0.0,0.0,0.0,1
0001171707,Makahiki,牡3,,2013.01.28 13歳,Kage,Noozanfaamu,Kanekomasatohoorudingusu (Kabu),630075000.0,26.0,5.0,1
0001172426,Edikuto,牡3,,,,,,0.0,0.0,0.0,1
0001167628,Imajinzatto,牡3,,,,,,0.0,0.0,0.0,1
0001168585,Sharara,牝3,,2013.04.11 13歳,Kage,Nakajimabokujou,Himrockracinghoorudingu,52009000.0,29.0,2.0,1
0001168835,Kenhofavaruto,牡3,,2013.06.08,Kage,Mariosuteeburu,Nakanishi Hiroaki,245667000.0,67.0,6.0,1
0001167984,Vigaaejji,牡3,,2013.04.05,Kage,Yuugengaisha Esuteifaamu,Shimakawa Takaya,24015000.0,36.0,5.0,1
0001047329,Viivagibuson,せん9,,2007.02.04,Kage,Sugatabokujou,Serizawa Seiichi,77499000.0,47.0,5.0,1
0001133404,Kurinodaikokuten,牡5,,,,,,0.0,0.0,0.0,1
0001087139,Karisumamikkii,牡8,,,,,,0.0,0.0,0.0,1
0001153091,Anguraifen,牡4,,,,,,0.0,0.0,0.0,1
0001172122,Soruveigu,牝3,,2013.03.04 13歳,Kurige,(Ari)Shadaikooporeeshonshiraoifaamu,(Kabu) G1Reeshingu,184623000.0,17.0,4.0,1
0001174275,Daianaheiroo,牝3,,2013.05.05 13歳,Kuroshikage,Oonishifaamu,(Kabu) Komashuu,264310000.0,27.0,8.0,1
0001168491,Soodivain,牝3,,2013.02.14 13歳,Kage,Noozanfaamu,Yuugengaishashiruku,60354000.0,20.0,3.0,1
0001166356,Riruteinguinku,牝3,,2013.04.12 13歳,Kuroshikage,Okadasutatsudo,(Kabu) Norumandiisarabureddor,18500000.0,29.0,2.0,1
0001175150,Sarudona,牝3,,2013.01.30 13歳,Kurige,Noozanfaamu,Terada Toshio,28481000.0,19.0,2.0,1
0001172159,Kanetoshiburesu,牝3,,,,,,0.0,0.0,0.0,1
0001173365,Wandafururasshu,牝3,,2013.03.24,Kuroshikage,Samanikyoueibokujou,(Kabu) Sarabureddokurabu・Rafian,45928000.0,30.0,3.0,1
0001209413,Eishinpikaso,牝3,,,,,,0.0,0.0,0.0,1
0001171771,Katorurapooru,牝3,,,,,,0.0,0.0,0.0,1
0001169226,Etaanaruyuusu,牝3,,,,,,0.0,0.0,0.0,1
0001174198,Raidinguhai,牝3,,2013.04.28,Kage,Shimokoubebokujou,Ise Hikari,18617000.0,84.0,7.0,1
0001170843,Natariibaroozu,牝3,,2013.03.23,Kage,Noozanfaamu,Kajiwara Tetsurou,16791000.0,33.0,1.0,1
0001170075,Razuururikkii,牝3,,2013.05.21 13歳,Kuroshikage,Okadabokujou,(Kabu) Rekkusu,73397000.0,34.0,3.0,1
0001172722,Bashireusuraion,牡3,,2013.04.16,Kage,Noozanfaamu,Kobashi Ryouta,49434000.0,78.0,5.0,1
0000177492,Ooshanbyuu,牡3,,,,,,0.0,0.0,0.0,1
0001169799,Monsutaakingu,牡3,,2013.03.30,Kage,Kashiwagi Kazunori,Sakai Takatoshi,42715000.0,80.0,6.0,1
0001173973,Misukirara,牝3,,2013.04.20 13歳,Kuroshikage,Wakabayashibokujou,Kubota Yasushi,17525000.0,10.0,2.0,1
0001170690,Kinguhaato,牡3,,,,,,0.0,0.0,0.0,1
0001169172,Meisunsupaato,牡3,,2013.05.27,Kurige,Aioifaamu,Umemura Hiroshi,41154000.0,23.0,3.0,1
0001169311,Mauntorobuson,牡3,,2013.01.30,Ashige,Noozanfaamu,Kanekomasatohoorudingusu (Kabu),122212000.0,13.0,5.0,1
マイネルハニー,Maineruhanii,牡3,,,,,,,,,1
0001175196,Mikkiiroketto,牡3,,2013.03.03 13歳,Kage,Noozanfaamu,Noda Mizuki,422478000.0,24.0,5.0,1
0000212650,Enjierufeisu,牝3,,,,,,0.0,0.0,0.0,1
0001173471,Gekkakou,牝3,,2013.02.27 13歳,Kuroshikage,Saitousutaddo,(Kabu) Sarabureddokurabu・Rafian,106222000.0,33.0,4.0,1
0001173257,Gimoovu,牝3,,,,,,0.0,0.0,0.0,1
0001171061,Eterunaminoru,牝3,,,,,,0.0,0.0,0.0,1
0001168166,Aoisanshain,牝3,,,,,,0.0,0.0,0.0,1
0001170918,Aoipurinsesu,牝3,,,,,,0.0,0.0,0.0,1
0001174312,Feizuberoshitei,牝3,,2013.01.24 13歳,Kurige,Noozanfaamu,Iketani Seiichi,69804000.0,26.0,3.0,1
0000265770,Kajinokuiin,牝3,,,,,,0.0,0.0,0.0,1
0000727118,Reinboofuraggu,牡3,,2001.04.12,Kage,Biratoribokujou,Fukumoto Keisuke,8450000.0,12.0,0.0,1
0001174486,Diipuekushiido,牡3,,2013.03.28,Kage,Pakapakafaamu,Sugawara Kouryuu,24800000.0,19.0,2.0,1
0001167051,Aifaapuritei,牝3,,,,,,0.0,0.0,0.0,1
0000089052,Tooaraijin,牡3,,1976.05.25,Kuroshikage,Tooabokujou,Kouzan Sumiko,0.0,0.0,0.0,1
0001125393,Shounan'Aporon,牡6,,2010.04.26,Kage,Mejirobokujou,Kunimoto Tesshuu,166877000.0,56.0,6.0,1
0001154840,Basutaataipu,牡4,,2012.04.29,Kage,Fujiwarabokujou,Murakami Minoru,101849000.0,21.0,5.0,1
0000168700,Kiipuintatchi,牡6,,,,,,0.0,0.0,0.0,1
0001152060,Mozuraijin,牡4,,2012.03.24,Ashige,Megurobokujou,Meguro Tadashihou,141725000.0,37.0,6.0,1
0001102245,Mainerubaunsu,牡7,,2009.04.24,Kurige,Shimokoubebokujou,Kiine Yasunori,91016000.0,33.0,4.0,1
0001172047,Sutoomiishii,牡3,,2013.02.03 13歳,Kurige,Mirufaamu,(Ari) Mirufaamu,206979000.0,52.0,5.0,1
0001170048,Saaburuooru,牡3,,2013.03.14,Kage,Noozanfaamu,(Ari) Kyarottofaamu,154447000.0,26.0,7.0,1
0001172761,Kaapusutoriimaa,牡3,,,,,,0.0,0.0,0.0,1
0001172682,Danonsupaaku,牡3,,2013.04.05,Kage,Noozanfaamu,(Kabu) Danokkusu,29958000.0,22.0,2.0,1
0001173844,Junzawaarudo,牡3,,2013.02.13,Kage,Noozanfaamu,Kawai Junji,46943000.0,35.0,3.0,1
0001174408,Materaarion,牡3,,2013.03.20,Kuroshikage,Takamatsubokujou,Oono Shouou,38545000.0,28.0,1.0,1
0000072783,Meishoubaazu,牝3,,1974.04.22,Kage,Nisseibokujou,Matsumoto Yoshio,6840000.0,8.0,1.0,1
0001167584,Arrasaruute,牝3,,,,,,0.0,0.0,0.0,1
0000243775,Wandafuruwaarudo,牡5,,1991.03.08,Kuroshikage,Chiyodabokujou,Iida Seigou,0.0,2.0,0.0,1
0000245303,Buraitobooi,牡7,,1991.02.25,Kage,Shiraibokujou,Ichikawa Yasunori,175000.0,4.0,0.0,1
0001156076,Saajientobajji,牡4,,2012.05.03,Kuroshikage,Noozanfaamu,Ootsuka Ryouichi,86012000.0,100.0,8.0,1
0001156783,Toppudiivo,牡4,,2012.02.10,Kage,Hosokawanoujou,Kouro Jun,142753000.0,34.0,6.0,1
0001174277,Adomaiyadaiou,牡3,,,,,,0.0,0.0,0.0,1
0001173389,Miraihenotsubasa,牡3,,2013.04.27,Ashige,Suwabokujou,Mishima Nobuhiko,144868000.0,25.0,5.0,1
0001167301,Chekkiino,牝3,,2013.02.08 13歳,Kurige,Noozanfaamu,(Ari) Sandeereeshingu,128136000.0,7.0,3.0,1
0001167762,Paarukoodo,牝3,,2013.02.01 13歳,Aokage,Shadaifaamu,H.H.Shieiku・Fahado,102397000.0,11.0,2.0,1
0001174414,Aueiku,牝3,,,,,,0.0,0.0,0.0,1
0001173810,Bisshu,牝3,,2013.01.16 13歳,Kage,Noozanfaamu,Kubota Yoshirou,90992000.0,13.0,3.0,1
0001169196,Toukaishieen,牝3,,2013.04.22 13歳,Kurige,Nibutanifaamu,Uchimura Seisoku,31080000.0,35.0,3.0,1
0001174351,Bareedansaa,牝3,,2013.03.13 13歳,Kage,Matobabokujou,Yuasa Kenji,12743000.0,56.0,2.0,1
0001173783,Emanon,牝3,,,,,,0.0,0.0,0.0,1
0001170657,Shokoraachi,牝3,,2013.05.05 13歳,Kage,Honmabokujou,Takase Makototakashi,23239000.0,15.0,2.0,1
0001171826,Shiikuzafuyuucha,牝3,,2013.03.14,Kurige,Oiwakefaamu,(Kabu) G1Reeshingu,13500000.0,5.0,2.0,1
0001173777,Buruuoriento,牝3,,2013.04.01,Kage,Hinobokujou,Sakurai Kingo,15160000.0,16.0,1.0,1
0001175168,Vankisshuran,牡3,,2013.03.18 13歳,Kuroshikage,Shadaifaamu,Shimakawa Takaya,79183000.0,8.0,3.0,1
0001173786,Reddoerudisuto,牡3,,2013.02.19,Ashige,Noozanfaamu,(Kabu) Toukyouhoosureeshingu,59760000.0,8.0,2.0,1
0000754387,Reevatein,牡3,,2003.04.12,Kage,Miwabokujou,Tsuchiyama Hiroaki,348000.0,21.0,2.0,1
0001173681,Arukasaru,牡3,,,,,,0.0,0.0,0.0,1
0001172016,Furendomirakuru,牡3,,2013.05.03,Kurige,Sarubashi Yoshiaki,Yokoo Haruto,27560000.0,30.0,4.0,1
0001168558,Donchabu,牡3,,2013.04.08,Kage,Kamimura Kiyoshi,Furukawa Tomohiro,10020000.0,12.0,1.0,1
0001172721,Tansandooru,牡3,,2013.04.26,Kurige,Shadaifaamu,Endou Yoshikazu,20554000.0,117.0,16.0,1
0001173438,Agunesuforute,牡3,,,,,,0.0,0.0,0.0,1
0001166194,Erupushafuto,牡3,,,,,,0.0,0.0,0.0,1
0001173272,Erurisuton,牡3,,,,,,0.0,0.0,0.0,1
0001175236,Suwaavuaasaa,牡3,,2013.02.18,Kage,Shadaifaamu,Yoshida Shouri,52812000.0,38.0,5.0,1
0001167252,Zennotajikarao,牡3,,2013.01.06,Kuroshikage,Murakami Kinya,Oosako Kumiko,39775000.0,22.0,2.0,1
0000754159,Suzukabaadii,牡3,,2003.05.10,Kage,Honmabokujou,Nagai Keiji,258000.0,11.0,1.0,1
0001169253,Dantsueikou,牡3,,2013.03.19,Kage,Chiyodabokujou,Yamamoto Tetsuji,7000000.0,8.0,1.0,1
0001173575,Foruteminoru,牡3,,2013.04.08,Kage,Oritebokujou,Yoshioka Jitsu,5000000.0,6.0,1.0,1
0001051931,Karumupashion,牡3,,,,,,0.0,0.0,0.0,1
0001174910,Adomaiyabisuta,牡3,,,,,,0.0,0.0,0.0,1
0001169146,Hakusanrudorufu,牡3,,2013.05.16,Kuroshikage,Chanpionzufaamu,Kawasaki Goshi,122353000.0,84.0,10.0,1
0000882553,Teisoona,牡3,,2005.04.11,Kage,Kyouyuubokujou,Okada Makio,318000.0,8.0,1.0,1
0001164981,Eishinsuparutan,牡5,,,,,,0.0,0.0,0.0,1
0001155940,Verusuterukingu,牡4,,2012.03.09,Kage,Noozanfaamu,Sasaki Kazuhiro,79267000.0,20.0,5.0,1
0000453196,Sazanami,牝4,,1941.03.26,Kage,,,0.0,0.0,0.0,1
0001163957,Amuuruburie,牝5,,,,,,0.0,0.0,0.0,1
0001122019,Buraitoaidia,牡6,,2010.03.03,Kurige,(Ari)Shadaikooporeeshonshiraoifaamu,Ogawa Isao,107492000.0,30.0,5.0,1
0000239827,Jierashii,牝3,,1990.05.26,Kage,Fujimoto Yukio,Fujimoto Naohiro,2622000.0,11.0,3.0,1
0000202331,Furomumaihaato,牝3,,1987.05.08,Kuroshikage,Ueda Tadashi,Suhara Hideharu,510000.0,2.0,0.0,1
0001170492,Dantsupendanto,牝3,,2013.03.22 13歳,Kuroshikage,Tanigawabokujou,Yamamoto Tetsuji,49608000.0,20.0,5.0,1
0001157729,Pinkuman,牡4,,2012.04.04,Kuroshikage,Kanariyoshidabokujou,Fukumoto Keisuke,22750000.0,16.0,2.0,1
0001119862,Kiiputorain,牡6,,,,,,0.0,0.0,0.0,1
0001173612,Ajuururoozu,牡3,,,,,,0.0,0.0,0.0,1
0001151565,Kuriputoguramu,牡4,,,,,,0.0,0.0,0.0,1
0001119610,Riyandofamiyu,牡6,,2010.04.27,Kage,(Ari)Shadaikooporeeshonshiraoifaamu,(Ari) Sandeereeshingu,75296000.0,24.0,4.0,1
0001225996,Kontentomento,せん6,,2010.09.20,Kurige,Mr. Pj Favretto,T.Roo,0.0,2.0,0.0,1
0001138184,Akaneiro,牝5,,,,,,0.0,0.0,0.0,1
0001151918,Namuraan,牝4,,2012.05.14 14歳,Kuroshikage,Sarukurabokujou,Namura Mutsumihiroshi,93610000.0,17.0,5.0,1
0001126089,Goorudoteeraa,牝6,,2010.02.19 16歳,Kurige,Shadaifaamu,Nakanishi Kouichi,74818000.0,30.0,4.0,1
0000383330,Goorudodoriimu,牡3,,1983.03.01,Kurige,Mrs. John Hay Whitney,,0.0,0.0,0.0,1
0001209751,Sutorongubaroozu,牡3,,2013.03.09,Kage,Fox Straus Ky,Hoshika Kouichi,87115000.0,20.0,4.0,1
0001174473,Gurentsuento,牡3,,,,,,0.0,0.0,0.0,1
0001044874,Pittobosu,牡3,,2007.03.20,Kuroshikage,Noosuhiruzumanejimento,Maeda Shinji,2050000.0,3.0,0.0,1
0001170605,Kuinzusataan,牡3,,,,,,0.0,0.0,0.0,1
0001172964,Danonfeisu,牡3,,2013.03.30,Kuroshikage,Shadaifaamu,(Kabu) Danokkusu,146092000.0,28.0,6.0,1
0001167274,Reddouizudamu,牡3,,2013.03.16,Kage,Inui Minaosu,(Kabu) Toukyouhoosureeshingu,50452000.0,28.0,4.0,1
0001173679,Iigurufezaa,牡3,,,,,,0.0,0.0,0.0,1
0001171388,Mainerubasara,牡3,,2013.03.27,Kage,Hamaguchibokujou,Itou Shouichi,145207000.0,56.0,10.0,1
0001173160,Noomoageemu,牡3,,2013.03.20,Kage,Nakadatebokujou,Naitou Yoshie,50626000.0,43.0,4.0,1
0001170886,Hirobureibu,牡3,,2013.04.30 13歳,Kage,Ogawa Housui,Kobashi Ryouta,119803000.0,150.0,9.0,1
0001175139,Yamaichijasutei,牝3,,2013.02.24 13歳,Kage,Nobuokabokujou,Kikuchi Yuuji,51200000.0,37.0,3.0,1
0000007130,Sumire,牝3,,1959.03.01,Kage,,Yoshikawa,0.0,0.0,0.0,1
0001171469,Vezeeru,牡3,,2013.02.18,Kurige,Nakagamibokujou,Daikoku Fumiko,40527000.0,66.0,7.0,1
0001169425,Biibiisarendaa,牡3,,2013.05.24,Kage,Bandoubokujou,(Ari) Bandoubokujou,67652000.0,32.0,4.0,1
0001088141,Fantomuroodo,せん8,,2008.03.07,Kage,Sakaibokujou,(Ari) Taafu・Supooto,93835000.0,27.0,5.0,1
0001136310,Uinyaado,牡5,,,,,,0.0,0.0,0.0,1
0001134446,Eishinfurankii,牡5,,,,,,0.0,0.0,0.0,1
0001107984,Arohirani,牡7,,,,,,0.0,0.0,0.0,1
0001151027,Bippuhatenkou,牡4,,2012.02.02,Kage,Murakami Masanori,Suzuki Kunihide,21800000.0,14.0,2.0,1
0001124844,Yukinosuraidaa,牡6,,2010.04.18,Kurige,Kawabata Masahiro,Maeda Toshifumi,76304000.0,47.0,6.0,1
0001119632,Toosenhanamizuki,牝6,,2010.03.20,Kage,Noozanfaamu,Shimakawa Takaya,34776000.0,36.0,6.0,1
0001142592,Ragaagiachenji,牡5,,2011.02.27,Aokage,Maekawa Masami,Okumura Keiji,17800000.0,20.0,2.0,1
0001133957,Kuraundepyutei,牡5,,,,,,0.0,0.0,0.0,1
0001168698,Zeevinto,牡3,,2013.05.12,Kage,Noozanfaamu,Yuugengaishashiruku,163840000.0,13.0,4.0,1
0001173301,Appukuooku,牡3,,,,,,0.0,0.0,0.0,1
0001168322,Roodovandooru,牡3,,2013.05.02,Kurige,Keiaifaamu,Nakamura Isanbi,181852000.0,38.0,5.0,1
0001173169,Tomotomoribaa,牝3,,2013.04.11 13歳,Kage,Akibabokujou,Saitou Nado,24125000.0,13.0,2.0,1
0001167439,Mienodoriimaa,牡3,,2013.03.31,Kurige,Chiyodabokujou,Yamamoto Takahiro,23000000.0,38.0,3.0,1
0001120678,Jodiizuroman,牝6,,2010.01.20 16歳,Kurige,Niikappuhashimotobokujou,(Kabu) Roorerureeshingu,12410000.0,29.0,4.0,1
0001121681,Orionzajapan,せん6,,,,,,0.0,0.0,0.0,1
0000092509,Baadiiiiguru,牡6,,1976.03.27,Kage,Konno Man,Nakamura Koutarou,1821000.0,40.0,3.0,1
0001141552,Ruminasuuoriaa,牡5,,2011.02.09,Kage,Noozanfaamu,Sakai Takatoshi,173551000.0,50.0,12.0,1
0001140590,Kinguzugaado,牡5,,,,,,0.0,0.0,0.0,1
0001151110,Kafujiteiku,牡4,,,,,,0.0,0.0,0.0,1
0001107026,Wandaakoroaaru,牡7,,2009.03.27,Kuroshikage,Fukudafaamu,Yamamoto Nobuyuki,98827000.0,26.0,5.0,1
0001138722,Feimasuendo,牡5,,2011.03.31,Kurige,Nakamuranoujou,Yuugengaishashiruku,83072000.0,29.0,5.0,1
0001222128,Revanteraion,牡2,,2014.03.23,Kuroshikage,"Hargus Sexton, Sandra Sexton, Tom Bozarth & Silver Fern Farm Llc",(Dou) Jpngiken,49674000.0,36.0,3.0,1
0001186187,Mondokyanno,牡2,,2014.02.08 12歳,Kage,Noozanfaamu,Yuasutoorii,86014000.0,10.0,2.0,1
0001185887,Taimutorippu,牡2,,2014.03.26,Kuroshikage,Unoki Tadayoshi,(Ari) Randoekonomiikonsarutanto,104716000.0,50.0,7.0,1
0001186217,Merooburiizu,牝2,,2014.03.29 12歳,Kuroshikage,Kimurabokujou,(Ari) Kimurabokujou,18900000.0,11.0,2.0,1
0001185120,Doumowazeru,牝2,,2014.04.20 12歳,Kage,Kinoshitabokujou,Odagiri Touni,32432000.0,48.0,2.0,1
0000090985,Barinjaa,牡2,,1976.04.09,Kurige,Deguchibokujou,Tsuchida Heisaburou,12370000.0,14.0,1.0,1
0001190658,Roiyarumejaa,牝2,,2014.04.23 12歳,Kage,Kamimizubokujou,Honma Shigeru,59626000.0,27.0,3.0,1
0000805859,Gaashuuin,牡2,,,,,,0.0,0.0,0.0,1
0000313681,Bandoonzaran,牡2,,1997.03.19,Aokage,Tomitabokujou,Kuno Mitsuo,35332000.0,86.0,11.0,1
0001192445,Nekowaarudo,牡2,,2014.03.17,Kage,Arai Hiroyuki,Kiritani Shigeru,17238000.0,6.0,2.0,1
0001187974,Fukunokuoria,牡2,,2014.05.09,Kuroshikage,Yamagiwabokujou,Kobayashi Kachi,21704000.0,26.0,2.0,1
0001185767,Zabesutoebaa,牡2,,2014.04.27,Kuroshikage,Shadaifaamu,Koga Shin'Ichi,33534000.0,48.0,2.0,1
0001190277,Poddojiinii,牝2,,,,,,0.0,0.0,0.0,1
0001186110,Rasshuauto,牡2,,2014.03.17,Kuroshikage,Ratsukiibokujou,Okada Makio,44734000.0,19.0,3.0,1
0001190564,Raanaazuura,牝2,,2014.04.01 12歳,Kurige,Aizusutaddokabushikigaisha,(Kabu) Gurandeoonaazu,34020000.0,15.0,3.0,1
0001186456,Pinkudogguuddo,牝2,,2014.04.09,Kage,Gurandobokujou,Ozaki Tomohiro,37450000.0,21.0,6.0,1
0001151362,Rivugooshu,せん4,,2012.04.13,Kurige,Kabushikigaisha Noosuhiruzu,(Kabu) Noosuhiruzu,41658000.0,24.0,3.0,1
0001142761,Bureikuauto,牡5,,2011.03.05,Aokage,Mishimabokujou,Yasuhara Kouji,39550000.0,33.0,3.0,1
0001121302,Shouryuubaio,せん6,,2010.02.27,Kurige,Noozanfaamu,Baio (Kabu),17460000.0,22.0,2.0,1
0001126978,Purinsesumuun,牝6,,2010.03.26 16歳,Kurige,Mishimabokujou,Tamakoshi Yuukichi,112078000.0,25.0,6.0,1
0001126882,Roozumirakuru,牡6,,2010.05.01,Aokage,Noozanfaamu,(Ari) Kyarottofaamu,77810000.0,25.0,4.0,1
0000046035,Buraitocherii,牝6,,1971.05.10,Kurige,,(Kabu) Jinbeisangyou,0.0,0.0,0.0,1
0001103370,Fanderuwaarusu,せん7,,2009.04.20,Kage,Shadaifaamu,Toyoshima Aiko,62459000.0,58.0,3.0,1
0001173259,Keiteibureibu,牡3,,2013.05.11 13歳,Kurige,Okanobokujou,Takimoto Kazuyoshi,689702000.0,46.0,12.0,1
0000313912,Regaaro,牡3,,1997.05.10,Kuroshikage,Motosu Atsushi,Tamaki Tatsuji,900000.0,5.0,0.0,1
0001168686,Enesuku,牡3,,,,,,0.0,0.0,0.0,1
0001174330,Nekusutomuubu,牡3,,2013.02.20,Kurige,Sakuraibokujou,(Kabu) Faasutobijon,61685000.0,73.0,5.0,1
0001170175,Rateerupuromiizu,牡3,,2013.04.20,Aokage,Iwamibokujou,Diaresutokurabu (Kabu),73382000.0,30.0,5.0,1
0001171694,Foosuritchi,牡3,,2013.04.13,Kuroshikage,Noozanfaamu,Chiba Hiroshi,7670000.0,25.0,3.0,1
0001170737,Guranseburusu,牡3,,,,,,0.0,0.0,0.0,1
0001174255,Kopanorisubon,牡3,,2013.03.14,Kurige,Itou Toshiaki,Kobayashi Sachiaki,67494000.0,32.0,5.0,1
0001175007,Yoshio,牡3,,2013.05.09,Kage,Nihonjuuoukeibakaihidakaikuseibokujou,Katou Shimei,153483000.0,78.0,6.0,1
0001125597,Kurinotakarachan,牝6,,,,,,0.0,0.0,0.0,1
0001138840,Rikkarudo,せん5,,2011.05.23,Ashige,Okadasutatsudo,(Kabu) Rekkusu,312032000.0,76.0,17.0,1
0001135575,Ounomichi,牡5,,,,,,0.0,0.0,0.0,1
0001139925,Furuurushichii,牝5,,2011.03.15 15歳,Kage,Hidakataiyoubokujou,(Kabu) Tomoshunhoosukurabu,94516000.0,33.0,5.0,1
0000453589,Goorudenhiiroo,せん6,,1965.06.01,Aoge,,,0.0,0.0,0.0,1
0000212758,Poorushittaa,せん6,,1988.04.11,Aokage,Nakada Shigeji,Shuushita Sumihisa,41446000.0,50.0,4.0,1
0001119259,Mainerukureizu,牡6,,2010.03.09,Kuroshikage,Hashimotofuaamu,(Kabu) Sarabureddokurabu・Rafian,29890000.0,36.0,2.0,1
0001101739,Kosumoparuda,牡7,,2009.03.27,Aokage,Biggureddofaamu,(Ari) Biggureddofaamu,56495000.0,43.0,5.0,1
0001138986,Rasutera,牝5,,2011.03.14 15歳,Kage,Noto Hiroshi,Okada Makio,63324000.0,31.0,3.0,1
0001136663,Rongingukeishii,牡5,,2011.02.17,Kuroshikage,Noozanfaamu,Sakamoto Kouichi,20500000.0,27.0,2.0,1
0001186882,Vuzettojorii,牝2,,2014.02.28 12歳,Kuroshikage,Shadaifaamu,(Ari) Shadaireesuhoosu,71117000.0,14.0,3.0,1
0001187593,Oobaasupekku,牡2,,,,,,0.0,0.0,0.0,1
0000004716,Ibuki,牡2,,,,,,0.0,0.0,0.0,1
0000245227,Apiirubaio,牝2,,,,,,0.0,0.0,0.0,1
0001191240,Kyasupariigu,牝2,,,,,,0.0,0.0,0.0,1
0001184845,Maineruparadi,牡2,,2014.02.14,Ashige,Mimura Takuya,(Kabu) Sarabureddokurabu・Rafian,90216000.0,44.0,5.0,1
0001187218,Sanraizusoa,牡2,,2014.03.09 12歳,Aokage,Tomitabokujou,Matsuoka Takao,220118000.0,24.0,5.0,1
0001189749,Moovusafaia,牝2,,2014.02.05 12歳,Kage,Noozanfaamu,Yoshida Kazumi,82617000.0,14.0,5.0,1
0001192529,Kuintouupuru,牝2,,,,,,0.0,0.0,0.0,1
0001184847,Anjusharuman,牝2,,,,,,0.0,0.0,0.0,1
0001190005,Materafiirudo,牡2,,2014.01.21,Kurige,Shimokoubebokujou,Oono Takeshi,3800000.0,5.0,0.0,1
マイネルバールマン,Mainerubaaruman,牡2,,,,,,,,,1
0001188817,Chishaakyatto,牝2,,2014.03.15,Kage,Miyoshibokujou,Katou Tooru,8000000.0,7.0,1.0,1
0001189302,Uinshitorin,牝2,,,,,,0.0,0.0,0.0,1
0001190999,Waarudotsuaraa,牝2,,2014.03.31 12歳,Kage,Supiidofuaamu,(Ari) Supiidofaamu,7000000.0,4.0,1.0,1
0001186000,Torasuto,牡2,,2014.03.29,Ashige,Nakamotobokujou,(Ari) Biggureddofaamu,171343000.0,26.0,7.0,1
0001186664,Burakkuonikisu,牝2,,2014.02.26 12歳,Aokage,Koutomibokujou,Okada Makio,54114000.0,26.0,2.0,1
0000760881,Adomaiyauinaa,牡2,,,,,,0.0,0.0,0.0,1
0001186119,Etorudiinyu,牡2,,,,,,0.0,0.0,0.0,1
0001186938,Furawaapuremia,牡2,,2014.04.16,Kage,Funakoshi Shinya,Hanamura Makoto,14704000.0,38.0,1.0,1
0001185082,Jakomaru,牡2,,2014.04.04,Kage,Niikappuhashimotobokujou,Harema Yoshiji,103501000.0,38.0,5.0,1
0001190505,Invikuta,牡2,,,,,,0.0,0.0,0.0,1
0001184101,Taganoashura,牡2,,2014.03.17,Kuroshikage,Yuugengaishaniikapputaganofaamu,Yagi Shouji,28438000.0,21.0,2.0,1
0001187861,Annootoru,牡2,,,,,,0.0,0.0,0.0,1
0001188005,Diipuuooria,牡2,,2014.03.28,Kuroshikage,Marumuramurashitafaamu,Nakamoto Yukinori,21612000.0,51.0,5.0,1
0000117752,Torionfu,牡2,,1979.05.12,Kuroshikage,Notobokujou,Itano Kunio,5464000.0,57.0,6.0,1
0001185910,Koriedooru,牡2,,2014.01.29,Kurige,(Ari)Shadaikooporeeshonshiraoifaamu,(Ari) Sandeereeshingu,14500000.0,6.0,2.0,1
0001184693,Kopanokaanibaru,牡2,,2014.03.03,Kage,Taniokabokujou,Tsunoyama Yoshinobu,10887000.0,44.0,7.0,1
0001144104,Eeshinmakkusu,牡6,,,,,,0.0,0.0,0.0,1
0001185478,Reenuminoru,牝2,,2014.04.24 12歳,Kurige,Fujiwarafuaamu,Yoshioka Jitsu,230091000.0,20.0,3.0,1
0001184231,Daiichitaaminaru,牡2,,2014.04.03,Kage,Mirufaamu,(Ari) Mirufaamu,47220000.0,61.0,1.0,1
0001184011,Kashinomasuto,牡2,,,,,,0.0,0.0,0.0,1
0001187828,Kyouhei,牡2,,,,,,0.0,0.0,0.0,1
0001189497,Shigerubengarutora,牡2,,2014.02.28,Kurige,Ishidabokujou,Morinaka Ban,70734000.0,37.0,3.0,1
0001184897,Kuinzusarina,牝2,,,,,,0.0,0.0,0.0,1
0001190016,Ooruposshiburu,牝2,,,,,,0.0,0.0,0.0,1
0000000600,Biikaarii,牝2,,1948.06.07,Kurige,,Arimatsu,0.0,0.0,0.0,1
0001193399,Meisonjunia,牡2,,2014.04.25,Kage,Noozanfaamu,(Kabu) Kanayamahoorudingusu,105940000.0,58.0,7.0,1
0000020731,Doriimuaroo,牡2,,1967.02.10,Kage,,Matsuse,90000.0,12.0,0.0,1
0001190869,Harukunnotesooro,牡2,,2014.03.11,Kuroshikage,Nagahamabokujou,Ryoutokujikenjihoorudingusu (Kabu),110176000.0,42.0,4.0,1
0001188622,Teiemuhittamage,牡2,,2014.04.04,Kurige,Teiemubokujou,Takezono Masatsugu,59835000.0,20.0,4.0,1
0001189543,Namuraaidoru,牝2,,2014.04.12,Kage,Itoubokujou,Oota Masataka,7052000.0,23.0,1.0,1
0001175160,Paashiizubesuto,牝3,,2013.03.30 13歳,Kuroshikage,Noozanfaamu,Yuugengaishashiruku,38946000.0,20.0,2.0,1
0001169261,Sumaatorubii,牝3,,2013.05.03 13歳,Kurige,Kineusubokujou,Ookawa Tooru,43174000.0,16.0,3.0,1
0001169882,Faataguriin,牝3,,2013.04.23 13歳,Kage,Saitou Angyou,Saitou Mitsumasa,26800000.0,16.0,2.0,1
0001175254,Beainmaindo,牝3,,2013.02.07 13歳,Kage,Noozanfaamu,Uta Yutaka,59399000.0,29.0,4.0,1
0001168615,Eminomayuaku,牝3,,,,,,0.0,0.0,0.0,1
0001121049,Teiemushishiiposu,牡6,,2010.03.21,Kage,Teiemubokujouhidakashijou,Takezono Masatsugu,46855000.0,33.0,2.0,1
0001169567,Tsuisekisha,牡3,,2013.03.08,Kage,Kimurabokujou,Odagiri Hikari,17600000.0,18.0,1.0,1
0001123155,Risuveriaato,牡6,,2010.05.13,Kage,Oiwakefaamu,(Kabu) G1Reeshingu,101513000.0,41.0,5.0,1
0001149459,Uin'Aamaa,牡4,,,,,,0.0,0.0,0.0,1
0001148790,Batorubonnebiru,牡4,,2012.04.05,Ashige,Yamada Noborushi,Miyagawa Akinobu,9500000.0,15.0,1.0,1
0001170400,Neichaaretto,牡3,,2013.04.16,Kage,Fujiwarabokujou,Inoue Shuuichi,55684000.0,34.0,4.0,1
0001171984,Suteipaashisuto,牡3,,2013.05.20,Kuroshikage,(Ari)Shadaikooporeeshonshiraoifaamu,Yoshida Teruya,69999000.0,26.0,4.0,1
0001174681,Kiikurakkaa,牡3,,,,,,0.0,0.0,0.0,1
0001173689,Kurinosansuushi,牝3,,,,,,0.0,0.0,0.0,1
0001174108,Heihachihapinesu,牝3,,2013.04.16,Kage,Shimoyashikibokujou,Itou Takashinori,4806000.0,29.0,4.0,1
0001172532,Kafujipurinsu,牡3,,,,,,0.0,0.0,0.0,1
0001171832,Roodoran'Uei,牡3,,2013.02.20,Kage,Keiaifaamu,(Kabu) Roodohoosukurabu,11300000.0,9.0,1.0,1
0001170982,Wansuin'Araifu,牡3,,2013.03.17,Kage,Miyauchibokujou,Maeda Kouji,55376000.0,38.0,4.0,1
0000248824,Touruuhaato,牡3,,1991.03.16,Kurige,Takenaka Shin'Ichi,Taneta Megumikokorozashi,14344000.0,61.0,6.0,1
0001193283,Aporokentakkii,牡4,,,,,,0.0,0.0,0.0,1
0001152211,Mitsuba,牡4,,2012.03.28,Kage,Tabatafaamu,(Kabu) Kyouei,354819000.0,52.0,11.0,1
0001168048,Kyoueigia,牡3,,,,,,0.0,0.0,0.0,1
0001157299,Junfaitokun,牡4,,2012.03.21,Kurige,Shadaifaamu,Kawai Junji,47046000.0,29.0,2.0,1
0001188560,Buresujaanii,牡2,,2014.04.02,Kage,Kyouyuubokujou,Shimakawa Takaya,127969000.0,34.0,3.0,1
0001185395,Danbyuraito,牡2,,2014.03.03,Kuroshikage,Noozanfaamu,(Ari) Sandeereeshingu,323847000.0,30.0,4.0,1
0001184290,Kuraimumejaa,牡2,,,,,,0.0,0.0,0.0,1
0001186539,Uindoraijizu,牡2,,,,,,0.0,0.0,0.0,1
0001187594,Seiunguroriasu,牡2,,2014.04.01,Kage,Yamanobokujou,Nishiyama Shigeyuki,10495000.0,8.0,1.0,1
0001188300,Rojimuun,牡2,,2014.03.04,Kage,Noozanfaamu,Arima Hisakazu,17998000.0,27.0,1.0,1
0000242346,Sakusesumuun,牝2,,1991.05.05,Kurige,Oosakibokujou,Joi・Reesuhoosu (Kabu),0.0,0.0,0.0,1
0001187651,Shainiidoraivu,牡2,,2014.02.24,Kage,Masa Bokujou,Kobayashi Masashi,9674000.0,30.0,1.0,1
0001155619,Yamakatsuraiden,牡4,,2012.05.05,Kuroshikage,Fujiwarafuaamu,Yamada Kazuo,107108000.0,58.0,17.0,1
0001155869,Shigeruhinokuni,牡4,,2012.05.12,Kurige,Nakamura Masaaki,Morinaka Ban,80293000.0,40.0,2.0,1
0001108208,Maineruaizakku,牡7,,2009.04.19,Kuroshikage,Biggureddofaamu,(Kabu) Sarabureddokurabu・Rafian,108795000.0,54.0,5.0,1
0001135800,Maineruzeerafu,牡5,,2011.03.10,Aokage,Kamimura Kiyoshi,(Kabu) Sarabureddokurabu・Rafian,26150000.0,31.0,2.0,1
0001133251,Ragujiidoraibu,せん5,,2011.04.08,Kurige,Meipurufaamu,Saijou Kimio,26679000.0,16.0,2.0,1
ミエノサクシード,Mienosakushiido,牝3,,,,,,,,,1
0001209766,Neoveruzandi,牝3,,2013.03.27 13歳,Kage,Lake Shore Farm Llc,Kobayashi Nikou,18120000.0,13.0,2.0,1
0001170566,Wandaapiruetto,牝3,,2013.05.08 13歳,Kage,Fukudafaamu,Yamamoto Yoshiyuki,56568000.0,31.0,4.0,1
0000802725,Burakkumuun,牡4,,2004.03.24,Kuroshikage,Takada Yukio,Nakamura Koutarou,28877000.0,13.0,8.0,1
0001171700,Shuperumieeru,牡3,,2013.01.31,Kurige,(Ari)Shadaikooporeeshonshiraoifaamu,(Ari) Kyarottofaamu,99609000.0,12.0,5.0,1
0001169357,Junvarukan,牡3,,2013.02.15,Kage,Noozanfaamu,Kawai Junji,87025000.0,34.0,5.0,1
0001173494,Kosumojaabe,牡3,,2013.02.06,Kuroshikage,Sakamoto Tomohiro,(Ari) Biggureddofaamu,77108000.0,44.0,3.0,1
0001168918,Satonoetowaaru,牡3,,2013.01.25,Aokage,Shadaifaamu,Satomi Osamu,57535000.0,14.0,3.0,1
0001191589,Risugurashuu,牝2,,2014.01.18 12歳,Kuroshikage,Noozanfaamu,(Ari) Kyarottofaamu,887381000.0,19.0,6.0,1
0001185754,Furooresumajikku,牝2,,2014.04.15 12歳,Kage,Noozanfaamu,(Ari) Sandeereeshingu,124356000.0,22.0,4.0,1
0001192025,Shiguruun,牝2,,2014.01.26 12歳,Kurige,Okadasutatsudo,Okada Makio,16242000.0,15.0,1.0,1
0001189719,Satonoarishia,牝2,,2014.04.08 12歳,Kage,Noozanfaamu,(Kabu) Satomihoosukanpanii,51824000.0,12.0,3.0,1
0001186394,Haatoobusuwaroo,牝2,,2014.04.15 12歳,Kuroshikage,Murashitanoujou,(Ari) Taafu・Supooto,10810000.0,26.0,1.0,1
0001189025,Hisutoria,牝2,,2014.02.06 12歳,Kage,Noozanfaamu,Yamaguchi Kouichirou,73757000.0,20.0,4.0,1
0000050833,Koorarupurinsesu,牝2,,1972.03.24,Kage,,Yoshida Yoshikazu,0.0,0.0,0.0,1
0001189883,Viinasufuroora,牝2,,2014.01.29 12歳,Kurige,(Ari)Shadaikooporeeshonshiraoifaamu,Ootsuka Ryouichi,56858000.0,40.0,3.0,1
0001191020,Marumoreina,牝2,,2014.03.08 12歳,Kage,Okamoto Shouichi,Marumokumiai,38684000.0,19.0,3.0,1
0001187127,Tsuzuku,牝2,,2014.04.11 12歳,Kage,Okadasutatsudo,Shimizu Toshi,26477000.0,29.0,2.0,1
0001188776,Toohouairesu,牝2,,2014.03.24 12歳,Aokage,Takeshima Kouji,Touhoubussan (Kabu),51262000.0,26.0,3.0,1
0001189257,Raijinguriizun,牝2,,2014.02.27 12歳,Aokage,Mikibokujou,Okada Makio,69134000.0,15.0,3.0,1
0001188891,Pafoomu,牝2,,2014.04.10 12歳,Kage,Biggureddofaamu,(Ari) Biggureddofaamu,15650000.0,26.0,1.0,1
0001191137,Towairaitoraifu,牝2,,2014.04.28 12歳,Kage,(Ari)Shadaikooporeeshonshiraoifaamu,(Ari) Sandeereeshingu,46985000.0,20.0,4.0,1
0000113371,Rainhaato,牝5,,1978.03.06,Kurige,Monbetsu Nin,Tagawa Kinsaku,3106000.0,24.0,0.0,1
0000378877,Randokuiin,牝6,,1963.06.14,Kurige,,,0.0,0.0,0.0,1
0000993056,Dibainkoodo,牡2,,2006.03.20,Aoge,Yamaguchibokujou,Yoshioka Shuugi,271000.0,55.0,0.0,1
0001188669,Kousokusutoreeto,牡2,,2014.02.27,Kage,Reikuvirafaamu,Nozaki Akio,61484000.0,5.0,3.0,1
0001187993,Taiseibureeku,牡2,,2014.03.23,Kurige,Shimokoubebokujou,Tanaka Seihou,82572000.0,31.0,4.0,1
0001190821,Joosutorikutori,牡2,,2014.04.17,Kage,Yamagiwabokujou,Ueda Keiko,111140000.0,36.0,5.0,1
0001222285,Materasukai,牡2,,2014.03.18 12歳,Kurige,Lynch Bages Ltd,Oono Takeshi,202070000.0,29.0,7.0,1
0001190625,Danonhaipawaa,牡2,,2014.03.16,Kuroshikage,Shiraibokujou,Kumi)Shishijuunikumiai,63993000.0,67.0,9.0,1
0000002125,Suzukaze,牝2,,1952.04.05,Kage,,Suzue,405000.0,9.0,0.0,1
0001185956,Doudi,牡2,,2014.04.05,Kage,Matsuurabokujou,Konno Dai,61648000.0,90.0,8.0,1
0001193397,Misuerute,牝2,,2014.04.07 12歳,Kage,Noozanfaamu,(Ari) Sandeereeshingu,47420000.0,12.0,2.0,1
0000000186,Shoouei,牝2,,1945.05.30,Kurige,,Yoshioka,0.0,0.0,0.0,1
0001042390,Diadora,牝2,,2007.03.12,Kuroshikage,Ogifukumiyoshifuaamu,Takataru Sayuri,6650000.0,6.0,0.0,1
0001192309,Goorudokeepu,牝2,,2014.03.03 12歳,Kage,Shadaifaamu,(Kabu) Guriinfaamu,37538000.0,19.0,2.0,1
0001188533,Dorouakaado,牝2,,2014.02.19 12歳,Kurige,(Ari)Shadaikooporeeshonshiraoifaamu,(Kabu) G1Reeshingu,51864000.0,28.0,2.0,1
0001191051,Aoarashi,牝2,,,,,,0.0,0.0,0.0,1
0001188090,Yamakatsugureesu,牝2,,2014.03.07 12歳,Kurige,Okadabokujou,Yamada Hiroyasu,84103000.0,33.0,2.0,1
0001184200,Meishoukarin,牝2,,2014.05.14 12歳,Kage,Nakawaki Kazuyuki,Matsumoto Yoshio,109383000.0,38.0,5.0,1
0001183757,Kuurufantajii,牝2,,,,,,0.0,0.0,0.0,1
0000021623,Monroo,牝2,,1967.05.13,Kage,,Miura Jirou,1900000.0,16.0,2.0,1
0001139943,Fesuteivuieru,牡5,,2011.03.18,Kuroshikage,Kamimizubokujou,Usui Isshin,94761000.0,35.0,5.0,1
0001140123,Puresutouikku,牡5,,2011.04.24,Ashige,Noozanfaamu,Yuugengaishashiruku,148165000.0,35.0,6.0,1
0001135621,Torejaamappu,牡5,,2011.05.31,Kage,Deguchibokujou,(Dou)Kobayashieiichihoorudingusu,66469000.0,37.0,4.0,1
0001135937,Meishouhikoboshi,牡5,,2011.04.18,Kage,Taiyoubokujou,Matsumoto Kazuko,101773000.0,36.0,5.0,1
0000215756,Morutobeene,牡4,,1988.03.14,Kurige,Takeshima Kouji,Fujioka Teruyuki,4246000.0,28.0,3.0,1
0001152454,Tamuromirakuru,牡4,,2012.03.15,Aokage,Miyauchibokujou,Taniguchi Ton,148346000.0,51.0,5.0,1
0001194505,Rani,牡3,,2013.02.22 13歳,Ashige,North Hills Co. Limited,Maeda Youko,31285000.0,11.0,2.0,1
0001179442,Doriimukirari,牡4,,2012.02.18,Aoge,Colts Neck Stables Llc,Raionreesuhoosu (Kabu),169261000.0,48.0,7.0,1
0001170936,Rondontaun,牡3,,2013.04.22,Kage,Matsuurabokujou,Takigiura Tooru,180946000.0,32.0,6.0,1
0001193271,Soruteikomento,牡4,,2012.02.18,Kurige,Craig B. Singer,Kubota Yoshirou,85747000.0,20.0,5.0,1
0001151777,Burazondourisu,牡4,,2012.06.02,Kage,Murashita Kiyoshi,(Kabu) Norumandiisarabureddor,184857000.0,55.0,12.0,1
0001095839,Suzukasekuretaabo,牡8,,2008.02.29,Kurige,Gurandobokujou,Nagai Keiji,85864000.0,39.0,6.0,1
0001187443,Juunuekooru,牝2,,2014.03.21 12歳,Kage,Noozanfaamu,(Ari) Sandeereeshingu,135695000.0,18.0,4.0,1
0001186226,Bonseruviiso,牡2,,2014.03.08,Kurige,Shiraibokujou,Nagoyatomoyutaka (Kabu),247607000.0,45.0,4.0,1
0001185811,Sangureezaa,牡2,,2014.01.13 12歳,Aokage,Oiwakefaamu,(Kabu) G1Reeshingu,413087000.0,19.0,7.0,1
0001191207,Diipawansa,牝2,,2014.02.07 12歳,Kurige,Noozanfaamu,(Ari) Kyarottofaamu,63679000.0,15.0,3.0,1
0001189071,Berukapuri,牝2,,2014.05.01 12歳,Kage,Noozanfaamu,Goudoukaishamasaenkougyou,34000000.0,24.0,3.0,1
0001191635,Rinaate,牝2,,2014.01.31 12歳,Kuroshikage,Noozanfaamu,(Ari) Sandeereeshingu,137363000.0,21.0,6.0,1
0001189039,Taiseisutaarii,牡2,,2014.04.09,Kage,Noozanfaamu,Tanaka Seihou,70603000.0,22.0,2.0,1
0000733920,Yunodieeru,牡2,,2002.04.28,Kurige,Ookitabokujou,(Ari) Taafu・Supooto,0.0,3.0,0.0,1
0001142510,Puroretariato,牝5,,2011.03.01 15歳,Kage,Noozanfaamu,Tahara Kunio,79371000.0,26.0,4.0,1
0001137462,Uin'Insupaia,牡5,,,,,,0.0,0.0,0.0,1
0001190059,Suwaavurichaado,牡2,,2014.03.10 12歳,Kurige,Noozanfaamu,(Kabu) Nicks,891324000.0,18.0,6.0,1
0001191568,Muuvuzawaarudo,牡2,,2014.03.09,Kuroshikage,Noozanfaamu,(Ari) Sandeereeshingu,48449000.0,7.0,3.0,1
0001189483,Kinguzurasshu,牡2,,,,,,0.0,0.0,0.0,1
0001187842,Junvariasu,牡2,,2014.04.07,Kage,Houjuu Teppei,Kawai Junji,35059000.0,15.0,2.0,1
0001187737,Showadourowa,牡2,,2014.03.30,Kuroshikage,Shadaifaamu,Tani Kensuke,46884000.0,51.0,2.0,1
0001185394,Erudeyukuraaju,牡2,,,,,,0.0,0.0,0.0,1
マイネルエパティカ,Maineruepateika,牡2,,,,,,,,,1
0001186808,Kadena,牡2,,,,,,0.0,0.0,0.0,1
0001192423,Vanaheimu,牡2,,2014.01.25,Kuroshikage,Noozanfaamu,(Ari) Sandeereeshingu,38564000.0,5.0,1.0,1
0001225881,Besutoapuroochi,牡2,,2014.04.24,Kurige,Car Colston Hall Stud,Godorufin,94817000.0,17.0,3.0,1
0001189012,Wandaapuchukku,牡2,,2014.04.12,Kuroshikage,Takaakibokujou,Yamamoto Yoshinari,138934000.0,39.0,5.0,1
0001188876,Soogurittaringu,牡2,,2014.02.19,Kage,Shadaifaamu,(Ari) Shadaireesuhoosu,206110000.0,31.0,7.0,1
0001189831,Purachinavoisu,牡2,,2014.03.10,Kage,Yanobokujou,Suda Yasuyuki,79594000.0,27.0,6.0,1
0001185693,Maineruzaubaa,牡2,,2014.04.10,Kurige,Okadasutatsudo,Kumi)Seishun,35296000.0,21.0,1.0,1
0001187872,Danondisutansu,牡2,,2014.01.31,Kage,Noozanfaamu,(Kabu) Danokkusu,60685000.0,11.0,3.0,1
0001188839,Eeteiirassen,牡2,,,,,,0.0,0.0,0.0,1
0001187496,Adamubaroozu,牡2,,,,,,0.0,0.0,0.0,1
0001228416,Ikiitosu,牡4,,2012.05.22,Kage,Frau Dr Erika Buhmann,Shutaru・Marigan,0.0,2.0,0.0,1
0001141744,Annamiruto,牝5,,,,,,0.0,0.0,0.0,1
0001193965,Meraguraana,牝4,,2012.08.21,Kage,Emirates Park Pty Ltd,Yoshida Kazumi,138613000.0,20.0,7.0,1
0001107882,Shirukudoriimaa,牡7,,2009.04.25,Kage,Kasamatsubokujou,Yuugengaishashiruku,130638000.0,56.0,5.0,1
0000723512,Suuiipuauei,牡5,,2001.03.15,Tochikurige,Bitsuguretsudofuaamu,Mukuhon Wakou,1020000.0,22.0,3.0,1
0001122883,Kitasanmikazuki,牡6,,,,,,0.0,0.0,0.0,1
0000016749,Temujin,牡7,,1966.04.18,Kurige,,Ezaki,40659000.0,79.0,7.0,1
0001152107,Furattorainaazu,牡4,,2012.05.14 14歳,Kurige,Sawai Giichi,(Ari) Tajou,58704000.0,28.0,10.0,1
0001193308,Rukkusuzattokiru,牡4,,2012.05.05 14歳,Kage,Carol Maggio,Taki Seiki,65800000.0,23.0,9.0,1
0001194124,Sourusutaaringu,牝2,,2014.02.13 12歳,Aokage,Shadaifaamu,(Ari) Shadaireesuhoosu,303323000.0,16.0,5.0,1
0001189298,Arinna,牝2,,,,,,0.0,0.0,0.0,1
0001190666,Ferutoberuku,牝2,,2014.05.01 12歳,Kage,Mishimabokujou,Katou Tooru,72488000.0,37.0,5.0,1
0001191235,Jasutozamarin,牝2,,2014.04.12 12歳,Kage,Ebisukougyoukabushikigaishanasunobokujou,Jasuto・Taimukurabu,13900000.0,7.0,1.0,1
0000322386,Ponpon,牝2,,,,,,0.0,0.0,0.0,1
0000987964,Emuoobiinasu,牝2,,,,,,0.0,0.0,0.0,1
0001139564,Sansovuuru,牝5,,2011.02.03 15歳,Kuroshikage,Noozanfaamu,(Kabu) G1Reeshingu,56049000.0,19.0,6.0,1
0001189935,Satonoaresu,牡2,,2014.02.25,Kuroshikage,Shadaifaamu,(Kabu) Satomihoosukanpanii,191157000.0,16.0,4.0,1
0001225879,Toririonea,牡2,,2014.04.22,Kage,Darley,Godorufin,16350000.0,16.0,1.0,1
0001186641,Kuriazatorakku,牡2,,,,,,0.0,0.0,0.0,1
0001191939,Reddoanshieru,牡2,,2014.04.09,Aokage,Noozanfaamu,(Kabu) Toukyouhoosureeshingu,224575000.0,26.0,6.0,1
0000179012,Amerikazukappu,牡2,,,,,,0.0,0.0,0.0,1
0001187382,Ashakarian,牡2,,,,,,0.0,0.0,0.0,1
0001189565,Toohoudomingo,牡2,,2014.04.30,Aokage,Takeshima Kouji,Touhoubussan (Kabu),11876000.0,22.0,1.0,1
0001190496,Rinkusuzero,牡2,,2014.02.22,Kuroshikage,Iwamibokujou,(Ari) Hoosukea,28144000.0,102.0,8.0,1
0001190861,Burubeababuun,牡2,,2014.04.18,Kurige,Nakamotobokujou,(Kabu) Buruandobea,24351000.0,11.0,2.0,1
0001119919,Rupeerunoeru,牡6,,2010.03.12,Kuroshikage,Taitenbokujou,(Kabu) Hidaka・Buriidaazu・Yunion,172032000.0,36.0,3.0,1
0001149041,Ruutovihikoodo,牡4,,2012.02.17,Kage,(Ari)Shadaikooporeeshonshiraoifaamu,(Kabu) G1Reeshingu,32600000.0,27.0,1.0,1
0001189721,Reideoro,牡2,,2014.02.05 12歳,Kage,Noozanfaamu,(Ari) Kyarottofaamu,881550000.0,15.0,7.0,1
マイネルスフェーン,Mainerusufeen,牡2,,,,,,,,,1
0001186761,Guroobushiataa,牡2,,,,,,0.0,0.0,0.0,1
0001186730,Besutorizooto,牡2,,2014.04.07,Kage,Noozanfaamu,Hosaka Wakou,45709000.0,21.0,3.0,1
0001222141,Meriora,牡2,,2014.05.21,Kage,Diamond A Racing Corp.,Maeda Kouji,22600000.0,15.0,2.0,1
0001186183,Biruzutorejaa,牝2,,2014.04.15 12歳,Kage,Reikuvirafaamu,Shimai Shin'Ichirou,15700000.0,7.0,1.0,1
0001185516,Diashuutaa,牡2,,2014.04.07,Kuroshikage,Nakajimabokujou,Diaresutokurabu (Kabu),31550000.0,23.0,2.0,1
0000020382,Kosumosu,牡2,,1967.04.01,Kage,,Tadaki,4310000.0,42.0,3.0,1
0001187243,Endogeemu,牡2,,,,,,0.0,0.0,0.0,1
0001184049,Nishinoappurupai,牡2,,2014.04.30,Kage,Tanagawa Mitsuo,Nishiyama Shigeyuki,27055000.0,71.0,8.0,1
0000750316,Misudirekushon,牡2,,2002.03.15,Kurige,Shadaifaamu,Hirata Kazuo,0.0,4.0,0.0,1
0001129795,Shadoupaateii,せん8,,2009.02.20,Kage,Lodge Park Stud,Ida Yuuya,128171000.0,89.0,9.0,1
0001125497,Tomikensuraava,牡7,,2010.02.13,Kage,Taijufaamu,Suzuki Masashirou,97588000.0,91.0,10.0,1
0001179452,Sutorongutaitan,牡4,,2013.03.22,Kage,Northern Racing,Yuugengaishashiruku,173276000.0,27.0,7.0,1
0001157505,Mikkiijoi,牡5,,2012.03.26,Kage,Yanobokujou,Noda Mizuki,79285000.0,18.0,5.0,1
0000161323,Daishinsandaa,牡6,,1983.04.28,Kage,Terai Matsusaku,Maruyama Fuminori,1908000.0,5.0,1.0,1
0001192790,Aeroritto,牝3,,,,,,0.0,0.0,0.0,1
0001186093,Moritoshirayuri,牝3,,2014.03.14 12歳,Ashige,Hidakataiyoubokujou,(Ari) Hamamotobokujou,53705000.0,33.0,3.0,1
0001191580,Arumyuuten,牝3,,,,,,0.0,0.0,0.0,1
0000300525,Amanogawa,牝3,,,,,,0.0,0.0,0.0,1
0001185416,Kyuikyui,牝3,,,,,,0.0,0.0,0.0,1
0001186253,Sunoodoonatsu,牝3,,2014.05.24 12歳,Kage,Nojimabokujou,(Ari) Mirufaamu,21300000.0,36.0,2.0,1
0001186696,Perushiannaito,牡3,,2014.03.11,Kuroshikage,Oiwakefaamu,(Kabu) G1Reeshingu,467898000.0,34.0,4.0,1
0001188070,Maisutairu,牡3,,,,,,0.0,0.0,0.0,1
0000705154,Aruain,牡3,,,,,,0.0,0.0,0.0,1
0001185288,Bureivubaroozu,牡3,,2014.05.13,Kuroshikage,Shimokoubebokujou,Inokuma Hirotsugu,47414000.0,23.0,3.0,1
0001190647,Etereinminoru,牡3,,,,,,0.0,0.0,0.0,1
0001190429,Meishousoubi,牡3,,2014.02.04,Kage,Takaakibokujou,(Kabu) Faasutobijon,44419000.0,56.0,8.0,1
0000007302,Kenshin,牡3,,1960.04.14,Kage,,Morishita,140000.0,6.0,0.0,1
0000149939,Ieroomajikku,牡3,,,,,,0.0,0.0,0.0,1
0001188178,Mirutopurinsu,牡3,,2014.04.12,Kage,Nagahama Tadashi,Nagayama Katsutoshi,5324000.0,20.0,1.0,1
0001187788,Teiemuanimante,牡3,,2014.04.21,Aokage,Seishindaibokujou,Takezono Masatsugu,11905000.0,47.0,8.0,1
0000270464,Anjierikku,牝6,,,,,,0.0,0.0,0.0,1
0001190803,Komanoinparusu,牡3,,2014.04.23,Kuroshikage,Araibokujou,Hasegawa Yoshinobu,49613000.0,5.0,2.0,1
0001190195,Gansaryuuto,牡3,,,,,,0.0,0.0,0.0,1
0001189845,Junieeburu,牡3,,2014.03.13,Kage,Kamada Masatsugu,Shibata Youichi,30310000.0,60.0,2.0,1
0000198366,Asagirijoo,牡3,,,,,,0.0,0.0,0.0,1
0001209478,Baringura,牡3,,2014.02.27,Kage,Barronstown Stud,(Ari) Kyarottofaamu,64668000.0,19.0,4.0,1
0001187133,Santeiiru,牝3,,2014.03.29 12歳,Kage,Noozanfaamu,Yoshida Katsumi,75601000.0,19.0,4.0,1
0001187603,Nishinoamoore,牝3,,2014.03.24 12歳,Kurige,Fujiwarabokujou,Nishiyama Shigeyuki,31563000.0,18.0,3.0,1
0001186863,Adamantein,牡3,,,,,,0.0,0.0,0.0,1
0001186113,Popokatepetoru,牡3,,2014.02.22,Ashige,Noozanfaamu,Kanekomasatohoorudingusu (Kabu),130743000.0,21.0,5.0,1
0001041167,Saaberaaju,牡3,,2007.03.11,Aokage,Supiidofuaamu,(Ari) Supiidofaamu,3800000.0,15.0,0.0,1
0001175119,Shaketora,牡4,,2013.03.17,Aokage,Noozanfaamu,Kanekomasatohoorudingusu (Kabu),275125000.0,13.0,6.0,1
0001173285,Teiemunanahikari,牡4,,2013.03.16,Aokage,Maetani Takeshi,Takezono Masatsugu,21617000.0,18.0,2.0,1
0001138758,Meishouutage,牡6,,2011.05.06,Kurige,Takashisakaebokujou,Matsumoto Yoshio,192453000.0,59.0,9.0,1
0001172658,Karakupua,牡4,,,,,,0.0,0.0,0.0,1
0001156384,Eishinbakken,牡5,,,,,,0.0,0.0,0.0,1
0001134071,Rasutodansaa,牡6,,2011.05.05,Aokage,Shizunaifujikawabokujou,Kusama Youbun,89103000.0,25.0,6.0,1
0001136531,Rabubaretto,牡6,,2011.04.25,Kage,Tsushima Yuuji,Uchiyama Ichirou,107740000.0,70.0,23.0,1
0001152299,Burumirakoro,牡5,,2012.04.27,Kage,Chanpionzufaamu,Nakamura Akito,146566000.0,43.0,6.0,1
0001209667,Besutomatcho,牡4,,2013.02.10,Kuroshikage,Fredericka V. Caldwell & Mitchel Skolnick,Baba Yukio,209008000.0,59.0,9.0,1
0001171762,Seiunkousei,牡4,,2013.03.08 13歳,Kurige,Sakuraibokujou,Nishiyama Shigeyuki,336573000.0,42.0,7.0,1
0001192768,Satonoaasaa,牡3,,2014.03.01,Aokage,Noozanfaamu,(Kabu) Satomihoosukanpanii,218376000.0,28.0,5.0,1
0001186220,Esupiritouoozo,牡3,,,,,,0.0,0.0,0.0,1
0001191916,Materarekkusu,牡3,,2014.05.16,Kage,Takamurabokujou,Oono Takeshi,7000000.0,5.0,1.0,1
0001192241,Suzukamejaa,牡3,,2014.02.16,Kage,Gurandobokujou,Nagai Keiji,35825000.0,25.0,3.0,1
0001190477,Adomaiyamiyabi,牝3,,,,,,0.0,0.0,0.0,1
0000181938,Hanareimuun,牝3,,1985.04.30,Kage,Taiheibokujou,Tani Osushi,385000.0,8.0,0.0,1
0001190396,Viinasuaroo,牝3,,2014.05.18 12歳,Aokage,Ichikawafuaamu,Murayama Tadahiro,16203000.0,32.0,8.0,1
0001188461,Komanorejiina,牝3,,2014.05.03,Kuroshikage,Nishikawatomiokabokujou,Hasegawa Yoshinobu,7750000.0,8.0,1.0,1
0001191660,Divainhaitsu,牝3,,2014.02.18 12歳,Kage,Shadaifaamu,(Ari) Shadaireesuhoosu,10000000.0,13.0,1.0,1
0001191360,Seiunkirabiyaka,牝3,,2014.04.25,Kage,Gachounakagawabokujou,Tomita Fujio,7815000.0,28.0,1.0,1
0001184581,Sakusesurain,牝3,,2014.04.22,Kuroshikage,Yuugengaisha Esuteifaamu,Shimakawa Takaya,8246000.0,16.0,3.0,1
0001190428,Suzukaguraate,牝3,,2014.05.06 12歳,Kuroshikage,Gurandobokujou,Nagai Keiji,120904000.0,35.0,4.0,1
0001186847,Eauinzaa,牡3,,,,,,0.0,0.0,0.0,1
0001191830,Charoneguro,牡3,,2014.02.09,Kuroshikage,(Ari)Shadaikooporeeshonshiraoifaamu,Kanekomasatohoorudingusu (Kabu),73820000.0,26.0,3.0,1
0001188775,Saibaaerekingu,牡3,,2014.04.17,Kage,Hidakafuaamu,Oota Yoshinori,14640000.0,22.0,3.0,1
0001155892,Kinguruau,牡5,,,,,,0.0,0.0,0.0,1
0001175289,Wansuinnamuun,牝4,,2013.02.01 13歳,Kage,Okadasutatsudo,Moroe Sachisuke,164415000.0,23.0,7.0,1
0001140482,Toukaisensu,牝6,,2011.05.09 15歳,Kage,Hekiunbokujou,Uchimura Seisoku,88424000.0,33.0,5.0,1
0001179437,Fidouushia,牝5,,2012.02.17 14歳,Kage,North Hills Co. Ltd.,Maeda Kouji,158299000.0,26.0,7.0,1
0001186710,Nanyoomaazu,牡3,,2014.01.22,Kage,Niikappuhashimotobokujou,Maeda Toshifumi,39090000.0,61.0,1.0,1
0001193383,Miraaitoon,牡3,,2014.03.22 12歳,Aokage,Noozanfaamu,Shimakawa Takaya,137402000.0,25.0,6.0,1
0001226649,Suupaamorion,牡3,,2014.03.11,Aokage,Mr. & Mrs. Al Mazzetti,Hayashi Seidou,65467000.0,30.0,3.0,1
0001189825,Karosu,牡3,,,,,,0.0,0.0,0.0,1
0001135492,Sakuraanpuruuru,牡6,,2011.03.04,Kurige,Taniokasutatto,(Kabu) Sakurakomaasu,224721000.0,32.0,6.0,1
0000727612,Tookingudoramu,牡7,,2001.03.21,Kage,Uraaramakiba,Odagiri Yuuichi,90000.0,7.0,0.0,1
0001142345,Kosumodoomu,牡6,,2011.03.17,Kage,Biggureddofaamu,Miyazaki Toyoji,120299000.0,84.0,8.0,1
0000159124,Misupanteeru,牝3,,1983.04.04,Kage,Kawakami Fusao,Satou Setsu,3626000.0,55.0,4.0,1
0001188320,Mirissa,牝3,,2014.04.13 12歳,Kurige,Noozanfaamu,(Ari) Kyarottofaamu,74071000.0,17.0,4.0,1
0001189560,Kawakitaenka,牝3,,,,,,0.0,0.0,0.0,1
0001192370,Danondiiva,牝3,,2014.05.15 12歳,Kuroshikage,Shimokoubebokujou,(Kabu) Danokkusu,57239000.0,21.0,4.0,1
0001183813,Aronzamona,牝3,,,,,,0.0,0.0,0.0,1
0000175886,Reddoribon,牝3,,1985.04.09,Kage,Urushihara Takeo,Kachifuku (Ari),0.0,0.0,0.0,1
0001189732,Bippukyattsuai,牝3,,2014.04.30 12歳,Kuroshikage,Noozanfaamu,Hoshika Kouichi,9170000.0,25.0,2.0,1
0001187668,Entoriichiketto,牝3,,,,,,0.0,0.0,0.0,1
0001185828,Waarudofoorabu,牝3,,2014.05.11,Kage,Samaniwatanabebokujou,(Kabu) Yoshizawahoorudingusu,77881000.0,31.0,4.0,1
0001191613,Anbaaminii,牝3,,,,,,0.0,0.0,0.0,1
0001191560,Satonomakkusu,牡3,,2014.02.01,Kage,Noozanfaamu,Satomi Harutoshi,36005000.0,18.0,2.0,1
0001189771,Teeooforute,牡3,,2014.03.15,Kage,Yanagawabokujou,Ozasa Kimiya,71373000.0,26.0,3.0,1
0001185165,Daiwakyagunii,牡3,,2014.02.25,Kuroshikage,Shadaifaamu,Ooshiro Shouichi,291136000.0,37.0,8.0,1
0001187425,Sumaatoerementsu,牡3,,2014.04.11,Kage,Sumaatopurojiekutoinkooporeiteddokabushikigaisha,Ookawa Tooru,65582000.0,24.0,4.0,1
0001189363,Kyassurukuraun,牡3,,,,,,0.0,0.0,0.0,1
0001173776,Guddosukai,牝4,,,,,,0.0,0.0,0.0,1
0001140444,Teiemuodoroki,牝6,,2011.05.16,Kurige,Teiemubokujouhidakashijou,Takezono Masatsugu,20300000.0,34.0,1.0,1
0001187244,Karakurenai,牝3,,,,,,0.0,0.0,0.0,1
0001183893,Furauteisuta,牝3,,2014.05.05 12歳,Kage,Noozanfaamu,(Kabu) T.U.K.,15737000.0,38.0,11.0,1
0001187746,Suteraruuju,牝3,,2014.03.22,Kurige,Nakamura Hiroaki,Noda Zenonore,15984000.0,20.0,1.0,1
0001189812,Suriimisuyohanesu,牝3,,2014.04.10,Kage,Tsuji Bokujou,Nagaishouji (Kabu),7000000.0,13.0,1.0,1
0001188252,Akaka,牝3,,,,,,0.0,0.0,0.0,1
0001189814,Anjudejiiru,牝3,,,,,,0.0,0.0,0.0,1
0001185517,Taganokatorea,牝3,,2014.04.24 12歳,Kage,Yuugengaishaniikapputaganofaamu,Yagi Ryouji,39753000.0,16.0,3.0,1
0001193393,Azuurumuun,牝3,,,,,,0.0,0.0,0.0,1
0001184870,Desuteiniisongu,牝3,,2014.03.26 12歳,Kage,Okadasutatsudo,(Kabu) Norumandiisarabureddor,82616000.0,42.0,4.0,1
0001192064,Meishouowara,牝3,,2014.02.12 12歳,Kage,Mishimabokujou,Matsumoto Yoshio,68267000.0,24.0,5.0,1
0001187325,Ranikaisandee,牡3,,2014.04.19,Kage,Tsushima Sei,Yokose Kenji,26634000.0,32.0,2.0,1
0001186273,Naitobanaretto,牡3,,2014.05.11,Ashige,(Ari)Shadaikooporeeshonshiraoifaamu,Yuugengaishashiruku,75270000.0,41.0,3.0,1
0000091201,Jakkii,牡3,,1976.04.11,Kurige,Hosokawabokujou,Naruse Kiyoshi,0.0,8.0,0.0,1
0001188969,Raizusukuryuu,牝3,,2014.04.21 12歳,Kurige,Yuugengaisha Esuteifaamu,Shimakawa Takaya,25606000.0,20.0,2.0,1
0000724705,Mankasutorappu,牡3,,2001.03.19,Kuroshikage,Fujisawabokujou,Fujisawa Sumio,3400000.0,3.0,2.0,1
0001187857,Rejiinaforute,牝3,,2014.03.28 12歳,Kuroshikage,Nakagawa Takashi,Nagayama Katsutoshi,155696000.0,35.0,6.0,1
0001189017,Ranikaishichii,牡3,,2014.01.28,Kage,Pakapakafaamu,(Kabu) Bonzu,10890000.0,63.0,9.0,1
0000304030,Uinburaito,牡3,,,,,,0.0,0.0,0.0,1
アウトライアーズ,Autoraiaazu,牡3,,,,,,,,,1
0001189886,Torikorooruburuu,牡3,,2014.04.08,Aokage,Noozanfaamu,Yuugengaishashiruku,168102000.0,23.0,6.0,1
0001187259,Ooruzagoo,牡3,,,,,,0.0,0.0,0.0,1
0001185872,Sutorongureviru,牡3,,2014.02.17,Kuroshikage,(Ari)Shadaikooporeeshonshiraoifaamu,Muraki Katsuko,40804000.0,25.0,3.0,1
0001191549,Danonkenryuu,牡3,,2014.06.01,Kuroshikage,Chanpionzufaamu,(Dou) Jpngiken,13580000.0,57.0,5.0,1
0001183710,Saundoteeburu,牡3,,2014.04.17,Kuroshikage,Kin Tamabi,Abe Shigeo,42692000.0,69.0,5.0,1
0001152182,Uinsupekutoru,牡5,,,,,,0.0,0.0,0.0,1
0001191679,Fandiina,牝3,,2014.03.10 12歳,Aokage,Tanigawabokujou,(Ari) Taafu・Supooto,51735000.0,7.0,3.0,1
0001192493,Shiizurarabai,牝3,,2014.04.21,Kurige,(Ari)Shadaikooporeeshonshiraoifaamu,Yoshida Chizu,26442000.0,18.0,1.0,1
0001186584,Ebaapurinsesu,牝3,,,,,,0.0,0.0,0.0,1
0001185201,Sakureekusupuresu,牝3,,2014.03.16 12歳,Kage,Noozanfaamu,K.S.Yappu,15000000.0,11.0,2.0,1
0000726547,Dearegaaro,牝3,,2001.03.01,Kage,Hitabokujou,Iwasaki Kisumi,26450000.0,32.0,1.0,1
0000112497,Buraitomuun,牝3,,1978.02.08,Kurige,Noomote Mojirou,Ooya Toshirou,10797000.0,47.0,10.0,1
0001153347,Mainerusaaju,牡5,,2012.04.13,Kage,Reikuvirafaamu,Kimura Masuo,148771000.0,41.0,6.0,1
0000722114,Kiseki,牡3,,,,,,0.0,0.0,0.0,1
0001184868,Purachinamubaretto,牡3,,2014.05.19,Ashige,Okadasutatsudo,(Kabu) Norumandiisarabureddor,99118000.0,50.0,12.0,1
0001174315,Kokusuisen,牡4,,2013.05.19,Kuroshikage,Yuutopiabokujou,Nakatsuji Mei,47256000.0,17.0,4.0,1
0001168306,Kosumokanadian,牡4,,2013.05.03,Kage,Aizusutaddokabushikigaisha,Okada Misako,186327000.0,52.0,7.0,1
0001189136,Karibiangoorudo,牝3,,,,,,0.0,0.0,0.0,1
0001192844,Inobateibu,牡3,,,,,,0.0,0.0,0.0,1
0001184114,Rangadia,牡3,,2014.01.27,Kuroshikage,Noozanfaamu,Minoshima Ryuuichi,85960000.0,41.0,9.0,1
0001183667,Seikachitose,牡3,,2014.04.05,Kuroshikage,Shinyuufuaamu,Kume Makoto,16550000.0,17.0,2.0,1
0001168174,Juuruporeeru,牝4,,2013.05.02 13歳,Kage,(Ari)Shadaikooporeeshonshiraoifaamu,(Kabu) G1Reeshingu,239401000.0,17.0,6.0,1
0001192898,Saronika,牝3,,2014.03.03 12歳,Kuroshikage,Noozanfaamu,Yoshida Katsumi,38266000.0,11.0,2.0,1
0001093922,Aiteiteioo,牡9,,,,,,0.0,0.0,0.0,1
0000234769,Namuraarashi,牡4,,1990.04.20,Kage,Urakawanisseibokujou,Uematsu Masami,5398000.0,39.0,6.0,1
0001184463,Kurinchaa,牡3,,,,,,0.0,0.0,0.0,1
0001168210,Burigaaruta,牝4,,2013.04.17 13歳,Kage,Noozanfaamu,(Ari) Sandeereeshingu,35081000.0,17.0,3.0,1
0001192179,Mozukatchan,牝3,,2014.02.27 12歳,Kuroshikage,Megurobokujou,(Kabu) Kyapitaru・Shisutemu,288374000.0,14.0,4.0,1
0001185821,Taganoasuwado,牝3,,2014.03.28 12歳,Kuroshikage,Yuugengaishaniikapputaganofaamu,Yagi Ryouji,77906000.0,21.0,5.0,1
0001191678,Reddokorudisu,牝3,,2014.03.14 12歳,Kuroshikage,Tomitabokujou,(Kabu) Toukyouhoosureeshingu,16200000.0,16.0,1.0,1
0000883908,Adomaiyarooza,牝3,,,,,,0.0,0.0,0.0,1
0001189052,Hououpafuyuumu,牝3,,2014.02.16 12歳,Kurige,Noozanfaamu,Ozasa Houou,34088000.0,15.0,3.0,1
0000011516,Zakuiin,牝3,,1963.04.25,Kurige,,Ogawa,0.0,0.0,0.0,1
0001184804,Kyanarusutoriito,牝3,,,,,,0.0,0.0,0.0,1
0000239810,Doriimumajikku,牝3,,1990.02.27,Kage,Tairashimizubokujou,Ikeda Teitsukasa,8580000.0,28.0,3.0,1
0001185735,Reddomiraberu,牝3,,2014.02.15 12歳,Ashige,Shadaifaamu,(Kabu) Toukyouhoosureeshingu,7850000.0,13.0,1.0,1
0001186024,Pisukadeera,牝3,,2014.03.18 12歳,Kage,Noozanfaamu,Nagoyatomoyutaka (Kabu),21750000.0,26.0,1.0,1
0001187249,Rayurotto,牝3,,2014.02.14 12歳,Kuroshikage,Tanakasutaddo,Tada Shinmikoto,34894000.0,10.0,3.0,1
0001187103,Meishousasayuri,牝3,,2014.03.26 12歳,Kuroshikage,Mishimabokujou,Matsumoto Yoshio,87489000.0,33.0,4.0,1
0001188522,Adomiraburu,牡3,,,,,,0.0,0.0,0.0,1
0001189122,Saarenburanto,牡3,,2014.03.07,Kage,Orionfaamu,Kubota Yoshirou,52021000.0,21.0,3.0,1
0001191617,Danonkingudamu,牡3,,2014.02.09,Kurige,Noozanfaamu,(Kabu) Danokkusu,102922000.0,22.0,6.0,1
0001186346,Suzukarongu,牡3,,2014.05.04,Kage,Tsuji Bokujou,Nagai Keiji,86238000.0,44.0,4.0,1
0000061406,Agunesuuin,牡3,,,,,,0.0,0.0,0.0,1
0001191588,Satonokuronikuru,牡3,,2014.03.13,Kage,Noozanfaamu,(Kabu) Satomihoosukanpanii,177245000.0,30.0,3.0,1
0001192522,Satonoryuuga,牡3,,2014.03.17,Kage,Noozanfaamu,(Kabu) Satomihoosukanpanii,41492000.0,11.0,2.0,1
0001188418,Mikkiisuwaroo,牡3,,2014.02.26 12歳,Kage,Noozanfaamu,Noda Mizuki,364920000.0,22.0,5.0,1
0001226644,Goorudohatto,牡3,,2014.03.08,Kuroshikage,Lester Kwok & Dr. Naoya Yoshida,Goudoukaishakobayashieiichihoorudingusu,28370000.0,24.0,1.0,1
0001185507,Meruvinkazuma,牡3,,2014.04.04,Kuroshikage,Takaakibokujou,(Dou) Jpngiken,47208000.0,41.0,2.0,1
0001189868,Uinberashiasu,牡3,,,,,,0.0,0.0,0.0,1
0001191279,Haginoaresu,牡3,,2014.05.31,Kage,Murashita Akihiro,Yasuoka Mitsuko,54752000.0,17.0,3.0,1
0001226015,Kakerutesooro,牡3,,,,,,0.0,0.0,0.0,1
0001187052,Yukinotaiga,牡3,,2014.03.29,Ashige,Hiwatari Kokorozashitakashi,Murakami Kouzou,5000000.0,17.0,1.0,1
0001222135,Rienotesooro,牝3,,2014.02.24 12歳,Kurige,"Oak Bluff Stables, Llc",Ryoutokujikenjihoorudingusu (Kabu),151273000.0,19.0,5.0,1
0001156925,Sandeeuizaado,牡5,,2012.02.14,Kage,Noozanfaamu,Tatsumi Yuuko,154090000.0,39.0,6.0,1
0001134658,Parikaranotegami,牡6,,2011.05.14,Kage,Okadabokujou,Shimada Satoshi,111154000.0,44.0,7.0,1
0001123579,Shadouuizaado,せん7,,2010.04.23,Kuroshikage,Naritakabokujou,(Dou) Jpngiken,91154000.0,47.0,6.0,1
0001136037,Toosendeyuuku,牡6,,2011.03.05,Kage,Shadaifaamu,Shimakawa Takaya,108075000.0,39.0,6.0,1
0000802372,Ootokureeru,牝6,,,,,,0.0,0.0,0.0,1
0001172578,Gureitopaaru,牡4,,,,,,0.0,0.0,0.0,1
0001152385,Kopanochaarii,牡5,,2012.03.02 14歳,Kurige,Yanagawabokujou,Kobayashi Sachiaki,159344000.0,61.0,9.0,1
0001184419,Manaroora,牝3,,2014.05.09 12歳,Kage,Kabushikigaisha Noosuhiruzu,Maeda Kouji,30722000.0,31.0,2.0,1
0001191241,Burakkusubiichi,牝3,,2014.03.03 12歳,Kage,Shadaifaamu,Yamamoto Hidetoshi,62740000.0,18.0,3.0,1
0001186392,Harooyunikoon,牝3,,2014.03.17 12歳,Kage,Murashita Akihiro,(Kabu) Cheval Attache,84248000.0,52.0,3.0,1
0001153496,Suzukapuresuto,牡5,,2012.05.03,Kage,Reikuvirafaamu,Nagai Keiji,113056000.0,31.0,3.0,1
0001170712,Azumatakkun,牡4,,,,,,0.0,0.0,0.0,1
0001373393,Arutaa,せん5,,,,,,0.0,0.0,0.0,1
0001149061,Gureetaarondon,牡5,,,,,,0.0,0.0,0.0,1
0001240507,Byuuteiionrii,せん6,,2011.01.01,Kage,Massimo Parri,K.Kuokku&H.Kuokku,0.0,1.0,0.0,1
0001173904,Roozuuisupaa,牝4,,2013.03.17 13歳,Kage,Noozanfaamu,Yuugengaishashiruku,41831000.0,19.0,3.0,1
0001191873,Sanraizunova,牡3,,2014.04.09 12歳,Kurige,Yanagawabokujou,Matsuoka Takao,430687000.0,43.0,10.0,1
0001187729,San'Ookurando,牡3,,2014.03.28,Kage,Ima Bokujou,Tsuruya Atsuko,27846000.0,23.0,2.0,1
0001191761,Uootaamaazu,牡3,,,,,,0.0,0.0,0.0,1
0001189647,Anteinousu,牡3,,,,,,0.0,0.0,0.0,1
0001186565,Toraneko,牡3,,2014.04.17,Kuroshikage,Nakamoto Takashi,Kiritani Shigeru,23650000.0,20.0,2.0,1
0001191134,Savi,牡3,,2014.05.10,Kuroshikage,Daaree・Japan・Faamuyuugengaisha,Godorufin,133527000.0,32.0,7.0,1
0001185995,Toropikarusupaato,牝3,,2014.04.17 12歳,Kurige,Sakamoto Ken'Ichi,Hyuuga Hitoshi,33270000.0,27.0,3.0,1
0001187963,Shigerukongu,牡3,,2014.04.30,Kage,Masumoto Yoshitaka,Morinaka Ban,53396000.0,34.0,3.0,1
0000216836,Ittetsu,牡5,,,,,,0.0,0.0,0.0,1
0001168532,Shinkingudansaa,牡4,,2013.03.10,Kurige,Okadasutatsudo,Okada Makio,221186000.0,48.0,5.0,1
0001105744,Bittoareguro,牡8,,2009.03.27,Kurige,"Emuemu,Yamadafaamu",Gikawa Masaaki,71993000.0,48.0,6.0,1
0001152738,Haginopatoriotto,せん5,,2012.03.20,Kuroshikage,Ekuserumanejimento,Hinokuma Yoshie,65674000.0,22.0,3.0,1
0000128624,Piisumeekaa,牡6,,1980.04.23,Kuroshikage,Mokumeitaizankuchibokujou,Odagiri Yuuichi,14270000.0,11.0,1.0,1
0001191897,Sedaburirantesu,牡3,,2014.01.12,Kage,(Ari)Shadaikooporeeshonshiraoifaamu,Yuugengaishashiruku,137800000.0,11.0,5.0,1
0001184453,Uinganadoru,牡3,,,,,,0.0,0.0,0.0,1
0001191290,Roodoriberaru,牡3,,2014.02.25,Kuroshikage,Sumairufaamu,Mitsuyasu Ryou,30723000.0,27.0,2.0,1
0001192596,Barubeera,牝3,,2014.05.06 12歳,Aokage,Sakaibokujou,(Kabu) Kanayamahoorudingusu,29546000.0,25.0,3.0,1
0001183890,Biibiigaudi,牡3,,2014.05.19,Kurige,Bandoubokujou,(Ari) Bandoubokujou,95145000.0,66.0,10.0,1
0001187245,Gurandobonuuru,牡3,,,,,,0.0,0.0,0.0,1
0000329886,Maiburuuhebun,牡3,,1998.05.16,Kage,Mashiobokujou,Hirose Yuichi,17084000.0,72.0,2.0,1
0001154765,Aruteimaburaddo,牝5,,,,,,0.0,0.0,0.0,1
0001156786,Tatsugougeki,牡5,,2012.04.21 14歳,Kage,Kawakamibokujou,Suzuki Takayuki,126830000.0,21.0,5.0,1
0001172260,Vooju,牡4,,2013.05.15,Aokage,Meijibokujou,Sugiyama Tadakuni,130041000.0,26.0,7.0,1
0001124928,Gooingugureeto,牡7,,2010.05.07,Kurige,Kataoka Hiroshi,Itou Shouichi,127109000.0,59.0,6.0,1
0001134310,Toukeitaigaa,牡6,,2011.05.31,Kuroshikage,Shimomura Shigemasa,Kadowaki Yuri,75784000.0,34.0,12.0,1
0001094222,Uootaarurudo,牡9,,,,,,0.0,0.0,0.0,1
0001109258,Mayanoontorojii,牡8,,2009.02.08,Kuroshikage,Kitajimabokujou,Tadokoro Eiko,63147000.0,58.0,7.0,1
0001106630,Naritaharikeen,牡8,,2009.04.10,Kage,(Ari)Shadaikooporeeshonshiraoifaamu,(Kabu) Oosumi,112575000.0,32.0,5.0,1
0001149530,Uinganion,牡5,,,,,,0.0,0.0,0.0,1
0001123391,Pinpon,牡7,,2010.04.04,Kage,Daieibokujou,Odagiri Yuuichi,116163000.0,51.0,5.0,1
0000019094,Kashiasu,牡2,,,,,,0.0,0.0,0.0,1
0001202510,Uinjierubeera,牝2,,,,,,0.0,0.0,0.0,1
0001207363,Aria,牝2,,,,,,0.0,0.0,0.0,1
0001228766,Derumakiseki,牝2,,2015.03.02 11歳,Kage,Freddie Bloodstock,Asanuma Hiroyuki,36522000.0,19.0,2.0,1
0001218900,Passe,牝2,,2016.04.20,Kage,Shadaifaamu,Hayashi Hiroyuki,6850000.0,11.0,1.0,1
0001207249,Nanyoopurantan,牡2,,2015.02.08 11歳,Kuroshikage,Noozanfaamu,Yano Ryuuichi,87465000.0,75.0,3.0,1
0001202373,Ringarapoppusu,牡2,,2015.05.03,Aokage,Noozanfaamu,Murase Sei,11148000.0,18.0,1.0,1
0001203100,Suzukamansaku,牝2,,2015.03.29 11歳,Kage,Inaharabokujou,Nagai Keiji,7000000.0,10.0,1.0,1
0001207135,Dantsukureioo,牝2,,2015.04.15 11歳,Kage,Shadaifaamu,Yamamoto Tetsuji,16530000.0,19.0,1.0,1
0001208655,Jiesshiijienii,牝2,,2015.05.05 11歳,Kurige,Biratoribokujou,Matsuda Seini,26750000.0,26.0,6.0,1
0001206378,Gauramidi,牝2,,,,,,0.0,0.0,0.0,1
0001208046,Beibiikyazu,牡2,,2015.04.20,Kage,Nihonjuuoukeibakaihidakaikuseibokujou,Ootsuka Ryouichi,7567000.0,28.0,1.0,1
0001204805,Yamanofaito,牡2,,2015.03.01,Kage,Yamaguchi Akihiko,Yamaguchi Akihiko,121484000.0,52.0,10.0,1
0001208689,Sandabenpooto,牝2,,2015.03.30,Kage,Makabe Shin'Ichi,Sakai Takatoshi,8624000.0,44.0,3.0,1
0000156191,Kitanoyuuki,牡2,,,,,,0.0,0.0,0.0,1
0001228772,Morutoareguro,牝2,,2015.02.01 11歳,Aokage,"Town And Country Horse Farms, Llc & Frank & Kim Taylor",Yoshida Chizu,49414000.0,9.0,3.0,1
0001156124,Meriimonaaku,せん5,,2012.05.05,Kage,Noozanfaamu,(Ari) Kyarottofaamu,29950000.0,20.0,2.0,1
0001136185,Kurinokingumuun,牡6,,,,,,0.0,0.0,0.0,1
0001156267,Meishouyagiri,牡5,,2012.04.08,Kuroshikage,Nisseibokujou,Matsumoto Yoshio,17800000.0,25.0,2.0,1
0001133211,Uinreeben,牡6,,,,,,0.0,0.0,0.0,1
0001155210,Aasuenjieru,牝5,,,,,,0.0,0.0,0.0,1
0000615859,Kiipureiyaa,牝6,,,,,,0.0,0.0,0.0,1
0001157400,Danshinguwandaa,牝5,,2012.04.08 14歳,Kurige,Shadaifaamu,Kubota Yasushi,47484000.0,18.0,4.0,1
0000758598,Iorani,せん6,,,,,,0.0,0.0,0.0,1
0001193109,Roozupurinsudamu,牡3,,2014.03.10,Aokage,Yuutopiabokujou,Kanazawa Ken'Ichi,131608000.0,44.0,13.0,1
0001185134,Sarusadioone,牝3,,2014.05.03 12歳,Kurige,Aratanibokujou,Sugawara Kouryuu,355727000.0,55.0,13.0,1
0000730501,Epikarisu,牡3,,,,,,0.0,0.0,0.0,1
0001190750,Buraitonrokku,牡3,,2014.05.18,Kuroshikage,Daaree・Japan・Faamuyuugengaisha,Sakamaki Katsuhiko,122217000.0,46.0,4.0,1
0001186081,Nooburusataan,牡3,,2014.05.08,Kuroshikage,Hashimotofuaamu,Yoshiki Nobuhiko,142497000.0,75.0,11.0,1
0001192472,Tenzawaarudo,牡3,,2014.02.10,Kurige,Shadaifaamu,Tenpaku Taiji,100760000.0,37.0,6.0,1
0001188612,Sutaasutorakku,牡3,,2014.03.10,Kuroshikage,(Ari)Shadaikooporeeshonshiraoifaamu,(Ari) Sandeereeshingu,29656000.0,11.0,3.0,1
0001190289,Taganoguruna,牡3,,2014.03.12,Kage,Yuugengaishaniikapputaganofaamu,Yagi Ryouji,70123000.0,31.0,5.0,1
0001188115,Taganodiguo,牡3,,2014.02.10,Kuroshikage,Yuugengaishaniikapputaganofaamu,Yagi Hideyuki,102962000.0,43.0,5.0,1
0001187664,Teiemuanmuuto,牝3,,2014.06.05,Kuroshikage,Hidakateiemubokujoukabushikigaisha,Takezono Masatsugu,21950000.0,16.0,2.0,1
0000620105,Sanmarutein,せん5,,1999.03.26,Kurige,Noozanfaamu,(Ari) Sandeereeshingu,4270000.0,5.0,0.0,1
0001155728,Teiemujinsoku,牡5,,2012.04.21,Ashige,Hidakateiemubokujoukabushikigaisha,Takezono Masatsugu,308130000.0,30.0,9.0,1
0001155561,Oyakodaka,牡5,,,,,,0.0,0.0,0.0,1
0001136389,Tamamohorun,牡6,,2011.03.23,Kage,Soga Hiroshi,Tamamo (Kabu),53486000.0,39.0,9.0,1
マイネルレハイム,Mainerurehaimu,牡5,,,,,,,,,1
0001154240,Tsujisuupaasakura,牝5,,2012.04.03,Ashige,Okadasutatsudo,Tsuji Toshio,35700000.0,36.0,2.0,1
0001170018,Tooahimiko,牝4,,2013.04.03 13歳,Kuroshikage,Tooabokujou,Kouzanrando (Kabu),17650000.0,21.0,1.0,1
0001152921,Maineruporutousu,牡5,,2012.04.02,Kage,Tanifuji Hiromi,(Kabu) Sarabureddokurabu・Rafian,23800000.0,27.0,2.0,1
0001200835,Furonteia,牡2,,2015.04.05,Kurige,(Ari)Shadaikooporeeshonshiraoifaamu,(Ari) Sandeereeshingu,67022000.0,15.0,2.0,1
0001202393,Koodieraito,牝2,,2015.02.02 11歳,Kurige,Noozanfaamu,(Kabu) G1Reeshingu,31086000.0,16.0,1.0,1
0000235273,Tenkuu,牡2,,1990.04.26,Kage,Tanaka Minorusei,Nagashima Kazutami,47360000.0,51.0,3.0,1
0001203668,Enguroosaa,牡2,,,,,,0.0,0.0,0.0,1
0001206300,Kibounodaichi,牡2,,,,,,0.0,0.0,0.0,1
0001201453,Oodettoeeru,牡2,,,,,,0.0,0.0,0.0,1
0000145033,Puretoria,牡2,,1982.03.24,Kage,Hattori Kazunori,(Ari) Choukaishouji,14370000.0,26.0,1.0,1
0001200570,Mainerusairuun,牡2,,2015.03.13,Kuroshikage,Ono Shuuji,(Kabu) Sarabureddokurabu・Rafian,13150000.0,9.0,1.0,1
0001206061,Shindererameiku,牝2,,2015.05.06 11歳,Kurige,Morinagafaamu,Tajima Masamitsu,56084000.0,30.0,2.0,1
0000891267,Tokkaata,牡2,,2005.05.10,Kurige,Tsukushi Hiroshi,Tani Kensuke,1309000.0,64.0,3.0,1
0001208570,Musukorooso,牡2,,2015.01.29,Kurige,Noozanfaamu,Ochiai Yukihiro,44000000.0,37.0,3.0,1
0001204874,Dantsuseikei,牡2,,2015.03.12,Kage,Fujiwarabokujou,Yamamoto Tetsuji,16600000.0,13.0,2.0,1
0001208597,Raingyaranto,牝2,,2015.02.28,Ashige,Shadaifaamu,Oosawa Hanjou,18360000.0,56.0,3.0,1
0001201663,Gurandeuiiku,牡2,,,,,,0.0,0.0,0.0,1
0001157350,Raitofearii,牝5,,2012.04.09 14歳,Kage,Iwamibokujou,Shinboribokujou,93628000.0,26.0,6.0,1
0001201404,Rokkudisutaun,牝2,,2015.02.15 11歳,Kurige,(Ari)Shadaikooporeeshonshiraoifaamu,(Ari) Sandeereeshingu,38497000.0,6.0,2.0,1
0001209864,Fasutoapuroochi,牡2,,2015.02.26,Kurige,Noozanfaamu,Yamamoto Hidetoshi,67235000.0,20.0,3.0,1
0001203569,Daburushaapu,牡2,,2015.03.26 11歳,Kage,Murakami Masanori,Tenhori Tadahiro,192448000.0,42.0,5.0,1
0001206382,Shisutaafuraggu,牝2,,2015.04.17 11歳,Kuroshikage,Deguchibokujou,Goudoukaishakobayashieiichihoorudingusu,41163000.0,20.0,2.0,1
0001206843,Kosumoinzahaato,牡2,,2015.02.21,Kage,Eishinbokujou,(Ari) Biggureddofaamu,25700000.0,15.0,2.0,1
0001203142,Kurinokuuningu,牡2,,,,,,0.0,0.0,0.0,1
0001202724,Misumanmamiia,牝2,,2015.02.23 11歳,Kurige,Shinseifaamu,Yoshida Shouri,124203000.0,37.0,6.0,1
0001203730,Roodotorejaa,牡2,,2015.04.11,Kage,Samanihoribokujou,(Kabu) Roodohoosukurabu,7820000.0,8.0,1.0,1
0000004345,Matsukaze,牡2,,1956.06.10,Kuroshikage,,Kouno,558000.0,10.0,2.0,1
0001207429,Karenshirieejo,牝2,,,,,,0.0,0.0,0.0,1
0001207425,Dibainburiizu,牡2,,2015.05.03,Kuroshikage,Tsuji Bokujou,Sugiyama Tadakuni,22719000.0,14.0,1.0,1
0001201164,Viotoposu,牝2,,2015.03.01 11歳,Aokage,Biggureddofaamu,(Kabu) Sarabureddokurabu・Rafian,11120000.0,15.0,2.0,1
0001206753,Rojaajiiniasu,牡2,,2015.04.08,Kage,Kamimizubokujou,Takeda Osamu,8100000.0,13.0,1.0,1
0001205931,Saajuminoru,牡2,,2015.03.02,Kuroshikage,Fujiwarafuaamu,Yoshioka Jitsu,41364000.0,32.0,2.0,1
0001228768,Asakusagenki,牡2,,,,,,0.0,0.0,0.0,1
0000208468,Aiankuroo,牡2,,,,,,0.0,0.0,0.0,1
0001208050,Baaningupesuka,牡2,,2015.05.05,Kage,Mishimabokujou,Yamada Shintarou,121801000.0,62.0,7.0,1
0001204131,Vaizaa,牡2,,2015.03.30,Kuroshikage,Noozanfaamu,(Ari) Kyarottofaamu,38704000.0,29.0,2.0,1
0001200888,Iikotozukushi,牡2,,,,,,0.0,0.0,0.0,1
0001207197,Peisharuasu,牝2,,2015.03.25 11歳,Kurige,Kineususaitoubokujou,Kitatokoro Naoto,26943000.0,21.0,2.0,1
0001228753,Mozusuupaafurea,牝2,,2015.04.01 11歳,Kurige,"Alpha Delta Stables, Llc",(Kabu) Kyapitaru・Shisutemu,404299000.0,29.0,7.0,1
0001204407,Suusandon,牡2,,2015.04.23,Kage,Urakawanisseibokujou,Hayashi Chieko,11279000.0,16.0,1.0,1
0001206185,Taiseisonikku,牡2,,2015.03.13,Kuroshikage,Hagisawa Kunio,Tanaka Seihou,65523000.0,33.0,4.0,1
0001202172,Oorosutaakisu,牝2,,,,,,0.0,0.0,0.0,1
0001204501,Rurihari,牝2,,2015.03.21,Kuroshikage,Biggureddofaamu,Shirasaki Kouwa,7700000.0,24.0,1.0,1
0001204243,Shitorika,牝2,,2015.03.31 11歳,Kage,Kyouyuubokujou,Suijou Yukio,8900000.0,12.0,1.0,1
0001205483,Namuraappare,牡2,,2015.03.30,Kage,Itoubokujou,Yuasa Kenji,38104000.0,76.0,6.0,1
0001201269,Teiemusuguremon,牡2,,2015.03.22,Kage,Niikappuhashimotobokujou,Takezono Masatsugu,7000000.0,10.0,1.0,1
0001203162,Namurabanzai,牡2,,2015.04.10,Kage,Hayashi Tokiharu,Endou Yoshikazu,34595000.0,181.0,13.0,1
0001206302,Jundoriimu,牝2,,2015.05.26,Kage,Kojimabokujou,Kawai Junji,20100000.0,22.0,2.0,1
0001208514,Nishinodante,牡2,,2015.02.11,Aokage,Tanigawabokujou,Tomita Fujio,33185000.0,79.0,4.0,1
0001204815,Furoorarushitorasu,牝2,,2015.01.25,Kuroshikage,Kuwatabokujou,Moruc.Rui,8540000.0,37.0,4.0,1
0001190711,Pooruvandoru,牝3,,2014.03.22,Ashige,Noozanfaamu,Yuugengaishashiruku,48059000.0,14.0,3.0,1
0001188332,Ruvowaaru,牝3,,2014.01.22 12歳,Aokage,Noozanfaamu,(Ari) Kyarottofaamu,31359000.0,8.0,3.0,1
0001190679,Misshingurinku,牝3,,2014.03.31 12歳,Kurige,Amou Reiji,Oda Yoshio,98822000.0,29.0,5.0,1
0000210944,Purinsesuruuraa,牝3,,1988.05.24,Kurige,San'Eibokujou,Etou Yukio,3424000.0,43.0,3.0,1
0001192564,Namuramurasaki,牝3,,2014.03.27 12歳,Kage,Itoubokujou,Namura Mutsumihiroshi,24356000.0,15.0,2.0,1
0001189028,Furesukopasuto,牝3,,2014.04.21,Kage,Okadasutatsudo,Okada Soushi,8900000.0,24.0,2.0,1
0001188387,Waratchauyone,牝3,,2014.04.20,Kuroshikage,Samaniwatanabebokujou,(Ari) Watanabebokujou,5000000.0,11.0,1.0,1
0001189621,Jippaareen,牝3,,2014.03.02 12歳,Aokage,Shadaifaamu,(Kabu) G1Reeshingu,6900000.0,12.0,1.0,1
0000755425,Gajumaru,牝3,,,,,,0.0,0.0,0.0,1
0001189515,Shinborijunesu,牝3,,2014.04.18,Kurige,Shinboribokujou,Shinboribokujou,5000000.0,11.0,1.0,1
0000325173,Adomaiyagoddo,牡5,,,,,,0.0,0.0,0.0,1
0001213470,Rabittoran,牝3,,2014.03.18 12歳,Kurige,"Alexander Groves Matz, Llc",Yoshida Kazuko,158924000.0,18.0,4.0,1
0001188571,Kuiinmanbo,牝3,,,,,,0.0,0.0,0.0,1
0001192832,Meizuobuonaa,牝3,,2014.03.18 12歳,Kage,Keiaifaamu,(Kabu) Roodohoosukurabu,64370000.0,21.0,4.0,1
0001191593,Suteifferio,牡3,,2014.02.17,Kage,Shadaifaamu,(Ari) Shadaireesuhoosu,331211000.0,29.0,8.0,1
0001188052,Sandeemuuteie,牡3,,2014.04.10,Kurige,Makotoutaitoubokujou,Tobe Masahiko,59175000.0,26.0,3.0,1
0000614472,Kuresshiendoravu,牡3,,,,,,0.0,0.0,0.0,1
0001186328,Sanshirou,牡3,,2014.05.14,Kage,Tsuji Bokujou,Goudoukaishasandoya,101916000.0,57.0,3.0,1
0001188771,Rooringutawaa,牡3,,2014.03.11,Kuroshikage,Daidoubokujou,Honma Shigeru,38053000.0,31.0,3.0,1
0001185924,Inperiarufizu,牡3,,,,,,0.0,0.0,0.0,1
0001192079,Burakkugimuretto,牡3,,2014.04.01,Kuroshikage,Okadasutatsudo,(Kabu) Apuente,14525000.0,48.0,4.0,1
0001185547,Burakkuroodo,牡3,,2014.02.12,Kuroshikage,Urashin Tokuji,Kakehata Keiichi,8872000.0,26.0,4.0,1
0001188854,Meishoutensha,牡3,,2014.04.16,Ashige,Mishimabokujou,Matsumoto Yoshio,41738000.0,32.0,3.0,1
0001191712,Hououdoriimu,牡3,,2014.01.31,Kage,Reikuvirafaamu,Ozasa Houou,53396000.0,18.0,4.0,1
0001191477,Taganosharudone,牡3,,2014.02.08,Kage,Daaree・Japan・Faamuyuugengaisha,Yagi Hideyuki,29880000.0,28.0,2.0,1
0001188467,Taganoyagura,牡3,,2014.05.01,Kurige,Yuugengaishaniikapputaganofaamu,Yagi Ryouji,17200000.0,25.0,1.0,1
0001155127,Doragonbaroozu,牡5,,2012.02.08,Kurige,Hisaifaamu,Inokuma Hirotsugu,122780000.0,39.0,6.0,1
0001173780,Mainshattsu,牡4,,2013.03.15,Kurige,Shadaifaamu,Shimizu Tokukatsu,94881000.0,58.0,13.0,1
0000061519,Burizaado,せん6,,1973.03.15,Kurige,Misawabokujou,Date Shuuwa,0.0,2.0,0.0,1
0001208294,Danonpuremiamu,牡2,,2015.04.03 11歳,Aokage,Keiaifaamu,(Kabu) Danokkusu,418129000.0,13.0,6.0,1
0001204521,Suteruvio,牡2,,2015.01.15 11歳,Kage,Noozanfaamu,(Ari) Sandeereeshingu,352440000.0,21.0,4.0,1
0001204958,Kaabonaado,牡2,,,,,,0.0,0.0,0.0,1
0001206006,Shubarutsubonbaa,牡2,,2015.02.21,Kage,Noozanfaamu,Okada Soushi,37644000.0,33.0,2.0,1
0001205983,Rujjieero,牡2,,2015.03.31,Kuroshikage,Shadaifaamu,Muraki Takashi,125790000.0,41.0,4.0,1
0001201786,Soirutouzasouru,牡2,,2015.03.09,Aokage,Muratabokujou,Guriinsuuoodo,22411000.0,19.0,1.0,1
0001206973,Bouruzu,牝2,,2015.03.26 11歳,Kage,Shadaifaamu,Nisshinreeshingu,8100000.0,7.0,1.0,1
0001204043,Baiorentoburoo,牡2,,2015.04.15,Kuroshikage,Kamimizubokujou,(Ari) Kyarottofaamu,103300000.0,31.0,6.0,1
0001200899,Meishoudoudou,牡2,,2015.03.05,Kuroshikage,Mishimabokujou,Matsumoto Yoshio,95894000.0,56.0,3.0,1
0001206624,Hakusanfuero,牡2,,2015.03.11,Kage,Samekawa Keiichi,Kawasaki Goshi,19654000.0,27.0,1.0,1
0001203431,Merumusaaru,牡2,,2015.03.11,Aokage,Tsuchiibokujou,(Kabu) Noosuhiruzu,6100000.0,8.0,1.0,1
0001205691,Suwaavuedowaado,牡2,,2015.03.14,Kage,Noozanfaamu,(Kabu) Nicks,21300000.0,13.0,2.0,1
0001204712,Sutaaribaa,牝2,,2015.05.10,Kurige,Yamadabokujou,Tagashira Yuuki,7894000.0,32.0,4.0,1
0001140861,Matchiresuhiiroo,牡6,,2011.04.18,Kurige,Nisshinbokujou,(Ari) Nisshinbokujou,147738000.0,97.0,8.0,1
0001151227,Happiiyunibansu,牝5,,2012.03.11 14歳,Kuroshikage,Noozanfaamu,Kamei Tetsuya,66616000.0,26.0,5.0,1
0001168182,Wanburesuauei,牝4,,2013.04.09 13歳,Kuroshikage,(Ari)Shadaikooporeeshonshiraoifaamu,(Ari) Sandeereeshingu,151600000.0,23.0,6.0,1
0001167953,Yuukibibawandaa,せん4,,2013.05.05,Kurige,Nisseibokujou,Yukimoto Hideki,52800000.0,17.0,2.0,1
0001185786,Rikabitosu,牝3,,2014.05.10 12歳,Kage,Noozanfaamu,(Ari) Kyarottofaamu,75525000.0,17.0,4.0,1
0001189746,Taganoveroona,牝3,,2014.03.21 12歳,Ashige,Yuugengaishaniikapputaganofaamu,Yagi Ryouji,93907000.0,35.0,4.0,1
0001186306,Maineruvunshu,牡3,,2014.05.03,Kage,Biggureddofaamu,(Kabu) Sarabureddokurabu・Rafian,92895000.0,17.0,4.0,1
0001188042,Kurinoyamatonooo,牡3,,,,,,0.0,0.0,0.0,1
0001046864,Rakkiirairakku,牝2,,2007.04.06,Kage,Shounobokujou,Shouno Akihiko,0.0,0.0,0.0,1
0001200444,Sayakachan,牝2,,2015.04.29 11歳,Kage,Tanagawa Mitsuo,Seya Takao,33314000.0,39.0,1.0,1
0001208222,Rateyurosu,牝2,,2015.01.17 11歳,Kage,(Ari)Shadaikooporeeshonshiraoifaamu,(Ari) Shadaireesuhoosu,101424000.0,26.0,3.0,1
0001208563,Torowazetowaru,牝2,,2015.02.28 11歳,Kuroshikage,Shadaifaamu,(Ari) Shadaireesuhoosu,201248000.0,22.0,6.0,1
0001208756,Sukaarettokaraa,牝2,,2015.02.26 11歳,Kage,Kabushikigaisha Noosuhiruzu,Maeda Kouji,183536000.0,22.0,3.0,1
0001204544,Toosenburesu,牝2,,2015.03.05 11歳,Kuroshikage,Shadaifaamu,Shimakawa Takaya,89085000.0,20.0,2.0,1
0000212225,Haihiiru,牝2,,1988.05.27,Kurige,Oikawa Asakichi,Iida Sumiko,1720000.0,13.0,2.0,1
0001208426,Danongureesu,牝2,,2015.01.06 11歳,Kage,Noozanfaamu,(Kabu) Danokkusu,69689000.0,18.0,4.0,1
0001204040,Uranusuchaamu,牝2,,,,,,0.0,0.0,0.0,1
0001201517,Taidooobaa,牝2,,2015.05.13,Kuroshikage,Akibabokujou,(Dou) Jpngiken,20318000.0,28.0,1.0,1
0001204076,Gurandopiruetto,牝2,,,,,,0.0,0.0,0.0,1
0001153649,Besutendanku,牡5,,2012.03.04,Kurige,Hattori Bokujou,Ichikawayoshimihoorudingusu (Kabu),225378000.0,59.0,7.0,1
0001208400,Amarufikoosuto,牝2,,,,,,0.0,0.0,0.0,1
0001202494,Suzukaferarii,牝2,,2015.04.02 11歳,Kage,Tsuji Bokujou,Nagai Keiji,50804000.0,32.0,2.0,1
0001208142,Arumonika,牝2,,,,,,0.0,0.0,0.0,1
0001206143,Aaderuwaize,牝2,,,,,,0.0,0.0,0.0,1
0001205880,Regurudooru,牝2,,2015.03.20 11歳,Kage,Tagami Katsuo,(Kabu) Gurandeoonaazu,31882000.0,9.0,2.0,1
0000256457,Tonboi,牝2,,1992.03.06,Kage,Hakutsubokujou,Noma Toubee,6410000.0,20.0,4.0,1
0001207568,Sunoogaaden,牝2,,2015.04.10,Kage,Hamamotobokujou,Amagasa Satoshiisami,7908000.0,40.0,7.0,1
0001205384,Daishinsuterura,牝2,,2015.03.24 11歳,Kuroshikage,Yuugengaishaniikapputaganofaamu,Ooyagi Nobuyuki,10700000.0,18.0,1.0,1
0001209439,Tawaaoburondon,牡2,,2015.02.09 11歳,Kage,Daaree・Japan・Faamuyuugengaisha,Godorufin,407550000.0,17.0,7.0,1
0001206373,Piisuyunivaasu,牡2,,2015.03.14,Kage,Akitabokujou,Kumeda Shouhei,40085000.0,35.0,2.0,1
0001205937,Nishinourara,牝2,,2015.02.28 11歳,Aokage,Murakami Kinya,Nishiyama Shigeyuki,23200000.0,12.0,2.0,1
0001206802,Toosen'Anbaa,牝2,,2015.01.27 11歳,Kage,Yuugengaisha Esuteifaamu,Shimakawa Takaya,21531000.0,13.0,2.0,1
0001205725,Entoshaiden,牡2,,,,,,0.0,0.0,0.0,1
0001153144,Taiseipuraido,牡2,,2012.03.19,Kuroshikage,Nakagawa Kin'Ichi,Tsutsumi Homatsurigoto,469000.0,13.0,2.0,1
0000223250,Maiteiiwaakusu,牝2,,1989.02.26,Kage,Itou Shouji,Fukushima Tokuyuu,0.0,0.0,0.0,1
0001209376,Morinorasubosu,牡2,,2015.04.20,Kage,Sasagawadaiakirabokujou,Kouno Seiichi,11449000.0,49.0,4.0,1
0001209304,Tokinomegami,牝2,,2015.03.17,Kurige,Nakayamabokujou,Matsutani Shouta,9777000.0,44.0,2.0,1
0000210307,Shihou,牡6,,1988.04.16,Ashige,Fusoubokujou,(Kabu) Fusoubokujou,690000.0,2.0,0.0,1
0001149885,Ruurusovaaru,せん5,,2012.05.20,Kurige,Okadasutatsudo,(Kabu) Norumandiisarabureddor,181623000.0,40.0,12.0,1
0001153322,Shainiibiimu,牡5,,2012.02.05,Kage,Masa Bokujou,Kobayashi Masashi,118096000.0,47.0,7.0,1
0001157453,Taganoverite,せん5,,2012.03.16,Kage,Yuugengaishaniikapputaganofaamu,Sakikawa Mieko,108823000.0,62.0,11.0,1
0001168193,Zennotoraibu,牡4,,2013.02.26,Kuroshikage,Murakami Kinya,Oosako Kumiko,64861000.0,25.0,3.0,1
0001121025,Suteejijanpu,牡7,,2010.02.09,Kage,Noozanfaamu,Goudoukaishakobayashieiichihoorudingusu,83060000.0,48.0,4.0,1
0000198238,Masanohayate,牡3,,1987.05.16,Kage,Susakibokujou,Itabashi Seiji,6425000.0,41.0,1.0,1
0000182444,Jandarumu,牡2,,1985.06.18,Kage,North Ridge Farm,Date Shuuwa,10195000.0,2.0,1.0,1
0000043418,Katsuji,牡2,,,,,,0.0,0.0,0.0,1
0001205873,Keiainootekku,牡2,,2015.04.07,Kage,Takashisakaebokujou,Kameda Kazuhiro,216600000.0,24.0,3.0,1
0001204247,Roodoihirani,牡2,,2015.02.04,Aokage,Keiaifaamu,Endou Yoshikazu,21139000.0,57.0,5.0,1
0001201049,Kakuryou,牡2,,,,,,0.0,0.0,0.0,1
0001202536,Hishikosumaa,牡2,,2015.03.18,Kuroshikage,Atsushikakokawabokujou,Otokuni Shiki,19325000.0,45.0,3.0,1
0001204756,Megariijon,牡2,,2015.03.16,Kage,Shimokoubebokujou,Terada Chiyono,7800000.0,3.0,1.0,1
0001205273,Wagunerian,牡2,,2015.02.10,Kage,Noozanfaamu,Kanekomasatohoorudingusu (Kabu),512437000.0,17.0,5.0,1
0001202312,Ruukasu,牡2,,2015.03.20,Kage,Togawabokujou,Yuugengaishashiruku,66335000.0,23.0,1.0,1
0000991307,Sharurumaanyu,牡2,,2006.03.10,Kuroshikage,Noozanfaamu,Yoshida Katsumi,58603000.0,11.0,4.0,1
0001201717,Kafujibangaado,牡2,,,,,,0.0,0.0,0.0,1
0001206481,Goorudogia,牡2,,2015.03.01 11歳,Kuroshikage,Mishimabokujou,Kobashi Ryouta,176136000.0,80.0,9.0,1
0001205470,Kosumoigunaatsu,牡2,,2015.02.24,Aokage,Takamurabokujou,(Ari) Biggureddofaamu,45020000.0,20.0,3.0,1
0001201749,Kewarosu,牝2,,2015.02.04 11歳,Kage,Oiwakefaamu,(Kabu) Nisshinhoorudingusu,30895000.0,26.0,2.0,1
0001205995,Gureiru,牡2,,,,,,0.0,0.0,0.0,1
0001204045,Taimufuraiyaa,牡2,,2015.02.01,Kage,(Ari)Shadaikooporeeshonshiraoifaamu,(Ari) Sandeereeshingu,239480000.0,39.0,5.0,1
0001207694,Keiteikurebaa,牡2,,2015.04.20,Kage,Shadaifaamu,Takimoto Kazuyoshi,193248000.0,39.0,8.0,1
0000130312,Aitoon,牡2,,1980.06.24,Kuroshikage,Kitaeibokujou,Tanaka Tatsuko,0.0,1.0,0.0,1
0001208224,Maihaatobiito,牡2,,2015.03.05,Kage,Noozanfaamu,Mita Masahiro,64185000.0,19.0,3.0,1
0001207898,Surasshumetaru,牡2,,2015.02.16,Kage,Noozanfaamu,Tachibana Katsutoshi,42558000.0,61.0,3.0,1
0001202934,Ranriina,牝2,,2015.02.08 11歳,Ashige,Motomichibokujou,Yui Kentarou,10334000.0,16.0,1.0,1
0000000563,Aidaho,牡4,,,,,,0.0,0.0,0.0,1
0000256070,Ginyooru,牡5,,,,,,0.0,0.0,0.0,1
0001244179,Buumutaimu,牡6,,2011.01.01,Kage,Mr. Ik Loxton,D.Heizu,0.0,1.0,0.0,1
0001169835,Tamamoburirian,牝4,,2013.03.28 13歳,Kuroshikage,Soga Hiroshi,Tamamo (Kabu),122904000.0,38.0,6.0,1
0000233389,Suupaamakkusu,牡3,,1990.05.02,Kage,Kashiwadaibokujou,Kimura Hikarihii,16426000.0,15.0,1.0,1
0001173582,Nishinojaanii,牡4,,2013.04.15,Aokage,Kabushikigaisha Mirionfaamu,Tomita Fujio,36806000.0,58.0,4.0,1
0001153249,Kuiinchaamu,牝5,,,,,,0.0,0.0,0.0,1
0001177666,Sutoon'Uea,牡5,,2012.01.30,Kage,Shadai Farm,Yoshida Teruya,134863000.0,31.0,5.0,1
0001189603,Diosukoridaa,牡3,,2014.03.28 12歳,Kuroshikage,Maetani Takeshi,Nojima Shouji,101480000.0,11.0,5.0,1
0001149689,Burudoggubosu,牡5,,2012.04.20 14歳,Kage,Samekawa Keiichi,Himrockracinghd(Kabu),406981000.0,45.0,14.0,1
0001152885,Doragongeeto,牡5,,2012.03.16,Kurige,Shizunaifujikawabokujou,Hiramoto Toshio,112380000.0,51.0,22.0,1
0001149592,Nittousubaru,牡5,,2012.05.17,Kage,Nittoubokujou,Fujii Ken,146560000.0,44.0,8.0,1
0001149662,Kitasansajin,牡5,,,,,,0.0,0.0,0.0,1
0001149469,Shokoraburan,牡5,,2012.03.21,Ashige,Shadaifaamu,(Ari) Shadaireesuhoosu,167256000.0,40.0,6.0,1
0001152467,Kyaputenshippu,牡5,,,,,,0.0,0.0,0.0,1
0001167989,Saitasuriireddo,牡4,,2013.04.24,Kage,Kataokafuaamu,Nishimura Kento,137761000.0,37.0,7.0,1
0001205321,Ririinooburu,牝2,,2015.03.15 11歳,Kage,Noozanfaamu,(Ari) Sandeereeshingu,138099000.0,6.0,2.0,1
0001204174,Maurea,牝2,,2015.02.01 11歳,Kage,Shimokoubebokujou,Ochiai Yukihiro,93778000.0,8.0,2.0,1
0001202001,Gurieruma,牝2,,,,,,0.0,0.0,0.0,1
0001205216,Soshiarukurabu,牝2,,2015.01.26 11歳,Kurige,Noozanfaamu,(Ari) Sandeereeshingu,78890000.0,19.0,4.0,1
0000273979,Madomoazeru,牝2,,1993.04.17,Kage,Yamagiwasentorarusutaddo,Amou Reiji,3800000.0,24.0,1.0,1
0001205790,Nooburuaasu,牝2,,2015.03.24 11歳,Kuroshikage,Hinobokujou,Yoshiki Nobuhiko,64688000.0,38.0,3.0,1
0001226827,Rasuemooshonesu,牝2,,2015.03.20 11歳,Kage,M. Phelan,Nojima Shouji,14304000.0,15.0,1.0,1
0001206217,Nadia,牝2,,2015.04.04,Kage,Kabushikigaisha Noosuhiruzu,(Kabu) Noosuhiruzu,12914000.0,20.0,1.0,1
0001208468,Danonsumasshu,牡2,,2015.03.06 11歳,Kage,Keiaifaamu,(Kabu) Danokkusu,584353000.0,22.0,10.0,1
0001209646,Raitoonkyuu,牡2,,2015.04.22,Kage,Daaree・Japan・Faamuyuugengaisha,Godorufin,165789000.0,24.0,6.0,1
0000000123,Ishimatsu,牡2,,,,,,0.0,0.0,0.0,1
0001168415,Samuraifonten,牡4,,2013.03.27,Kuroshikage,Noboribetsukamimizubokujou,Yoshihashi Kyounama,19360000.0,43.0,1.0,1
0001136535,Kurashikkumaaku,牝6,,,,,,0.0,0.0,0.0,1
0001213491,Mozuasukotto,牡3,,2014.03.31 12歳,Kurige,Summer Wind Farm,(Kabu) Kyapitaru・Shisutemu,435714000.0,25.0,7.0,1
0001205567,Suteifuurisshu,牡2,,2015.02.22,Kage,Shadaifaamu,(Ari) Shadaireesuhoosu,300302000.0,29.0,2.0,1
0001045761,Sanrivaru,牡2,,2007.04.23,Kage,Noozanfaamu,(Ari) Sandeereeshingu,9800000.0,7.0,1.0,1
0001209103,Nasunoshinfonii,牝2,,2015.04.15 11歳,Kurige,Ebisukougyoukabushikigaishanasunobokujou,Nasunobokujou,52293000.0,10.0,3.0,1
0001207549,Uootaaparufe,牡2,,,,,,0.0,0.0,0.0,1
0001206757,Roodoakushisu,牡2,,2015.03.21,Kuroshikage,Orionfaamu,(Kabu) Roodohoosukurabu,78976000.0,27.0,4.0,1
0001205501,Shafutooburaito,牡2,,2015.03.11,Kurige,Fujiwarafuaamu,(Kabu) Faasutobijon,69545000.0,61.0,9.0,1
0001203957,Ryunuruuju,牝2,,2015.03.10 11歳,Kage,Bandoubokujou,Kubota Yoshirou,87894000.0,27.0,3.0,1
0001205041,Furattoree,牡2,,2015.04.08,Aokage,Noozanfaamu,(Ari) Kyarottofaamu,18380000.0,16.0,1.0,1
0001209867,Junvaruro,牡2,,2015.03.29,Kurige,Noozanfaamu,Kawai Junji,22164000.0,9.0,2.0,1
0001204911,Toosenkuriigaa,牡2,,2015.04.25,Kurige,Yuugengaisha Esuteifaamu,Shimakawa Takaya,15592000.0,18.0,1.0,1
0001207919,Waakuandorabu,牡2,,2015.03.11,Kurige,Gurandobokujou,Kobayashi Sachiaki,98885000.0,54.0,9.0,1
0001207455,Torain,牡2,,2015.05.08,Kage,Taiheibokujou,Oono Shouou,84285000.0,22.0,4.0,1
0001142441,Toosenmatakoiya,牡7,,2011.01.28,Aokage,Noozanfaamu,Shimakawa Takaya,105416000.0,22.0,5.0,1
0001142438,Shounanmarushie,せん7,,2011.01.26,Aokage,(Ari)Shadaikooporeeshonshiraoifaamu,Kunimoto Tesshuu,101382000.0,50.0,4.0,1
0001208432,Purimoshiin,牝3,,2015.04.27 11歳,Aokage,Noozanfaamu,Yuugengaishashiruku,206000000.0,19.0,4.0,1
0001208625,Reddoberuroozu,牝3,,2015.02.28 11歳,Aokage,Noozanfaamu,(Kabu) Toukyouhoosureeshingu,66593000.0,17.0,3.0,1
0001208148,Hatohoru,牝3,,2015.05.01 11歳,Kage,Nakawaki Man,Takase Makototakashi,41356000.0,18.0,2.0,1
0001206537,Tetoradorakuma,牝3,,2015.02.16,Kage,Noozanfaamu,Yoshida Katsumi,70480000.0,11.0,3.0,1
0001205851,Raireroozu,牝3,,2015.04.28 11歳,Kuroshikage,Noozanfaamu,(Ari) Kimurabokujou,18239000.0,37.0,2.0,1
0001209250,Jobukkukomen,牝3,,2015.03.12 11歳,Kuroshikage,Ikedasutaddo,(Kabu) Hagimotokikaku,94208000.0,41.0,3.0,1
0000282861,Renetto,牝3,,1994.05.12,Kage,Akinaribokujou,Sunamura Yasuhide,0.0,0.0,0.0,1
0001202797,Deyusserudorufu,牝3,,2015.04.15,Kurige,Noozanfaamu,Hosaka Wakou,14200000.0,11.0,2.0,1
0001205115,Jiinasuiito,牝3,,2015.03.01 11歳,Ashige,Noozanfaamu,Yuugengaishashiruku,30570000.0,22.0,1.0,1
0001204241,Shisuru,牝3,,2015.04.18,Aoge,Ogiogibokujou,Nakamura Yuuko,64291000.0,26.0,3.0,1
0000308934,Antorusha,牝3,,,,,,0.0,0.0,0.0,1
0000179122,Aamondoai,牝3,,,,,,0.0,0.0,0.0,1
0001203839,Tsuzumimon,牝3,,2015.02.23 11歳,Kuroshikage,Shadaifaamu,Moroe Sachisuke,22130000.0,5.0,1.0,1
0001204976,Sutaariisuteeji,牝3,,2015.04.12 11歳,Kage,Noozanfaamu,Yoshida Katsumi,45498000.0,21.0,3.0,1
0001201638,Berugado,牡3,,2015.03.16,Kurige,Sankoubokujou,Ogawa Hiroko,14022000.0,14.0,2.0,1
0001208362,Puryusu,牝3,,2015.02.24 11歳,Kage,Shadaifaamu,(Kabu) Kiifaazu,24366000.0,17.0,2.0,1
0001205410,Buranmonsutoru,牡3,,2015.03.08,Ashige,Kabushikigaisha Mirionfaamu,Satou Kouji,10245000.0,56.0,9.0,1
0001203732,Mainerueme,牡3,,2015.04.21,Kage,Biggureddofaamu,Yuzawa Kyuutoku,22317000.0,75.0,14.0,1
0001169582,Reihooromansu,牝5,,2013.03.21 13歳,Kage,Tsuji Bokujou,Nagai Keiji,134915000.0,44.0,6.0,1
0001194551,Taninoaabanshii,牝5,,2013.04.23 13歳,Kuroshikage,Yuzo Tanimizu,Tanimizu Yuuzou,64338000.0,19.0,4.0,1
0001206982,Jieneraareuuno,牡3,,2015.01.27,Aokage,Shinseifaamu,(Kabu) Gribieeru・Reeshingu,155566000.0,21.0,4.0,1
0001205596,Kozumikkufoosu,牡3,,2015.02.14,Kage,Noozanfaamu,(Ari) Sandeereeshingu,156178000.0,26.0,6.0,1
0001208095,Iettsuto,牡3,,,,,,0.0,0.0,0.0,1
0001202055,Raitokarakaze,牡3,,2015.03.27,Kage,Chiyodabokujou,Hoshino Hisashishi,32400000.0,31.0,1.0,1
0001203345,Sakusuteddo,牡3,,2015.03.30,Kurige,Noozanfaamu,(Ari) Kyarottofaamu,19100000.0,11.0,1.0,1
0001206032,Rojiteina,牡3,,2015.03.01,Kuroshikage,Niikappuhashimotobokujou,Kumeda Masaaki,50243000.0,36.0,3.0,1
0001207920,Taikiferuvuuru,牡3,,2015.03.17,Kurige,Yuugengaisha Bikutoriihoosuranchi,(Ari) Taijufaamu,81158000.0,13.0,5.0,1
0001202765,Eimuandoendo,牡3,,,,,,0.0,0.0,0.0,1
0001201386,Yamanogurappuru,牡3,,2015.03.13,Aokage,Shadaifaamu,Sawamura Toshio,5000000.0,15.0,1.0,1
0001240510,Derutabaroozu,牡3,,2015.02.04,Kage,John C. Oxley,(Dou) Jpngiken,46684000.0,14.0,2.0,1
0001200725,Jorirumieeru,牝3,,2015.03.21 11歳,Kage,Okadasutatsudo,Usui Takahiro,13411000.0,130.0,15.0,1
0000247104,Gyanburaa,牡3,,,,,,0.0,0.0,0.0,1
0001155766,Pafoomapuromisu,牡6,,2012.02.08,Kurige,Noozanfaamu,(Ari) Sandeereeshingu,298644000.0,22.0,8.0,1
0000317875,Ganko,牡5,,,,,,0.0,0.0,0.0,1
0001178384,Santafechiifu,牝6,,2012.04.09 14歳,Kuroshikage,Gestut Bona,Yoshida Kazumi,49844000.0,12.0,3.0,1
0001175273,Karabina,牡5,,,,,,0.0,0.0,0.0,1
0001186743,Rejiendoseraa,牡4,,2014.03.14,Kage,Noozanfaamu,Nakayama Junko,71646000.0,26.0,5.0,1
0000171919,Oorumanribaa,牡6,,,,,,0.0,0.0,0.0,1
0001155106,Gureitochaataa,牡6,,,,,,0.0,0.0,0.0,1
0001151891,Aresubaroozu,牡6,,,,,,0.0,0.0,0.0,1
0000306654,Yukinoaiorosu,せん10,,1996.05.08,Kurige,Sakuraibokujou,Inoue Motoyuki,4389000.0,60.0,1.0,1
0001206856,Satonofeibaa,牡3,,2015.04.08,Kuroshikage,Fujiwarafuaamu,Satomi Osamu,111919000.0,29.0,7.0,1
0001208666,Gurooriiveizu,牡3,,2015.03.02 11歳,Kuroshikage,Reikuvirafaamu,Yuugengaishashiruku,308978000.0,15.0,4.0,1
0001207032,Rasetto,牡3,,2015.03.02,Kage,Miyoshibokujou,Katsuratochi (Kabu),116781000.0,37.0,4.0,1
0001208624,Reddoreon,牡3,,2015.01.30,Aokage,Noozanfaamu,(Kabu) Toukyouhoosureeshingu,81666000.0,9.0,4.0,1
0001208286,Danonmajiesutei,牡3,,2015.04.20,Kage,Noozanfaamu,(Kabu) Danokkusu,65659000.0,15.0,4.0,1
0001207015,Nihonpirotaido,牡3,,2015.04.09,Aokage,Satake Gaku,Kobayashi Hyakutarou,68655000.0,21.0,4.0,1
0001201955,Oukenmuun,牡3,,,,,,0.0,0.0,0.0,1
0001204223,Satonosorutasu,牡3,,2015.01.28,Ashige,Noozanfaamu,(Kabu) Satomihoosukanpanii,92279000.0,15.0,2.0,1
0001204946,Goofozasamitto,牡3,,2015.04.02,Kuroshikage,Yanobokujou,Yamamoto Hidetoshi,112556000.0,26.0,3.0,1
0001208355,Burazondamuuru,牡3,,2015.02.07,Kuroshikage,Oiwakefaamu,(Kabu) G1Reeshingu,88211000.0,26.0,2.0,1
0001228763,Amerikanwaarudo,牡3,,,,,,0.0,0.0,0.0,1
0001203106,Ryuunoyukina,牡3,,2015.05.16 11歳,Ashige,Fujikawafuaamu,Minoshima Ryuuichi,373851000.0,54.0,10.0,1
0001204598,Finifutei,牝3,,2015.03.16 11歳,Ashige,Noozanfaamu,(Ari) Kyarottofaamu,47955000.0,16.0,1.0,1
0001208384,Aruusha,牝3,,,,,,0.0,0.0,0.0,1
0000463897,Ohana,牝3,,,,,,0.0,0.0,0.0,1
0001208963,Modereito,牝3,,2015.02.14 11歳,Kage,Nakamura Masaaki,(Ari) Wadabokujou,21464000.0,17.0,2.0,1
0001207538,Rofuteifureezu,牝3,,2015.04.02,Kuroshikage,Kasamatsubokujou,Suijou Fujiko,89562000.0,60.0,5.0,1
0001204292,Kyatchimiiappu,牝3,,,,,,0.0,0.0,0.0,1
0001205314,Atomuasutorea,牝3,,,,,,0.0,0.0,0.0,1
0001201954,Naratourisu,牝3,,2015.02.02 11歳,Kuroshikage,(Ari)Shadaikooporeeshonshiraoifaamu,Matsuda Kousei,9632000.0,27.0,1.0,1
0001206772,Marutaazuruumen,牝3,,2015.01.15,Kurige,Amou Reiji,Fujita Zaiko,14150000.0,17.0,1.0,1
0001047056,Daunzarain,牡4,,2007.02.21,Aoge,Mori Bokujou,Fukunaga Kesaki,392000.0,32.0,1.0,1
0001172389,Oovireeru,牝5,,,,,,0.0,0.0,0.0,1
0001151458,Raraberu,牝6,,2012.05.09 14歳,Kurige,Shadaifaamu,Yoshida Teruya,171525000.0,19.0,8.0,1
0001142260,Satonosuteingu,牡7,,2011.04.11,Aokage,Shadaifaamu,(Kabu) Satomihoosukanpanii,111129000.0,42.0,5.0,1
0001155943,Koromanderu,牡6,,2012.05.28,Kuroshikage,Noozanfaamu,Yoshida Katsumi,91199000.0,22.0,5.0,1
0000323432,Daimeifuji,牡4,,1997.05.04,Kage,Sasaki Dai,Miyamoto Kouichi,1548000.0,19.0,3.0,1
0001208435,Sarakia,牝3,,2015.02.05 11歳,Kage,Noozanfaamu,Yuugengaishashiruku,350687000.0,20.0,4.0,1
0001208230,Reddorandiini,牝3,,2015.03.25,Aoge,Noozanfaamu,(Kabu) Toukyouhoosureeshingu,63170000.0,18.0,3.0,1
0001209845,Shigunaraizu,牝3,,2015.02.25 11歳,Kage,Keiaifaamu,(Kabu) Roodohoosukurabu,32952000.0,22.0,2.0,1
0001203241,Uinranakira,牝3,,,,,,0.0,0.0,0.0,1
0001201369,Ribiiringu,牡3,,2015.01.31,Kage,Oiwakefaamu,(Kabu) G1Reeshingu,24444000.0,6.0,1.0,1
0001203229,Torasutokenshin,牡3,,2015.05.23,Kage,Murakami Kinya,Suganami Ritsutomoko,90703000.0,38.0,4.0,1
0000316549,Obusesshon,牡3,,,,,,0.0,0.0,0.0,1
0001208319,Araun,牡3,,,,,,0.0,0.0,0.0,1
0000224308,Asakusasupotto,牡3,,,,,,0.0,0.0,0.0,1
0001208484,Heviitanku,牡3,,2015.04.20,Kurige,Kamiinoujou,Ikeda Kusaryuu,0.0,1.0,0.0,1
0001170017,Tooadiran,せん5,,2013.02.14,Kurige,Tooabokujou,Kouzanrando (Kabu),52230000.0,36.0,2.0,1
0001133891,Kashinokaamu,牡7,,,,,,0.0,0.0,0.0,1
0001208357,Ribateihaitsu,牝3,,2015.03.23 11歳,Kage,Shadaifaamu,(Ari) Shadaireesuhoosu,124423000.0,22.0,3.0,1
0001200882,Ankoorupuryu,牝3,,,,,,0.0,0.0,0.0,1
0001200640,Derunieooru,牝3,,2015.03.04 11歳,Kurige,(Ari)Shadaikooporeeshonshiraoifaamu,(Ari) Sandeereeshingu,34192000.0,16.0,2.0,1
0001203279,Anvaru,牝3,,,,,,0.0,0.0,0.0,1
0001202097,Ginkoierejii,牝3,,,,,,0.0,0.0,0.0,1
0001207191,Reddoshaarotto,牝3,,2015.01.27 11歳,Kage,Noozanfaamu,(Kabu) Toukyouhoosureeshingu,40313000.0,26.0,2.0,1
0001208141,Biriibaa,牝3,,2015.01.26 11歳,Kuroshikage,Mirufaamu,(Ari) Mirufaamu,165667000.0,48.0,5.0,1
0001203313,Rabukanpuu,牝3,,2015.04.11 11歳,Kuroshikage,Okuyama Hiroshi,Masuda Youichi,177124000.0,35.0,3.0,1
0001202441,Isachirurunrun,牝3,,,,,,0.0,0.0,0.0,1
0001208761,Meishoukogomi,牝3,,2015.05.12 11歳,Kage,Isonobokujou,Matsumoto Yoshio,58208000.0,29.0,3.0,1
0001205181,Suuonaare,牝3,,2015.05.13 11歳,Kurige,Sutoroberiifiirudofaamukabushikigaisha,Yamamoto Yoshihiko,7486000.0,14.0,3.0,1
0000170721,Kantaabire,牝3,,,,,,0.0,0.0,0.0,1
0001203281,Noomukoa,牝3,,2015.02.25 11歳,Ashige,Noozanfaamu,Iketani Seiichi,367288000.0,15.0,6.0,1
0001203188,Usubeninokimi,牝3,,,,,,0.0,0.0,0.0,1
0001208272,Fasutoraifu,牝3,,2015.05.10 11歳,Kurige,Shirai Yoshimi,Ishikawa Shuushu,50517000.0,32.0,2.0,1
0001206448,Mesaruteimu,牝3,,2015.03.24 11歳,Kage,Noozanfaamu,(Ari) Kyarottofaamu,51352000.0,15.0,3.0,1
0001208566,Nooburukarinan,牝3,,2015.04.17 11歳,Kuroshikage,Shadaifaamu,(Ari) Shadaireesuhoosu,57785000.0,20.0,3.0,1
0001208911,Morufeorufe,牝3,,2015.03.27 11歳,Kage,Miyauchibokujou,Namikawa Ken'Ichirou,47950000.0,34.0,4.0,1
0001205347,Kararieeva,牝3,,,,,,0.0,0.0,0.0,1
0001207810,Bakettorisuto,牝3,,2015.04.30 11歳,Kage,Miyauchibokujou,Miyagi Hiroya,32638000.0,26.0,2.0,1
0001202880,Invijiburuwan,牝3,,,,,,0.0,0.0,0.0,1
0001208190,Kiipushiikuretto,牝3,,,,,,0.0,0.0,0.0,1
0000323847,Misutaamerodi,牡3,,1998.05.31,Kage,Satou Yoshinori,Miki Toshikatsu,5321000.0,26.0,5.0,1
0001207889,Anburojio,牡3,,,,,,0.0,0.0,0.0,1
0001205584,Doraguunshichii,牡3,,2015.04.20,Kage,Tomitabokujou,(Kabu) Tomoshunhoosukurabu,58468000.0,36.0,3.0,1
0001203939,Taiseiabeniiru,牡3,,2015.04.20,Kage,Matsumoto Nobuyuki,Tanaka Seihou,188171000.0,58.0,6.0,1
0001208006,Kaizaameranjie,牡3,,,,,,0.0,0.0,0.0,1
0001200995,Daakuriparusaa,牡3,,2015.05.22,Kuroshikage,Ikusenyobokujou,(Kabu) Reddomajikku,23330000.0,8.0,2.0,1
0001206152,Ashakadesshu,牡3,,,,,,0.0,0.0,0.0,1
0001208658,Eerushoo,牡3,,,,,,0.0,0.0,0.0,1
0001203083,Epokadooro,牡3,,,,,,0.0,0.0,0.0,1
0001206543,Mainerufanron,牡3,,2015.02.19,Aokage,Biggureddofaamu,(Kabu) Sarabureddokurabu・Rafian,201775000.0,48.0,5.0,1
0001209440,Baarudobai,牡3,,2015.02.14,Kage,Daaree・Japan・Faamuyuugengaisha,Godorufin,51620000.0,11.0,3.0,1
0001206031,Renovaaru,牡3,,2015.03.18,Kage,Noozanfaamu,(Ari) Kyarottofaamu,77088000.0,17.0,4.0,1
0001204096,Happiigurin,牡3,,2015.03.06,Kurige,Shadaifaamu,Aida Yuuichi,79141000.0,30.0,5.0,1
0001201920,Biggusumookii,牡3,,2015.02.24,Kage,Shadaifaamu,(Ari) Shadaireesuhoosu,105771000.0,33.0,4.0,1
0001239514,Forutsuaefu,牡3,,2015.03.06,Kage,Jim R. Wells & Janie Wells,Takahashi Haruyuki,70109000.0,82.0,9.0,1
0001186640,Muitooburigaado,牡4,,2014.04.13,Kage,Noozanfaamu,Ichikawayoshimihoorudingusu (Kabu),169753000.0,30.0,6.0,1
0001192048,Chesunattokooto,牡4,,2014.05.08,Kurige,Shimokoubebokujou,Fujita Takuya,133446000.0,59.0,5.0,1
0001208511,Burasutowanpiisu,牡3,,2015.04.02,Kage,Noozanfaamu,Yuugengaishashiruku,589421000.0,17.0,7.0,1
0001208410,Gibeon,牡3,,,,,,0.0,0.0,0.0,1
0001206175,Indichanpu,牡3,,,,,,0.0,0.0,0.0,1
0001206603,Nosutoradamusu,牡3,,2015.01.30,Kage,Noozanfaamu,Oka Kouji,68279000.0,33.0,3.0,1
0001204799,Yuukyansumairu,牡3,,2015.05.03,Kage,Noozanfaamu,Kanekomasatohoorudingusu (Kabu),397488000.0,36.0,6.0,1
0001208775,Sharudonegoorudo,牡3,,2015.03.20,Kurige,Pakapakafaamu,Aoshibashouji (Kabu),73289000.0,10.0,4.0,1
0001205160,Arumuforutsua,牡3,,,,,,0.0,0.0,0.0,1
0001204047,Teiemudiran,牡3,,2015.03.11,Kuroshikage,Tada Yoshihiro,Takezono Masatsugu,51728000.0,30.0,3.0,1
0001137826,Sakurarukooru,牡7,,2011.02.25,Tochikurige,Takahashi Osamu,Tanaka Tatsuo,88753000.0,60.0,19.0,1
0001190895,Hairandopiiku,牡4,,2014.05.16,Aokage,Yuugengaisha Esuteifaamu,Shimakawa Takaya,179564000.0,37.0,7.0,1
0001170164,Buresuarotto,牡5,,2013.01.22,Kurige,Shadaifaamu,Yoshida Teruya,79569000.0,30.0,6.0,1
0001173731,Hiizuinrabu,牡5,,2013.03.07,Kage,Noozanfaamu,Nishikimi Hideo,139862000.0,35.0,8.0,1
0001170052,Teodooru,牡5,,2013.05.06,Kage,Noozanfaamu,(Ari) Sandeereeshingu,91926000.0,21.0,5.0,1
0001164975,Goorudosaaberasu,牡6,,2012.03.29,Kurige,Harada Hisashi,Yoshida Shouri,70144000.0,45.0,6.0,1
0001207712,Aisufiyorudo,牡3,,,,,,0.0,0.0,0.0,1
0001241651,Ryoonotesooro,牡3,,2015.02.27,Kage,"Highland Yard, Llc",Ryoutokujikenjihoorudingusu (Kabu),60786000.0,60.0,11.0,1
0001241252,Ramusesubaroozu,牡3,,2015.03.22,Kurige,Stonestreet Thoroughbred Holdings Llc,Konda Kikuo,35372000.0,35.0,3.0,1
0001200540,Reddosakuya,牝3,,2015.02.11 11歳,Kuroshikage,Shadaifaamu,(Kabu) Toukyouhoosureeshingu,47652000.0,6.0,2.0,1
0001200638,Haaremurain,牝3,,2015.02.20 11歳,Kage,Shadaifaamu,Yoshida Chizu,72386000.0,27.0,4.0,1
0001203885,Reddoregunanto,牝3,,2015.02.03 11歳,Kage,Noozanfaamu,(Kabu) Toukyouhoosureeshingu,63797000.0,22.0,4.0,1
0001155516,Toosenmerissa,牝6,,2012.04.16,Aoge,Yuugengaisha Esuteifaamu,Shimakawa Takaya,20500000.0,30.0,3.0,1
0001201986,Pakusuamerikaana,牡3,,2015.02.10 11歳,Ashige,Chiyodabokujou,(Kabu) Sanshisuimei,112803000.0,10.0,4.0,1
0001201016,Reddoveiron,牡3,,2015.04.21,Kage,Noozanfaamu,(Kabu) Toukyouhoosureeshingu,155694000.0,32.0,5.0,1
0001201727,Iruruume,牡3,,,,,,0.0,0.0,0.0,1
0001241256,Eaarumasu,牡3,,,,,,0.0,0.0,0.0,1
0001205529,Kitanokomandooru,牡3,,,,,,0.0,0.0,0.0,1
0001205761,Suriiheriosu,牡3,,2015.04.22,Kuroshikage,Tsuji Bokujou,Daikoku Fumiko,32665000.0,121.0,10.0,1
0001187257,Yuranoto,牡4,,2014.02.16,Kurige,Shadaifaamu,(Ari) Shadaireesuhoosu,147451000.0,16.0,6.0,1
0001208461,Satonowarukyuure,牝3,,2015.02.02 11歳,Kage,Shimokoubebokujou,(Kabu) Satomihoosukanpanii,72999000.0,17.0,3.0,1
0001206646,Paioniabaio,牝3,,2015.03.03 11歳,Kage,Noozanfaamu,Baio (Kabu),59374000.0,18.0,1.0,1
0001207541,Veronikagureesu,牝3,,2015.02.07 11歳,Kuroshikage,Noozanfaamu,Yuugengaishashiruku,22300000.0,15.0,2.0,1
0001202178,Diajirasoru,牝3,,2015.03.24,Kage,Tsuchidanoujou,Diaresutokurabu (Kabu),18500000.0,16.0,2.0,1
0001201025,Osukaarubii,牝3,,,,,,0.0,0.0,0.0,1
0001202377,Kaasaderushiero,牝3,,,,,,0.0,0.0,0.0,1
0001203601,Raburaburabu,牝3,,2015.02.28 11歳,Kage,Okadabokujou,Shimada Satoshi,6800000.0,9.0,1.0,1
0001208403,Etariou,牡3,,,,,,0.0,0.0,0.0,1
0001208243,Suupaafezaa,牡3,,2015.01.18,Kage,Noozanfaamu,Inagawa Yoshihiro,114846000.0,65.0,5.0,1
0001206805,Montegurosso,牡3,,2015.03.13,Aokage,Daaree・Japan・Faamuyuugengaisha,Nakayama Junko,51588000.0,39.0,4.0,1
0001208447,Mikkiipojishon,牡3,,2015.03.26,Kage,Gurandobokujou,Noda Mizuki,65564000.0,15.0,4.0,1
0001204219,Diipuinravu,牡3,,2015.04.30,Kage,Pakapakafaamu,(Kabu) Fukukitaru,9700000.0,9.0,1.0,1
0000191819,Suzukateioo,牡3,,1986.04.09,Kuroshikage,Okanobokujou,Nagai Eiichi,9680000.0,10.0,0.0,1
0001203572,Yuuseifurasshu,牡3,,2015.04.07,Aokage,Katayamabokujou,Kiyoshisusumudensetsu (Kabu),5750000.0,5.0,1.0,1
0001208356,Tetorarukia,牡3,,2015.04.29 11歳,Kage,Shadaifaamu,Itou Shouichi,84712000.0,42.0,12.0,1
0001200769,Mainerusaryuue,牡3,,2015.04.12,Kurige,Akitabokujou,Kobashi Ryouta,27770000.0,60.0,5.0,1
0001205695,Kurediburu,牡3,,,,,,0.0,0.0,0.0,1
0001206176,Daburufuratto,牡3,,2015.03.03,Kuroshikage,Noozanfaamu,Kanekomasatohoorudingusu (Kabu),69755000.0,20.0,2.0,1
0001207926,Adomaiyaaruba,牡3,,,,,,0.0,0.0,0.0,1
0001205973,Meishoutekkon,牡3,,2015.04.17,Aokage,Shimoyashikibokujou,Matsumoto Yoshio,162280000.0,12.0,5.0,1
0001209624,Intaasekushon,牡3,,,,,,0.0,0.0,0.0,1
0001206975,Furantsu,牡3,,2015.02.05,Kage,Noozanfaamu,Kondou Eiko,103937000.0,25.0,4.0,1
0001205776,Reiesupurandoru,牡3,,2015.04.05,Kage,Noozanfaamu,(Ari) Sandeereeshingu,39998000.0,18.0,2.0,1
0001208575,Rishubuuru,牡3,,2015.02.25,Kage,Noozanfaamu,Kubota Yoshirou,22448000.0,20.0,2.0,1
0000028121,Aarusutaa,牡3,,,,,,0.0,0.0,0.0,1
0001228783,Taninofurankeru,牡3,,2015.02.09 11歳,Aokage,Yuzo Tanimizu,Tanimizu Yuuzou,92794000.0,26.0,4.0,1
0001154723,Karenrasutoshoo,牡6,,,,,,0.0,0.0,0.0,1
0001172762,Muunkueiku,せん5,,2013.04.26,Kurige,Noozanfaamu,Urano Kazuyoshi,138447000.0,46.0,6.0,1
0001175179,Riraiaburueesu,牡5,,2013.01.13,Kuroshikage,(Ari)Shadaikooporeeshonshiraoifaamu,(Ari) Sandeereeshingu,105005000.0,21.0,5.0,1
0001226824,Fiaanoromaano,牡4,,2014.08.21,Kage,Kia Ora Stud,Yoshida Kazumi,202318000.0,20.0,7.0,1
0001169996,Asutaasamuson,せん5,,,,,,0.0,0.0,0.0,1
0001168701,Taganoaabanitei,牡5,,2013.03.29,Kurige,Yuugengaishaniikapputaganofaamu,Yagi Ryouji,34650000.0,28.0,2.0,1
0001170409,Yokagura,せん5,,2013.04.30,Kurige,Shadaifaamu,(Ari) Shadaireesuhoosu,110475000.0,35.0,5.0,1
0001169862,Purinshiakomeeta,牝5,,2013.03.07 13歳,Kuroshikage,Berumontofaamu,Yoshikawa Takayuki,252058000.0,37.0,8.0,1
0000754796,Oorufooravu,牝3,,,,,,0.0,0.0,0.0,1
0001204702,Rosagurauka,牝3,,2015.05.04 11歳,Kuroshikage,Noozanfaamu,(Ari) Sandeereeshingu,56351000.0,15.0,4.0,1
0001241247,Randone,牝3,,2015.04.29 11歳,Kage,Winchester Farm,Goudoukaishakobayashieiichihoorudingusu,72610000.0,16.0,3.0,1
0001208938,Toohouarutemisu,牝3,,2015.03.29 11歳,Kurige,Takeshima Kouji,Touhoubussan (Kabu),46024000.0,19.0,3.0,1
0000458994,Goorudokuiin,牝3,,1961.03.19,Kage,,,0.0,0.0,0.0,1
0001206952,Touravesuura,牡3,,2015.04.04,Kage,Shadaifaamu,Yoshida Teruya,271697000.0,39.0,4.0,1
0000245224,Uizu,牡3,,,,,,0.0,0.0,0.0,1
0001206298,Mikkiiwairudo,牡3,,2015.02.04,Kage,Noozanfaamu,Sakai Takatoshi,122020000.0,33.0,7.0,1
0001202040,Seiunkuurugai,牡3,,2015.04.19,Kurige,Satoubokujou,Tamura Yoshinori,55769000.0,33.0,3.0,1
0001209204,Ojoonokiseki,牝3,,,,,,0.0,0.0,0.0,1
0001205801,Teeooenajii,牡3,,2015.03.11,Kurige,Orientobokujou,Ozasa Kimiya,106010000.0,38.0,6.0,1
0001171979,Koukichousan,牡5,,2013.04.28,Kage,Bandoubokujou,(Kabu) Chousan,110025000.0,48.0,7.0,1
0001296414,Uesutan'Ekusupuresu,せん6,,,,,,0.0,0.0,0.0,1
0001154819,Vafuraamu,牝6,,2012.02.13 14歳,Kage,Noozanfaamu,Ichikawayoshimihoorudingusu (Kabu),98245000.0,27.0,5.0,1
0000724407,Suteiruuootaa,牝5,,2001.04.26,Kage,Taniokabokujou,Tanioka Kouichi,2436000.0,2.0,1.0,1
0001205475,Ruvansureevu,牡3,,2015.01.26 11歳,Kage,(Ari)Shadaikooporeeshonshiraoifaamu,(Kabu) G1Reeshingu,291444000.0,10.0,7.0,1
0000174572,Gureetotaimu,牡3,,,,,,0.0,0.0,0.0,1
0001203317,Houshounau,牡3,,2015.05.06 11歳,Kurige,Arai Shouji,Haga Michiko,106241000.0,25.0,7.0,1
0001205437,Tokinopaireetsu,牡3,,2015.03.16,Kage,Kawakamibokujou,Iwaki Kouichi,86119000.0,86.0,14.0,1
0001203394,Komabishou,牡3,,2015.05.07,Kuroshikage,Fujiwarafuaamu,Daikoku Fumiko,96090000.0,70.0,7.0,1
0000045047,Gurimu,牡3,,,,,,0.0,0.0,0.0,1
0001206806,Purosuparasudeizu,牡3,,2015.05.08,Kage,Daaree・Japan・Faamuyuugengaisha,Sre (Dou),51357000.0,27.0,4.0,1
0000210438,Mikkubenhaa,牡3,,1988.05.15,Kuroshikage,Aratani Tomio,(Kabu) Beniya,25820000.0,28.0,7.0,1
0000988574,Dankeshieen,牡3,,2006.03.23,Kage,Takashisakaebokujou,(Ari) Hoosukea,1770000.0,30.0,1.0,1
0000133392,Haabesutomuun,牡3,,1980.04.09,Aokage,Miura Takeo,Morita Rihachi,6100000.0,28.0,3.0,1
0001209246,Baira,牡3,,2015.03.02 11歳,Kage,Koizumibokujou,Marusenkougyou (Kabu),78282000.0,76.0,5.0,1
0001241253,Besutomaiuei,牡3,,2015.03.07,Kage,"Nursery Place, Donaldson & Broadbent",Baba Yukio,28035000.0,20.0,2.0,1
0001142698,Saasutonkorarudo,牡7,,2011.05.09,Kage,Fujisawabokujou,Saitou Senkachi,124218000.0,36.0,6.0,1
0001175023,Myuutoeaa,牡5,,2013.04.01,Kuroshikage,Okadasutatsudo,Kobashi Ryouta,62093000.0,82.0,4.0,1
0001156930,Satonoasshu,牡6,,2012.04.11,Kage,Shimokoubebokujou,Satomi Osamu,116072000.0,54.0,6.0,1
0000178382,Shainreddo,せん5,,1985.05.08,Tochikurige,Kuriyamabokujou,Minagawa Iwazou,1380000.0,7.0,0.0,1
0001296417,Waazaa,せん7,,2011.10.02,Kage,"C D Allison, C V & J A Barnao, A R",J.Chen,60960000.0,1.0,0.0,1
0001204307,Fieeruman,牡3,,2015.01.20 11歳,Kage,Noozanfaamu,(Ari) Sandeereeshingu,709265000.0,11.0,5.0,1
0001201598,Gurengarii,牡3,,,,,,0.0,0.0,0.0,1
0001208313,Kyuugureedaa,牡3,,,,,,0.0,0.0,0.0,1
0001205302,Shiseihiten,牡3,,2015.03.28,Aoge,Pakapakafaamu,Inawashiro Isami,97791000.0,37.0,4.0,1
0001203395,Roodoraito,牝3,,2015.03.04 11歳,Aokage,Orientobokujou,Sakakibara Gen'Ichirou,14200000.0,14.0,2.0,1
0001166266,Reevumuun,牡5,,2013.03.24,Kuroshikage,Saitou Angyou,Nittooshouji (Kabu),90451000.0,32.0,4.0,1
0001174311,Daimeipurinsesu,牝5,,2013.04.09 13歳,Kuroshikage,Yokoi Satoshi,Miyamoto Kouichi,210790000.0,40.0,7.0,1
0001139989,Koueitakeru,牡7,,2011.03.21,Kage,Mitsuishihashimotobokujou,(Kabu) Faasutobijon,185339000.0,102.0,9.0,1
0001150048,Pawaapoketto,牡6,,2012.04.01,Kuroshikage,Daiyamondofaamu,Yanagihara Tatsuya,68726000.0,30.0,4.0,1
0000307068,Sakusesuenajii,牡4,,1996.04.22,Kurige,Nomura Seiji,Takashima Satoshi,69953000.0,18.0,4.0,1
0001167118,Namuramirakuru,牡5,,2013.05.04,Ashige,Nakanofaamu,Namura Nobushige,129513000.0,40.0,6.0,1
0001170671,Doraivunaito,牡5,,2013.03.18,Kuroshikage,Murakami Kinya,Katsuratochi (Kabu),110848000.0,57.0,7.0,1
0001172675,Kuraundibaida,牡5,,,,,,0.0,0.0,0.0,1
0001252433,Asutaapegasasu,牡2,,,,,,0.0,0.0,0.0,1
0001219708,Rabumiifain,牝2,,2016.05.19,Kage,Chanpionzufaamu,Kobayashi Sachiaki,23562000.0,8.0,1.0,1
0001217582,Karuriino,牡2,,,,,,0.0,0.0,0.0,1
0001213728,Emuteian,牝2,,,,,,0.0,0.0,0.0,1
0001222181,Toosen'Opaaru,牝2,,2016.02.20,Ashige,Yuugengaisha Esuteifaamu,Takahashi Toshihide,19990000.0,80.0,7.0,1
0000381043,Gaisen,牡2,,,,,,0.0,0.0,0.0,1
0000260917,Roodowandaa,牡2,,1992.02.28,Kage,Furukawa Yuu,Kunitake Kahiroshi,0.0,0.0,0.0,1
0001219556,Suzukakanaroa,牡2,,2016.03.10,Kage,Noozanfaamu,Nagai Keiji,74100000.0,41.0,3.0,1
0001219115,Nanyooizayoi,牡2,,2016.02.24,Kuroshikage,Noozanfaamu,Yano Ryuuichi,55641000.0,68.0,7.0,1
0001214700,Ichigomirufiiyu,牝2,,,,,,0.0,0.0,0.0,1
0001216114,Hisutoriko,牝2,,2016.03.17 10歳,Kage,Yamaokafaamu,Yamaguchi Atsushikou,10162000.0,13.0,3.0,1
0001217179,Raburironrironsu,牡2,,2016.03.17,Kuroshikage,Okadasutatsudo,Kumi)Ooruzabesutokumiai,11827000.0,56.0,2.0,1
0001221219,Rekoodocheisaa,牝2,,2016.03.22 10歳,Kurige,Gurandobokujou,(Ari) Gurandobokujou,31555000.0,14.0,4.0,1
0001215296,Hoorudoyuahando,牡2,,2016.04.28,Kage,Saitou Masashi,Yamaguchi Yuusuke,31700000.0,13.0,5.0,1
0001223007,Nivian,牝2,,2016.03.10,Kage,Okadasutatsudo,Okada Makio,5700000.0,5.0,1.0,1
0001219168,Rabumiirikkii,牝2,,2016.04.15 10歳,Kurige,Murakami Kinya,Shinzoutaku (Kabu),22676000.0,69.0,8.0,1
0001140660,Agurippaabaio,牡7,,,,,,0.0,0.0,0.0,1
0001154044,Tamamowakasama,牡6,,2012.04.06,Kage,Niikappuitoubokujou,Tamamo (Kabu),61217000.0,24.0,4.0,1
0001169866,Shigerusuzuki,牡5,,2013.05.02,Kurige,Hokuseimuratabokujou,Morinaka Ban,17300000.0,35.0,1.0,1
0001156191,Mainerupuronputo,せん6,,2012.03.17,Kuroshikage,Kosumovuyuufaamu,(Kabu) Rekkusu,203385000.0,79.0,10.0,1
0001191339,Shigerukuugaa,せん4,,2014.03.17,Kage,Kitajimabokujou,Morinaka Ban,11614000.0,20.0,1.0,1
0001137811,Nainteiruzu,牡7,,2011.05.07,Kurige,Yamadabokujou,Okada Makio,151543000.0,66.0,6.0,1
0001140416,Aperutouura,牡7,,,,,,0.0,0.0,0.0,1
0001141298,Kuraunrushiferu,牡7,,,,,,0.0,0.0,0.0,1
0001142813,Kuraun'Airisu,牝7,,,,,,0.0,0.0,0.0,1
0001178038,Danon'Airisu,牝5,,2013.02.07,Aokage,Noozanfaamu,(Kabu) Danokkusu,59457000.0,23.0,4.0,1
0001166044,Burowa,牝5,,2013.06.04 13歳,Kuroshikage,Mirufaamu,(Ari) Mirufaamu,53174000.0,44.0,4.0,1
0001207284,Hirabokurataashu,牡3,,2015.03.16,Kage,Tsuji Bokujou,Nitta Kaichi,119053000.0,27.0,5.0,1
0001206651,Donforuteisu,牡3,,2015.04.09,Kurige,Aizusutaddokabushikigaisha,Yamada Kouichi,81153000.0,21.0,4.0,1
0001207641,Arukutosu,牡3,,,,,,0.0,0.0,0.0,1
0001207930,Onorisu,牡3,,,,,,0.0,0.0,0.0,1
0001202126,Furorianusu,牡3,,2015.02.03,Kage,Shadaifaamu,Iwabuchi Michiyoshi,28537000.0,93.0,6.0,1
0001202154,Adomaiyabikutaa,牡3,,,,,,0.0,0.0,0.0,1
0001204302,Bakuhatsu,牡3,,2015.02.21,Kurige,Shadaifaamu,Sakai Takatoshi,32568000.0,48.0,4.0,1
0001205865,Idapegasasu,牡3,,,,,,0.0,0.0,0.0,1
0000016931,Mauntogoorudo,牡5,,1966.03.19,Kage,,Yamada,0.0,4.0,0.0,1
0001170924,Eeteiisandaa,牡5,,,,,,0.0,0.0,0.0,1
0001168828,Eishinteinkuru,牝5,,,,,,0.0,0.0,0.0,1
0001175155,Sutaaobuperusha,せん5,,2013.03.02,Kurige,Shadaifaamu,(Ari) Shadaireesuhoosu,178095000.0,31.0,7.0,1
0001174143,Shounan'Ansemu,牡5,,2013.04.10,Ashige,Morinagabokujou,(Ari) Shounan,170222000.0,40.0,6.0,1
0001137106,Chanpionrupan,牡7,,2011.05.17,Kage,Sakakibara Koushi,Taishisougoukikaku (Kabu),92560000.0,42.0,4.0,1
0000613324,Sukaipasshon,牝6,,1999.04.01,Ashige,Yoshida Mi,Kobayashi Hisayoshi,0.0,0.0,0.0,1
0000015577,Konkoodo,牡6,,1965.06.10,Ashige,,Shiraki Shinsuguru,85000.0,3.0,0.0,1
0001157396,Torakiankoodo,せん6,,2012.05.19,Ashige,Okadasutatsudo,Hara Reiko,88117000.0,50.0,2.0,1
0001186582,Shounan'Arisuto,牡4,,2014.02.27,Kuroshikage,Tanaka Hiroyuki,Kunimoto Tesshuu,32780000.0,15.0,1.0,1
0001190341,Kosumosutorenji,牡4,,2014.05.31,Kurige,Biggureddofaamu,(Kabu) Buruusutaazufaamu,16900000.0,21.0,1.0,1
0001170382,Yamatakejaian,せん5,,2013.03.20,Ashige,Urakawakobayashibokujou,Sanchuu Kazuko,20899000.0,45.0,4.0,1
0001219585,Keidensukooru,牡2,,2016.02.11,Kage,Noozanfaamu,(Ari) Sandeereeshingu,219521000.0,26.0,4.0,1
0000891258,Anburookun,牡2,,,,,,0.0,0.0,0.0,1
0001216536,Suteirunesu,牝2,,2016.03.31 10歳,Kage,Samanihoribokujou,(Kabu) Roodohoosukurabu,18956000.0,11.0,1.0,1
0000266223,Jodii,牝2,,1993.05.22,Kage,Sakai Kuniken,Masaki Katsuko,3096000.0,37.0,5.0,1
0001220812,Eishinzoon,牝2,,,,,,0.0,0.0,0.0,1
0001216619,Erumonsutoro,牡2,,,,,,0.0,0.0,0.0,1
0000317558,Oopakyamaraado,牝2,,,,,,0.0,0.0,0.0,1
0001221102,Enpaiashuaa,牡2,,,,,,0.0,0.0,0.0,1
0001222811,Roodoakua,牡2,,2016.04.08,Kage,Keiaifaamu,(Kabu) Roodohoosukurabu,150599000.0,34.0,8.0,1
0001218720,Eikaikyaroru,牝2,,,,,,0.0,0.0,0.0,1
0001223065,Yasakariberute,牡2,,2016.02.28,Kurige,Koizumibokujou,Kokorozashimura Nobuhiko,13790000.0,24.0,1.0,1
0001170857,Kuriinfankii,牝5,,,,,,0.0,0.0,0.0,1
0000701697,Ooruinwan,牡5,,,,,,0.0,0.0,0.0,1
0001220101,Nishinodeijii,牡2,,2016.04.18 10歳,Kage,Tanigawabokujou,Nishiyama Shigeyuki,339428000.0,32.0,6.0,1
0001218992,Naimama,牡2,,2016.03.24,Kage,Michikenbokujou,(Kabu) Faasutobijon,85736000.0,50.0,7.0,1
0001218151,Kuraajugerie,牡2,,,,,,0.0,0.0,0.0,1
0001219360,Emerarufaito,牡2,,,,,,0.0,0.0,0.0,1
0001218382,Afuranshiiru,牝2,,,,,,0.0,0.0,0.0,1
0001216080,Kurisutarubaroozu,牡2,,,,,,0.0,0.0,0.0,1
0001217323,Uikutooria,牝2,,,,,,0.0,0.0,0.0,1
0001215703,Dadiizumaindo,牡2,,2016.03.02,Kage,Sukaibiichisuteeburu,Tajima Hiroshi,57632000.0,17.0,3.0,1
0001214379,Toosengimuretto,牡2,,2016.04.17,Kage,Yuugengaisha Esuteifaamu,Shimakawa Takaya,11150000.0,19.0,1.0,1
0001217649,Teiemubaribari,牡2,,2016.03.06,Kuroshikage,Murakami Masanori,Takezono Masatsugu,8320000.0,12.0,1.0,1
0001222491,Sentoseshiria,牝2,,2016.03.09 10歳,Kurige,Amoubokujou,Tadokoro Eiko,16688000.0,22.0,2.0,1
0001222651,Rabasutoon,牡2,,2016.02.19,Kage,Kineusubokujou,Tagashira Yuuki,5750000.0,25.0,1.0,1
0001178250,Enjinia,牡5,,,,,,0.0,0.0,0.0,1
0001149959,Suzukadiipu,せん6,,2012.03.22,Aokage,Tsuji Bokujou,Nagai Keiji,54963000.0,42.0,12.0,1
0001219746,Fantajisuto,牡2,,2016.04.22,Kuroshikage,Shall Farm,Hirosaki Toshihiro,134387000.0,12.0,3.0,1
0001217464,Azumaheriteeji,牝2,,,,,,0.0,0.0,0.0,1
0001218083,Miyajishirufiido,牡2,,2016.02.13,Ashige,Matsuurabokujou,Nagatani Tomoichirou,20522000.0,42.0,4.0,1
0001221202,Aadentorii,牡2,,,,,,0.0,0.0,0.0,1
0001216663,Chuuwafuraiyaa,牝2,,2016.04.20,Kurige,Noozanfaamu,Nakanishi Nin,47018000.0,29.0,3.0,1
0001216681,Shinguruappu,牡2,,2016.01.27,Kage,Bandoubokujou,Yuugengaishashiruku,43604000.0,18.0,3.0,1
0001218944,Taganojierodi,牡2,,2016.04.21,Kurige,Yagibokujou,Yagi Ryouji,35410000.0,37.0,1.0,1
0001220274,Ruchiaanaminoru,牝2,,2016.04.09,Kage,Noozanfaamu,Yoshioka Jitsu,10332000.0,7.0,1.0,1
0001213835,Burubeaooro,牡2,,2016.02.25,Kuroshikage,Ono Shuuji,Kawazoe Hiroki,32162000.0,68.0,2.0,1
0001220801,Jakarandashitei,牡2,,2016.05.15,Aokage,Noozanfaamu,Yoshida Katsumi,25164000.0,7.0,2.0,1
0001220468,Eishinnohoshi,牝2,,,,,,0.0,0.0,0.0,1
0001218019,Tamurodoriimu,牝2,,2016.03.07 10歳,Kage,Miyauchibokujou,Taniguchi Ton,7000000.0,9.0,1.0,1
0001219068,Kashinoteiida,牝2,,,,,,0.0,0.0,0.0,1
0001219205,Seputarian,牡2,,2016.02.06,Kage,Noozanfaamu,Yoshida Katsumi,82130000.0,22.0,6.0,1
0001211836,Aviooru,牝3,,,,,,0.0,0.0,0.0,1
0000085033,Kuiingurasu,牝3,,,,,,0.0,0.0,0.0,1
0001204377,Romantesooro,牝3,,2015.04.30 11歳,Aokage,Horomurabokujou,Ryoutokujikenjihoorudingusu (Kabu),11900000.0,16.0,1.0,1
0001208154,Sarasu,牝3,,2015.03.23 11歳,Kage,Shadaifaamu,Yoshida Teruya,80957000.0,17.0,4.0,1
0001205736,Hokusenjouoo,牝3,,2015.03.30 11歳,Kuroshikage,Sasaki Kouji,Oono Hiroshi,20400000.0,23.0,2.0,1
0001171105,Mikkiiguroorii,牡5,,2013.04.03 13歳,Aokage,Okadasutatsudo,Noda Mizuki,149810000.0,13.0,7.0,1
0001169714,Meishoudassai,牡5,,2013.04.08,Kuroshikage,Gurandobokujou,Matsumoto Yoshio,384946000.0,36.0,10.0,1
0001173359,Shigerukurokajiki,牡5,,2013.05.27,Kage,Fukuoka Shunya,Morinaka Ban,47866000.0,36.0,5.0,1
0001137307,Rinorio,牡7,,2011.02.21,Kuroshikage,Nishikiokabokujou,(Kabu) Nishikiokabokujou,68906000.0,44.0,4.0,1
0001206931,Harukisuton,牡3,,2015.05.31,Kage,Fujiharu Shuuji,Wakakusakurabu,110942000.0,44.0,6.0,1
0001201894,Goojasuranchi,牝3,,2015.01.29 11歳,Kuroshikage,Shadaifaamu,Yoshida Chizu,87806000.0,18.0,4.0,1
0001202812,Senteryuo,牝3,,2015.04.08,Kage,Noozanfaamu,(Ari) Kyarottofaamu,185796000.0,18.0,5.0,1
0001203203,Reokokkuburuu,牝3,,2015.05.28 11歳,Kuroshikage,Fujiwarafuaamu,Oyakawa Tomoyuki,59092000.0,30.0,3.0,1
0001205667,Reienda,牡3,,2015.01.30,Kuroshikage,Noozanfaamu,(Ari) Kyarottofaamu,122320000.0,21.0,4.0,1
0000196279,Buresuteikingu,牡3,,1987.03.15,Tochikurige,Imaizumibokujou,Joi・Reesuhoosu (Kabu),0.0,6.0,0.0,1
0001208934,Shounanraazen,牡3,,2015.05.10,Tochikurige,Seiranbokujou,Kunimoto Tesshuu,15504000.0,8.0,2.0,1
0001208303,Zeegen,牡3,,2015.05.09,Aokage,(Ari)Shadaikooporeeshonshiraoifaamu,(Kabu) G1Reeshingu,57650000.0,21.0,4.0,1
0001203065,Meishourosetsu,牡3,,2015.04.08,Kuroshikage,Mishimabokujou,Matsumoto Yoshio,45787000.0,17.0,3.0,1
0001206059,Omegapafuyuumu,牡3,,,,,,0.0,0.0,0.0,1
0001185840,Mikinotoranpetto,牡4,,2014.03.21,Kage,Marutomitomiokabokujou,Taniguchi Hisakazu,86134000.0,31.0,5.0,1
0000246181,Sutoraikuiiguru,牡5,,1991.03.09,Kage,Ooyamabokujou,(Ari) Marukachi,7655000.0,36.0,2.0,1
0001298142,Rakkiibaburuzu,せん7,,2011.10.16,Kurige,Gilgai Farm,Rakkii・Shinjikeeto,0.0,1.0,0.0,1
0001220947,Guran'Areguria,牝2,,,,,,0.0,0.0,0.0,1
0000318409,Dogooru,牡2,,1997.02.25,Kurige,Yamaokabokujou,(Ari) Taki,974000.0,15.0,1.0,1
0001396292,Amaatei,牝2,,,,,,0.0,0.0,0.0,1
0001217506,Doraupuniru,牡2,,2016.03.05,Kage,Noozanfaamu,Yoshida Katsumi,51738000.0,25.0,3.0,1
0001223112,Shadouenperaa,牡2,,2016.03.11,Kage,Godolphin,Godorufin,11300000.0,5.0,1.0,1
0001217458,Toorasujiemini,牡2,,2016.04.30,Kage,Kawakamibokujou,Shibahara Sakae,197518000.0,43.0,8.0,1
0001222874,Seguredosuperioru,牡2,,2016.03.11,Kage,Noozanfaamu,Nagoyatomoyutaka (Kabu),66126000.0,47.0,2.0,1
0001215391,Samushingujasuto,牝2,,2016.05.17 10歳,Kuroshikage,Ebisukougyoukabushikigaishanasunobokujou,(Kabu) Guriinfaamu,73318000.0,16.0,4.0,1
0001189789,Reddojienova,牝4,,2014.04.22 12歳,Aokage,Shadaifaamu,(Kabu) Toukyouhoosureeshingu,118014000.0,16.0,5.0,1
0000382159,San'Eigoorudo,牡5,,1975.05.24,Kage,,,0.0,0.0,0.0,1
0001166505,Kyouwazenobia,牝5,,,,,,0.0,0.0,0.0,1
0001155650,Baiondippusu,牡6,,2012.03.26,Kuroshikage,Shadaifaamu,Maruyama Tan,61822000.0,37.0,5.0,1
0001170123,Sumaatogaruuda,牡5,,2013.03.10,Kage,Akitabokujou,Ookawa Tooru,20910000.0,24.0,1.0,1
0000455757,Goorudobankaa,牡6,,1962.05.14,Kuroshikage,,,0.0,0.0,0.0,1
0001208923,Mikkiichaamu,牝3,,2015.02.07 11歳,Kage,Mishimabokujou,Noda Mizuki,165488000.0,11.0,5.0,1
0001207400,Satonogaanetto,牝3,,2015.01.28 11歳,Aokage,(Ari)Shadaikooporeeshonshiraoifaamu,(Kabu) Satomihoosukanpanii,126871000.0,27.0,5.0,1
0001208397,Dansaaru,牝3,,2015.02.27 11歳,Kuroshikage,Noozanfaamu,(Kabu) G1Reeshingu,51689000.0,18.0,3.0,1
0001203503,Afurikangoorudo,牡3,,,,,,0.0,0.0,0.0,1
0001201593,Gurondioozu,牡3,,,,,,0.0,0.0,0.0,1
0001221379,Shieengurantsu,牝2,,2016.01.29 10歳,Aokage,Shadaifaamu,(Ari) Shadaireesuhoosu,50246000.0,9.0,2.0,1
0000735560,Biichisanba,牝2,,2002.03.25,Aokage,Soga Hiroshi,Tamamo (Kabu),0.0,2.0,0.0,1
0001218144,Eeruvoa,牝2,,,,,,0.0,0.0,0.0,1
0001216407,Uinzenobia,牝2,,,,,,0.0,0.0,0.0,1
0001221791,Tosuappu,牝2,,2016.03.30 10歳,Kurige,Noozanfaamu,Yuugengaishashiruku,9900000.0,13.0,1.0,1
0001221900,Midioosa,牝2,,2016.04.08 10歳,Kage,Noozanfaamu,(Ari) Sandeereeshingu,19200000.0,9.0,2.0,1
0000160589,Raidenshafuto,牝2,,1983.05.05,Kage,Ogasawara Takashi,Mishima Takeshi,0.0,5.0,0.0,1
0001219412,Rediidorii,牝2,,2016.02.18 10歳,Aokage,Akitabokujou,Kobayashi Hiroo,14620000.0,30.0,1.0,1
0001217940,Gureishia,牝2,,,,,,0.0,0.0,0.0,1
0000308989,Kitai,牝2,,,,,,0.0,0.0,0.0,1
0001215521,Herinnuringu,牝2,,2016.04.21 10歳,Aoge,Biggureddofaamu,(Kabu) Sarabureddokurabu・Rafian,7000000.0,10.0,1.0,1
0001220261,Burakkudansaa,牝2,,2016.03.15 10歳,Kuroshikage,Noozanfaamu,Maesako Yoshiyuki,51953000.0,25.0,3.0,1
0001173671,Doruchaario,牡5,,2013.02.05,Kurige,Daaree・Japan・Faamuyuugengaisha,Godorufin,82846000.0,35.0,4.0,1
0001168785,Safuranhaato,牡5,,2013.05.28,Kage,Hayashinoujou,Unabara Seiichi,89067000.0,39.0,5.0,1
0001218817,Auiruauei,牝2,,,,,,0.0,0.0,0.0,1
0001216081,Kokofiiyu,牝2,,2016.02.02 10歳,Kage,Shadaifaamu,(Kabu) Suriieichireeshingu,39948000.0,23.0,2.0,1
0001220856,Meishouonite,牡2,,2016.04.22 10歳,Aokage,Marutomitomiokabokujou,Matsumoto Yoshitaka,26981000.0,65.0,9.0,1
0001221856,Danonfantajii,牝2,,2016.01.30 10歳,Kage,Noozanfaamu,(Kabu) Danokkusu,401901000.0,18.0,7.0,1
0000053908,Berusuuru,牝2,,1972.06.19,Kage,,Ichikawa Seiichi,2880000.0,3.0,1.0,1
0001220855,Juranbiru,牝2,,2016.03.17 10歳,Kuroshikage,Matsuurabokujou,Murakami Kensei,148038000.0,52.0,5.0,1
0000325485,Reddobereeza,牝2,,1998.05.17,Kage,Tagamibokujou,Tokunaga Yasuhiko,7852000.0,49.0,7.0,1
0001222746,Erenarejiina,牝2,,,,,,0.0,0.0,0.0,1
0001215199,Vaniraaisu,牝2,,2016.03.12 10歳,Kage,Hidakafuaamu,(Ari) Hidakafaamu,115474000.0,28.0,3.0,1
0001214552,Reevudokanaroa,牝2,,2016.01.31 10歳,Kage,Noozanfaamu,Yuugengaishashiruku,7000000.0,6.0,1.0,1
0001166229,Makotogarahaddo,せん5,,2013.05.18,Kage,Deguchi Shigeo,Yoshida Shouri,71481000.0,59.0,7.0,1
0001171894,Rukkutouwaisu,牡5,,2013.04.02,Kage,Oiwakefaamu,Iizuka Tomoichi,205010000.0,21.0,6.0,1
0001192901,Teeooheriosu,牡6,,2012.05.11 14歳,Kage,Yanagawa Stud Ltd.,Ozasa Kimiya,172789000.0,50.0,10.0,1
0001194496,Ansanbururaifu,牡5,,,,,,0.0,0.0,0.0,1
0001152886,Nobuwairudo,牡6,,2012.05.25 14歳,Kage,Jouchi Kiyoshiman,Maeda Kouteru,174888000.0,39.0,13.0,1
0001174150,Katsugekikitokito,牡5,,,,,,0.0,0.0,0.0,1
0001135126,Shuterungurantsu,牡7,,2011.02.19,Kuroshikage,Shadaifaamu,Sakai Takatoshi,143260000.0,49.0,7.0,1
0001191475,Fasshonisuta,牝4,,2014.03.25 12歳,Kage,Daaree・Japan・Faamuyuugengaisha,Godorufin,243493000.0,22.0,8.0,1
0001191098,Andesukuiin,牝4,,,,,,0.0,0.0,0.0,1
0001155186,Bisukaria,牝6,,2012.04.24 14歳,Kage,Okadasutatsudo,(Kabu) Norumandiisarabureddor,138409000.0,50.0,5.0,1
0001169126,Fontaanariiri,牝5,,2013.05.12 13歳,Kage,Noozanfaamu,Yoshida Kazumi,78339000.0,16.0,5.0,1
0001184512,Aianteeraa,牝4,,,,,,0.0,0.0,0.0,1
0001170711,Buranshiekuuru,牝5,,2013.02.19 13歳,Ashige,Noozanfaamu,(Ari) Kyarottofaamu,77607000.0,26.0,4.0,1
0001172894,Diamaruko,牝5,,2013.04.27 13歳,Kage,Matsudairabokujou,(Ari) Ashisutanto,38696000.0,52.0,21.0,1
0001151742,Rainshunaidaa,牡6,,2012.03.23,Kage,Hatakeyamabokujou,Oosawa Hanjou,169305000.0,43.0,6.0,1
0001168687,Parutoneruraafu,牡5,,2013.04.30,Kage,Hamamotobokujou,Takataru Hideo,61479000.0,30.0,11.0,1
0001174218,Eruzero,牡5,,,,,,0.0,0.0,0.0,1
0001133124,Kizunaendoresu,牝7,,,,,,0.0,0.0,0.0,1
0001221956,Adomaiyamaazu,牡2,,,,,,0.0,0.0,0.0,1
0001219089,Meishoushoubu,牝2,,2016.03.06 10歳,Kurige,Mishimabokujou,Matsumoto Yoshio,67878000.0,19.0,1.0,1
0000304900,Happiiawaa,牡2,,1996.04.07,Kuroshikage,Hokuyoufaamu,Sugimoto Kazushige,1107000.0,26.0,6.0,1
0001226433,Danonjasuteisu,牡2,,2016.03.16 10歳,Kage,Noozanfaamu,Kumi)Shishijuunikumiai,98483000.0,121.0,10.0,1
0001220187,Donauderuta,牝2,,2016.02.09 10歳,Kage,Noozanfaamu,(Ari) Sandeereeshingu,127380000.0,18.0,6.0,1
0001214802,Yamaninmahia,牡2,,2016.02.21,Kuroshikage,Nishikiokabokujou,Tsuchii Hajime,98145000.0,41.0,5.0,1
0001222716,Mainerufurappu,牡2,,2016.02.11,Kuroshikage,Biggureddofaamu,(Kabu) Sarabureddokuraburafian,47130000.0,48.0,5.0,1
0000013976,Korukobaado,牝5,,1965.03.24,Tochikurige,,Suzuki,160000.0,3.0,0.0,1
0001217941,Agarasu,牡2,,,,,,0.0,0.0,0.0,1
0001221954,Vandogyarudo,牡2,,2016.02.20,Kage,Shadaifaamu,(Ari) Shadaireesuhoosu,152865000.0,17.0,5.0,1
0001221719,Verokkusu,牡2,,2016.03.04,Kage,Noozanfaamu,Kanekomasatohoorudingusu (Kabu),235360000.0,20.0,3.0,1
0001222577,Danonrasutaa,牡2,,2016.02.12,Kage,Shadaifaamu,(Kabu) Danokkusu,121046000.0,21.0,5.0,1
0001218667,Houousaaberu,牡2,,2016.05.06,Kage,Noozanfaamu,Ozasa Houou,29780000.0,6.0,3.0,1
0001217922,Kurinogaudii,牡2,,,,,,0.0,0.0,0.0,1
0001089174,Adomaiyasukooru,牡2,,,,,,0.0,0.0,0.0,1
0001222590,Ruvorugu,牡2,,2016.02.24,Kuroshikage,Pakapakafaamu,(Kabu) Fukukitaru,47966000.0,19.0,4.0,1
0001217302,Hakusantaiyou,牡2,,2016.02.16,Aokage,Hamamotobokujou,Shinozaki Tsuneo,6450000.0,6.0,1.0,1
0000241151,Katedoraru,牡2,,,,,,0.0,0.0,0.0,1
0001221771,Gootaimingu,牡2,,2016.02.22,Kage,Shadaifaamu,(Kabu) Kiifaazu,55988000.0,11.0,3.0,1
0001219449,Meisunhanafubuki,牝2,,2016.03.15,Kage,Takamatsubokujou,Umemura Hiroshi,7560000.0,10.0,1.0,1
0001218384,Bureikingudoon,牡2,,2016.04.23,Kuroshikage,Takaakibokujou,Maeda Yukitaka,79763000.0,9.0,2.0,1
0000993597,Waarudopuremia,牡2,,2006.02.26,Kurige,Shadaifaamu,Yoshida Teruya,186000.0,5.0,1.0,1
0001222257,Mikkiiburakku,牡2,,2016.03.18,Kage,Noozanfaamu,Noda Mizuki,45138000.0,15.0,3.0,1
0001219299,Shouryuuikuzo,牡2,,2016.02.11,Kurige,Noozanfaamu,Ueda Yoshie,125415000.0,17.0,4.0,1
0001218461,Perusonadezain,牡2,,2016.02.25,Kage,Shadaifaamu,Nishioka Touru,25506000.0,37.0,5.0,1
0001216349,Miyake,牡2,,2016.03.04,Kage,Hattori Bokujou,Kobayashi Sachiaki,34180000.0,28.0,4.0,1
0001213565,Seikayamano,牡2,,2016.05.24,Kuroshikage,Shinyuufuaamu,Kume Makoto,34130000.0,56.0,1.0,1
0001303043,Sandaringuburuu,せん5,,2013.04.26,Ashige,Dr. Tom Castoldi,C.Uosshuboon,0.0,1.0,0.0,1
0000019929,Kapuri,牡4,,,,,,0.0,0.0,0.0,1
0001168480,Karuvario,せん5,,,,,,0.0,0.0,0.0,1
0001174568,Masahayadaiya,牡5,,2013.04.05,Kurige,Shadaifaamu,Nakamura Masao,41491000.0,23.0,5.0,1
0001148845,Raraekurateeru,牡6,,2012.05.01,Kage,Satou Nobuhiro,Fujiikousan (Kabu),84048000.0,43.0,4.0,1
0000455761,Paveru,牡4,,1959.04.13,Kage,,,0.0,0.0,0.0,1
